year,latitude,longitude,wspd,wdir,number,wspd_kmh
2022,37.0,-9.0,3.6192713,272.681,0,13.029376
2022,37.0,-8.75,2.9859707,265.52505,0,10.749495
2022,37.0,-8.5,2.637006,228.93224,0,9.493221
2022,37.0,-8.25,2.4483306,225.3421,0,8.81399
2022,37.0,-8.0,2.2924411,222.33748,0,8.252788
2022,37.0,-7.75,2.0891187,215.42073,0,7.5208273
2022,37.0,-7.5,2.045104,208.14056,0,7.3623743
2022,37.0,-7.25,2.0917976,230.83794,0,7.5304713
2022,37.0,-7.0,2.1823537,218.5254,0,7.8564734
2022,37.0,-6.75,2.1041324,214.20197,0,7.5748763
2022,37.0,-6.5,1.6969017,208.98607,0,6.1088457
2022,37.0,-6.25,1.3994833,203.48859,0,5.03814
2022,37.0,-6.0,1.1696168,194.6814,0,4.2106204
2022,37.0,-5.75,1.1757404,191.33199,0,4.232665
2022,37.0,-5.5,1.2774553,189.37196,0,4.5988393
2022,37.0,-5.25,1.3584585,190.20074,0,4.8904505
2022,37.0,-5.0,1.389901,196.813,0,5.0036435
2022,37.0,-4.75,1.090577,200.36967,0,3.9260771
2022,37.0,-4.5,0.8862763,198.1959,0,3.1905947
2022,37.0,-4.25,0.722109,196.716,0,2.5995924
2022,37.0,-4.0,0.63232136,212.00642,0,2.276357
2022,37.0,-3.75,0.5774868,192.34865,0,2.0789526
2022,37.0,-3.5,0.5822996,199.65886,0,2.0962784
2022,37.0,-3.25,0.6187263,194.82307,0,2.2274146
2022,37.0,-3.0,0.57372326,211.86238,0,2.0654037
2022,37.0,-2.75,0.57415724,167.7707,0,2.066966
2022,37.0,-2.5,0.6772096,148.84337,0,2.4379547
2022,37.0,-2.25,0.833513,133.92747,0,3.0006468
2022,37.0,-2.0,1.2122713,129.07094,0,4.3641768
2022,37.0,-1.75,1.8611182,129.58298,0,6.7000256
2022,37.0,-1.5,2.2216933,130.41554,0,7.9980955
2022,37.0,-1.25,2.3214881,132.1965,0,8.357357
2022,37.0,-1.0,2.3436053,134.65689,0,8.436978
2022,37.0,-0.75,2.3916948,135.8429,0,8.610101
2022,37.0,-0.5,2.4148636,137.09056,0,8.693509
2022,37.0,-0.25,2.4323003,138.09993,0,8.756281
2022,37.0,0.0,2.4492292,138.51402,0,8.817225
2022,37.0,0.25,2.4322484,138.79927,0,8.756094
2022,37.0,0.5,2.448336,138.96463,0,8.814009
2022,37.0,0.75,2.4534166,138.88881,0,8.832299
2022,37.0,1.0,2.459238,139.63644,0,8.853257
2022,37.0,1.25,2.4119956,138.54199,0,8.683184
2022,37.0,1.5,2.367604,137.21364,0,8.523375
2022,37.0,1.75,2.3627696,136.98576,0,8.50597
2022,37.0,2.0,2.3787549,138.07584,0,8.563518
2022,37.0,2.25,2.3694222,138.43782,0,8.52992
2022,37.0,2.5,2.3813145,137.76689,0,8.572732
2022,37.0,2.75,2.3584855,135.98044,0,8.490547
2022,37.0,3.0,2.2945254,135.40996,0,8.260291
2022,37.0,3.25,2.221749,136.59773,0,7.9982963
2022,37.0,3.5,2.1067946,137.37146,0,7.5844603
2022,37.0,3.75,1.9903063,136.5535,0,7.1651025
2022,37.0,4.0,1.7843003,137.99666,0,6.423481
2022,37.0,4.25,1.7916346,178.638,0,6.4498844
2022,37.0,4.5,1.7251506,182.4295,0,6.2105417
2022,37.0,4.75,1.6269522,208.67531,0,5.8570275
2022,37.0,5.0,1.6241242,208.02003,0,5.846847
2022,37.0,5.25,1.7036005,206.19269,0,6.1329618
2022,37.0,5.5,1.6801782,201.25365,0,6.048641
2022,37.0,5.75,1.626194,194.1988,0,5.854298
2022,37.0,6.0,1.4812683,189.54022,0,5.332566
2022,37.0,6.25,1.1409452,190.95384,0,4.107403
2022,37.0,6.5,1.1549511,188.73138,0,4.157824
2022,37.0,6.75,1.3524343,248.0551,0,4.8687634
2022,37.0,7.0,1.6694409,248.38033,0,6.009987
2022,37.0,7.25,1.4435698,217.81036,0,5.1968513
2022,37.0,7.5,1.3597007,218.50078,0,4.8949223
2022,37.0,7.75,1.4677348,219.58952,0,5.2838454
2022,37.0,8.0,1.8354772,220.96205,0,6.607718
2022,37.0,8.25,2.0033646,243.43236,0,7.2121124
2022,37.0,8.5,2.0091355,236.01122,0,7.2328877
2022,37.0,8.75,1.863388,261.6621,0,6.7081966
2022,37.0,9.0,1.5458713,260.7075,0,5.5651364
2022,37.0,9.25,1.3736768,234.5009,0,4.945236
2022,37.0,9.5,1.3377776,238.4029,0,4.8159995
2022,37.0,9.75,1.4317468,245.21947,0,5.1542883
2022,37.0,10.0,1.5577897,225.61298,0,5.6080427
2022,37.0,10.25,2.0520756,232.77528,0,7.387472
2022,37.0,10.5,2.137348,230.99947,0,7.6944523
2022,37.0,10.75,2.0117247,264.3344,0,7.242209
2022,37.0,11.0,1.7983392,262.59863,0,6.474021
2022,37.0,11.25,2.1232758,268.28925,0,7.6437926
2022,37.0,11.5,2.4411163,272.26126,0,8.788018
2022,37.0,11.75,2.5612261,274.17758,0,9.220414
2022,37.0,12.0,2.5390503,274.70187,0,9.140581
2022,36.75,-9.0,3.9612377,276.46277,0,14.260455
2022,36.75,-8.75,3.7111795,270.85825,0,13.360246
2022,36.75,-8.5,3.3269641,265.27658,0,11.977071
2022,36.75,-8.25,3.0378933,258.7346,0,10.936416
2022,36.75,-8.0,2.8056748,224.31358,0,10.100429
2022,36.75,-7.75,2.60407,219.8783,0,9.374652
2022,36.75,-7.5,2.4296975,215.85693,0,8.746911
2022,36.75,-7.25,2.3929975,209.8524,0,8.614791
2022,36.75,-7.0,2.3548908,218.86774,0,8.477607
2022,36.75,-6.75,2.2976906,213.14978,0,8.271686
2022,36.75,-6.5,1.8788408,206.95995,0,6.763827
2022,36.75,-6.25,1.4420209,194.99062,0,5.191275
2022,36.75,-6.0,1.2970079,183.86159,0,4.6692286
2022,36.75,-5.75,1.3156778,180.71666,0,4.7364397
2022,36.75,-5.5,1.0987645,183.48064,0,3.9555523
2022,36.75,-5.25,1.0910298,188.22487,0,3.927707
2022,36.75,-5.0,0.8234115,190.93536,0,2.9642813
2022,36.75,-4.75,0.7012251,193.18462,0,2.5244102
2022,36.75,-4.5,0.6763027,191.40065,0,2.4346895
2022,36.75,-4.25,0.9767215,212.40741,0,3.5161974
2022,36.75,-4.0,1.1772658,216.0844,0,4.238157
2022,36.75,-3.75,1.1895281,217.00885,0,4.282301
2022,36.75,-3.5,1.2783518,211.77557,0,4.6020665
2022,36.75,-3.25,1.3401588,207.34253,0,4.8245716
2022,36.75,-3.0,1.3186284,179.49577,0,4.747062
2022,36.75,-2.75,1.4388431,157.8223,0,5.1798353
2022,36.75,-2.5,1.630755,145.79366,0,5.8707175
2022,36.75,-2.25,1.9475402,137.58374,0,7.0111446
2022,36.75,-2.0,2.265148,133.71582,0,8.154532
2022,36.75,-1.75,2.5799844,132.38602,0,9.287944
2022,36.75,-1.5,2.5554392,132.30325,0,9.199581
2022,36.75,-1.25,2.5900135,133.88524,0,9.324048
2022,36.75,-1.0,2.5575893,135.7942,0,9.207321
2022,36.75,-0.75,2.519115,136.84291,0,9.068813
2022,36.75,-0.5,2.5197227,138.38174,0,9.071001
2022,36.75,-0.25,2.4758108,139.26108,0,8.912918
2022,36.75,0.0,2.4528844,138.7771,0,8.830383
2022,36.75,0.25,2.424445,137.58823,0,8.728002
2022,36.75,0.5,2.40291,136.42476,0,8.6504755
2022,36.75,0.75,2.4082336,136.39742,0,8.669641
2022,36.75,1.0,2.2352896,140.31377,0,8.047042
2022,36.75,1.25,2.0685594,143.45082,0,7.4468136
2022,36.75,1.5,2.0021353,143.21675,0,7.207687
2022,36.75,1.75,1.9176688,147.21593,0,6.9036074
2022,36.75,2.0,1.8665031,149.91173,0,6.719411
2022,36.75,2.25,1.7446047,149.2042,0,6.2805767
2022,36.75,2.5,1.5740129,147.66394,0,5.666446
2022,36.75,2.75,1.499914,146.09895,0,5.3996906
2022,36.75,3.0,1.2286259,145.76463,0,4.4230533
2022,36.75,3.25,1.1597558,152.83583,0,4.175121
2022,36.75,3.5,1.1323515,154.92432,0,4.076465
2022,36.75,3.75,1.0849848,152.70042,0,3.905945
2022,36.75,4.0,0.9323929,159.16109,0,3.3566144
2022,36.75,4.25,0.96006507,173.98706,0,3.4562342
2022,36.75,4.5,0.960766,178.71155,0,3.4587576
2022,36.75,4.75,0.8927922,201.56755,0,3.214052
2022,36.75,5.0,0.8879545,209.48485,0,3.196636
2022,36.75,5.25,1.0277883,180.3843,0,3.7000377
2022,36.75,5.5,1.0014445,173.07935,0,3.6052
2022,36.75,5.75,0.915498,198.2477,0,3.2957928
2022,36.75,6.0,0.8672271,193.252,0,3.1220174
2022,36.75,6.25,0.7528401,195.67883,0,2.7102244
2022,36.75,6.5,0.78530675,196.3131,0,2.8271043
2022,36.75,6.75,0.9327238,196.70457,0,3.3578057
2022,36.75,7.0,1.1372033,224.25594,0,4.0939317
2022,36.75,7.25,1.0781258,254.43748,0,3.881253
2022,36.75,7.5,0.94355154,224.28503,0,3.3967855
2022,36.75,7.75,0.87948924,219.07745,0,3.1661613
2022,36.75,8.0,1.0305427,188.37862,0,3.7099538
2022,36.75,8.25,1.1955751,210.21089,0,4.3040705
2022,36.75,8.5,1.3253913,269.32657,0,4.7714086
2022,36.75,8.75,1.2237698,268.95084,0,4.405571
2022,36.75,9.0,1.2328732,245.1693,0,4.4383435
2022,36.75,9.25,1.3106552,245.52022,0,4.7183585
2022,36.75,9.5,1.2733736,218.29175,0,4.584145
2022,36.75,9.75,1.1934304,220.75366,0,4.2963495
2022,36.75,10.0,1.1789784,225.21106,0,4.2443223
2022,36.75,10.25,1.3686666,230.783,0,4.9272
2022,36.75,10.5,1.4689869,230.21873,0,5.2883525
2022,36.75,10.75,1.4320002,263.6566,0,5.1552005
2022,36.75,11.0,1.7152548,237.4742,0,6.174917
2022,36.75,11.25,2.14766,243.086,0,7.731576
2022,36.75,11.5,2.4213722,247.52635,0,8.71694
2022,36.75,11.75,2.5251994,248.599,0,9.090717
2022,36.75,12.0,2.5586407,250.25824,0,9.211106
2022,36.5,-9.0,4.17898,278.22186,0,15.044327
2022,36.5,-8.75,3.9378273,274.79666,0,14.176178
2022,36.5,-8.5,3.6862557,272.07465,0,13.27052
2022,36.5,-8.25,3.3698795,264.7936,0,12.131566
2022,36.5,-8.0,3.097338,228.29073,0,11.150416
2022,36.5,-7.75,2.8731277,226.5531,0,10.34326
2022,36.5,-7.5,2.679529,227.02473,0,9.646304
2022,36.5,-7.25,2.504071,205.06276,0,9.014655
2022,36.5,-7.0,2.4378717,197.07167,0,8.776338
2022,36.5,-6.75,2.4293258,200.52472,0,8.745573
2022,36.5,-6.5,2.291407,197.47015,0,8.249065
2022,36.5,-6.25,1.9704245,190.5675,0,7.0935283
2022,36.5,-6.0,1.691265,177.51555,0,6.088554
2022,36.5,-5.75,1.4072695,175.2807,0,5.06617
2022,36.5,-5.5,1.2762172,178.88219,0,4.594382
2022,36.5,-5.25,1.2436857,171.72081,0,4.4772687
2022,36.5,-5.0,1.3706106,177.62532,0,4.934198
2022,36.5,-4.75,1.362837,200.01527,0,4.906213
2022,36.5,-4.5,1.5549735,196.65193,0,5.597904
2022,36.5,-4.25,1.861549,200.51698,0,6.701576
2022,36.5,-4.0,2.1045134,200.33745,0,7.576248
2022,36.5,-3.75,2.1933167,194.81273,0,7.89594
2022,36.5,-3.5,2.2581255,190.0082,0,8.1292515
2022,36.5,-3.25,2.269136,179.2087,0,8.168889
2022,36.5,-3.0,2.329139,169.98613,0,8.3849
2022,36.5,-2.75,2.401807,161.10448,0,8.646505
2022,36.5,-2.5,2.425916,145.86034,0,8.733297
2022,36.5,-2.25,2.7261245,140.63072,0,9.814048
2022,36.5,-2.0,2.8585207,137.18948,0,10.290674
2022,36.5,-1.75,2.8483934,135.13528,0,10.254216
2022,36.5,-1.5,2.8190563,135.0467,0,10.1486025
2022,36.5,-1.25,2.6879141,134.68593,0,9.676491
2022,36.5,-1.0,2.6262105,136.15172,0,9.454357
2022,36.5,-0.75,2.5711205,137.55582,0,9.256034
2022,36.5,-0.5,2.5334742,139.19936,0,9.120507
2022,36.5,-0.25,2.4833364,141.71828,0,8.940011
2022,36.5,0.0,2.372619,143.31865,0,8.541428
2022,36.5,0.25,2.133423,145.56111,0,7.680323
2022,36.5,0.5,2.058278,148.01453,0,7.409801
2022,36.5,0.75,1.7336626,132.42287,0,6.241185
2022,36.5,1.0,1.4351691,140.53444,0,5.166609
2022,36.5,1.25,1.2805139,143.08272,0,4.60985
2022,36.5,1.5,1.2480754,143.73346,0,4.493071
2022,36.5,1.75,1.1889442,149.92676,0,4.280199
2022,36.5,2.0,1.14033,154.73506,0,4.105188
2022,36.5,2.25,1.0299575,154.34747,0,3.707847
2022,36.5,2.5,0.95284843,149.98738,0,3.4302542
2022,36.5,2.75,0.9595323,150.75108,0,3.4543164
2022,36.5,3.0,0.8458763,149.2548,0,3.0451546
2022,36.5,3.25,0.8606464,179.26245,0,3.0983272
2022,36.5,3.5,0.86639065,176.96266,0,3.1190062
2022,36.5,3.75,0.8202853,174.20734,0,2.953027
2022,36.5,4.0,0.64823014,176.18184,0,2.3336284
2022,36.5,4.25,0.5943751,196.03532,0,2.1397502
2022,36.5,4.5,0.616008,194.40645,0,2.2176287
2022,36.5,4.75,0.66088223,199.45961,0,2.379176
2022,36.5,5.0,0.66498053,200.45752,0,2.39393
2022,36.5,5.25,0.7487953,197.99965,0,2.695663
2022,36.5,5.5,0.7848864,200.53026,0,2.825591
2022,36.5,5.75,0.765788,258.8265,0,2.756837
2022,36.5,6.0,0.797796,260.15176,0,2.8720655
2022,36.5,6.25,0.74888486,201.029,0,2.6959853
2022,36.5,6.5,0.77621293,200.53783,0,2.7943664
2022,36.5,6.75,0.83037615,204.04132,0,2.9893541
2022,36.5,7.0,0.99287343,234.54108,0,3.5743442
2022,36.5,7.25,0.9546712,232.10321,0,3.4368162
2022,36.5,7.5,0.87818503,229.06145,0,3.1614661
2022,36.5,7.75,0.8049834,226.40546,0,2.8979402
2022,36.5,8.0,0.8690371,228.22298,0,3.1285334
2022,36.5,8.25,0.9932125,263.62302,0,3.575565
2022,36.5,8.5,1.1151885,293.5033,0,4.0146785
2022,36.5,8.75,1.0654204,231.83485,0,3.8355134
2022,36.5,9.0,1.0954294,227.73344,0,3.9435458
2022,36.5,9.25,1.1321679,226.74504,0,4.075804
2022,36.5,9.5,1.1301934,227.58113,0,4.068696
2022,36.5,9.75,1.1032158,225.80872,0,3.971577
2022,36.5,10.0,1.1141922,227.57808,0,4.011092
2022,36.5,10.25,1.1205428,229.7205,0,4.0339537
2022,36.5,10.5,1.267472,202.20514,0,4.562899
2022,36.5,10.75,1.6472603,207.40971,0,5.930137
2022,36.5,11.0,1.9921284,180.2636,0,7.171662
2022,36.5,11.25,2.2383199,209.90648,0,8.057951
2022,36.5,11.5,2.3271616,252.63031,0,8.377781
2022,36.5,11.75,2.4277322,251.90819,0,8.739836
2022,36.5,12.0,2.553863,250.65309,0,9.193907
2022,36.25,-9.0,4.2692943,279.83005,0,15.369459
2022,36.25,-8.75,4.0927434,278.94183,0,14.733876
2022,36.25,-8.5,3.8292072,278.01105,0,13.785146
2022,36.25,-8.25,3.5925462,252.86877,0,12.9331665
2022,36.25,-8.0,3.3200982,227.98799,0,11.9523535
2022,36.25,-7.75,3.1093795,230.47081,0,11.193766
2022,36.25,-7.5,2.9480813,175.43932,0,10.613092
2022,36.25,-7.25,2.813985,182.45186,0,10.130346
2022,36.25,-7.0,2.8304434,190.30714,0,10.189596
2022,36.25,-6.75,2.818779,193.45772,0,10.147604
2022,36.25,-6.5,2.6239626,193.37267,0,9.446265
2022,36.25,-6.25,2.6194756,188.6837,0,9.430112
2022,36.25,-6.0,2.2880673,179.25964,0,8.237042
2022,36.25,-5.75,1.8676095,172.13484,0,6.723394
2022,36.25,-5.5,1.8474442,173.95049,0,6.650799
2022,36.25,-5.25,1.84197,168.60838,0,6.6310916
2022,36.25,-5.0,2.147589,201.81299,0,7.73132
2022,36.25,-4.75,2.2395537,201.21727,0,8.062393
2022,36.25,-4.5,2.4072237,200.92078,0,8.666005
2022,36.25,-4.25,2.3954422,202.81877,0,8.623591
2022,36.25,-4.0,2.46847,199.89815,0,8.886492
2022,36.25,-3.75,2.5441113,187.89606,0,9.1588
2022,36.25,-3.5,2.515343,179.99774,0,9.055234
2022,36.25,-3.25,2.6031692,171.44911,0,9.371408
2022,36.25,-3.0,2.6521077,163.03844,0,9.547587
2022,36.25,-2.75,2.672455,153.24843,0,9.620838
2022,36.25,-2.5,2.8414,145.98683,0,10.229039
2022,36.25,-2.25,2.8891804,142.77968,0,10.40105
2022,36.25,-2.0,2.9662704,140.29576,0,10.678574
2022,36.25,-1.75,2.8989522,138.12117,0,10.436228
2022,36.25,-1.5,2.7729537,135.9709,0,9.982634
2022,36.25,-1.25,2.637717,135.74129,0,9.495781
2022,36.25,-1.0,2.5739195,135.39912,0,9.26611
2022,36.25,-0.75,2.4870627,135.67993,0,8.953425
2022,36.25,-0.5,2.4440901,137.65228,0,8.798724
2022,36.25,-0.25,2.1883895,138.58821,0,7.878202
2022,36.25,0.0,2.018163,140.3636,0,7.2653866
2022,36.25,0.25,1.658322,145.60448,0,5.969959
2022,36.25,0.5,1.3943491,149.61491,0,5.0196567
2022,36.25,0.75,1.0835268,154.26944,0,3.9006965
2022,36.25,1.0,0.9259834,154.38008,0,3.3335402
2022,36.25,1.25,0.8713956,158.91524,0,3.137024
2022,36.25,1.5,0.83962244,132.38985,0,3.0226407
2022,36.25,1.75,0.86346936,139.64665,0,3.1084895
2022,36.25,2.0,0.84506625,165.4752,0,3.0422385
2022,36.25,2.25,0.8174522,166.14148,0,2.9428277
2022,36.25,2.5,0.813961,166.85014,0,2.9302597
2022,36.25,2.75,0.8162423,168.17778,0,2.938472
2022,36.25,3.0,0.89137095,168.85558,0,3.2089353
2022,36.25,3.25,0.91882753,224.91423,0,3.307779
2022,36.25,3.5,0.9343981,225.64153,0,3.3638332
2022,36.25,3.75,0.860665,202.59764,0,3.098394
2022,36.25,4.0,0.7130781,232.62543,0,2.567081
2022,36.25,4.25,0.63392127,205.56459,0,2.2821164
2022,36.25,4.5,0.6274217,175.05896,0,2.258718
2022,36.25,4.75,0.6885887,180.90166,0,2.4789193
2022,36.25,5.0,0.7609916,178.66289,0,2.7395697
2022,36.25,5.25,0.836767,209.51851,0,3.0123613
2022,36.25,5.5,0.90057117,241.34023,0,3.2420561
2022,36.25,5.75,0.9798557,259.74017,0,3.5274806
2022,36.25,6.0,1.0094241,262.08475,0,3.6339266
2022,36.25,6.25,0.9041567,205.69823,0,3.2549639
2022,36.25,6.5,0.86074,210.89656,0,3.098664
2022,36.25,6.75,0.91777724,212.6709,0,3.303998
2022,36.25,7.0,1.0383582,213.00304,0,3.7380896
2022,36.25,7.25,0.99453,238.96956,0,3.580308
2022,36.25,7.5,0.91438633,237.58307,0,3.2917907
2022,36.25,7.75,1.0073293,241.57146,0,3.6263855
2022,36.25,8.0,1.1337504,243.43874,0,4.0815015
2022,36.25,8.25,1.1644996,271.1712,0,4.1921988
2022,36.25,8.5,0.9501488,235.10191,0,3.4205356
2022,36.25,8.75,0.92446214,206.21165,0,3.3280637
2022,36.25,9.0,0.9980281,209.60327,0,3.592901
2022,36.25,9.25,1.062461,223.5801,0,3.8248596
2022,36.25,9.5,1.108152,226.33385,0,3.9893472
2022,36.25,9.75,1.0731564,238.43248,0,3.8633628
2022,36.25,10.0,1.0927267,237.56017,0,3.933816
2022,36.25,10.25,1.1668392,201.63855,0,4.200621
2022,36.25,10.5,1.5875354,146.07013,0,5.715127
2022,36.25,10.75,1.9962643,150.69539,0,7.1865516
2022,36.25,11.0,2.239833,154.59703,0,8.063399
2022,36.25,11.25,2.2155786,182.6189,0,7.976083
2022,36.25,11.5,2.2764547,208.5577,0,8.195236
2022,36.25,11.75,2.3782136,256.6758,0,8.561569
2022,36.25,12.0,2.4849546,250.30571,0,8.945836
2022,36.0,-9.0,4.300954,281.70856,0,15.483434
2022,36.0,-8.75,4.147856,281.34586,0,14.932282
2022,36.0,-8.5,3.9647322,252.63933,0,14.273035
2022,36.0,-8.25,3.7308292,255.13554,0,13.4309845
2022,36.0,-8.0,3.5189667,257.6482,0,12.66828
2022,36.0,-7.75,3.3573596,170.93047,0,12.086494
2022,36.0,-7.5,3.1888514,175.60468,0,11.479864
2022,36.0,-7.25,3.1175928,181.51208,0,11.223333
2022,36.0,-7.0,3.132183,188.74458,0,11.275859
2022,36.0,-6.75,3.0814922,192.35199,0,11.093371
2022,36.0,-6.5,3.1206992,192.01837,0,11.234517
2022,36.0,-6.25,3.066044,190.07487,0,11.037759
2022,36.0,-6.0,2.7327356,184.9817,0,9.837848
2022,36.0,-5.75,2.1278434,156.6089,0,7.660236
2022,36.0,-5.5,2.0933158,166.9139,0,7.535937
2022,36.0,-5.25,2.321871,181.02724,0,8.358735
2022,36.0,-5.0,2.5400312,200.97499,0,9.144112
2022,36.0,-4.75,2.5452032,205.97864,0,9.162731
2022,36.0,-4.5,2.5962198,210.03276,0,9.346391
2022,36.0,-4.25,2.5859773,213.73985,0,9.309518
2022,36.0,-4.0,2.4526103,221.95879,0,8.829396
2022,36.0,-3.75,2.4303095,172.28607,0,8.749114
2022,36.0,-3.5,2.475785,160.84953,0,8.912826
2022,36.0,-3.25,2.5041363,155.65303,0,9.014891
2022,36.0,-3.0,2.627173,152.35872,0,9.457823
2022,36.0,-2.75,2.7105849,148.79468,0,9.758105
2022,36.0,-2.5,2.7936163,146.40324,0,10.057018
2022,36.0,-2.25,2.8532274,143.53069,0,10.271618
2022,36.0,-2.0,2.8483098,141.59312,0,10.253915
2022,36.0,-1.75,2.734801,138.84508,0,9.8452835
2022,36.0,-1.5,2.607796,136.64278,0,9.388065
2022,36.0,-1.25,2.4418912,133.35976,0,8.790808
2022,36.0,-1.0,2.3593667,131.90877,0,8.49372
2022,36.0,-0.75,2.240731,161.02388,0,8.066631
2022,36.0,-0.5,1.8795544,160.28038,0,6.7663956
2022,36.0,-0.25,1.6479421,161.23598,0,5.9325914
2022,36.0,0.0,1.4387993,169.02408,0,5.179677
2022,36.0,0.25,1.1559128,171.17491,0,4.161286
2022,36.0,0.5,0.90240103,203.58904,0,3.2486436
2022,36.0,0.75,0.8650443,177.71327,0,3.1141593
2022,36.0,1.0,0.84377176,179.19572,0,3.0375783
2022,36.0,1.25,0.8142822,183.33649,0,2.9314158
2022,36.0,1.5,0.81282973,185.73358,0,2.926187
2022,36.0,1.75,0.85268,158.71716,0,3.069648
2022,36.0,2.0,0.9022878,167.43217,0,3.248236
2022,36.0,2.25,0.92358136,242.48595,0,3.3248928
2022,36.0,2.5,0.9157252,220.25432,0,3.2966106
2022,36.0,2.75,0.89182496,201.45757,0,3.2105699
2022,36.0,3.0,1.0130202,206.08458,0,3.6468725
2022,36.0,3.25,1.0090674,233.03981,0,3.6326425
2022,36.0,3.5,1.0772488,237.48409,0,3.8780956
2022,36.0,3.75,1.0416436,239.893,0,3.749917
2022,36.0,4.0,0.9493087,211.62697,0,3.4175112
2022,36.0,4.25,0.74486774,153.49123,0,2.6815238
2022,36.0,4.5,0.73287797,159.04219,0,2.6383607
2022,36.0,4.75,0.7041798,105.16456,0,2.5350473
2022,36.0,5.0,0.78046936,191.07146,0,2.8096895
2022,36.0,5.25,0.8670749,219.51036,0,3.1214695
2022,36.0,5.5,0.939511,216.75676,0,3.3822396
2022,36.0,5.75,0.97993684,217.20232,0,3.5277724
2022,36.0,6.0,1.068925,202.87592,0,3.84813
2022,36.0,6.25,0.9770767,209.10406,0,3.517476
2022,36.0,6.5,0.9331651,214.20482,0,3.359394
2022,36.0,6.75,0.93093127,187.38141,0,3.3513525
2022,36.0,7.0,1.0198315,217.34229,0,3.6713934
2022,36.0,7.25,0.99720937,213.92094,0,3.5899537
2022,36.0,7.5,1.0977951,241.97894,0,3.9520624
2022,36.0,7.75,1.1958097,243.58012,0,4.304915
2022,36.0,8.0,1.1917037,243.19948,0,4.290133
2022,36.0,8.25,1.0065444,242.87407,0,3.6235595
2022,36.0,8.5,0.84583235,210.4712,0,3.0449963
2022,36.0,8.75,0.90706253,217.24017,0,3.265425
2022,36.0,9.0,1.0255741,221.77238,0,3.6920667
2022,36.0,9.25,1.1153107,228.11653,0,4.015118
2022,36.0,9.5,1.0572778,246.47205,0,3.8062
2022,36.0,9.75,1.0654132,246.54602,0,3.8354876
2022,36.0,10.0,1.0694784,205.91277,0,3.8501222
2022,36.0,10.25,1.1549951,174.224,0,4.1579823
2022,36.0,10.5,1.6074456,147.7348,0,5.786804
2022,36.0,10.75,1.9899745,150.70929,0,7.163908
2022,36.0,11.0,2.2345154,154.89406,0,8.044255
2022,36.0,11.25,2.2097368,154.073,0,7.9550524
2022,36.0,11.5,2.2779531,212.56488,0,8.200631
2022,36.0,11.75,2.347254,207.63416,0,8.450114
2022,36.0,12.0,2.399161,212.83638,0,8.63698
2022,35.75,-9.0,4.313405,283.34946,0,15.528257
2022,35.75,-8.75,4.1873975,253.23102,0,15.074631
2022,35.75,-8.5,4.0092273,254.30061,0,14.433218
2022,35.75,-8.25,3.8571417,255.48106,0,13.88571
2022,35.75,-8.0,3.6773531,256.8804,0,13.238471
2022,35.75,-7.75,3.5297334,229.54506,0,12.70704
2022,35.75,-7.5,3.3871953,201.78197,0,12.193903
2022,35.75,-7.25,3.2750635,176.56873,0,11.790228
2022,35.75,-7.0,3.260154,182.35735,0,11.736554
2022,35.75,-6.75,3.190449,186.9777,0,11.485616
2022,35.75,-6.5,3.1984603,188.6455,0,11.514457
2022,35.75,-6.25,2.8417833,187.9837,0,10.230419
2022,35.75,-6.0,2.4448323,183.78578,0,8.801396
2022,35.75,-5.75,1.8746262,178.43343,0,6.748654
2022,35.75,-5.5,1.8438148,154.22913,0,6.6377335
2022,35.75,-5.25,2.0673285,187.18364,0,7.4423823
2022,35.75,-5.0,2.2859323,187.11186,0,8.229356
2022,35.75,-4.75,2.3969991,185.10704,0,8.629196
2022,35.75,-4.5,2.4833808,205.19801,0,8.94017
2022,35.75,-4.25,2.604055,234.42773,0,9.374598
2022,35.75,-4.0,2.4830415,151.01866,0,8.93895
2022,35.75,-3.75,2.4204295,156.92645,0,8.713546
2022,35.75,-3.5,2.3470662,153.11131,0,8.449438
2022,35.75,-3.25,2.3737478,151.11931,0,8.545492
2022,35.75,-3.0,2.4244287,148.51756,0,8.727943
2022,35.75,-2.75,2.5140374,146.13043,0,9.050534
2022,35.75,-2.5,2.6075907,144.0836,0,9.387326
2022,35.75,-2.25,2.6370997,141.97261,0,9.493559
2022,35.75,-2.0,2.6336586,140.13521,0,9.481171
2022,35.75,-1.75,2.5289612,166.70631,0,9.10426
2022,35.75,-1.5,2.2745874,162.08905,0,8.188515
2022,35.75,-1.25,2.1210883,187.17694,0,7.6359177
2022,35.75,-1.0,1.8183292,183.74562,0,6.545985
2022,35.75,-0.75,1.655962,181.83392,0,5.961463
2022,35.75,-0.5,1.3060063,206.28845,0,4.7016225
2022,35.75,-0.25,1.1087027,232.78198,0,3.9913294
2022,35.75,0.0,0.9475949,229.95839,0,3.4113414
2022,35.75,0.25,0.9016495,257.73785,0,3.245938
2022,35.75,0.5,0.93443346,258.66568,0,3.3639603
2022,35.75,0.75,0.9095493,260.4888,0,3.2743773
2022,35.75,1.0,0.90183467,241.18468,0,3.2466047
2022,35.75,1.25,0.8721094,248.2464,0,3.1395938
2022,35.75,1.5,0.88603544,250.58733,0,3.1897275
2022,35.75,1.75,0.86362714,265.3355,0,3.1090577
2022,35.75,2.0,0.966505,279.11365,0,3.4794178
2022,35.75,2.25,1.0641007,283.21405,0,3.8307626
2022,35.75,2.5,1.0540365,255.91144,0,3.7945313
2022,35.75,2.75,1.033455,230.75793,0,3.720438
2022,35.75,3.0,1.0495151,203.50981,0,3.7782543
2022,35.75,3.25,1.0573967,233.72887,0,3.8066278
2022,35.75,3.5,1.1640335,237.17072,0,4.190521
2022,35.75,3.75,1.2440041,238.44293,0,4.4784145
2022,35.75,4.0,1.1682047,239.05206,0,4.205537
2022,35.75,4.25,0.9195741,177.78613,0,3.3104665
2022,35.75,4.5,0.86613303,147.72261,0,3.118079
2022,35.75,4.75,0.7605393,157.23,0,2.7379413
2022,35.75,5.0,0.74698895,137.75311,0,2.68916
2022,35.75,5.25,0.7207549,145.88939,0,2.5947177
2022,35.75,5.5,0.726669,172.24579,0,2.6160083
2022,35.75,5.75,0.76456076,164.61005,0,2.7524188
2022,35.75,6.0,0.843589,210.83043,0,3.0369203
2022,35.75,6.25,0.82586867,211.04443,0,2.9731271
2022,35.75,6.5,0.92481756,239.1629,0,3.329343
2022,35.75,6.75,0.9083883,213.59912,0,3.2701979
2022,35.75,7.0,0.8932962,185.90776,0,3.215866
2022,35.75,7.25,0.9763319,215.46797,0,3.5147948
2022,35.75,7.5,1.077125,242.6385,0,3.8776498
2022,35.75,7.75,1.0984029,241.79352,0,3.95425
2022,35.75,8.0,0.9746129,240.52434,0,3.5086064
2022,35.75,8.25,0.84883696,214.89673,0,3.055813
2022,35.75,8.5,0.9225752,218.5744,0,3.3212705
2022,35.75,8.75,1.0335172,223.8545,0,3.7206619
2022,35.75,9.0,1.0990328,225.93526,0,3.956518
2022,35.75,9.25,1.0792174,224.81526,0,3.8851826
2022,35.75,9.5,1.037559,255.02057,0,3.7352123
2022,35.75,9.75,0.9870443,187.94153,0,3.5533593
2022,35.75,10.0,1.0272223,180.43416,0,3.6980002
2022,35.75,10.25,1.087814,149.17732,0,3.9161303
2022,35.75,10.5,1.1721978,150.50313,0,4.219912
2022,35.75,10.75,1.5097984,153.31203,0,5.435274
2022,35.75,11.0,1.9219857,155.33018,0,6.9191484
2022,35.75,11.25,2.298803,155.85042,0,8.275691
2022,35.75,11.5,2.3133333,153.9535,0,8.327999
2022,35.75,11.75,2.359626,211.10638,0,8.494654
2022,35.75,12.0,2.400424,208.08305,0,8.641526
2022,35.5,-9.0,4.2860174,254.73712,0,15.429663
2022,35.5,-8.75,4.193051,254.37964,0,15.094983
2022,35.5,-8.5,4.0633984,254.73853,0,14.628234
2022,35.5,-8.25,3.9229288,255.42548,0,14.122543
2022,35.5,-8.0,3.7755358,255.49742,0,13.5919285
2022,35.5,-7.75,3.6072853,256.75098,0,12.986227
2022,35.5,-7.5,3.4574635,198.06517,0,12.446868
2022,35.5,-7.25,3.3019657,198.79564,0,11.887076
2022,35.5,-7.0,3.2188036,201.36003,0,11.587693
2022,35.5,-6.75,3.088006,203.14888,0,11.116821
2022,35.5,-6.5,2.7520072,183.60309,0,9.907226
2022,35.5,-6.25,2.2520158,180.17192,0,8.107257
2022,35.5,-6.0,1.5465564,174.76057,0,5.5676026
2022,35.5,-5.75,1.2068635,163.39543,0,4.3447084
2022,35.5,-5.5,1.069311,148.00209,0,3.8495195
2022,35.5,-5.25,1.0827073,158.81429,0,3.897746
2022,35.5,-5.0,1.4758273,160.44899,0,5.3129783
2022,35.5,-4.75,1.9864496,150.36003,0,7.1512184
2022,35.5,-4.5,2.3131802,144.37704,0,8.327449
2022,35.5,-4.25,2.418475,139.56848,0,8.70651
2022,35.5,-4.0,2.3642876,136.97893,0,8.5114355
2022,35.5,-3.75,2.2448504,152.5277,0,8.081461
2022,35.5,-3.5,2.144808,175.03209,0,7.7213087
2022,35.5,-3.25,2.0572834,171.93248,0,7.40622
2022,35.5,-3.0,2.026913,172.22986,0,7.2968864
2022,35.5,-2.75,2.2021768,172.23132,0,7.9278364
2022,35.5,-2.5,2.3681917,171.43427,0,8.52549
2022,35.5,-2.25,2.3981678,169.64838,0,8.633404
2022,35.5,-2.0,2.3045325,165.51686,0,8.296317
2022,35.5,-1.75,2.190724,189.28746,0,7.8866057
2022,35.5,-1.5,1.8764237,183.26149,0,6.755125
2022,35.5,-1.25,1.4959216,179.28613,0,5.385318
2022,35.5,-1.0,1.0501554,204.51349,0,3.7805593
2022,35.5,-0.75,1.0033251,234.5942,0,3.6119702
2022,35.5,-0.5,1.0022634,264.5532,0,3.6081483
2022,35.5,-0.25,0.94632536,264.74026,0,3.4067712
2022,35.5,0.0,0.8756699,261.2306,0,3.1524115
2022,35.5,0.25,1.0119115,262.06253,0,3.6428814
2022,35.5,0.5,1.0632252,261.81717,0,3.8276105
2022,35.5,0.75,1.0610347,259.50998,0,3.8197248
2022,35.5,1.0,1.047739,253.33983,0,3.7718604
2022,35.5,1.25,1.0335208,259.10788,0,3.7206748
2022,35.5,1.5,1.0788409,265.48227,0,3.883827
2022,35.5,1.75,1.1244782,280.19495,0,4.0481215
2022,35.5,2.0,1.1742091,287.95837,0,4.227153
2022,35.5,2.25,1.1621972,291.2996,0,4.18391
2022,35.5,2.5,1.1751019,261.36432,0,4.2303667
2022,35.5,2.75,1.1719356,229.93172,0,4.218968
2022,35.5,3.0,1.141807,201.01485,0,4.110505
2022,35.5,3.25,1.1358272,229.28387,0,4.088978
2022,35.5,3.5,1.2084707,230.74693,0,4.3504944
2022,35.5,3.75,1.3008183,232.77449,0,4.6829457
2022,35.5,4.0,1.2636718,235.83931,0,4.549218
2022,35.5,4.25,1.1037359,237.66841,0,3.9734492
2022,35.5,4.5,0.95320886,195.15277,0,3.431552
2022,35.5,4.75,0.95115703,174.48418,0,3.4241652
2022,35.5,5.0,0.98164606,154.41467,0,3.5339258
2022,35.5,5.25,0.76741767,140.49872,0,2.7627034
2022,35.5,5.5,0.69279003,120.04428,0,2.494044
2022,35.5,5.75,0.61271304,131.96913,0,2.205767
2022,35.5,6.0,0.647155,197.13428,0,2.329758
2022,35.5,6.25,0.80439824,267.5302,0,2.8958335
2022,35.5,6.5,0.9156472,273.95288,0,3.29633
2022,35.5,6.75,0.93833447,277.99185,0,3.378004
2022,35.5,7.0,0.851382,242.402,0,3.0649753
2022,35.5,7.25,0.933948,242.54622,0,3.3622127
2022,35.5,7.5,1.0048786,243.60461,0,3.617563
2022,35.5,7.75,1.0103706,232.9953,0,3.637334
2022,35.5,8.0,0.948833,230.02904,0,3.4157987
2022,35.5,8.25,1.036922,231.01988,0,3.732919
2022,35.5,8.5,1.1148024,225.77155,0,4.0132885
2022,35.5,8.75,1.1072583,225.0271,0,3.9861298
2022,35.5,9.0,1.1068844,229.59825,0,3.9847836
2022,35.5,9.25,1.0245419,228.95168,0,3.6883507
2022,35.5,9.5,0.93941194,193.55647,0,3.381883
2022,35.5,9.75,0.91438574,187.14539,0,3.2917886
2022,35.5,10.0,0.9866929,183.88527,0,3.5520945
2022,35.5,10.25,1.0544671,155.4608,0,3.7960813
2022,35.5,10.5,1.0695001,157.61179,0,3.8502002
2022,35.5,10.75,1.1641873,159.96954,0,4.1910744
2022,35.5,11.0,1.4484102,159.5158,0,5.2142763
2022,35.5,11.25,2.0624998,158.81331,0,7.4249988
2022,35.5,11.5,2.3499463,155.65627,0,8.459806
2022,35.5,11.75,2.4252837,151.96088,0,8.731021
2022,35.5,12.0,2.4426904,207.71394,0,8.793685
2022,35.25,-9.0,4.3227625,255.52351,0,15.561945
2022,35.25,-8.75,4.2188916,254.9699,0,15.188009
2022,35.25,-8.5,4.076649,254.90358,0,14.675937
2022,35.25,-8.25,3.9299982,254.72536,0,14.147993
2022,35.25,-8.0,3.7944672,254.06117,0,13.660082
2022,35.25,-7.75,3.6072142,254.34923,0,12.9859705
2022,35.25,-7.5,3.4394763,253.95766,0,12.382114
2022,35.25,-7.25,3.263914,253.40894,0,11.750091
2022,35.25,-7.0,3.0215359,222.69621,0,10.877529
2022,35.25,-6.75,2.8527524,188.66785,0,10.269909
2022,35.25,-6.5,2.4921591,240.72935,0,8.971772
2022,35.25,-6.25,1.9079753,232.48378,0,6.868711
2022,35.25,-6.0,1.0388867,165.53882,0,3.739992
2022,35.25,-5.75,0.8343722,161.1389,0,3.0037398
2022,35.25,-5.5,0.7206885,163.94873,0,2.5944786
2022,35.25,-5.25,0.61872774,144.1802,0,2.2274199
2022,35.25,-5.0,0.5849132,159.21931,0,2.1056874
2022,35.25,-4.75,0.8670768,140.43066,0,3.1214764
2022,35.25,-4.5,1.1725374,133.45398,0,4.2211347
2022,35.25,-4.25,1.3467568,126.71158,0,4.8483243
2022,35.25,-4.0,1.45234,150.3332,0,5.228424
2022,35.25,-3.75,1.4618548,174.56233,0,5.262677
2022,35.25,-3.5,1.4677893,228.37349,0,5.2840414
2022,35.25,-3.25,1.3848443,226.27168,0,4.9854393
2022,35.25,-3.0,1.2627283,170.3264,0,4.5458217
2022,35.25,-2.75,1.5755572,172.196,0,5.6720057
2022,35.25,-2.5,1.788334,171.45851,0,6.438002
2022,35.25,-2.25,1.8312196,168.29747,0,6.59239
2022,35.25,-2.0,1.7447642,221.11841,0,6.281151
2022,35.25,-1.75,1.6130604,213.11377,0,5.8070173
2022,35.25,-1.5,1.3130381,239.67598,0,4.7269373
2022,35.25,-1.25,0.9606817,239.50468,0,3.458454
2022,35.25,-1.0,0.8321669,212.73558,0,2.9958007
2022,35.25,-0.75,0.96751446,270.37497,0,3.483052
2022,35.25,-0.5,1.0597976,271.76218,0,3.8152714
2022,35.25,-0.25,1.0537237,271.75342,0,3.7934053
2022,35.25,0.0,0.9527276,271.18777,0,3.4298193
2022,35.25,0.25,1.046115,269.15497,0,3.766014
2022,35.25,0.5,1.0810142,266.99548,0,3.891651
2022,35.25,0.75,1.0778267,264.09857,0,3.880176
2022,35.25,1.0,1.0599166,260.96967,0,3.8156998
2022,35.25,1.25,1.1996992,263.78842,0,4.318917
2022,35.25,1.5,1.3060744,265.06808,0,4.7018676
2022,35.25,1.75,1.339408,267.3853,0,4.821869
2022,35.25,2.0,1.2197162,274.36368,0,4.3909783
2022,35.25,2.25,1.1741556,280.3488,0,4.22696
2022,35.25,2.5,1.174864,279.7118,0,4.2295103
2022,35.25,2.75,1.1686503,218.23723,0,4.207141
2022,35.25,3.0,1.0657371,224.47668,0,3.8366535
2022,35.25,3.25,1.0609822,227.74713,0,3.819536
2022,35.25,3.5,1.0970169,229.66174,0,3.949261
2022,35.25,3.75,1.1352257,232.55257,0,4.086812
2022,35.25,4.0,1.1552515,236.86263,0,4.1589055
2022,35.25,4.25,1.1250184,241.79915,0,4.050066
2022,35.25,4.5,1.1729321,236.53186,0,4.2225556
2022,35.25,4.75,1.1829882,230.11333,0,4.258757
2022,35.25,5.0,1.0305728,182.18571,0,3.7100618
2022,35.25,5.25,0.91920567,181.7386,0,3.3091402
2022,35.25,5.5,0.8624375,123.49531,0,3.104775
2022,35.25,5.75,0.71599454,104.89628,0,2.5775802
2022,35.25,6.0,0.6423654,189.46751,0,2.3125153
2022,35.25,6.25,0.76598597,249.33672,0,2.7575493
2022,35.25,6.5,0.8855562,265.2156,0,3.1880023
2022,35.25,6.75,0.90538675,266.4783,0,3.2593923
2022,35.25,7.0,0.84846383,263.84805,0,3.0544698
2022,35.25,7.25,1.025611,271.72223,0,3.6921997
2022,35.25,7.5,1.1064819,249.32356,0,3.9833348
2022,35.25,7.75,1.1340454,252.59424,0,4.0825634
2022,35.25,8.0,1.1063708,254.6761,0,3.9829347
2022,35.25,8.25,1.179742,226.67122,0,4.247071
2022,35.25,8.5,1.1496552,230.09752,0,4.1387587
2022,35.25,8.75,1.0762714,230.70827,0,3.874577
2022,35.25,9.0,1.0058935,227.70277,0,3.6212163
2022,35.25,9.25,0.95932364,194.64284,0,3.4535651
2022,35.25,9.5,0.91969204,191.071,0,3.3108912
2022,35.25,9.75,0.90885115,189.02055,0,3.271864
2022,35.25,10.0,0.9324686,188.14496,0,3.3568869
2022,35.25,10.25,1.0338336,162.1057,0,3.721801
2022,35.25,10.5,1.1834838,165.73027,0,4.260542
2022,35.25,10.75,1.335401,166.79225,0,4.8074436
2022,35.25,11.0,1.5494217,164.29932,0,5.577918
2022,35.25,11.25,2.1105897,159.17778,0,7.598123
2022,35.25,11.5,2.4290073,155.59987,0,8.744426
2022,35.25,11.75,2.529928,152.01338,0,9.10774
2022,35.25,12.0,2.4981654,148.66649,0,8.993395
2022,35.0,-9.0,4.269577,255.8611,0,15.370477
2022,35.0,-8.75,4.175368,255.11371,0,15.031323
2022,35.0,-8.5,4.066339,254.2356,0,14.63882
2022,35.0,-8.25,3.947732,253.37982,0,14.211835
2022,35.0,-8.0,3.8139436,252.89514,0,13.730197
2022,35.0,-7.75,3.5891907,252.17584,0,12.921086
2022,35.0,-7.5,3.3869858,250.98637,0,12.193149
2022,35.0,-7.25,3.164034,249.49927,0,11.390522
2022,35.0,-7.0,2.8551903,247.49507,0,10.278685
2022,35.0,-6.75,2.6034276,241.73772,0,9.372339
2022,35.0,-6.5,2.209426,234.23653,0,7.9539332
2022,35.0,-6.25,1.6613599,226.59871,0,5.9808955
2022,35.0,-6.0,0.9319261,221.12958,0,3.3549337
2022,35.0,-5.75,0.76042324,196.46631,0,2.7375236
2022,35.0,-5.5,0.6899882,164.86143,0,2.4839575
2022,35.0,-5.25,0.63508075,166.31711,0,2.2862906
2022,35.0,-5.0,0.6319431,134.73439,0,2.274995
2022,35.0,-4.75,0.5524065,142.47122,0,1.9886633
2022,35.0,-4.5,0.51167864,152.37314,0,1.842043
2022,35.0,-4.25,0.4942886,222.13283,0,1.7794389
2022,35.0,-4.0,0.5335085,173.84343,0,1.9206305
2022,35.0,-3.75,0.5642651,184.28535,0,2.0313542
2022,35.0,-3.5,0.69946164,184.22316,0,2.5180619
2022,35.0,-3.25,0.8513057,178.82677,0,3.0647006
2022,35.0,-3.0,0.986195,173.06825,0,3.550302
2022,35.0,-2.75,0.99380535,172.04144,0,3.5776992
2022,35.0,-2.5,0.9697893,170.48189,0,3.4912415
2022,35.0,-2.25,0.9110343,169.02777,0,3.2797234
2022,35.0,-2.0,0.90949327,198.3562,0,3.2741756
2022,35.0,-1.75,0.84833306,226.01082,0,3.053999
2022,35.0,-1.5,0.7959791,253.92741,0,2.8655245
2022,35.0,-1.25,0.79916054,272.75284,0,2.876978
2022,35.0,-1.0,0.962074,241.8841,0,3.4634662
2022,35.0,-0.75,1.0751034,246.6696,0,3.870372
2022,35.0,-0.5,1.1007676,276.53372,0,3.9627633
2022,35.0,-0.25,1.0638267,274.1601,0,3.829776
2022,35.0,0.0,1.0337777,269.78836,0,3.7215996
2022,35.0,0.25,1.1796216,270.40637,0,4.2466373
2022,35.0,0.5,1.2159969,270.2715,0,4.3775887
2022,35.0,0.75,1.1746143,269.89255,0,4.2286115
2022,35.0,1.0,1.0896478,242.16032,0,3.9227319
2022,35.0,1.25,1.2014664,245.6566,0,4.325279
2022,35.0,1.5,1.3246616,280.71323,0,4.7687817
2022,35.0,1.75,1.4281693,282.74548,0,5.1414094
2022,35.0,2.0,1.4258884,283.4734,0,5.1331983
2022,35.0,2.25,1.3522762,281.70505,0,4.868194
2022,35.0,2.5,1.2841254,249.97035,0,4.6228514
2022,35.0,2.75,1.2174301,254.11601,0,4.382748
2022,35.0,3.0,1.0913702,252.5048,0,3.9289327
2022,35.0,3.25,1.0470827,248.8542,0,3.7694974
2022,35.0,3.5,1.0785027,245.64351,0,3.8826094
2022,35.0,3.75,1.1398703,246.7563,0,4.103533
2022,35.0,4.0,1.1975776,251.04512,0,4.3112793
2022,35.0,4.25,1.1991324,252.11743,0,4.316877
2022,35.0,4.5,1.229956,251.42334,0,4.4278417
2022,35.0,4.75,1.2344494,251.69281,0,4.444018
2022,35.0,5.0,1.2006218,231.86797,0,4.3222384
2022,35.0,5.25,1.2527072,184.25392,0,4.509746
2022,35.0,5.5,1.3516153,134.43155,0,4.865815
2022,35.0,5.75,1.2187256,113.051155,0,4.387412
2022,35.0,6.0,0.6678338,154.72046,0,2.4042017
2022,35.0,6.25,0.5561539,203.61884,0,2.0021539
2022,35.0,6.5,0.5816223,231.20064,0,2.0938401
2022,35.0,6.75,0.6390269,234.04347,0,2.3004968
2022,35.0,7.0,0.7449872,242.63594,0,2.681954
2022,35.0,7.25,1.0037998,247.71721,0,3.6136792
2022,35.0,7.5,1.1660264,248.79277,0,4.197695
2022,35.0,7.75,1.2425929,248.37958,0,4.4733343
2022,35.0,8.0,1.2336341,246.98494,0,4.4410825
2022,35.0,8.25,1.2738957,238.13646,0,4.5860248
2022,35.0,8.5,1.2551628,233.53862,0,4.518586
2022,35.0,8.75,1.183465,201.0207,0,4.2604737
2022,35.0,9.0,1.092788,196.68492,0,3.9340367
2022,35.0,9.25,1.0602342,194.51483,0,3.816843
2022,35.0,9.5,1.0660585,192.3407,0,3.8378105
2022,35.0,9.75,1.0770254,191.43745,0,3.8772914
2022,35.0,10.0,1.0765464,165.20378,0,3.875567
2022,35.0,10.25,1.2419443,169.49075,0,4.4709992
2022,35.0,10.5,1.5480844,167.9787,0,5.5731034
2022,35.0,10.75,1.9126052,165.90901,0,6.8853784
2022,35.0,11.0,2.333884,163.2079,0,8.401982
2022,35.0,11.25,2.4864256,159.0749,0,8.951132
2022,35.0,11.5,2.5490935,155.57497,0,9.176736
2022,35.0,11.75,2.5477848,152.13644,0,9.172025
2022,35.0,12.0,2.5913413,149.7989,0,9.328828
2022,34.75,-9.0,4.278027,257.07797,0,15.400897
2022,34.75,-8.75,4.167464,256.28903,0,15.00287
2022,34.75,-8.5,4.0286746,255.07312,0,14.503228
2022,34.75,-8.25,3.8855398,253.96577,0,13.987943
2022,34.75,-8.0,3.7127113,253.0753,0,13.365761
2022,34.75,-7.75,3.549763,251.10036,0,12.779146
2022,34.75,-7.5,3.3132565,249.72162,0,11.927723
2022,34.75,-7.25,3.0298226,247.80243,0,10.907361
2022,34.75,-7.0,2.7434235,244.95723,0,9.876325
2022,34.75,-6.75,2.370322,238.2441,0,8.533159
2022,34.75,-6.5,1.7830343,233.00572,0,6.4189234
2022,34.75,-6.25,1.1974732,226.27222,0,4.310903
2022,34.75,-6.0,0.9756968,221.24432,0,3.5125084
2022,34.75,-5.75,1.0325452,221.65123,0,3.7171626
2022,34.75,-5.5,0.93719625,224.26662,0,3.3739064
2022,34.75,-5.25,0.8313057,225.43806,0,2.9927003
2022,34.75,-5.0,0.7229684,193.28967,0,2.6026862
2022,34.75,-4.75,0.6476291,186.54906,0,2.3314645
2022,34.75,-4.5,0.6786557,180.03963,0,2.4431603
2022,34.75,-4.25,0.7174869,180.99829,0,2.5829527
2022,34.75,-4.0,0.7780192,185.34035,0,2.800869
2022,34.75,-3.75,0.64237577,169.69911,0,2.3125527
2022,34.75,-3.5,0.7609086,183.8462,0,2.739271
2022,34.75,-3.25,0.94944644,129.71666,0,3.4180071
2022,34.75,-3.0,1.1558814,110.49029,0,4.161173
2022,34.75,-2.75,1.0427176,114.74316,0,3.7537832
2022,34.75,-2.5,0.92971826,147.05074,0,3.3469856
2022,34.75,-2.25,0.9016478,145.87947,0,3.245932
2022,34.75,-2.0,0.89143354,145.73373,0,3.2091606
2022,34.75,-1.75,0.7810212,145.49438,0,2.8116763
2022,34.75,-1.5,0.7607692,150.69206,0,2.738769
2022,34.75,-1.25,0.8551969,218.21584,0,3.0787086
2022,34.75,-1.0,1.0543276,218.83665,0,3.7955792
2022,34.75,-0.75,1.1480969,219.77495,0,4.1331487
2022,34.75,-0.5,1.1706976,217.93297,0,4.214511
2022,34.75,-0.25,1.1611339,245.6969,0,4.180082
2022,34.75,0.0,1.2086524,247.8314,0,4.3511486
2022,34.75,0.25,1.3214934,250.7707,0,4.757376
2022,34.75,0.5,1.3463157,280.48987,0,4.8467364
2022,34.75,0.75,1.2760483,279.57687,0,4.593774
2022,34.75,1.0,1.1615773,248.67076,0,4.1816783
2022,34.75,1.25,1.1942706,252.7036,0,4.299374
2022,34.75,1.5,1.2721049,256.45074,0,4.5795774
2022,34.75,1.75,1.3987074,258.78546,0,5.0353465
2022,34.75,2.0,1.5983831,257.23233,0,5.754179
2022,34.75,2.25,1.4794503,251.88109,0,5.326021
2022,34.75,2.5,1.3582174,248.00336,0,4.889582
2022,34.75,2.75,1.1758951,245.05656,0,4.233222
2022,34.75,3.0,1.068302,242.49132,0,3.8458872
2022,34.75,3.25,1.0807682,245.58571,0,3.8907654
2022,34.75,3.5,1.1936151,251.0476,0,4.297014
2022,34.75,3.75,1.311282,254.57634,0,4.7206154
2022,34.75,4.0,1.3686165,257.8289,0,4.927019
2022,34.75,4.25,1.1628608,259.42093,0,4.1862984
2022,34.75,4.5,1.1623434,234.4127,0,4.184436
2022,34.75,4.75,1.1893938,248.49524,0,4.2818174
2022,34.75,5.0,1.2608975,231.03767,0,4.539231
2022,34.75,5.25,1.3160087,150.51591,0,4.7376313
2022,34.75,5.5,1.4797058,157.313,0,5.326941
2022,34.75,5.75,1.4485837,132.14555,0,5.2149014
2022,34.75,6.0,1.2032735,135.85927,0,4.3317847
2022,34.75,6.25,1.1460627,105.91626,0,4.125826
2022,34.75,6.5,1.0202259,105.1756,0,3.6728132
2022,34.75,6.75,0.93211967,104.885475,0,3.3556306
2022,34.75,7.0,0.9520238,160.98431,0,3.4272857
2022,34.75,7.25,0.99177796,189.4518,0,3.5704005
2022,34.75,7.5,0.9853166,237.27301,0,3.5471396
2022,34.75,7.75,1.0615445,252.6211,0,3.8215601
2022,34.75,8.0,1.231512,213.29834,0,4.433443
2022,34.75,8.25,1.3908176,207.47418,0,5.006943
2022,34.75,8.5,1.4192308,205.56897,0,5.109231
2022,34.75,8.75,1.3528012,203.54912,0,4.8700843
2022,34.75,9.0,1.2579807,193.79138,0,4.5287304
2022,34.75,9.25,1.2908307,189.83635,0,4.6469903
2022,34.75,9.5,1.35382,189.87836,0,4.8737516
2022,34.75,9.75,1.4048324,191.53102,0,5.0573964
2022,34.75,10.0,1.5543793,165.28499,0,5.5957656
2022,34.75,10.25,1.70132,164.77419,0,6.124752
2022,34.75,10.5,2.0057771,164.38765,0,7.2207975
2022,34.75,10.75,2.3529146,163.56548,0,8.470492
2022,34.75,11.0,2.6854305,162.16576,0,9.66755
2022,34.75,11.25,2.7355506,159.1947,0,9.847982
2022,34.75,11.5,2.7408295,156.57323,0,9.866986
2022,34.75,11.75,2.7351494,153.93127,0,9.846538
2022,34.75,12.0,2.720666,150.82286,0,9.794397
2022,34.5,-9.0,4.2184343,258.97595,0,15.186363
2022,34.5,-8.75,4.0922174,258.11423,0,14.731982
2022,34.5,-8.5,3.9538727,257.03513,0,14.233941
2022,34.5,-8.25,3.7914217,255.78764,0,13.649117
2022,34.5,-8.0,3.594553,254.38548,0,12.940391
2022,34.5,-7.75,3.391195,252.3903,0,12.208302
2022,34.5,-7.5,3.0932913,250.29152,0,11.135848
2022,34.5,-7.25,2.7907162,248.11194,0,10.046578
2022,34.5,-7.0,2.622878,242.53052,0,9.442361
2022,34.5,-6.75,2.203161,233.71735,0,7.9313793
2022,34.5,-6.5,1.5949402,256.4525,0,5.7417846
2022,34.5,-6.25,1.053454,221.19212,0,3.7924345
2022,34.5,-6.0,0.9415612,221.65808,0,3.3896203
2022,34.5,-5.75,1.0743233,223.19868,0,3.8675637
2022,34.5,-5.5,1.1431116,225.35443,0,4.1152015
2022,34.5,-5.25,1.0597743,225.98145,0,3.8151872
2022,34.5,-5.0,1.00377,230.14821,0,3.613572
2022,34.5,-4.75,0.85131484,189.85756,0,3.0647333
2022,34.5,-4.5,0.81298494,199.3401,0,2.9267457
2022,34.5,-4.25,0.9194519,194.29834,0,3.3100266
2022,34.5,-4.0,1.0767449,193.62804,0,3.8762815
2022,34.5,-3.75,0.92637587,187.42662,0,3.334953
2022,34.5,-3.5,1.0868245,155.22359,0,3.9125683
2022,34.5,-3.25,1.2576197,157.36159,0,4.527431
2022,34.5,-3.0,1.2052459,103.361206,0,4.338885
2022,34.5,-2.75,0.9876185,139.75757,0,3.5554266
2022,34.5,-2.5,0.9254183,141.21367,0,3.3315058
2022,34.5,-2.25,0.93243,201.42409,0,3.356748
2022,34.5,-2.0,0.918585,172.55281,0,3.306906
2022,34.5,-1.75,0.8235224,201.94835,0,2.9646804
2022,34.5,-1.5,0.91988593,194.4519,0,3.3115892
2022,34.5,-1.25,1.0901098,224.28827,0,3.9243953
2022,34.5,-1.0,1.2223259,227.44397,0,4.400373
2022,34.5,-0.75,1.2692465,227.71016,0,4.5692873
2022,34.5,-0.5,1.2802023,226.73718,0,4.608728
2022,34.5,-0.25,1.2646736,226.62036,0,4.552825
2022,34.5,0.0,1.2981004,226.8232,0,4.673161
2022,34.5,0.25,1.4158577,228.11311,0,5.0970874
2022,34.5,0.5,1.4521893,227.31071,0,5.2278814
2022,34.5,0.75,1.4041895,226.90057,0,5.055082
2022,34.5,1.0,1.4010344,247.3612,0,5.0437236
2022,34.5,1.25,1.2812119,240.41035,0,4.6123624
2022,34.5,1.5,1.2811421,245.75859,0,4.6121116
2022,34.5,1.75,1.2607619,250.39006,0,4.5387425
2022,34.5,2.0,1.3962857,251.26512,0,5.026628
2022,34.5,2.25,1.3210766,220.75072,0,4.7558756
2022,34.5,2.5,1.2054685,256.5722,0,4.3396864
2022,34.5,2.75,1.0827942,251.80641,0,3.898059
2022,34.5,3.0,1.1245993,255.06917,0,4.0485573
2022,34.5,3.25,1.147526,257.2357,0,4.1310935
2022,34.5,3.5,1.2693243,258.8884,0,4.569567
2022,34.5,3.75,1.2719144,256.84155,0,4.5788918
2022,34.5,4.0,1.2914137,255.68628,0,4.649089
2022,34.5,4.25,1.2363008,233.86122,0,4.4506826
2022,34.5,4.5,1.2399908,210.84761,0,4.463967
2022,34.5,4.75,1.3136185,189.97511,0,4.729027
2022,34.5,5.0,1.2490946,169.78328,0,4.4967403
2022,34.5,5.25,1.4212891,205.43044,0,5.1166406
2022,34.5,5.5,1.5578794,151.53264,0,5.608366
2022,34.5,5.75,1.6456251,156.42055,0,5.92425
2022,34.5,6.0,1.5324591,163.09732,0,5.516853
2022,34.5,6.25,1.4115626,140.79857,0,5.081625
2022,34.5,6.5,1.4060315,132.3853,0,5.061713
2022,34.5,6.75,1.3006328,128.82204,0,4.682278
2022,34.5,7.0,1.3842088,102.614494,0,4.9831514
2022,34.5,7.25,1.5119616,64.01408,0,5.4430614
2022,34.5,7.5,1.3819476,118.39132,0,4.9750113
2022,34.5,7.75,1.2775675,190.76408,0,4.5992427
2022,34.5,8.0,1.3217324,203.44115,0,4.7582364
2022,34.5,8.25,1.3216459,193.90501,0,4.757925
2022,34.5,8.5,1.2055767,188.50536,0,4.340076
2022,34.5,8.75,1.150739,186.8363,0,4.14266
2022,34.5,9.0,1.2129931,185.57344,0,4.366775
2022,34.5,9.25,1.2679142,184.6466,0,4.564491
2022,34.5,9.5,1.3379859,184.81071,0,4.816749
2022,34.5,9.75,1.5416886,157.6793,0,5.550079
2022,34.5,10.0,1.863576,160.15468,0,6.7088737
2022,34.5,10.25,2.1787317,162.30127,0,7.843434
2022,34.5,10.5,2.5746033,163.4258,0,9.268572
2022,34.5,10.75,2.9321976,163.15504,0,10.555911
2022,34.5,11.0,3.044362,162.48103,0,10.959703
2022,34.5,11.25,2.9085128,160.64531,0,10.470646
2022,34.5,11.5,2.8999393,158.01958,0,10.439781
2022,34.5,11.75,2.8647325,154.95462,0,10.313037
2022,34.5,12.0,2.8381436,152.13214,0,10.217317
2022,34.25,-9.0,4.2184963,260.92224,0,15.186586
2022,34.25,-8.75,4.069116,259.98843,0,14.648818
2022,34.25,-8.5,3.9003172,258.97327,0,14.0411415
2022,34.25,-8.25,3.6839383,257.70023,0,13.262177
2022,34.25,-8.0,3.3854415,256.41757,0,12.18759
2022,34.25,-7.75,3.1074724,254.755,0,11.1869
2022,34.25,-7.5,2.877127,250.88329,0,10.3576565
2022,34.25,-7.25,2.4999876,247.57465,0,8.999955
2022,34.25,-7.0,2.179798,241.99678,0,7.8472724
2022,34.25,-6.75,1.6983944,234.36226,0,6.1142197
2022,34.25,-6.5,1.3477268,253.29889,0,4.8518167
2022,34.25,-6.25,0.933623,246.82373,0,3.3610427
2022,34.25,-6.0,0.8905999,224.27917,0,3.2061596
2022,34.25,-5.75,0.99489754,227.52196,0,3.5816312
2022,34.25,-5.5,1.0471036,231.05359,0,3.769573
2022,34.25,-5.25,1.1141591,234.3604,0,4.0109725
2022,34.25,-5.0,1.0773917,237.53233,0,3.8786101
2022,34.25,-4.75,0.939385,239.58455,0,3.3817859
2022,34.25,-4.5,0.8982734,206.37083,0,3.2337842
2022,34.25,-4.25,0.98692226,204.42969,0,3.55292
2022,34.25,-4.0,1.0534381,206.94582,0,3.792377
2022,34.25,-3.75,0.99528027,194.68169,0,3.5830088
2022,34.25,-3.5,1.0790477,138.91087,0,3.8845716
2022,34.25,-3.25,1.1238443,162.17372,0,4.0458393
2022,34.25,-3.0,1.0760174,168.97139,0,3.8736625
2022,34.25,-2.75,0.95452446,224.44106,0,3.4362879
2022,34.25,-2.5,0.94793195,275.00586,0,3.412555
2022,34.25,-2.25,1.0424632,250.21523,0,3.7528675
2022,34.25,-2.0,1.0093249,224.69621,0,3.6335695
2022,34.25,-1.75,0.9679609,223.46,0,3.4846592
2022,34.25,-1.5,1.0818987,225.24788,0,3.8948352
2022,34.25,-1.25,1.2936953,198.49121,0,4.657303
2022,34.25,-1.0,1.4187244,199.63261,0,5.1074076
2022,34.25,-0.75,1.464097,200.47571,0,5.270749
2022,34.25,-0.5,1.4522046,200.90517,0,5.2279363
2022,34.25,-0.25,1.397137,198.6296,0,5.029693
2022,34.25,0.0,1.3566512,191.87685,0,4.883944
2022,34.25,0.25,1.4310137,189.49782,0,5.151649
2022,34.25,0.5,1.479887,187.57538,0,5.3275933
2022,34.25,0.75,1.4394335,185.60231,0,5.18196
2022,34.25,1.0,1.395791,210.73016,0,5.0248475
2022,34.25,1.25,1.2188044,241.78148,0,4.387696
2022,34.25,1.5,1.1631254,243.757,0,4.187251
2022,34.25,1.75,1.1420802,248.4388,0,4.1114883
2022,34.25,2.0,1.1973273,254.08913,0,4.310378
2022,34.25,2.25,1.2123128,233.08337,0,4.364326
2022,34.25,2.5,1.2010359,241.25177,0,4.323729
2022,34.25,2.75,1.174317,254.7426,0,4.227541
2022,34.25,3.0,1.2480742,256.7997,0,4.493067
2022,34.25,3.25,1.3657528,262.0361,0,4.91671
2022,34.25,3.5,1.3396478,265.14304,0,4.822732
2022,34.25,3.75,1.2884122,229.98405,0,4.6382837
2022,34.25,4.0,1.2815907,199.98706,0,4.6137266
2022,34.25,4.25,1.2872603,201.88434,0,4.634137
2022,34.25,4.5,1.2715259,178.26416,0,4.577493
2022,34.25,4.75,1.3175558,184.55322,0,4.743201
2022,34.25,5.0,1.3269911,191.26213,0,4.777168
2022,34.25,5.25,1.4664187,197.9084,0,5.2791076
2022,34.25,5.5,1.6048222,202.0625,0,5.7773595
2022,34.25,5.75,1.6572374,206.86061,0,5.9660544
2022,34.25,6.0,1.5900179,181.04753,0,5.7240644
2022,34.25,6.25,1.5886041,172.13647,0,5.7189746
2022,34.25,6.5,1.6619831,148.18306,0,5.983139
2022,34.25,6.75,1.7698212,143.55284,0,6.371356
2022,34.25,7.0,1.8107022,136.55737,0,6.518528
2022,34.25,7.25,1.864129,130.75336,0,6.710864
2022,34.25,7.5,1.8253216,123.227745,0,6.5711575
2022,34.25,7.75,1.788475,142.08798,0,6.43851
2022,34.25,8.0,1.6774904,131.19894,0,6.038965
2022,34.25,8.25,1.5078464,126.4577,0,5.4282465
2022,34.25,8.5,1.4329547,122.08224,0,5.1586366
2022,34.25,8.75,1.4112697,119.072014,0,5.0805707
2022,34.25,9.0,1.4929539,146.61185,0,5.374634
2022,34.25,9.25,1.6369721,141.5097,0,5.8930993
2022,34.25,9.5,1.7367177,143.98462,0,6.2521834
2022,34.25,9.75,1.9555926,151.58673,0,7.0401335
2022,34.25,10.0,2.37275,157.26926,0,8.5419
2022,34.25,10.25,2.8969905,161.74422,0,10.429166
2022,34.25,10.5,3.0475645,162.44836,0,10.971231
2022,34.25,10.75,3.1220343,162.0855,0,11.239324
2022,34.25,11.0,3.172121,161.45238,0,11.419636
2022,34.25,11.25,3.1410515,160.43936,0,11.307785
2022,34.25,11.5,3.0649033,158.69981,0,11.033651
2022,34.25,11.75,2.9968567,156.02507,0,10.788684
2022,34.25,12.0,2.9519665,153.62502,0,10.627079
2022,34.0,-9.0,4.1800647,173.07668,0,15.048232
2022,34.0,-8.75,3.9678087,172.18628,0,14.284111
2022,34.0,-8.5,3.7609298,201.20723,0,13.539347
2022,34.0,-8.25,3.5324116,229.80333,0,12.7166815
2022,34.0,-8.0,3.2233715,228.49275,0,11.604137
2022,34.0,-7.75,2.8788471,226.84851,0,10.36385
2022,34.0,-7.5,2.4416933,222.68146,0,8.790095
2022,34.0,-7.25,2.1119182,217.61452,0,7.6029053
2022,34.0,-7.0,1.5195957,213.57874,0,5.4705443
2022,34.0,-6.75,1.1505255,239.08339,0,4.1418915
2022,34.0,-6.5,0.90902114,231.45288,0,3.272476
2022,34.0,-6.25,0.9285269,228.69975,0,3.3426967
2022,34.0,-6.0,0.90100795,231.82045,0,3.2436285
2022,34.0,-5.75,0.92108923,235.51141,0,3.315921
2022,34.0,-5.5,0.8880908,237.84752,0,3.1971269
2022,34.0,-5.25,0.9612868,241.88452,0,3.4606323
2022,34.0,-5.0,0.9339505,249.3843,0,3.3622217
2022,34.0,-4.75,0.8489925,251.2285,0,3.0563731
2022,34.0,-4.5,0.76610726,213.3841,0,2.757986
2022,34.0,-4.25,0.83915776,210.49646,0,3.020968
2022,34.0,-4.0,0.8227506,220.06165,0,2.9619021
2022,34.0,-3.75,0.73548,208.6032,0,2.647728
2022,34.0,-3.5,0.868062,153.18211,0,3.1250231
2022,34.0,-3.25,0.99705195,179.6963,0,3.589387
2022,34.0,-3.0,1.0988423,262.17972,0,3.955832
2022,34.0,-2.75,1.1166676,278.54764,0,4.0200033
2022,34.0,-2.5,1.2423397,274.3862,0,4.472423
2022,34.0,-2.25,1.392024,274.6476,0,5.0112863
2022,34.0,-2.0,1.3081659,245.11401,0,4.7093973
2022,34.0,-1.75,1.121801,219.97028,0,4.0384836
2022,34.0,-1.5,1.2198627,193.44069,0,4.3915057
2022,34.0,-1.25,1.3140827,200.08723,0,4.7306976
2022,34.0,-1.0,1.4135867,200.30104,0,5.088912
2022,34.0,-0.75,1.448935,200.71361,0,5.216166
2022,34.0,-0.5,1.4377236,192.91148,0,5.175805
2022,34.0,-0.25,1.3905034,187.1386,0,5.005812
2022,34.0,0.0,1.4014324,178.3487,0,5.0451565
2022,34.0,0.25,1.4204665,179.59254,0,5.1136794
2022,34.0,0.5,1.4251733,180.1217,0,5.130624
2022,34.0,0.75,1.4151171,181.0586,0,5.0944214
2022,34.0,1.0,1.2558252,214.7198,0,4.5209703
2022,34.0,1.25,1.1169744,245.59233,0,4.0211077
2022,34.0,1.5,1.0785518,248.6028,0,3.8827863
2022,34.0,1.75,1.122643,255.29852,0,4.041515
2022,34.0,2.0,1.196751,261.22525,0,4.3083034
2022,34.0,2.25,1.2015038,264.31564,0,4.325413
2022,34.0,2.5,1.2291971,266.88333,0,4.4251094
2022,34.0,2.75,1.2642074,255.47345,0,4.5511465
2022,34.0,3.0,1.2279955,253.63301,0,4.4207835
2022,34.0,3.25,1.299106,229.00342,0,4.6767817
2022,34.0,3.5,1.2736243,201.13908,0,4.5850472
2022,34.0,3.75,1.2805053,200.07953,0,4.609819
2022,34.0,4.0,1.2934313,195.23985,0,4.6563525
2022,34.0,4.25,1.332989,195.30853,0,4.7987604
2022,34.0,4.5,1.3049513,188.02428,0,4.6978245
2022,34.0,4.75,1.3668963,185.78004,0,4.9208264
2022,34.0,5.0,1.4048992,187.88184,0,5.057637
2022,34.0,5.25,1.5025073,192.9063,0,5.409026
2022,34.0,5.5,1.5282899,194.72493,0,5.5018435
2022,34.0,5.75,1.5607888,197.57117,0,5.6188393
2022,34.0,6.0,1.5155867,181.29561,0,5.456112
2022,34.0,6.25,1.659852,176.07191,0,5.975467
2022,34.0,6.5,1.8022227,155.11832,0,6.488002
2022,34.0,6.75,1.9986056,152.59341,0,7.19498
2022,34.0,7.0,2.0707319,148.46605,0,7.4546347
2022,34.0,7.25,2.0840406,147.71434,0,7.5025463
2022,34.0,7.5,2.1001856,146.28291,0,7.560668
2022,34.0,7.75,1.9998511,142.24861,0,7.199464
2022,34.0,8.0,1.889902,136.13019,0,6.803647
2022,34.0,8.25,1.9424831,132.11076,0,6.992939
2022,34.0,8.5,1.891081,128.74077,0,6.8078914
2022,34.0,8.75,2.0211596,123.511566,0,7.2761745
2022,34.0,9.0,2.108002,118.68795,0,7.5888066
2022,34.0,9.25,2.2038743,114.510185,0,7.9339476
2022,34.0,9.5,2.160389,115.999794,0,7.7774
2022,34.0,9.75,2.393702,121.731224,0,8.617327
2022,34.0,10.0,2.5817857,155.55016,0,9.294428
2022,34.0,10.25,3.1505299,160.24083,0,11.3419075
2022,34.0,10.5,3.163646,161.22247,0,11.389125
2022,34.0,10.75,3.0469341,162.09787,0,10.968963
2022,34.0,11.0,3.0132148,161.42305,0,10.847573
2022,34.0,11.25,3.2255144,160.83301,0,11.611852
2022,34.0,11.5,3.171425,158.94867,0,11.41713
2022,34.0,11.75,3.0932677,156.62617,0,11.135763
2022,34.0,12.0,3.0574658,154.49773,0,11.006877
2022,33.75,-9.0,4.136887,146.48753,0,14.892793
2022,33.75,-8.75,3.914388,175.8066,0,14.091796
2022,33.75,-8.5,3.578325,174.73676,0,12.881969
2022,33.75,-8.25,3.3496716,173.56079,0,12.058818
2022,33.75,-8.0,2.94433,200.48633,0,10.599587
2022,33.75,-7.75,2.3764606,197.68767,0,8.555258
2022,33.75,-7.5,1.9287072,223.06602,0,6.943346
2022,33.75,-7.25,1.6225662,221.45465,0,5.841238
2022,33.75,-7.0,1.0323397,221.21532,0,3.7164228
2022,33.75,-6.75,0.8899772,249.84386,0,3.203918
2022,33.75,-6.5,0.92823225,246.71562,0,3.341636
2022,33.75,-6.25,0.93981427,243.16545,0,3.3833313
2022,33.75,-6.0,0.86527663,244.51222,0,3.1149957
2022,33.75,-5.75,0.8764124,246.41405,0,3.1550846
2022,33.75,-5.5,0.80464906,245.1941,0,2.8967366
2022,33.75,-5.25,0.8668492,220.31493,0,3.120657
2022,33.75,-5.0,0.8745539,228.41711,0,3.148394
2022,33.75,-4.75,0.77964,265.95483,0,2.806704
2022,33.75,-4.5,0.5320502,220.44641,0,1.9153806
2022,33.75,-4.25,0.5999554,219.59358,0,2.1598394
2022,33.75,-4.0,0.5619648,232.57567,0,2.0230732
2022,33.75,-3.75,0.55870384,238.13673,0,2.0113337
2022,33.75,-3.5,0.8206813,94.74426,0,2.9544525
2022,33.75,-3.25,1.0023907,211.355,0,3.6086066
2022,33.75,-3.0,1.1456126,284.01666,0,4.124205
2022,33.75,-2.75,1.341898,280.26944,0,4.8308325
2022,33.75,-2.5,1.4841413,247.17921,0,5.342909
2022,33.75,-2.25,1.6433305,244.59953,0,5.9159894
2022,33.75,-2.0,1.587504,243.97353,0,5.7150145
2022,33.75,-1.75,1.375998,246.05339,0,4.953593
2022,33.75,-1.5,1.2419964,185.80635,0,4.471187
2022,33.75,-1.25,1.2770293,192.11255,0,4.5973053
2022,33.75,-1.0,1.3223438,192.85902,0,4.7604375
2022,33.75,-0.75,1.3031553,190.10284,0,4.691359
2022,33.75,-0.5,1.3302796,182.66219,0,4.789006
2022,33.75,-0.25,1.2980508,178.58961,0,4.6729827
2022,33.75,0.0,1.3794103,175.67084,0,4.965877
2022,33.75,0.25,1.3670902,181.35724,0,4.9215245
2022,33.75,0.5,1.399403,184.98097,0,5.0378504
2022,33.75,0.75,1.2628409,221.005,0,4.546227
2022,33.75,1.0,1.1171169,224.08057,0,4.0216208
2022,33.75,1.25,1.0572594,256.1224,0,3.806134
2022,33.75,1.5,1.1199714,257.216,0,4.031897
2022,33.75,1.75,1.21498,261.96188,0,4.373928
2022,33.75,2.0,1.2242688,263.74216,0,4.4073677
2022,33.75,2.25,1.2062411,260.3589,0,4.342468
2022,33.75,2.5,1.2336355,259.24756,0,4.4410877
2022,33.75,2.75,1.2058555,254.00069,0,4.3410797
2022,33.75,3.0,1.1812326,221.78392,0,4.252437
2022,33.75,3.25,1.2237754,219.86523,0,4.4055915
2022,33.75,3.5,1.2656667,204.37756,0,4.5564003
2022,33.75,3.75,1.3434305,200.30525,0,4.83635
2022,33.75,4.0,1.3904853,198.87256,0,5.005747
2022,33.75,4.25,1.4253954,198.0799,0,5.131423
2022,33.75,4.5,1.4125109,197.16585,0,5.085039
2022,33.75,4.75,1.4329547,191.38373,0,5.1586366
2022,33.75,5.0,1.4580097,189.82799,0,5.248835
2022,33.75,5.25,1.4710609,191.78206,0,5.295819
2022,33.75,5.5,1.4866112,193.32324,0,5.3518004
2022,33.75,5.75,1.4533259,192.8072,0,5.231973
2022,33.75,6.0,1.3950402,183.58838,0,5.0221443
2022,33.75,6.25,1.5620786,177.78632,0,5.6234827
2022,33.75,6.5,1.8520602,153.81673,0,6.6674166
2022,33.75,6.75,2.060888,153.7315,0,7.4191966
2022,33.75,7.0,2.145504,149.93427,0,7.723814
2022,33.75,7.25,2.1906462,148.0087,0,7.886326
2022,33.75,7.5,2.194223,146.30792,0,7.8992023
2022,33.75,7.75,2.1994019,144.21336,0,7.9178467
2022,33.75,8.0,2.10302,139.36308,0,7.570872
2022,33.75,8.25,2.2055178,133.66167,0,7.9398637
2022,33.75,8.5,2.305453,128.85838,0,8.299631
2022,33.75,8.75,2.4263551,124.33976,0,8.734879
2022,33.75,9.0,2.3970716,121.13583,0,8.629457
2022,33.75,9.25,2.4428022,119.23788,0,8.794087
2022,33.75,9.5,2.398199,122.341896,0,8.633516
2022,33.75,9.75,2.3312938,125.354774,0,8.392657
2022,33.75,10.0,2.496502,128.49713,0,8.987407
2022,33.75,10.25,2.6778257,158.74074,0,9.640172
2022,33.75,10.5,2.765638,160.9127,0,9.956297
2022,33.75,10.75,2.6490107,162.2917,0,9.536438
2022,33.75,11.0,3.037615,131.58995,0,10.935414
2022,33.75,11.25,3.2836268,131.00316,0,11.821056
2022,33.75,11.5,3.2267144,158.58577,0,11.616172
2022,33.75,11.75,3.177245,156.41006,0,11.438082
2022,33.75,12.0,3.1374485,154.41902,0,11.294814
2022,33.5,-9.0,4.177953,90.52887,0,15.040629
2022,33.5,-8.75,3.7921402,89.9248,0,13.651705
2022,33.5,-8.5,3.448189,89.25128,0,12.41348
2022,33.5,-8.25,2.924242,117.40674,0,10.527271
2022,33.5,-8.0,2.4180503,173.0755,0,8.704981
2022,33.5,-7.75,1.7623696,169.61588,0,6.3445306
2022,33.5,-7.5,1.5061134,197.99242,0,5.422008
2022,33.5,-7.25,1.2073979,228.32611,0,4.3466325
2022,33.5,-7.0,1.024433,231.97388,0,3.6879587
2022,33.5,-6.75,0.9685735,258.09592,0,3.4868646
2022,33.5,-6.5,0.9845719,256.30362,0,3.5444586
2022,33.5,-6.25,0.90451974,256.1249,0,3.256271
2022,33.5,-6.0,0.81693584,224.39479,0,2.940969
2022,33.5,-5.75,0.81276083,249.95685,0,2.9259388
2022,33.5,-5.5,0.74030495,242.67773,0,2.6650977
2022,33.5,-5.25,0.844912,216.58446,0,3.0416832
2022,33.5,-5.0,0.9462063,251.18358,0,3.4063425
2022,33.5,-4.75,0.9143023,251.41475,0,3.2914882
2022,33.5,-4.5,0.4865917,237.1953,0,1.7517301
2022,33.5,-4.25,0.43965456,237.6491,0,1.5827564
2022,33.5,-4.0,0.5112489,234.9916,0,1.840496
2022,33.5,-3.75,0.560537,191.90703,0,2.0179331
2022,33.5,-3.5,1.0320961,92.500244,0,3.7155461
2022,33.5,-3.25,1.2201198,173.0435,0,4.3924313
2022,33.5,-3.0,1.3675942,246.70306,0,4.9233394
2022,33.5,-2.75,1.5675989,246.24525,0,5.643356
2022,33.5,-2.5,1.5343214,243.4582,0,5.523557
2022,33.5,-2.25,1.605838,241.39037,0,5.7810163
2022,33.5,-2.0,1.6134672,239.88837,0,5.8084817
2022,33.5,-1.75,1.5643497,237.4215,0,5.6316586
2022,33.5,-1.5,1.452957,237.2119,0,5.230645
2022,33.5,-1.25,1.3505617,183.11214,0,4.862022
2022,33.5,-1.0,1.3069652,183.94298,0,4.705075
2022,33.5,-0.75,1.2859696,182.17683,0,4.6294904
2022,33.5,-0.5,1.2077074,182.36354,0,4.3477464
2022,33.5,-0.25,1.1610123,180.47614,0,4.179644
2022,33.5,0.0,1.2247001,175.63112,0,4.4089203
2022,33.5,0.25,1.2929474,169.84576,0,4.6546106
2022,33.5,0.5,1.2418526,199.56575,0,4.4706693
2022,33.5,0.75,1.1574386,233.47441,0,4.166779
2022,33.5,1.0,1.0772839,237.95105,0,3.8782218
2022,33.5,1.25,1.086134,265.64038,0,3.910082
2022,33.5,1.5,1.1564521,259.85037,0,4.163227
2022,33.5,1.75,1.1559342,257.64938,0,4.161363
2022,33.5,2.0,1.1967837,259.9532,0,4.308421
2022,33.5,2.25,1.1720794,260.67657,0,4.2194858
2022,33.5,2.5,1.1653683,257.63828,0,4.195326
2022,33.5,2.75,1.1764677,221.01361,0,4.2352834
2022,33.5,3.0,1.2302555,216.19646,0,4.42892
2022,33.5,3.25,1.3090013,210.98895,0,4.7124047
2022,33.5,3.5,1.3750273,208.52582,0,4.950098
2022,33.5,3.75,1.4262242,207.46515,0,5.134407
2022,33.5,4.0,1.4694829,205.78606,0,5.2901382
2022,33.5,4.25,1.4733019,204.2357,0,5.303887
2022,33.5,4.5,1.4620652,203.89449,0,5.263435
2022,33.5,4.75,1.456502,190.64284,0,5.243407
2022,33.5,5.0,1.4533974,191.9467,0,5.2322307
2022,33.5,5.25,1.4753165,196.09462,0,5.3111396
2022,33.5,5.5,1.4640002,200.07841,0,5.2704005
2022,33.5,5.75,1.3823563,173.3059,0,4.9764824
2022,33.5,6.0,1.3466686,179.04256,0,4.8480067
2022,33.5,6.25,1.5547738,147.6439,0,5.5971856
2022,33.5,6.5,1.85826,149.0685,0,6.689736
2022,33.5,6.75,2.019873,150.50496,0,7.271542
2022,33.5,7.0,2.1055467,148.65556,0,7.579968
2022,33.5,7.25,2.1536653,146.9698,0,7.753195
2022,33.5,7.5,2.1798654,145.51414,0,7.847515
2022,33.5,7.75,2.2031963,143.72697,0,7.9315066
2022,33.5,8.0,2.222433,141.02339,0,8.000759
2022,33.5,8.25,2.2749217,137.27628,0,8.189717
2022,33.5,8.5,2.3409207,131.72112,0,8.427314
2022,33.5,8.75,2.3629222,129.85231,0,8.506519
2022,33.5,9.0,2.3268485,127.48771,0,8.376655
2022,33.5,9.25,2.347961,126.580536,0,8.45266
2022,33.5,9.5,2.4086246,127.82993,0,8.671048
2022,33.5,9.75,2.34771,131.865,0,8.451756
2022,33.5,10.0,2.1823251,133.1377,0,7.8563704
2022,33.5,10.25,2.0226953,159.96042,0,7.281703
2022,33.5,10.5,2.26915,161.80525,0,8.16894
2022,33.5,10.75,2.6147182,160.56282,0,9.412985
2022,33.5,11.0,3.0066602,130.17194,0,10.8239765
2022,33.5,11.25,3.3259392,128.89558,0,11.973381
2022,33.5,11.5,3.2668474,126.547905,0,11.760651
2022,33.5,11.75,3.2341335,154.55206,0,11.64288
2022,33.5,12.0,3.245084,153.52623,0,11.682302
2022,33.25,-9.0,4.148242,63.33728,0,14.933671
2022,33.25,-8.75,3.5873013,62.678486,0,12.914284
2022,33.25,-8.5,2.8836405,60.969162,0,10.381105
2022,33.25,-8.25,2.250459,118.80004,0,8.101652
2022,33.25,-8.0,1.928373,115.516754,0,6.9421425
2022,33.25,-7.75,1.6824204,144.21443,0,6.056713
2022,33.25,-7.5,1.4752275,143.41782,0,5.3108187
2022,33.25,-7.25,1.3329045,173.82967,0,4.7984557
2022,33.25,-7.0,1.2145785,174.99767,0,4.3724823
2022,33.25,-6.75,1.0950396,233.05067,0,3.9421425
2022,33.25,-6.5,1.0186082,257.78848,0,3.6669896
2022,33.25,-6.25,0.9587052,227.21985,0,3.4513385
2022,33.25,-6.0,0.8142955,228.86732,0,2.9314637
2022,33.25,-5.75,0.7846907,211.05931,0,2.8248863
2022,33.25,-5.5,0.73047733,200.03503,0,2.6297183
2022,33.25,-5.25,0.79751915,232.99757,0,2.871069
2022,33.25,-5.0,0.9749178,239.95052,0,3.509704
2022,33.25,-4.75,1.139061,250.30031,0,4.1006193
2022,33.25,-4.5,0.8325555,245.87616,0,2.9971995
2022,33.25,-4.25,0.7435791,265.2288,0,2.6768847
2022,33.25,-4.0,0.5490945,238.39848,0,1.9767401
2022,33.25,-3.75,0.71313,148.55151,0,2.567268
2022,33.25,-3.5,1.3076957,106.15223,0,4.7077045
2022,33.25,-3.25,1.4614905,173.63753,0,5.261366
2022,33.25,-3.0,1.6224381,204.39557,0,5.840777
2022,33.25,-2.75,1.6591359,198.14482,0,5.9728894
2022,33.25,-2.5,1.6117368,191.70644,0,5.8022523
2022,33.25,-2.25,1.6110958,197.69191,0,5.799945
2022,33.25,-2.0,1.6329349,230.79448,0,5.878566
2022,33.25,-1.75,1.6305995,226.90851,0,5.870158
2022,33.25,-1.5,1.5885576,219.84999,0,5.718807
2022,33.25,-1.25,1.5003539,209.86336,0,5.401274
2022,33.25,-1.0,1.3620514,206.69604,0,4.9033847
2022,33.25,-0.75,1.2340306,212.49492,0,4.44251
2022,33.25,-0.5,1.1618489,218.92448,0,4.182656
2022,33.25,-0.25,1.0975784,225.11115,0,3.9512823
2022,33.25,0.0,1.0487193,199.41014,0,3.7753894
2022,33.25,0.25,1.0900463,205.77376,0,3.9241664
2022,33.25,0.5,1.1064435,239.14845,0,3.9831965
2022,33.25,0.75,1.106767,240.33223,0,3.9843614
2022,33.25,1.0,1.1133054,239.38371,0,4.0078993
2022,33.25,1.25,1.103551,265.90695,0,3.9727836
2022,33.25,1.5,1.0573905,245.0479,0,3.8066056
2022,33.25,1.75,1.0620966,238.30302,0,3.8235476
2022,33.25,2.0,1.082791,206.54224,0,3.8980474
2022,33.25,2.25,1.0793533,178.22304,0,3.8856719
2022,33.25,2.5,1.1315917,178.63374,0,4.07373
2022,33.25,2.75,1.1802729,172.3062,0,4.2489824
2022,33.25,3.0,1.2554992,170.74556,0,4.5197973
2022,33.25,3.25,1.3244355,202.11198,0,4.7679677
2022,33.25,3.5,1.3868047,203.09901,0,4.992497
2022,33.25,3.75,1.4273714,212.86415,0,5.138537
2022,33.25,4.0,1.4450592,183.7246,0,5.202213
2022,33.25,4.25,1.4517719,184.14001,0,5.2263784
2022,33.25,4.5,1.4582115,186.19545,0,5.2495613
2022,33.25,4.75,1.4672203,193.96783,0,5.281993
2022,33.25,5.0,1.4620873,167.53076,0,5.263514
2022,33.25,5.25,1.4335346,170.84846,0,5.1607246
2022,33.25,5.5,1.4171463,174.57129,0,5.1017265
2022,33.25,5.75,1.3999149,176.75175,0,5.0396934
2022,33.25,6.0,1.483358,143.93544,0,5.340089
2022,33.25,6.25,1.6676205,144.22978,0,6.0034337
2022,33.25,6.5,1.8239737,145.51544,0,6.566305
2022,33.25,6.75,1.9383188,146.96483,0,6.9779477
2022,33.25,7.0,2.0200598,145.82011,0,7.2722154
2022,33.25,7.25,2.0521233,144.46838,0,7.387644
2022,33.25,7.5,2.079452,142.95763,0,7.4860272
2022,33.25,7.75,2.0964544,141.6136,0,7.5472355
2022,33.25,8.0,2.1388052,139.19899,0,7.6996984
2022,33.25,8.25,2.148813,137.696,0,7.735727
2022,33.25,8.5,2.153549,137.01796,0,7.752776
2022,33.25,8.75,2.168305,135.56938,0,7.8058977
2022,33.25,9.0,2.2241023,135.03526,0,8.006768
2022,33.25,9.25,2.263813,134.2567,0,8.149727
2022,33.25,9.5,2.366615,133.82616,0,8.519814
2022,33.25,9.75,2.411608,134.31065,0,8.681788
2022,33.25,10.0,2.265662,135.64958,0,8.156383
2022,33.25,10.25,1.9448081,132.40495,0,7.001309
2022,33.25,10.5,1.928555,156.70604,0,6.9427977
2022,33.25,10.75,2.2710743,154.71078,0,8.175867
2022,33.25,11.0,2.5894144,123.72317,0,9.321892
2022,33.25,11.25,2.9745667,123.21798,0,10.70844
2022,33.25,11.5,3.1198275,122.48365,0,11.231379
2022,33.25,11.75,3.1922052,121.568596,0,11.491939
2022,33.25,12.0,3.2204874,150.63332,0,11.593754
2022,33.0,-9.0,3.9224148,63.872417,0,14.120693
2022,33.0,-8.75,3.0631235,60.349903,0,11.027245
2022,33.0,-8.5,2.373749,116.70578,0,8.545496
2022,33.0,-8.25,1.9877566,144.19492,0,7.155924
2022,33.0,-8.0,1.8530198,144.96823,0,6.6708713
2022,33.0,-7.75,1.779553,116.6081,0,6.4063907
2022,33.0,-7.5,1.6558164,88.09146,0,5.960939
2022,33.0,-7.25,1.5169649,88.49286,0,5.4610734
2022,33.0,-7.0,1.4187382,115.06742,0,5.1074576
2022,33.0,-6.75,1.422676,226.063,0,5.1216335
2022,33.0,-6.5,1.3391014,248.68402,0,4.820765
2022,33.0,-6.25,1.0675741,247.62016,0,3.8432667
2022,33.0,-6.0,0.78728706,222.24792,0,2.8342333
2022,33.0,-5.75,0.68828386,230.11389,0,2.4778218
2022,33.0,-5.5,0.6930258,222.73436,0,2.4948928
2022,33.0,-5.25,0.84862477,220.37653,0,3.0550492
2022,33.0,-5.0,1.0629488,238.09065,0,3.8266156
2022,33.0,-4.75,1.1672754,263.1869,0,4.2021914
2022,33.0,-4.5,1.030278,264.05145,0,3.7090006
2022,33.0,-4.25,0.97860384,263.89407,0,3.5229738
2022,33.0,-4.0,0.9284819,216.64326,0,3.3425348
2022,33.0,-3.75,1.1285472,173.32097,0,4.06277
2022,33.0,-3.5,1.4181751,167.43108,0,5.10543
2022,33.0,-3.25,1.4200405,195.11562,0,5.1121454
2022,33.0,-3.0,1.4619274,195.07133,0,5.2629385
2022,33.0,-2.75,1.5256519,206.59871,0,5.492347
2022,33.0,-2.5,1.531047,202.03015,0,5.511769
2022,33.0,-2.25,1.5433749,208.20271,0,5.5561495
2022,33.0,-2.0,1.5494947,216.53761,0,5.578181
2022,33.0,-1.75,1.5327815,214.83272,0,5.518013
2022,33.0,-1.5,1.5087212,209.39296,0,5.4313965
2022,33.0,-1.25,1.4984678,206.70024,0,5.394484
2022,33.0,-1.0,1.2661778,217.93425,0,4.55824
2022,33.0,-0.75,1.0502616,223.13153,0,3.7809417
2022,33.0,-0.5,0.942041,226.63573,0,3.3913474
2022,33.0,-0.25,0.9128739,230.82715,0,3.286346
2022,33.0,0.0,0.88757807,239.10889,0,3.195281
2022,33.0,0.25,0.92591166,242.73265,0,3.333282
2022,33.0,0.5,0.980099,237.77087,0,3.5283563
2022,33.0,0.75,1.025302,237.71313,0,3.6910872
2022,33.0,1.0,1.0540193,237.41608,0,3.7944696
2022,33.0,1.25,0.9963179,209.78395,0,3.5867445
2022,33.0,1.5,0.9582183,179.00298,0,3.4495857
2022,33.0,1.75,0.9929009,178.48958,0,3.574443
2022,33.0,2.0,1.0467545,149.88957,0,3.768316
2022,33.0,2.25,1.0844316,160.79958,0,3.9039538
2022,33.0,2.5,1.1625282,164.96892,0,4.185101
2022,33.0,2.75,1.2113074,165.48854,0,4.3607063
2022,33.0,3.0,1.2567686,166.219,0,4.524367
2022,33.0,3.25,1.3073827,167.19304,0,4.706578
2022,33.0,3.5,1.3822159,165.63803,0,4.975977
2022,33.0,3.75,1.4041648,161.50752,0,5.054993
2022,33.0,4.0,1.4451656,164.97676,0,5.202596
2022,33.0,4.25,1.481039,140.0956,0,5.3317404
2022,33.0,4.5,1.506167,141.817,0,5.422201
2022,33.0,4.75,1.4876522,141.65489,0,5.355548
2022,33.0,5.0,1.4509405,141.81653,0,5.223386
2022,33.0,5.25,1.4107586,143.98401,0,5.078731
2022,33.0,5.5,1.388185,147.69264,0,4.997466
2022,33.0,5.75,1.4115314,144.0544,0,5.081513
2022,33.0,6.0,1.5164622,139.64403,0,5.459264
2022,33.0,6.25,1.6561295,140.77734,0,5.962066
2022,33.0,6.5,1.7875787,142.04987,0,6.435283
2022,33.0,6.75,1.8709346,143.4973,0,6.7353644
2022,33.0,7.0,1.9255165,142.6782,0,6.931859
2022,33.0,7.25,1.9624182,141.01488,0,7.0647054
2022,33.0,7.5,1.9851542,139.58496,0,7.146555
2022,33.0,7.75,1.9940189,138.41104,0,7.1784678
2022,33.0,8.0,1.996245,137.52415,0,7.186482
2022,33.0,8.25,2.0371387,137.85358,0,7.333699
2022,33.0,8.5,2.0600193,138.28291,0,7.416069
2022,33.0,8.75,2.096362,138.6933,0,7.5469036
2022,33.0,9.0,2.1608312,138.74571,0,7.778992
2022,33.0,9.25,2.2231991,139.06549,0,8.003516
2022,33.0,9.5,2.3263733,137.71004,0,8.374944
2022,33.0,9.75,2.4024203,137.11406,0,8.648713
2022,33.0,10.0,2.348944,135.59727,0,8.456198
2022,33.0,10.25,2.0996974,129.05817,0,7.5589104
2022,33.0,10.5,1.9002608,150.05621,0,6.8409386
2022,33.0,10.75,1.8980708,147.67,0,6.8330545
2022,33.0,11.0,2.073653,147.24954,0,7.4651504
2022,33.0,11.25,2.3250425,117.43124,0,8.370152
2022,33.0,11.5,2.5153608,117.06063,0,9.055299
2022,33.0,11.75,2.7134979,116.293365,0,9.768592
2022,33.0,12.0,2.9420846,145.86536,0,10.591504
2022,32.75,-9.0,3.1575089,63.85739,0,11.367031
2022,32.75,-8.75,2.458519,60.43745,0,8.850668
2022,32.75,-8.5,2.0496252,146.35304,0,7.37865
2022,32.75,-8.25,1.8906507,172.1275,0,6.8063426
2022,32.75,-8.0,1.806954,227.14827,0,6.5050344
2022,32.75,-7.75,1.8639351,227.62459,0,6.7101665
2022,32.75,-7.5,1.8506304,200.85248,0,6.662269
2022,32.75,-7.25,1.769257,202.02647,0,6.3693247
2022,32.75,-7.0,1.6384535,198.54228,0,5.8984323
2022,32.75,-6.75,1.4784073,250.80931,0,5.322266
2022,32.75,-6.5,1.1666406,244.1571,0,4.1999063
2022,32.75,-6.25,0.80691403,212.11632,0,2.9048905
2022,32.75,-6.0,0.67158824,225.01903,0,2.4177177
2022,32.75,-5.75,0.65344846,220.25163,0,2.3524144
2022,32.75,-5.5,0.7397304,211.99397,0,2.6630294
2022,32.75,-5.25,0.99287015,223.05446,0,3.5743325
2022,32.75,-5.0,1.1697577,237.26208,0,4.2111278
2022,32.75,-4.75,1.1812769,233.54472,0,4.252597
2022,32.75,-4.5,1.0797611,240.09029,0,3.88714
2022,32.75,-4.25,1.0569917,236.94348,0,3.80517
2022,32.75,-4.0,1.0617026,231.13977,0,3.8221292
2022,32.75,-3.75,1.0889368,224.85072,0,3.9201725
2022,32.75,-3.5,1.2141778,218.75414,0,4.3710403
2022,32.75,-3.25,1.2000579,223.69489,0,4.320208
2022,32.75,-3.0,1.0518323,216.27458,0,3.7865963
2022,32.75,-2.75,0.9820183,198.39778,0,3.5352657
2022,32.75,-2.5,0.9913145,191.68437,0,3.568732
2022,32.75,-2.25,1.0487591,196.06905,0,3.7755327
2022,32.75,-2.0,1.1411988,227.47673,0,4.1083155
2022,32.75,-1.75,1.1401006,195.09587,0,4.104362
2022,32.75,-1.5,1.1241759,192.93965,0,4.0470333
2022,32.75,-1.25,1.1298264,194.43243,0,4.067375
2022,32.75,-1.0,1.0702235,197.64641,0,3.8528044
2022,32.75,-0.75,0.91039747,230.87915,0,3.2774308
2022,32.75,-0.5,0.7971647,236.57484,0,2.8697927
2022,32.75,-0.25,0.7436152,243.81873,0,2.6770146
2022,32.75,0.0,0.73347217,251.55992,0,2.6404998
2022,32.75,0.25,0.7911001,207.40163,0,2.8479602
2022,32.75,0.5,0.87189454,209.07648,0,3.1388202
2022,32.75,0.75,0.9314602,208.93251,0,3.3532567
2022,32.75,1.0,0.95531124,208.37457,0,3.4391203
2022,32.75,1.25,0.94855946,149.89503,0,3.414814
2022,32.75,1.5,0.9730025,154.54768,0,3.5028088
2022,32.75,1.75,1.0373642,156.55457,0,3.7345111
2022,32.75,2.0,1.1017673,156.45515,0,3.9663622
2022,32.75,2.25,1.1328166,150.37737,0,4.0781393
2022,32.75,2.5,1.1842892,145.4356,0,4.263441
2022,32.75,2.75,1.2462574,146.09764,0,4.4865265
2022,32.75,3.0,1.300953,170.7339,0,4.6834307
2022,32.75,3.25,1.3588824,165.51395,0,4.891977
2022,32.75,3.5,1.4220352,161.35553,0,5.1193266
2022,32.75,3.75,1.4214553,144.75343,0,5.117239
2022,32.75,4.0,1.4423105,143.53703,0,5.1923175
2022,32.75,4.25,1.455496,145.55168,0,5.239785
2022,32.75,4.5,1.4655544,147.8099,0,5.2759957
2022,32.75,4.75,1.4426574,148.66289,0,5.1935663
2022,32.75,5.0,1.4308821,147.28345,0,5.1511755
2022,32.75,5.25,1.4123789,147.88274,0,5.0845637
2022,32.75,5.5,1.40093,122.4533,0,5.043348
2022,32.75,5.75,1.4597989,132.54399,0,5.255276
2022,32.75,6.0,1.5617332,136.25429,0,5.6222396
2022,32.75,6.25,1.6656084,137.51561,0,5.99619
2022,32.75,6.5,1.752453,138.65636,0,6.3088307
2022,32.75,6.75,1.8125768,139.62779,0,6.525276
2022,32.75,7.0,1.8382751,139.37085,0,6.61779
2022,32.75,7.25,1.8594528,138.14421,0,6.6940303
2022,32.75,7.5,1.8908933,136.93886,0,6.8072157
2022,32.75,7.75,1.9255433,136.18289,0,6.931956
2022,32.75,8.0,1.9495224,136.5628,0,7.0182805
2022,32.75,8.25,1.9795259,137.63387,0,7.126293
2022,32.75,8.5,2.0125108,138.78004,0,7.2450385
2022,32.75,8.75,2.0558703,139.98055,0,7.401133
2022,32.75,9.0,2.115865,140.92091,0,7.6171136
2022,32.75,9.25,2.207424,141.27007,0,7.946726
2022,32.75,9.5,2.3572214,139.82146,0,8.485996
2022,32.75,9.75,2.450505,138.4979,0,8.821817
2022,32.75,10.0,2.3815625,135.9285,0,8.573625
2022,32.75,10.25,2.1067207,127.08218,0,7.584194
2022,32.75,10.5,1.9171964,114.26377,0,6.901907
2022,32.75,10.75,1.9168895,141.16869,0,6.900802
2022,32.75,11.0,1.9992005,141.86613,0,7.1971216
2022,32.75,11.25,2.0935452,143.1901,0,7.5367627
2022,32.75,11.5,2.137078,143.54533,0,7.693481
2022,32.75,11.75,2.263365,142.72244,0,8.148114
2022,32.75,12.0,2.3134077,141.87503,0,8.328267
2022,32.5,-9.0,2.8709114,65.87882,0,10.33528
2022,32.5,-8.75,2.3563979,63.728985,0,8.483032
2022,32.5,-8.5,2.123325,90.21896,0,7.64397
2022,32.5,-8.25,2.0008051,174.86742,0,7.2028985
2022,32.5,-8.0,2.0925915,282.14615,0,7.5333295
2022,32.5,-7.75,2.1563692,274.76382,0,7.762929
2022,32.5,-7.5,1.9514438,245.93834,0,7.0251975
2022,32.5,-7.25,1.5887526,245.04549,0,5.719509
2022,32.5,-7.0,1.3463893,240.29274,0,4.8470016
2022,32.5,-6.75,1.0376765,234.56,0,3.735635
2022,32.5,-6.5,0.77174526,234.47023,0,2.7782829
2022,32.5,-6.25,0.68966293,232.82631,0,2.4827864
2022,32.5,-6.0,0.70370024,235.6073,0,2.533321
2022,32.5,-5.75,0.71112543,226.82603,0,2.5600514
2022,32.5,-5.5,0.76728415,220.38066,0,2.7622228
2022,32.5,-5.25,0.89279646,218.14746,0,3.2140672
2022,32.5,-5.0,1.0160027,225.56349,0,3.6576095
2022,32.5,-4.75,1.0848597,232.20264,0,3.905495
2022,32.5,-4.5,0.9909486,230.76253,0,3.567415
2022,32.5,-4.25,1.0245446,230.0013,0,3.6883605
2022,32.5,-4.0,1.0427572,232.79149,0,3.7539256
2022,32.5,-3.75,1.1056336,234.2461,0,3.9802809
2022,32.5,-3.5,1.1767962,236.16895,0,4.2364664
2022,32.5,-3.25,0.96279484,224.17625,0,3.4660614
2022,32.5,-3.0,0.7988171,208.04755,0,2.8757415
2022,32.5,-2.75,0.74480563,186.49416,0,2.6813002
2022,32.5,-2.5,0.8210993,148.92143,0,2.9559574
2022,32.5,-2.25,0.8819224,147.21106,0,3.1749206
2022,32.5,-2.0,0.8820657,155.31017,0,3.1754365
2022,32.5,-1.75,0.89765793,186.24416,0,3.2315686
2022,32.5,-1.5,0.8346076,186.54012,0,3.0045872
2022,32.5,-1.25,0.7786152,173.84712,0,2.8030145
2022,32.5,-1.0,0.7764028,210.54247,0,2.79505
2022,32.5,-0.75,0.6796499,211.52303,0,2.4467394
2022,32.5,-0.5,0.64315,214.39854,0,2.3153398
2022,32.5,-0.25,0.70114225,207.2455,0,2.524112
2022,32.5,0.0,0.73774034,206.3,0,2.6558652
2022,32.5,0.25,0.79358715,176.13545,0,2.8569136
2022,32.5,0.5,0.87858653,143.93153,0,3.1629114
2022,32.5,0.75,0.94323236,138.87376,0,3.3956363
2022,32.5,1.0,0.9850119,164.13206,0,3.5460427
2022,32.5,1.25,1.0341812,161.1949,0,3.7230523
2022,32.5,1.5,1.0593399,159.23668,0,3.8136234
2022,32.5,1.75,1.0974743,157.39748,0,3.9509075
2022,32.5,2.0,1.1238014,154.42097,0,4.045685
2022,32.5,2.25,1.1774434,151.05444,0,4.238796
2022,32.5,2.5,1.2655902,121.135735,0,4.5561247
2022,32.5,2.75,1.3358582,119.94393,0,4.8090897
2022,32.5,3.0,1.3757377,118.91039,0,4.9526553
2022,32.5,3.25,1.3763499,143.86507,0,4.9548597
2022,32.5,3.5,1.4033918,159.6335,0,5.0522103
2022,32.5,3.75,1.4055928,151.3998,0,5.060134
2022,32.5,4.0,1.4111547,149.91452,0,5.080157
2022,32.5,4.25,1.4312578,151.89465,0,5.1525283
2022,32.5,4.5,1.4847827,124.90977,0,5.3452177
2022,32.5,4.75,1.519845,126.1203,0,5.4714417
2022,32.5,5.0,1.5025214,124.539116,0,5.4090767
2022,32.5,5.25,1.4702207,125.216545,0,5.292794
2022,32.5,5.5,1.4554796,129.08641,0,5.2397265
2022,32.5,5.75,1.5109196,132.64517,0,5.43931
2022,32.5,6.0,1.5966358,134.02106,0,5.7478886
2022,32.5,6.25,1.6711303,134.84535,0,6.016069
2022,32.5,6.5,1.7112651,135.24675,0,6.160554
2022,32.5,6.75,1.7468294,135.7071,0,6.2885857
2022,32.5,7.0,1.7772838,135.49928,0,6.3982215
2022,32.5,7.25,1.7951525,135.26953,0,6.462549
2022,32.5,7.5,1.821108,134.87108,0,6.555989
2022,32.5,7.75,1.8535062,135.29146,0,6.672622
2022,32.5,8.0,1.8977419,136.23215,0,6.8318706
2022,32.5,8.25,1.9313536,137.41331,0,6.9528728
2022,32.5,8.5,1.9920144,138.58604,0,7.171252
2022,32.5,8.75,2.0605276,139.68822,0,7.417899
2022,32.5,9.0,2.1489565,140.30032,0,7.7362432
2022,32.5,9.25,2.2223432,140.51091,0,8.000435
2022,32.5,9.5,2.3585536,139.02945,0,8.490793
2022,32.5,9.75,2.4698417,137.01039,0,8.89143
2022,32.5,10.0,2.4424388,134.10518,0,8.79278
2022,32.5,10.25,2.23362,125.85971,0,8.041032
2022,32.5,10.5,1.9930371,114.17383,0,7.1749334
2022,32.5,10.75,1.9671755,110.572044,0,7.0818315
2022,32.5,11.0,1.9935812,110.48838,0,7.1768923
2022,32.5,11.25,2.0540774,141.38806,0,7.3946786
2022,32.5,11.5,2.0556536,141.17636,0,7.4003525
2022,32.5,11.75,2.0607011,140.32281,0,7.418524
2022,32.5,12.0,2.0624857,139.3525,0,7.424948
2022,32.25,-9.0,2.478794,66.12798,0,8.923658
2022,32.25,-8.75,2.4156501,62.750195,0,8.696341
2022,32.25,-8.5,2.2068365,90.047386,0,7.944611
2022,32.25,-8.25,2.0454729,147.57213,0,7.3637023
2022,32.25,-8.0,2.09998,257.65817,0,7.5599284
2022,32.25,-7.75,2.0013304,275.3955,0,7.204789
2022,32.25,-7.5,1.6631478,290.05145,0,5.987332
2022,32.25,-7.25,1.3117813,281.71756,0,4.7224126
2022,32.25,-7.0,0.97297996,244.57849,0,3.5027277
2022,32.25,-6.75,0.7180111,240.9765,0,2.5848398
2022,32.25,-6.5,0.60279244,232.66632,0,2.1700528
2022,32.25,-6.25,0.48797658,232.52315,0,1.7567157
2022,32.25,-6.0,0.49035755,229.28987,0,1.7652872
2022,32.25,-5.75,0.7671148,225.60254,0,2.7616134
2022,32.25,-5.5,1.006054,229.30266,0,3.6217945
2022,32.25,-5.25,0.9599841,226.71892,0,3.4559429
2022,32.25,-5.0,0.78248096,226.3843,0,2.8169312
2022,32.25,-4.75,0.7719607,230.02419,0,2.7790585
2022,32.25,-4.5,0.86421067,224.1958,0,3.1111584
2022,32.25,-4.25,0.82713073,230.36958,0,2.9776707
2022,32.25,-4.0,0.8631826,233.80707,0,3.1074574
2022,32.25,-3.75,0.88780636,233.15639,0,3.1961029
2022,32.25,-3.5,0.9059782,233.84491,0,3.2615213
2022,32.25,-3.25,0.76177764,207.24739,0,2.7423995
2022,32.25,-3.0,0.6978366,200.65733,0,2.5122116
2022,32.25,-2.75,0.72291595,154.54007,0,2.6024973
2022,32.25,-2.5,0.9441559,116.98041,0,3.398961
2022,32.25,-2.25,1.1382304,118.47986,0,4.0976295
2022,32.25,-2.0,0.93469906,148.44667,0,3.3649166
2022,32.25,-1.75,0.81063414,181.66539,0,2.9182827
2022,32.25,-1.5,0.80350304,201.35826,0,2.8926108
2022,32.25,-1.25,0.67916423,177.40254,0,2.444991
2022,32.25,-1.0,0.6658966,184.80756,0,2.3972278
2022,32.25,-0.75,0.6650056,177.75249,0,2.39402
2022,32.25,-0.5,0.71961665,169.49449,0,2.5906198
2022,32.25,-0.25,0.7821533,137.07288,0,2.8157518
2022,32.25,0.0,0.8419872,164.57274,0,3.031154
2022,32.25,0.25,0.8950775,130.52391,0,3.222279
2022,32.25,0.5,0.93970484,129.38292,0,3.3829374
2022,32.25,0.75,1.0077661,129.38036,0,3.627958
2022,32.25,1.0,1.0546894,127.1762,0,3.7968817
2022,32.25,1.25,1.0918944,127.25843,0,3.9308197
2022,32.25,1.5,1.1257265,126.8496,0,4.052615
2022,32.25,1.75,1.1483284,125.80655,0,4.133982
2022,32.25,2.0,1.1805035,123.708336,0,4.2498126
2022,32.25,2.25,1.2107661,151.81099,0,4.358758
2022,32.25,2.5,1.2857432,119.57336,0,4.6286755
2022,32.25,2.75,1.3777715,116.28735,0,4.959977
2022,32.25,3.0,1.4450182,113.6578,0,5.2020655
2022,32.25,3.25,1.4523891,115.650116,0,5.2286005
2022,32.25,3.5,1.4596974,136.59435,0,5.2549105
2022,32.25,3.75,1.4374375,129.19214,0,5.174775
2022,32.25,4.0,1.4471073,127.42673,0,5.209586
2022,32.25,4.25,1.4780627,129.00562,0,5.321026
2022,32.25,4.5,1.5309514,131.13434,0,5.511425
2022,32.25,4.75,1.5611192,131.65576,0,5.620029
2022,32.25,5.0,1.540134,130.53438,0,5.544482
2022,32.25,5.25,1.5096749,130.91747,0,5.4348297
2022,32.25,5.5,1.5044565,132.49422,0,5.4160433
2022,32.25,5.75,1.5687324,133.67174,0,5.6474366
2022,32.25,6.0,1.6299686,134.38191,0,5.867887
2022,32.25,6.25,1.6648611,134.52544,0,5.9934998
2022,32.25,6.5,1.6979256,134.585,0,6.1125317
2022,32.25,6.75,1.714198,134.74706,0,6.1711125
2022,32.25,7.0,1.7188134,134.8635,0,6.187728
2022,32.25,7.25,1.7467685,134.8461,0,6.2883663
2022,32.25,7.5,1.787455,135.28442,0,6.434838
2022,32.25,7.75,1.830505,136.05304,0,6.589818
2022,32.25,8.0,1.8780351,136.5585,0,6.7609262
2022,32.25,8.25,1.9436617,137.43523,0,6.997182
2022,32.25,8.5,2.0084746,138.35059,0,7.2305083
2022,32.25,8.75,2.083456,138.88022,0,7.5004416
2022,32.25,9.0,2.1641805,139.20892,0,7.7910495
2022,32.25,9.25,2.2442238,138.77435,0,8.0792055
2022,32.25,9.5,2.3461597,136.46194,0,8.446175
2022,32.25,9.75,2.4653575,134.4537,0,8.875287
2022,32.25,10.0,2.4899907,131.5334,0,8.963966
2022,32.25,10.25,2.327723,126.03882,0,8.379803
2022,32.25,10.5,2.0089333,119.43069,0,7.2321596
2022,32.25,10.75,1.8055061,116.75665,0,6.4998217
2022,32.25,11.0,1.7966417,115.69898,0,6.46791
2022,32.25,11.25,1.7584673,145.07582,0,6.330482
2022,32.25,11.5,1.7277967,144.45003,0,6.220068
2022,32.25,11.75,1.704312,143.69812,0,6.135523
2022,32.25,12.0,1.6666446,142.56577,0,5.9999204
2022,32.0,-9.0,2.1401622,89.86927,0,7.7045836
2022,32.0,-8.75,2.2715101,117.22636,0,8.177436
2022,32.0,-8.5,2.309801,89.384705,0,8.315284
2022,32.0,-8.25,2.1182675,118.39042,0,7.625763
2022,32.0,-8.0,1.9275419,145.01257,0,6.9391503
2022,32.0,-7.75,1.5760684,278.9683,0,5.6738462
2022,32.0,-7.5,1.2466365,264.07352,0,4.487891
2022,32.0,-7.25,0.94047856,254.31004,0,3.3857226
2022,32.0,-7.0,0.70399904,242.5946,0,2.5343964
2022,32.0,-6.75,0.560315,232.67683,0,2.017134
2022,32.0,-6.5,0.51586646,236.63106,0,1.8571192
2022,32.0,-6.25,0.42208847,230.66734,0,1.5195185
2022,32.0,-6.0,0.5608776,218.06358,0,2.0191593
2022,32.0,-5.75,0.87117577,220.46068,0,3.1362326
2022,32.0,-5.5,1.0486776,230.78784,0,3.7752392
2022,32.0,-5.25,0.78667444,228.76906,0,2.832028
2022,32.0,-5.0,0.6314598,233.86668,0,2.273255
2022,32.0,-4.75,0.40349624,240.9846,0,1.4525864
2022,32.0,-4.5,0.39626563,192.49211,0,1.4265562
2022,32.0,-4.25,0.447271,193.72014,0,1.6101755
2022,32.0,-4.0,0.58686423,159.04765,0,2.1127112
2022,32.0,-3.75,0.66732913,158.31108,0,2.4023848
2022,32.0,-3.5,0.7301782,169.27113,0,2.6286414
2022,32.0,-3.25,0.68717355,164.62502,0,2.4738247
2022,32.0,-3.0,0.67490834,154.41489,0,2.4296699
2022,32.0,-2.75,0.8119013,148.92323,0,2.9228444
2022,32.0,-2.5,1.0854149,114.63094,0,3.9074936
2022,32.0,-2.25,1.1896418,112.773926,0,4.2827106
2022,32.0,-2.0,0.8585005,140.23932,0,3.0906017
2022,32.0,-1.75,0.78058463,172.40227,0,2.8101046
2022,32.0,-1.5,0.7872598,167.19594,0,2.8341353
2022,32.0,-1.25,0.737662,164.6158,0,2.6555831
2022,32.0,-1.0,0.783489,166.55644,0,2.8205602
2022,32.0,-0.75,0.8692855,133.28142,0,3.129428
2022,32.0,-0.5,0.9555171,129.14674,0,3.4398615
2022,32.0,-0.25,0.99378985,128.64468,0,3.5776434
2022,32.0,0.0,1.0413224,129.34557,0,3.7487605
2022,32.0,0.25,1.0335355,127.95934,0,3.7207277
2022,32.0,0.5,1.0718466,127.10723,0,3.8586476
2022,32.0,0.75,1.08067,125.626,0,3.8904119
2022,32.0,1.0,1.1185253,124.00553,0,4.026691
2022,32.0,1.25,1.157258,125.48291,0,4.1661286
2022,32.0,1.5,1.2184168,108.79905,0,4.3863006
2022,32.0,1.75,1.2442104,116.146034,0,4.479157
2022,32.0,2.0,1.2880152,119.7631,0,4.6368546
2022,32.0,2.25,1.3328028,119.54189,0,4.79809
2022,32.0,2.5,1.4123787,119.44576,0,5.0845633
2022,32.0,2.75,1.4579215,118.278435,0,5.2485175
2022,32.0,3.0,1.5187932,116.157814,0,5.4676557
2022,32.0,3.25,1.5285697,118.57349,0,5.5028505
2022,32.0,3.5,1.5521135,141.11652,0,5.5876083
2022,32.0,3.75,1.5215262,135.47406,0,5.4774942
2022,32.0,4.0,1.5270511,133.28033,0,5.4973836
2022,32.0,4.25,1.5627495,134.18431,0,5.625898
2022,32.0,4.5,1.6137117,136.07838,0,5.809362
2022,32.0,4.75,1.6496488,136.72652,0,5.9387355
2022,32.0,5.0,1.622766,135.65419,0,5.8419576
2022,32.0,5.25,1.5728364,135.9449,0,5.662211
2022,32.0,5.5,1.5602064,136.79459,0,5.616743
2022,32.0,5.75,1.6304845,134.34431,0,5.869744
2022,32.0,6.0,1.6649762,136.12914,0,5.993914
2022,32.0,6.25,1.6925893,136.19984,0,6.0933213
2022,32.0,6.5,1.7059206,135.92271,0,6.141314
2022,32.0,6.75,1.7278808,135.9799,0,6.220371
2022,32.0,7.0,1.7290697,136.0943,0,6.224651
2022,32.0,7.25,1.7473131,135.99794,0,6.290327
2022,32.0,7.5,1.7919365,136.23064,0,6.450971
2022,32.0,7.75,1.8445064,136.33849,0,6.640223
2022,32.0,8.0,1.8945075,136.57146,0,6.820227
2022,32.0,8.25,1.9628186,107.004,0,7.066147
2022,32.0,8.5,2.0355456,137.23912,0,7.327964
2022,32.0,8.75,2.111627,137.6306,0,7.601857
2022,32.0,9.0,2.1752896,137.16576,0,7.8310423
2022,32.0,9.25,2.227636,136.51752,0,8.019489
2022,32.0,9.5,2.3131156,134.61885,0,8.327216
2022,32.0,9.75,2.3824434,132.64778,0,8.576797
2022,32.0,10.0,2.3968084,130.11308,0,8.6285095
2022,32.0,10.25,2.355829,127.77883,0,8.480984
2022,32.0,10.5,2.0759423,124.96134,0,7.473392
2022,32.0,10.75,1.8395272,123.04003,0,6.622298
2022,32.0,11.0,1.6467453,122.64976,0,5.928283
2022,32.0,11.25,1.5798391,122.2324,0,5.687421
2022,32.0,11.5,1.5378679,150.366,0,5.5363245
2022,32.0,11.75,1.537621,148.86604,0,5.5354357
2022,32.0,12.0,1.5244336,146.33018,0,5.487961
2022,31.75,-9.0,1.7938787,118.31088,0,6.457963
2022,31.75,-8.75,1.9828029,204.56976,0,7.13809
2022,31.75,-8.5,2.0280008,149.03636,0,7.3008027
2022,31.75,-8.25,1.5085605,153.44194,0,5.4308176
2022,31.75,-8.0,1.2074778,188.29053,0,4.34692
2022,31.75,-7.75,0.91859037,245.53484,0,3.3069253
2022,31.75,-7.5,0.857019,244.20027,0,3.0852683
2022,31.75,-7.25,0.631716,223.88617,0,2.2741776
2022,31.75,-7.0,0.5234663,217.8643,0,1.8844786
2022,31.75,-6.75,0.42914796,220.68726,0,1.5449326
2022,31.75,-6.5,0.44072744,211.27101,0,1.5866188
2022,31.75,-6.25,0.4814242,214.41895,0,1.7331271
2022,31.75,-6.0,0.69840664,223.57399,0,2.5142639
2022,31.75,-5.75,0.86386317,238.05896,0,3.1099074
2022,31.75,-5.5,0.8067011,232.425,0,2.904124
2022,31.75,-5.25,0.5772016,231.65593,0,2.0779257
2022,31.75,-5.0,0.4019932,202.16553,0,1.4471754
2022,31.75,-4.75,0.3123053,187.13448,0,1.124299
2022,31.75,-4.5,0.40375867,143.32738,0,1.4535311
2022,31.75,-4.25,0.6190368,135.96568,0,2.2285323
2022,31.75,-4.0,0.7876633,137.65433,0,2.8355877
2022,31.75,-3.75,0.9515694,147.91335,0,3.4256496
2022,31.75,-3.5,1.0123038,157.76366,0,3.6442938
2022,31.75,-3.25,0.8818602,158.79979,0,3.1746967
2022,31.75,-3.0,0.7817791,151.50645,0,2.8144047
2022,31.75,-2.75,0.913395,145.94662,0,3.2882218
2022,31.75,-2.5,1.1256032,109.68507,0,4.052171
2022,31.75,-2.25,1.1762632,134.58885,0,4.2345476
2022,31.75,-2.0,0.88154215,130.48521,0,3.1735516
2022,31.75,-1.75,0.846217,131.4788,0,3.046381
2022,31.75,-1.5,0.8699176,127.20538,0,3.1317031
2022,31.75,-1.25,1.048127,126.27334,0,3.7732573
2022,31.75,-1.0,1.1291842,130.12532,0,4.065063
2022,31.75,-0.75,1.1835061,130.0193,0,4.260622
2022,31.75,-0.5,1.1631922,128.07976,0,4.1874914
2022,31.75,-0.25,1.2022914,127.25689,0,4.328249
2022,31.75,0.0,1.2182742,127.315315,0,4.385787
2022,31.75,0.25,1.205647,126.17144,0,4.340329
2022,31.75,0.5,1.2088813,124.35532,0,4.3519726
2022,31.75,0.75,1.2213465,124.257225,0,4.3968472
2022,31.75,1.0,1.2180835,123.7879,0,4.3851004
2022,31.75,1.25,1.2528248,121.62961,0,4.510169
2022,31.75,1.5,1.3460926,113.3548,0,4.845933
2022,31.75,1.75,1.4048352,115.66367,0,5.057407
2022,31.75,2.0,1.4431251,117.708534,0,5.1952505
2022,31.75,2.25,1.5047954,117.506966,0,5.4172635
2022,31.75,2.5,1.5764757,117.07724,0,5.6753125
2022,31.75,2.75,1.617725,115.870026,0,5.82381
2022,31.75,3.0,1.5880581,112.36121,0,5.717009
2022,31.75,3.25,1.6049172,121.36365,0,5.777702
2022,31.75,3.5,1.6453408,114.60836,0,5.923227
2022,31.75,3.75,1.6432999,140.50594,0,5.9158797
2022,31.75,4.0,1.6479131,138.62401,0,5.932487
2022,31.75,4.25,1.6665835,138.23555,0,5.9997005
2022,31.75,4.5,1.7122396,109.90552,0,6.1640625
2022,31.75,4.75,1.7432283,110.79916,0,6.275622
2022,31.75,5.0,1.7307014,111.17529,0,6.230525
2022,31.75,5.25,1.6775206,112.185455,0,6.039074
2022,31.75,5.5,1.6551327,115.52975,0,5.9584775
2022,31.75,5.75,1.7176698,99.958015,0,6.1836114
2022,31.75,6.0,1.7328342,105.1652,0,6.238203
2022,31.75,6.25,1.7359372,105.602875,0,6.249374
2022,31.75,6.5,1.7522383,105.08188,0,6.308058
2022,31.75,6.75,1.7616457,105.53727,0,6.341924
2022,31.75,7.0,1.7607507,105.78668,0,6.338702
2022,31.75,7.25,1.780121,105.79873,0,6.4084353
2022,31.75,7.5,1.8154639,105.63183,0,6.53567
2022,31.75,7.75,1.8669304,105.68613,0,6.720949
2022,31.75,8.0,1.9198953,105.598305,0,6.911623
2022,31.75,8.25,1.9777732,105.781006,0,7.119983
2022,31.75,8.5,2.0481427,106.07648,0,7.3733134
2022,31.75,8.75,2.1016395,106.10444,0,7.565902
2022,31.75,9.0,2.1639483,105.70617,0,7.7902136
2022,31.75,9.25,2.188082,135.06299,0,7.8770947
2022,31.75,9.5,2.2272112,134.28865,0,8.017961
2022,31.75,9.75,2.2981715,132.31773,0,8.273417
2022,31.75,10.0,2.3339894,131.67432,0,8.402362
2022,31.75,10.25,2.3150766,130.40813,0,8.334275
2022,31.75,10.5,2.142547,129.16518,0,7.7131686
2022,31.75,10.75,2.074192,128.1793,0,7.467091
2022,31.75,11.0,1.8673307,128.00143,0,6.72239
2022,31.75,11.25,1.7750598,127.665794,0,6.3902154
2022,31.75,11.5,1.7100606,126.21659,0,6.156218
2022,31.75,11.75,1.7094208,125.18932,0,6.153915
2022,31.75,12.0,1.7086892,152.38957,0,6.151281
2022,31.5,-9.0,1.5800365,70.33338,0,5.6881313
2022,31.5,-8.75,1.6044735,93.39857,0,5.7761045
2022,31.5,-8.5,1.35004,205.90802,0,4.8601437
2022,31.5,-8.25,0.8565347,250.18794,0,3.083525
2022,31.5,-8.0,0.6291631,254.68352,0,2.264987
2022,31.5,-7.75,0.55443627,253.98596,0,1.9959705
2022,31.5,-7.5,0.53412926,227.51823,0,1.9228653
2022,31.5,-7.25,0.47532284,238.19438,0,1.7111622
2022,31.5,-7.0,0.46413347,216.6093,0,1.6708804
2022,31.5,-6.75,0.52336794,206.57265,0,1.8841245
2022,31.5,-6.5,0.5785888,205.84502,0,2.0829196
2022,31.5,-6.25,0.6851035,226.81183,0,2.4663725
2022,31.5,-6.0,0.7080237,247.77547,0,2.5488853
2022,31.5,-5.75,0.8188476,253.35591,0,2.9478512
2022,31.5,-5.5,0.67295295,236.21259,0,2.4226305
2022,31.5,-5.25,0.57978064,204.86128,0,2.0872102
2022,31.5,-5.0,0.44162524,187.72606,0,1.5898508
2022,31.5,-4.75,0.52500093,153.90977,0,1.8900033
2022,31.5,-4.5,0.7069003,141.01512,0,2.544841
2022,31.5,-4.25,0.95261663,135.63354,0,3.4294198
2022,31.5,-4.0,1.1734599,128.56247,0,4.2244554
2022,31.5,-3.75,1.283926,138.88594,0,4.6221337
2022,31.5,-3.5,1.293933,152.35551,0,4.658159
2022,31.5,-3.25,1.1076705,158.28032,0,3.987614
2022,31.5,-3.0,0.99082416,151.5803,0,3.566967
2022,31.5,-2.75,1.0083065,143.38899,0,3.6299033
2022,31.5,-2.5,1.2097578,135.92902,0,4.355128
2022,31.5,-2.25,1.3061799,130.33904,0,4.7022476
2022,31.5,-2.0,1.1459591,127.005615,0,4.125453
2022,31.5,-1.75,1.1147097,125.37493,0,4.0129547
2022,31.5,-1.5,1.1546928,126.30325,0,4.1568937
2022,31.5,-1.25,1.349761,126.89444,0,4.8591394
2022,31.5,-1.0,1.3928658,129.10277,0,5.0143166
2022,31.5,-0.75,1.3539528,128.70012,0,4.87423
2022,31.5,-0.5,1.3372327,127.63501,0,4.814038
2022,31.5,-0.25,1.3318319,123.02774,0,4.794595
2022,31.5,0.0,1.3521932,106.66189,0,4.8678956
2022,31.5,0.25,1.379721,107.50344,0,4.9669957
2022,31.5,0.5,1.3935918,107.87324,0,5.01693
2022,31.5,0.75,1.4216539,108.14222,0,5.117954
2022,31.5,1.0,1.4036471,106.84848,0,5.053129
2022,31.5,1.25,1.4409724,111.88535,0,5.1875005
2022,31.5,1.5,1.5259014,115.66302,0,5.493245
2022,31.5,1.75,1.5873772,117.37957,0,5.7145576
2022,31.5,2.0,1.6157793,116.268036,0,5.8168054
2022,31.5,2.25,1.6786448,115.32011,0,6.043121
2022,31.5,2.5,1.7473718,113.39518,0,6.2905383
2022,31.5,2.75,1.7520822,109.63395,0,6.307496
2022,31.5,3.0,1.7345953,102.781654,0,6.244543
2022,31.5,3.25,1.6950859,123.25349,0,6.102309
2022,31.5,3.5,1.7224836,117.05826,0,6.200941
2022,31.5,3.75,1.7356056,113.38671,0,6.24818
2022,31.5,4.0,1.7763811,112.0224,0,6.394972
2022,31.5,4.25,1.795591,111.77222,0,6.4641275
2022,31.5,4.5,1.8092872,112.70118,0,6.513434
2022,31.5,4.75,1.8129607,113.29944,0,6.5266585
2022,31.5,5.0,1.8048817,114.139626,0,6.497574
2022,31.5,5.25,1.7898141,88.33909,0,6.443331
2022,31.5,5.5,1.7882587,95.8548,0,6.4377313
2022,31.5,5.75,1.8081805,100.06021,0,6.5094495
2022,31.5,6.0,1.7931733,101.37262,0,6.455424
2022,31.5,6.25,1.7942381,103.13852,0,6.459257
2022,31.5,6.5,1.7958574,103.5058,0,6.4650865
2022,31.5,6.75,1.7973952,104.11201,0,6.4706225
2022,31.5,7.0,1.7927021,104.37496,0,6.4537272
2022,31.5,7.25,1.8120666,104.39843,0,6.5234394
2022,31.5,7.5,1.8472376,104.400276,0,6.650055
2022,31.5,7.75,1.8809147,104.476524,0,6.7712927
2022,31.5,8.0,1.9301277,104.419914,0,6.9484596
2022,31.5,8.25,1.9835767,104.645386,0,7.140876
2022,31.5,8.5,2.0292342,104.69753,0,7.305243
2022,31.5,8.75,2.0829272,104.86953,0,7.498538
2022,31.5,9.0,2.119693,104.93064,0,7.6308947
2022,31.5,9.25,2.1314511,104.69324,0,7.673224
2022,31.5,9.5,2.1665733,104.25656,0,7.7996635
2022,31.5,9.75,2.1993723,104.11027,0,7.91774
2022,31.5,10.0,2.2341347,103.511925,0,8.042885
2022,31.5,10.25,2.258071,133.10703,0,8.129055
2022,31.5,10.5,2.223285,132.39676,0,8.003825
2022,31.5,10.75,2.1666594,131.50034,0,7.7999735
2022,31.5,11.0,2.1395833,130.50505,0,7.7025
2022,31.5,11.25,2.0439036,130.24908,0,7.3580527
2022,31.5,11.5,1.9556104,128.68263,0,7.0401974
2022,31.5,11.75,1.9243003,126.74937,0,6.927481
2022,31.5,12.0,1.9343599,124.97805,0,6.9636955
2022,31.25,-9.0,1.2665776,93.41305,0,4.559679
2022,31.25,-8.75,0.950063,89.16677,0,3.4202266
2022,31.25,-8.5,0.65591854,113.24149,0,2.3613067
2022,31.25,-8.25,0.5730376,230.76685,0,2.0629354
2022,31.25,-8.0,0.4439642,249.77406,0,1.5982711
2022,31.25,-7.75,0.42357683,254.31622,0,1.5248766
2022,31.25,-7.5,0.44776437,236.94403,0,1.6119517
2022,31.25,-7.25,0.560355,229.1867,0,2.017278
2022,31.25,-7.0,0.5356227,195.37074,0,1.9282417
2022,31.25,-6.75,0.5875602,203.62457,0,2.1152165
2022,31.25,-6.5,0.6317876,189.58253,0,2.2744353
2022,31.25,-6.25,0.6848793,190.32314,0,2.4655654
2022,31.25,-6.0,0.74397063,224.76892,0,2.6782942
2022,31.25,-5.75,0.7913432,249.46338,0,2.8488355
2022,31.25,-5.5,0.7367737,219.3595,0,2.6523855
2022,31.25,-5.25,0.74981874,195.66176,0,2.6993475
2022,31.25,-5.0,0.71293706,173.06903,0,2.5665734
2022,31.25,-4.75,0.8352489,156.48926,0,3.006896
2022,31.25,-4.5,0.98319405,147.7082,0,3.5394986
2022,31.25,-4.25,1.1808158,137.16261,0,4.250937
2022,31.25,-4.0,1.4114623,129.97289,0,5.081264
2022,31.25,-3.75,1.5155247,126.52401,0,5.4558887
2022,31.25,-3.5,1.4151535,141.89021,0,5.0945525
2022,31.25,-3.25,1.2193664,149.20703,0,4.389719
2022,31.25,-3.0,1.1077348,148.6927,0,3.9878452
2022,31.25,-2.75,1.1263309,142.98285,0,4.054791
2022,31.25,-2.5,1.3431057,127.51535,0,4.8351803
2022,31.25,-2.25,1.5553733,121.24613,0,5.599344
2022,31.25,-2.0,1.4808363,123.15412,0,5.3310103
2022,31.25,-1.75,1.4698657,125.00717,0,5.2915163
2022,31.25,-1.5,1.4971342,126.68246,0,5.3896832
2022,31.25,-1.25,1.4920268,127.76358,0,5.3712964
2022,31.25,-1.0,1.4796715,125.736885,0,5.326817
2022,31.25,-0.75,1.449586,121.96731,0,5.2185097
2022,31.25,-0.5,1.480246,117.32436,0,5.328885
2022,31.25,-0.25,1.4831821,113.87982,0,5.339455
2022,31.25,0.0,1.4980651,109.91059,0,5.3930345
2022,31.25,0.25,1.5414982,109.030464,0,5.549393
2022,31.25,0.5,1.5695857,108.6513,0,5.6505084
2022,31.25,0.75,1.5980139,108.88412,0,5.7528496
2022,31.25,1.0,1.6363178,109.74775,0,5.890744
2022,31.25,1.25,1.6765217,113.57349,0,6.0354776
2022,31.25,1.5,1.7584453,116.52384,0,6.330403
2022,31.25,1.75,1.795072,115.12522,0,6.462259
2022,31.25,2.0,1.8198367,113.48855,0,6.551412
2022,31.25,2.25,1.858694,111.388214,0,6.691298
2022,31.25,2.5,1.9124249,108.870605,0,6.8847294
2022,31.25,2.75,1.9226445,105.13651,0,6.92152
2022,31.25,3.0,1.8952466,100.295296,0,6.822888
2022,31.25,3.25,1.840735,93.5286,0,6.6266456
2022,31.25,3.5,1.820332,87.95819,0,6.553195
2022,31.25,3.75,1.8442591,115.61352,0,6.639333
2022,31.25,4.0,1.8900977,114.31016,0,6.804352
2022,31.25,4.25,1.9042403,84.299095,0,6.8552647
2022,31.25,4.5,1.9119107,85.10378,0,6.8828783
2022,31.25,4.75,1.8896877,85.63666,0,6.8028755
2022,31.25,5.0,1.8605404,89.127785,0,6.697945
2022,31.25,5.25,1.8616261,94.80316,0,6.7018538
2022,31.25,5.5,1.8763584,98.73825,0,6.75489
2022,31.25,5.75,1.8716,101.184,0,6.73776
2022,31.25,6.0,1.8446528,101.98813,0,6.64075
2022,31.25,6.25,1.8311366,102.25314,0,6.5920916
2022,31.25,6.5,1.8324881,102.349915,0,6.5969567
2022,31.25,6.75,1.8372203,102.12127,0,6.613993
2022,31.25,7.0,1.8367214,102.42939,0,6.612197
2022,31.25,7.25,1.8536229,102.65664,0,6.6730423
2022,31.25,7.5,1.8626565,103.106346,0,6.705563
2022,31.25,7.75,1.8928231,103.38563,0,6.814163
2022,31.25,8.0,1.9236909,103.66351,0,6.9252872
2022,31.25,8.25,1.9667858,103.963905,0,7.0804286
2022,31.25,8.5,2.0114033,104.04308,0,7.2410517
2022,31.25,8.75,2.0481386,103.993385,0,7.3732986
2022,31.25,9.0,2.077378,104.20584,0,7.478561
2022,31.25,9.25,2.0834937,104.66889,0,7.500577
2022,31.25,9.5,2.097701,104.885864,0,7.5517235
2022,31.25,9.75,2.131834,104.75094,0,7.6746025
2022,31.25,10.0,2.1680436,104.56896,0,7.804957
2022,31.25,10.25,2.1909769,104.5259,0,7.8875165
2022,31.25,10.5,2.172127,134.3875,0,7.819657
2022,31.25,10.75,2.162308,134.2257,0,7.7843084
2022,31.25,11.0,2.127555,133.31189,0,7.6591973
2022,31.25,11.25,2.0735457,132.13486,0,7.464764
2022,31.25,11.5,1.9873592,130.60152,0,7.154493
2022,31.25,11.75,1.9400697,128.69734,0,6.9842505
2022,31.25,12.0,1.924788,126.81009,0,6.9292364
2022,31.0,-9.0,0.547546,89.999146,0,1.9711657
2022,31.0,-8.75,0.37088242,131.57729,0,1.3351767
2022,31.0,-8.5,0.3679086,165.5825,0,1.3244709
2022,31.0,-8.25,0.43738875,175.78786,0,1.5745995
2022,31.0,-8.0,0.50738466,182.0357,0,1.8265847
2022,31.0,-7.75,0.7310061,220.18904,0,2.6316218
2022,31.0,-7.5,0.6937371,223.66205,0,2.4974535
2022,31.0,-7.25,0.58107656,233.74622,0,2.0918756
2022,31.0,-7.0,0.54334056,225.41371,0,1.956026
2022,31.0,-6.75,0.61057407,184.38127,0,2.1980665
2022,31.0,-6.5,0.60323864,187.81592,0,2.171659
2022,31.0,-6.25,0.67768615,180.13794,0,2.43967
2022,31.0,-6.0,0.7336307,182.20375,0,2.6410706
2022,31.0,-5.75,0.8208259,179.79889,0,2.954973
2022,31.0,-5.5,0.93502474,173.0526,0,3.3660889
2022,31.0,-5.25,0.8894253,167.44543,0,3.201931
2022,31.0,-5.0,0.87678295,161.2762,0,3.1564186
2022,31.0,-4.75,0.96089154,154.47813,0,3.4592094
2022,31.0,-4.5,1.1255833,148.46901,0,4.0520997
2022,31.0,-4.25,1.4011761,141.11497,0,5.044234
2022,31.0,-4.0,1.6289638,136.32195,0,5.8642697
2022,31.0,-3.75,1.7163993,132.26701,0,6.1790376
2022,31.0,-3.5,1.5746522,132.13667,0,5.668748
2022,31.0,-3.25,1.3221319,141.36113,0,4.7596745
2022,31.0,-3.0,1.193129,143.30766,0,4.2952642
2022,31.0,-2.75,1.1938741,139.26607,0,4.297947
2022,31.0,-2.5,1.413208,125.508545,0,5.0875487
2022,31.0,-2.25,1.750146,120.89793,0,6.3005257
2022,31.0,-2.0,1.837757,119.14637,0,6.615925
2022,31.0,-1.75,1.7846295,119.50598,0,6.424666
2022,31.0,-1.5,1.6854721,125.97921,0,6.0676994
2022,31.0,-1.25,1.5908545,125.355934,0,5.727076
2022,31.0,-1.0,1.550322,123.351036,0,5.581159
2022,31.0,-0.75,1.5790113,120.59518,0,5.6844406
2022,31.0,-0.5,1.6296614,117.64866,0,5.866781
2022,31.0,-0.25,1.6770607,114.97384,0,6.0374184
2022,31.0,0.0,1.6912256,112.7526,0,6.0884123
2022,31.0,0.25,1.7116255,112.56193,0,6.1618514
2022,31.0,0.5,1.7334371,111.90194,0,6.240373
2022,31.0,0.75,1.7768937,81.70866,0,6.396817
2022,31.0,1.0,1.8403635,82.27511,0,6.6253085
2022,31.0,1.25,1.915218,83.51994,0,6.8947845
2022,31.0,1.5,1.9855615,82.617134,0,7.148021
2022,31.0,1.75,2.0227273,81.23135,0,7.281818
2022,31.0,2.0,2.042847,109.225945,0,7.3542485
2022,31.0,2.25,2.071878,107.47854,0,7.4587603
2022,31.0,2.5,2.1081617,105.06202,0,7.5893817
2022,31.0,2.75,2.1125677,101.86782,0,7.605243
2022,31.0,3.0,2.0928082,97.68566,0,7.5341096
2022,31.0,3.25,2.0517313,93.48734,0,7.386233
2022,31.0,3.5,2.0008929,89.30616,0,7.203214
2022,31.0,3.75,2.0122166,87.43398,0,7.2439795
2022,31.0,4.0,2.0123382,86.31153,0,7.244417
2022,31.0,4.25,2.0210612,86.4553,0,7.2758203
2022,31.0,4.5,2.005717,87.70286,0,7.220581
2022,31.0,4.75,1.9738908,89.165794,0,7.1060066
2022,31.0,5.0,1.9425131,93.43601,0,6.993047
2022,31.0,5.25,1.9364077,97.638916,0,6.9710674
2022,31.0,5.5,1.9515758,100.30453,0,7.0256724
2022,31.0,5.75,1.9353366,100.727295,0,6.9672117
2022,31.0,6.0,1.908873,100.63083,0,6.8719425
2022,31.0,6.25,1.8910966,100.575066,0,6.8079476
2022,31.0,6.5,1.8847337,100.351326,0,6.785041
2022,31.0,6.75,1.8893706,100.24872,0,6.801734
2022,31.0,7.0,1.8923331,100.80537,0,6.8123994
2022,31.0,7.25,1.8798304,101.23101,0,6.7673893
2022,31.0,7.5,1.8827969,101.873726,0,6.7780685
2022,31.0,7.75,1.8909049,102.937096,0,6.8072577
2022,31.0,8.0,1.9123387,103.5604,0,6.8844194
2022,31.0,8.25,1.9404182,103.97473,0,6.9855056
2022,31.0,8.5,1.9721118,103.75891,0,7.099602
2022,31.0,8.75,2.0097163,103.74055,0,7.234978
2022,31.0,9.0,2.0373838,103.976555,0,7.3345814
2022,31.0,9.25,2.038442,104.80514,0,7.338391
2022,31.0,9.5,2.0393157,105.36889,0,7.3415365
2022,31.0,9.75,2.0514126,105.60205,0,7.385085
2022,31.0,10.0,2.0844696,105.27485,0,7.5040903
2022,31.0,10.25,2.12986,105.55624,0,7.6674957
2022,31.0,10.5,2.1613286,106.59146,0,7.7807827
2022,31.0,10.75,2.1450195,137.06163,0,7.72207
2022,31.0,11.0,2.107888,136.54295,0,7.5883965
2022,31.0,11.25,2.0431566,135.31616,0,7.355364
2022,31.0,11.5,1.9702196,133.50328,0,7.0927906
2022,31.0,11.75,1.9375119,132.07281,0,6.975043
2022,31.0,12.0,1.9177793,130.54912,0,6.9040055
2022,30.75,-9.0,0.52883005,189.78908,0,1.9037881
2022,30.75,-8.75,0.538102,184.67285,0,1.937167
2022,30.75,-8.5,0.5464148,176.18365,0,1.9670932
2022,30.75,-8.25,0.51860607,154.27452,0,1.8669817
2022,30.75,-8.0,0.5794861,185.72371,0,2.0861497
2022,30.75,-7.75,0.9785645,209.21294,0,3.5228322
2022,30.75,-7.5,1.1358836,242.18617,0,4.089181
2022,30.75,-7.25,1.2305143,249.44917,0,4.4298515
2022,30.75,-7.0,1.1060361,235.58496,0,3.9817297
2022,30.75,-6.75,1.0536398,218.84135,0,3.793103
2022,30.75,-6.5,0.90417033,185.83795,0,3.2550132
2022,30.75,-6.25,0.8180128,177.32227,0,2.944846
2022,30.75,-6.0,0.8296382,175.11125,0,2.9866974
2022,30.75,-5.75,0.8550558,169.94283,0,3.0782008
2022,30.75,-5.5,0.8746775,169.6667,0,3.1488388
2022,30.75,-5.25,0.8193479,165.22978,0,2.9496524
2022,30.75,-5.0,0.8744065,158.57622,0,3.1478634
2022,30.75,-4.75,1.0861222,150.90413,0,3.9100397
2022,30.75,-4.5,1.3082827,147.51366,0,4.709818
2022,30.75,-4.25,1.5035163,144.32755,0,5.4126587
2022,30.75,-4.0,1.7103232,140.98299,0,6.1571636
2022,30.75,-3.75,1.7961826,137.24799,0,6.466257
2022,30.75,-3.5,1.6973104,133.06346,0,6.110317
2022,30.75,-3.25,1.4565178,137.08983,0,5.243464
2022,30.75,-3.0,1.3706361,140.5037,0,4.93429
2022,30.75,-2.75,1.3795103,137.7311,0,4.966237
2022,30.75,-2.5,1.507196,129.61217,0,5.425905
2022,30.75,-2.25,1.8014017,120.55497,0,6.485046
2022,30.75,-2.0,1.9756899,114.537994,0,7.1124835
2022,30.75,-1.75,1.9755583,108.50891,0,7.1120095
2022,30.75,-1.5,1.8756833,99.478905,0,6.7524595
2022,30.75,-1.25,1.769101,123.51532,0,6.3687634
2022,30.75,-1.0,1.725221,121.44465,0,6.2107954
2022,30.75,-0.75,1.7413856,118.71817,0,6.268988
2022,30.75,-0.5,1.786523,85.966194,0,6.431483
2022,30.75,-0.25,1.8529024,83.47106,0,6.6704483
2022,30.75,0.0,1.9037377,81.72794,0,6.8534555
2022,30.75,0.25,1.9260325,80.19515,0,6.933717
2022,30.75,0.5,1.9578449,79.24934,0,7.048241
2022,30.75,0.75,2.007942,79.32583,0,7.228591
2022,30.75,1.0,2.079047,79.94482,0,7.484569
2022,30.75,1.25,2.15006,80.55368,0,7.740216
2022,30.75,1.5,2.197297,79.695915,0,7.9102693
2022,30.75,1.75,2.233336,78.01415,0,8.0400095
2022,30.75,2.0,2.2657619,76.00615,0,8.156742
2022,30.75,2.25,2.2927628,74.19765,0,8.253945
2022,30.75,2.5,2.2988355,71.89094,0,8.275807
2022,30.75,2.75,2.3075542,99.099174,0,8.307195
2022,30.75,3.0,2.2967842,96.47506,0,8.268423
2022,30.75,3.25,2.2652576,93.710205,0,8.154927
2022,30.75,3.5,2.1920378,91.81913,0,7.891336
2022,30.75,3.75,2.1411467,89.77592,0,7.708128
2022,30.75,4.0,2.1219647,88.42096,0,7.639073
2022,30.75,4.25,2.1094947,88.32154,0,7.5941806
2022,30.75,4.5,2.0988977,89.57684,0,7.5560317
2022,30.75,4.75,2.077235,92.55899,0,7.478046
2022,30.75,5.0,2.0627112,96.73566,0,7.4257603
2022,30.75,5.25,2.0539749,99.82505,0,7.3943095
2022,30.75,5.5,2.0361087,100.88592,0,7.3299913
2022,30.75,5.75,1.9875244,100.88903,0,7.1550875
2022,30.75,6.0,1.9593306,100.29595,0,7.05359
2022,30.75,6.25,1.948484,99.544525,0,7.014542
2022,30.75,6.5,1.9437901,99.07309,0,6.997644
2022,30.75,6.75,1.9336096,99.016884,0,6.9609942
2022,30.75,7.0,1.9183618,99.483025,0,6.906102
2022,30.75,7.25,1.9014735,100.23771,0,6.8453045
2022,30.75,7.5,1.896931,101.56376,0,6.828952
2022,30.75,7.75,1.9016858,102.996216,0,6.846069
2022,30.75,8.0,1.889619,104.202354,0,6.802628
2022,30.75,8.25,1.8801135,104.124245,0,6.7684083
2022,30.75,8.5,1.9119717,103.85128,0,6.883098
2022,30.75,8.75,1.954175,103.91367,0,7.03503
2022,30.75,9.0,1.9867693,104.32345,0,7.1523695
2022,30.75,9.25,2.0005567,104.789,0,7.202004
2022,30.75,9.5,2.0029233,105.42856,0,7.2105236
2022,30.75,9.75,2.0081005,106.01703,0,7.2291617
2022,30.75,10.0,2.0343635,106.7471,0,7.3237085
2022,30.75,10.25,2.0766594,107.874176,0,7.4759736
2022,30.75,10.5,2.1583786,108.47515,0,7.7701626
2022,30.75,10.75,2.1731546,108.56662,0,7.823356
2022,30.75,11.0,2.1379294,138.22112,0,7.6965456
2022,30.75,11.25,2.0739157,137.47182,0,7.4660964
2022,30.75,11.5,2.0112221,136.18268,0,7.2403994
2022,30.75,11.75,1.9967006,134.98558,0,7.1881223
2022,30.75,12.0,2.01468,134.06194,0,7.2528477
2022,30.5,-9.0,1.0889443,167.33879,0,3.9201994
2022,30.5,-8.75,1.0242263,188.3017,0,3.6872146
2022,30.5,-8.5,0.9977415,180.84514,0,3.5918694
2022,30.5,-8.25,0.98897713,197.81001,0,3.5603175
2022,30.5,-8.0,0.9861147,215.70868,0,3.5500128
2022,30.5,-7.75,1.2628554,215.72606,0,4.5462794
2022,30.5,-7.5,1.3257991,209.26807,0,4.7728767
2022,30.5,-7.25,1.1750424,211.0229,0,4.2301526
2022,30.5,-7.0,0.96411866,212.74788,0,3.470827
2022,30.5,-6.75,1.0743599,197.71138,0,3.8676956
2022,30.5,-6.5,1.0581127,190.87212,0,3.8092058
2022,30.5,-6.25,0.8991845,182.18706,0,3.2370641
2022,30.5,-6.0,0.7396211,169.22383,0,2.6626358
2022,30.5,-5.75,0.71043247,159.80136,0,2.5575569
2022,30.5,-5.5,0.91198945,161.84337,0,3.2831619
2022,30.5,-5.25,1.0889353,159.2091,0,3.9201667
2022,30.5,-5.0,1.2786769,156.41968,0,4.6032367
2022,30.5,-4.75,1.4454664,153.67375,0,5.203679
2022,30.5,-4.5,1.4894902,149.42012,0,5.3621645
2022,30.5,-4.25,1.6548486,142.36241,0,5.9574547
2022,30.5,-4.0,1.811616,138.85855,0,6.521817
2022,30.5,-3.75,1.8446103,136.63206,0,6.640597
2022,30.5,-3.5,1.7023591,134.4326,0,6.1284924
2022,30.5,-3.25,1.5681266,131.21785,0,5.6452556
2022,30.5,-3.0,1.5261445,132.12538,0,5.49412
2022,30.5,-2.75,1.5201355,132.08595,0,5.472488
2022,30.5,-2.5,1.5679723,125.65464,0,5.6447
2022,30.5,-2.25,1.8173962,114.66242,0,6.542626
2022,30.5,-2.0,2.0223854,108.79392,0,7.280587
2022,30.5,-1.75,2.0566313,102.28308,0,7.4038725
2022,30.5,-1.5,2.015081,95.12501,0,7.254291
2022,30.5,-1.25,1.9774619,89.240105,0,7.1188626
2022,30.5,-1.0,1.9501848,86.45718,0,7.020665
2022,30.5,-0.75,1.9467955,83.737595,0,7.0084634
2022,30.5,-0.5,1.978428,81.50163,0,7.1223407
2022,30.5,-0.25,2.0389135,79.756584,0,7.3400884
2022,30.5,0.0,2.10791,77.948586,0,7.5884757
2022,30.5,0.25,2.1448665,76.72011,0,7.721519
2022,30.5,0.5,2.1881144,76.496284,0,7.8772116
2022,30.5,0.75,2.241899,76.69322,0,8.070836
2022,30.5,1.0,2.3077939,76.637856,0,8.308058
2022,30.5,1.25,2.3812597,75.47668,0,8.572535
2022,30.5,1.5,2.4311073,74.47643,0,8.751986
2022,30.5,1.75,2.46895,73.09814,0,8.88822
2022,30.5,2.0,2.4930527,71.85448,0,8.97499
2022,30.5,2.25,2.493851,71.40846,0,8.977863
2022,30.5,2.5,2.4632463,70.52173,0,8.867686
2022,30.5,2.75,2.417476,68.38074,0,8.702913
2022,30.5,3.0,2.3837237,66.78888,0,8.581406
2022,30.5,3.25,2.3674579,66.04291,0,8.522848
2022,30.5,3.5,2.352248,95.282646,0,8.468092
2022,30.5,3.75,2.2561405,92.05935,0,8.122106
2022,30.5,4.0,2.1861145,90.28259,0,7.8700123
2022,30.5,4.25,2.1400144,90.65008,0,7.7040515
2022,30.5,4.5,2.1254761,93.1723,0,7.651714
2022,30.5,4.75,2.127291,97.12878,0,7.6582475
2022,30.5,5.0,2.1322832,100.431946,0,7.6762195
2022,30.5,5.25,2.1244385,102.11582,0,7.6479783
2022,30.5,5.5,2.0982587,102.043495,0,7.5537314
2022,30.5,5.75,2.061517,101.11358,0,7.421461
2022,30.5,6.0,2.0424397,99.89291,0,7.3527827
2022,30.5,6.25,2.0283,98.77511,0,7.30188
2022,30.5,6.5,2.0174003,98.16806,0,7.262641
2022,30.5,6.75,2.004253,98.20816,0,7.21531
2022,30.5,7.0,1.9608421,98.76107,0,7.0590315
2022,30.5,7.25,1.9360408,100.03887,0,6.9697466
2022,30.5,7.5,1.928152,101.50183,0,6.941347
2022,30.5,7.75,1.9164739,102.795235,0,6.899306
2022,30.5,8.0,1.8576417,103.7197,0,6.68751
2022,30.5,8.25,1.8236989,103.77133,0,6.5653157
2022,30.5,8.5,1.8611971,103.851326,0,6.7003093
2022,30.5,8.75,1.9081208,104.23108,0,6.8692346
2022,30.5,9.0,1.9282416,104.8818,0,6.9416695
2022,30.5,9.25,1.9186856,104.951515,0,6.907268
2022,30.5,9.5,1.9179054,105.05585,0,6.9044595
2022,30.5,9.75,1.9443353,105.238075,0,6.999607
2022,30.5,10.0,2.005614,105.98843,0,7.2202106
2022,30.5,10.25,2.0979457,107.6213,0,7.552604
2022,30.5,10.5,2.1724494,108.70652,0,7.8208175
2022,30.5,10.75,2.1704516,108.744965,0,7.813626
2022,30.5,11.0,2.1245582,138.38751,0,7.6484094
2022,30.5,11.25,2.064121,137.80432,0,7.4308352
2022,30.5,11.5,2.0297668,137.2949,0,7.3071604
2022,30.5,11.75,2.0355363,135.78633,0,7.3279305
2022,30.5,12.0,2.0644524,134.55693,0,7.4320283
2022,30.25,-9.0,1.3720093,189.98456,0,4.9392333
2022,30.25,-8.75,1.3279618,196.10152,0,4.7806625
2022,30.25,-8.5,1.1278695,198.89964,0,4.06033
2022,30.25,-8.25,1.0095106,210.91081,0,3.6342382
2022,30.25,-8.0,1.0029603,227.68074,0,3.610657
2022,30.25,-7.75,1.1493163,229.05177,0,4.1375384
2022,30.25,-7.5,1.0580229,215.17017,0,3.8088822
2022,30.25,-7.25,0.75382024,200.98912,0,2.7137527
2022,30.25,-7.0,0.5999053,193.83183,0,2.1596591
2022,30.25,-6.75,0.7257373,191.3122,0,2.6126542
2022,30.25,-6.5,0.95981234,190.17926,0,3.4553244
2022,30.25,-6.25,1.1074845,182.89061,0,3.986944
2022,30.25,-6.0,0.995862,171.59004,0,3.585103
2022,30.25,-5.75,1.003397,166.94038,0,3.612229
2022,30.25,-5.5,1.1461912,160.55284,0,4.1262884
2022,30.25,-5.25,1.3356682,160.35707,0,4.8084054
2022,30.25,-5.0,1.4677881,161.22575,0,5.284037
2022,30.25,-4.75,1.4627495,161.83107,0,5.265898
2022,30.25,-4.5,1.5000256,141.41492,0,5.400092
2022,30.25,-4.25,1.6595173,136.34337,0,5.974262
2022,30.25,-4.0,1.8495579,132.25177,0,6.658408
2022,30.25,-3.75,1.8683926,128.67294,0,6.726213
2022,30.25,-3.5,1.7528639,127.20914,0,6.31031
2022,30.25,-3.25,1.684219,125.01809,0,6.063188
2022,30.25,-3.0,1.6421033,123.980385,0,5.911572
2022,30.25,-2.75,1.6055957,122.06689,0,5.780144
2022,30.25,-2.5,1.6233042,107.15271,0,5.843895
2022,30.25,-2.25,1.8726978,104.09137,0,6.741712
2022,30.25,-2.0,2.0681732,99.8196,0,7.445423
2022,30.25,-1.75,2.1509418,94.38685,0,7.7433906
2022,30.25,-1.5,2.1582787,88.7771,0,7.769803
2022,30.25,-1.25,2.1475298,84.4161,0,7.731107
2022,30.25,-1.0,2.1407173,81.034584,0,7.706582
2022,30.25,-0.75,2.1612258,78.12493,0,7.7804127
2022,30.25,-0.5,2.2026098,76.07346,0,7.929395
2022,30.25,-0.25,2.2531233,74.606415,0,8.111243
2022,30.25,0.0,2.3359628,73.05659,0,8.409466
2022,30.25,0.25,2.404762,72.598755,0,8.657143
2022,30.25,0.5,2.4587958,71.426254,0,8.851665
2022,30.25,0.75,2.4996183,70.54807,0,8.998626
2022,30.25,1.0,2.5397031,69.94265,0,9.142931
2022,30.25,1.25,2.5938652,69.50709,0,9.337914
2022,30.25,1.5,2.641134,69.46591,0,9.508082
2022,30.25,1.75,2.6629345,70.39892,0,9.586564
2022,30.25,2.0,2.6685245,72.167786,0,9.606688
2022,30.25,2.25,2.6485884,74.124344,0,9.534918
2022,30.25,2.5,2.5809376,74.17438,0,9.291375
2022,30.25,2.75,2.466174,71.19253,0,8.878225
2022,30.25,3.0,2.4272692,70.15723,0,8.738169
2022,30.25,3.25,2.435487,69.39231,0,8.767753
2022,30.25,3.5,2.4392715,67.75522,0,8.781377
2022,30.25,3.75,2.3516934,93.696754,0,8.466096
2022,30.25,4.0,2.2544968,92.030876,0,8.116188
2022,30.25,4.25,2.2125459,93.28479,0,7.965165
2022,30.25,4.5,2.2135682,96.21396,0,7.9688454
2022,30.25,4.75,2.2397413,69.71533,0,8.063068
2022,30.25,5.0,2.260614,72.89392,0,8.13821
2022,30.25,5.25,2.2366705,73.95945,0,8.052013
2022,30.25,5.5,2.1775625,73.30741,0,7.839225
2022,30.25,5.75,2.128143,101.624146,0,7.661315
2022,30.25,6.0,2.1039019,99.67812,0,7.5740466
2022,30.25,6.25,2.0927532,98.490395,0,7.533911
2022,30.25,6.5,2.0853271,98.07046,0,7.5071774
2022,30.25,6.75,2.05499,98.188995,0,7.397964
2022,30.25,7.0,2.0107079,98.59664,0,7.2385483
2022,30.25,7.25,1.9759102,99.403656,0,7.1132765
2022,30.25,7.5,1.974171,100.94424,0,7.1070156
2022,30.25,7.75,1.9421501,101.17271,0,6.99174
2022,30.25,8.0,1.8720366,101.54305,0,6.7393317
2022,30.25,8.25,1.830145,102.57984,0,6.588522
2022,30.25,8.5,1.8435264,103.69994,0,6.636695
2022,30.25,8.75,1.8637406,104.29386,0,6.709466
2022,30.25,9.0,1.8478528,104.24485,0,6.65227
2022,30.25,9.25,1.839614,105.1275,0,6.6226106
2022,30.25,9.5,1.8308367,106.31387,0,6.591012
2022,30.25,9.75,1.8306637,107.33924,0,6.5903893
2022,30.25,10.0,1.8794228,107.65884,0,6.765922
2022,30.25,10.25,2.0274065,108.79435,0,7.298663
2022,30.25,10.5,2.139376,110.09235,0,7.701753
2022,30.25,10.75,2.1721334,110.8287,0,7.81968
2022,30.25,11.0,2.1325147,110.766075,0,7.677053
2022,30.25,11.25,2.0807574,139.53813,0,7.4907265
2022,30.25,11.5,2.066402,139.01472,0,7.439047
2022,30.25,11.75,2.082455,137.71799,0,7.4968376
2022,30.25,12.0,2.1086495,136.13647,0,7.591138
2022,30.0,-9.0,0.9926931,208.75932,0,3.5736952
2022,30.0,-8.75,1.302117,211.38817,0,4.687621
2022,30.0,-8.5,1.1924047,229.17421,0,4.292657
2022,30.0,-8.25,0.9167842,243.87749,0,3.3004231
2022,30.0,-8.0,0.93860096,240.47087,0,3.3789635
2022,30.0,-7.75,0.9610602,227.20142,0,3.4598167
2022,30.0,-7.5,0.81929594,206.84633,0,2.9494653
2022,30.0,-7.25,0.68459725,196.51802,0,2.46455
2022,30.0,-7.0,0.6680383,196.44008,0,2.4049377
2022,30.0,-6.75,0.78949505,144.726,0,2.8421822
2022,30.0,-6.5,0.89104944,151.37175,0,3.207778
2022,30.0,-6.25,1.0602772,180.73016,0,3.816998
2022,30.0,-6.0,1.0713888,172.61676,0,3.8569996
2022,30.0,-5.75,1.0984528,170.424,0,3.95443
2022,30.0,-5.5,1.2294112,142.21782,0,4.4258804
2022,30.0,-5.25,1.4258986,141.4857,0,5.1332345
2022,30.0,-5.0,1.5298653,168.26039,0,5.507515
2022,30.0,-4.75,1.49147,165.12555,0,5.369292
2022,30.0,-4.5,1.534771,138.8437,0,5.525175
2022,30.0,-4.25,1.700488,133.78313,0,6.1217566
2022,30.0,-4.0,1.8918796,127.74991,0,6.810766
2022,30.0,-3.75,1.9537205,122.29862,0,7.0333934
2022,30.0,-3.5,1.8750253,119.40658,0,6.7500906
2022,30.0,-3.25,1.8117489,117.7458,0,6.522296
2022,30.0,-3.0,1.7527164,115.24462,0,6.309779
2022,30.0,-2.75,1.6508652,111.56464,0,5.9431148
2022,30.0,-2.5,1.6061469,103.11141,0,5.782129
2022,30.0,-2.25,1.7720218,99.34037,0,6.379278
2022,30.0,-2.0,2.0022926,93.89465,0,7.2082534
2022,30.0,-1.75,2.147005,87.96167,0,7.729218
2022,30.0,-1.5,2.2599423,83.70704,0,8.135792
2022,30.0,-1.25,2.305397,79.73617,0,8.299429
2022,30.0,-1.0,2.3260639,76.59757,0,8.37383
2022,30.0,-0.75,2.3546355,73.59183,0,8.476687
2022,30.0,-0.5,2.4004467,71.68821,0,8.641607
2022,30.0,-0.25,2.4709756,69.96645,0,8.895512
2022,30.0,0.0,2.55706,67.944305,0,9.205416
2022,30.0,0.25,2.639826,66.51337,0,9.503373
2022,30.0,0.5,2.703447,65.38181,0,9.7324095
2022,30.0,0.75,2.7444727,64.72195,0,9.880101
2022,30.0,1.0,2.7545607,65.41651,0,9.916418
2022,30.0,1.25,2.7899323,66.24343,0,10.043756
2022,30.0,1.5,2.7976787,68.216866,0,10.071643
2022,30.0,1.75,2.7942908,72.99749,0,10.059446
2022,30.0,2.0,2.808306,76.18902,0,10.109901
2022,30.0,2.25,2.8144379,78.50373,0,10.131976
2022,30.0,2.5,2.7239628,77.29769,0,9.806266
2022,30.0,2.75,2.599151,74.43278,0,9.356943
2022,30.0,3.0,2.5503619,72.334816,0,9.181302
2022,30.0,3.25,2.5509121,70.736664,0,9.183284
2022,30.0,3.5,2.5462813,67.22821,0,9.166613
2022,30.0,3.75,2.495654,64.58178,0,8.984355
2022,30.0,4.0,2.4109902,64.814766,0,8.679564
2022,30.0,4.25,2.3311048,66.55539,0,8.391977
2022,30.0,4.5,2.3219807,69.44556,0,8.35913
2022,30.0,4.75,2.325963,72.31271,0,8.3734665
2022,30.0,5.0,2.3353283,74.34969,0,8.407182
2022,30.0,5.25,2.3225045,73.25266,0,8.361016
2022,30.0,5.5,2.2890654,70.63003,0,8.240635
2022,30.0,5.75,2.2423623,68.7865,0,8.072504
2022,30.0,6.0,2.2098129,67.74501,0,7.955326
2022,30.0,6.25,2.1927269,67.59695,0,7.8938165
2022,30.0,6.5,2.1814272,67.98007,0,7.853138
2022,30.0,6.75,2.1470215,69.38381,0,7.729277
2022,30.0,7.0,2.1023796,100.394554,0,7.5685663
2022,30.0,7.25,2.0562885,100.84562,0,7.4026384
2022,30.0,7.5,2.0102186,100.30808,0,7.236787
2022,30.0,7.75,1.9395386,99.042915,0,6.982339
2022,30.0,8.0,1.891013,99.938965,0,6.8076468
2022,30.0,8.25,1.8530098,101.30103,0,6.670835
2022,30.0,8.5,1.8243083,102.3612,0,6.5675097
2022,30.0,8.75,1.7998482,103.163414,0,6.4794536
2022,30.0,9.0,1.7963519,104.777885,0,6.4668665
2022,30.0,9.25,1.8187977,108.71183,0,6.547672
2022,30.0,9.5,1.8071456,111.05038,0,6.505724
2022,30.0,9.75,1.7646165,112.89386,0,6.352619
2022,30.0,10.0,1.7724462,112.93636,0,6.380806
2022,30.0,10.25,1.9376332,113.56876,0,6.975479
2022,30.0,10.5,2.1041195,113.78922,0,7.57483
2022,30.0,10.75,2.1498435,114.144585,0,7.739436
2022,30.0,11.0,2.1037567,143.3289,0,7.573524
2022,30.0,11.25,2.052593,141.78722,0,7.3893347
2022,30.0,11.5,2.0576868,140.71365,0,7.4076724
2022,30.0,11.75,2.0830193,139.12576,0,7.498869
2022,30.0,12.0,2.106107,137.4436,0,7.581985
2022,29.75,-9.0,0.98576,214.42464,0,3.5487359
2022,29.75,-8.75,1.2002819,234.8546,0,4.3210144
2022,29.75,-8.5,0.9821226,239.3974,0,3.5356412
2022,29.75,-8.25,0.88767415,236.67285,0,3.195627
2022,29.75,-8.0,0.9768801,233.07281,0,3.5167682
2022,29.75,-7.75,1.0818298,225.33783,0,3.894587
2022,29.75,-7.5,0.9588697,211.89848,0,3.4519308
2022,29.75,-7.25,1.0165153,131.56892,0,3.6594548
2022,29.75,-7.0,1.1170489,140.53491,0,4.0213757
2022,29.75,-6.75,1.202935,151.65456,0,4.330566
2022,29.75,-6.5,1.2857015,154.85246,0,4.6285253
2022,29.75,-6.25,1.3920188,159.45695,0,5.0112677
2022,29.75,-6.0,1.4736754,160.94894,0,5.305231
2022,29.75,-5.75,1.4953309,157.74786,0,5.383191
2022,29.75,-5.5,1.4879063,147.73334,0,5.3564625
2022,29.75,-5.25,1.6282568,144.01216,0,5.8617244
2022,29.75,-5.0,1.6177197,142.35953,0,5.8237906
2022,29.75,-4.75,1.5566058,164.817,0,5.6037807
2022,29.75,-4.5,1.6033825,143.0481,0,5.7721767
2022,29.75,-4.25,1.7494665,135.59297,0,6.2980795
2022,29.75,-4.0,1.9323939,128.68878,0,6.956618
2022,29.75,-3.75,1.9580846,120.852394,0,7.049104
2022,29.75,-3.5,1.9389516,114.70922,0,6.9802256
2022,29.75,-3.25,1.9060241,112.694664,0,6.8616867
2022,29.75,-3.0,1.8692398,111.26142,0,6.7292633
2022,29.75,-2.75,1.7706853,108.13204,0,6.374467
2022,29.75,-2.5,1.5754981,100.85687,0,5.671793
2022,29.75,-2.25,1.5536228,98.14328,0,5.593042
2022,29.75,-2.0,1.790425,92.14951,0,6.4455295
2022,29.75,-1.75,2.0817976,83.57099,0,7.494471
2022,29.75,-1.5,2.2441018,79.04318,0,8.078766
2022,29.75,-1.25,2.4281058,74.8366,0,8.74118
2022,29.75,-1.0,2.5047162,72.37128,0,9.016978
2022,29.75,-0.75,2.538644,69.53513,0,9.139118
2022,29.75,-0.5,2.6006124,66.630104,0,9.362205
2022,29.75,-0.25,2.6858356,64.84027,0,9.669008
2022,29.75,0.0,2.749276,61.74539,0,9.897393
2022,29.75,0.25,2.8305929,61.040264,0,10.190134
2022,29.75,0.5,2.9008014,61.154057,0,10.442884
2022,29.75,0.75,2.925891,63.520584,0,10.533207
2022,29.75,1.0,2.9319556,64.62336,0,10.555039
2022,29.75,1.25,2.9117138,66.69622,0,10.482169
2022,29.75,1.5,2.8886242,71.947655,0,10.399047
2022,29.75,1.75,2.9125268,76.52606,0,10.485096
2022,29.75,2.0,2.9735022,78.880394,0,10.704608
2022,29.75,2.25,2.9870446,79.97163,0,10.75336
2022,29.75,2.5,2.8986027,77.62785,0,10.43497
2022,29.75,2.75,2.780832,76.184654,0,10.010995
2022,29.75,3.0,2.7080023,73.828285,0,9.748808
2022,29.75,3.25,2.6248791,69.84208,0,9.449565
2022,29.75,3.5,2.6000772,66.09334,0,9.360277
2022,29.75,3.75,2.5923803,66.66544,0,9.332569
2022,29.75,4.0,2.5629785,68.718285,0,9.226723
2022,29.75,4.25,2.481104,70.2781,0,8.931973
2022,29.75,4.5,2.431413,70.89116,0,8.753086
2022,29.75,4.75,2.4359689,72.75738,0,8.769487
2022,29.75,5.0,2.4320471,72.33049,0,8.755369
2022,29.75,5.25,2.4001813,70.19642,0,8.640653
2022,29.75,5.5,2.3713334,68.037056,0,8.536799
2022,29.75,5.75,2.3450658,97.10996,0,8.442237
2022,29.75,6.0,2.318796,96.45795,0,8.347665
2022,29.75,6.25,2.291774,97.02096,0,8.250386
2022,29.75,6.5,2.2764473,98.558655,0,8.19521
2022,29.75,6.75,2.2425776,100.32263,0,8.073279
2022,29.75,7.0,2.191134,101.818214,0,7.888082
2022,29.75,7.25,2.136719,102.84011,0,7.6921883
2022,29.75,7.5,2.0640848,100.095276,0,7.430705
2022,29.75,7.75,1.9776006,97.57021,0,7.119362
2022,29.75,8.0,1.918859,97.75086,0,6.907892
2022,29.75,8.25,1.8628783,100.03165,0,6.706362
2022,29.75,8.5,1.8220536,101.80847,0,6.5593925
2022,29.75,8.75,1.8002968,104.2891,0,6.481068
2022,29.75,9.0,1.8726468,108.05475,0,6.7415285
2022,29.75,9.25,1.9046493,112.01934,0,6.856737
2022,29.75,9.5,1.8707967,115.58785,0,6.734868
2022,29.75,9.75,1.8222121,117.246216,0,6.559963
2022,29.75,10.0,1.805068,146.89467,0,6.498245
2022,29.75,10.25,1.9097835,117.888855,0,6.8752203
2022,29.75,10.5,2.0516946,117.52749,0,7.3861003
2022,29.75,10.75,2.0790255,115.720665,0,7.484492
2022,29.75,11.0,2.0389495,144.73009,0,7.340218
2022,29.75,11.25,2.0159643,143.39095,0,7.257471
2022,29.75,11.5,2.0397124,142.37848,0,7.3429646
2022,29.75,11.75,2.0634325,140.87999,0,7.4283566
2022,29.75,12.0,2.0973716,139.17903,0,7.5505376
2022,29.5,-9.0,1.4717741,194.20967,0,5.2983866
2022,29.5,-8.75,1.4687129,241.32886,0,5.2873664
2022,29.5,-8.5,1.1924626,229.72636,0,4.2928653
2022,29.5,-8.25,1.0862683,219.77794,0,3.9105659
2022,29.5,-8.0,1.2331306,188.68512,0,4.43927
2022,29.5,-7.75,1.2722888,159.14774,0,4.58024
2022,29.5,-7.5,1.3116326,136.91313,0,4.7218776
2022,29.5,-7.25,1.5015358,151.14793,0,5.4055285
2022,29.5,-7.0,1.5558501,156.17903,0,5.6010604
2022,29.5,-6.75,1.6889538,159.30371,0,6.0802336
2022,29.5,-6.5,1.7179618,162.31273,0,6.1846623
2022,29.5,-6.25,1.8028183,163.03665,0,6.4901457
2022,29.5,-6.0,1.8541692,163.10735,0,6.6750093
2022,29.5,-5.75,1.7722135,161.8136,0,6.379968
2022,29.5,-5.5,1.7489151,153.31981,0,6.296094
2022,29.5,-5.25,1.7303761,145.29713,0,6.229354
2022,29.5,-5.0,1.7054976,142.62132,0,6.1397915
2022,29.5,-4.75,1.6457888,138.98787,0,5.9248395
2022,29.5,-4.5,1.6785054,144.28204,0,6.042619
2022,29.5,-4.25,1.8272834,136.28621,0,6.57822
2022,29.5,-4.0,1.8984674,131.55391,0,6.8344827
2022,29.5,-3.75,1.883794,122.8337,0,6.781658
2022,29.5,-3.5,1.8939656,114.24017,0,6.818276
2022,29.5,-3.25,1.941573,108.024635,0,6.9896626
2022,29.5,-3.0,1.9058744,106.51205,0,6.8611474
2022,29.5,-2.75,1.8874835,102.722084,0,6.7949405
2022,29.5,-2.5,1.7470771,96.02865,0,6.2894773
2022,29.5,-2.25,1.6827427,91.22961,0,6.0578737
2022,29.5,-2.0,1.7494882,83.71789,0,6.2981577
2022,29.5,-1.75,2.0548685,77.534325,0,7.3975263
2022,29.5,-1.5,2.2351635,72.50664,0,8.046588
2022,29.5,-1.25,2.4627273,69.47691,0,8.865818
2022,29.5,-1.0,2.60685,67.558815,0,9.38466
2022,29.5,-0.75,2.7024517,65.01775,0,9.728826
2022,29.5,-0.5,2.774968,62.450726,0,9.989884
2022,29.5,-0.25,2.834483,59.097137,0,10.204138
2022,29.5,0.0,2.9009984,56.70265,0,10.443594
2022,29.5,0.25,2.960468,58.284714,0,10.657684
2022,29.5,0.5,2.9958227,62.51897,0,10.784962
2022,29.5,0.75,3.025932,64.77783,0,10.893355
2022,29.5,1.0,3.0110857,67.30541,0,10.839909
2022,29.5,1.25,2.9948618,70.27639,0,10.781503
2022,29.5,1.5,3.035246,75.53013,0,10.926885
2022,29.5,1.75,3.120968,76.96593,0,11.235485
2022,29.5,2.0,3.1841862,79.12048,0,11.46307
2022,29.5,2.25,3.1800604,78.652565,0,11.448217
2022,29.5,2.5,3.1063135,77.736435,0,11.182728
2022,29.5,2.75,2.9765785,76.465004,0,10.715682
2022,29.5,3.0,2.8175437,72.01696,0,10.143157
2022,29.5,3.25,2.737367,68.00283,0,9.854521
2022,29.5,3.5,2.6497002,67.23473,0,9.53892
2022,29.5,3.75,2.6504915,69.48545,0,9.541769
2022,29.5,4.0,2.6654859,71.38607,0,9.595749
2022,29.5,4.25,2.5891197,70.6756,0,9.32083
2022,29.5,4.5,2.5403335,71.28494,0,9.145201
2022,29.5,4.75,2.4917982,70.2102,0,8.970473
2022,29.5,5.0,2.4939344,69.295815,0,8.978164
2022,29.5,5.25,2.4649556,97.54987,0,8.873839
2022,29.5,5.5,2.4479527,96.89579,0,8.81263
2022,29.5,5.75,2.4227023,96.00367,0,8.721728
2022,29.5,6.0,2.417484,96.43473,0,8.702942
2022,29.5,6.25,2.3933518,97.1756,0,8.616066
2022,29.5,6.5,2.3807452,99.13758,0,8.570683
2022,29.5,6.75,2.3493435,100.62321,0,8.457637
2022,29.5,7.0,2.2999182,102.200386,0,8.279705
2022,29.5,7.25,2.198435,101.03428,0,7.9143662
2022,29.5,7.5,2.113638,99.17495,0,7.6090965
2022,29.5,7.75,2.0330281,99.31687,0,7.318901
2022,29.5,8.0,1.9581383,100.82861,0,7.049298
2022,29.5,8.25,1.8892708,97.935875,0,6.8013744
2022,29.5,8.5,1.8630983,102.75529,0,6.707154
2022,29.5,8.75,1.9030299,103.858574,0,6.8509073
2022,29.5,9.0,2.0119102,108.92831,0,7.2428765
2022,29.5,9.25,2.018608,113.922485,0,7.2669888
2022,29.5,9.5,1.9847088,117.75931,0,7.1449513
2022,29.5,9.75,1.9253527,118.82507,0,6.9312696
2022,29.5,10.0,1.9070778,119.10769,0,6.86548
2022,29.5,10.25,1.9741019,118.83561,0,7.1067667
2022,29.5,10.5,1.990496,117.82246,0,7.165786
2022,29.5,10.75,2.0207977,116.46163,0,7.274872
2022,29.5,11.0,1.999457,145.48128,0,7.1980453
2022,29.5,11.25,1.9886881,144.33258,0,7.159277
2022,29.5,11.5,2.012559,143.42036,0,7.245212
2022,29.5,11.75,2.041071,142.14087,0,7.347855
2022,29.5,12.0,2.0730495,140.45294,0,7.4629784
2022,29.25,-9.0,1.9480858,188.43701,0,7.0131087
2022,29.25,-8.75,1.6831508,174.50566,0,6.0593424
2022,29.25,-8.5,1.3520719,158.98326,0,4.867459
2022,29.25,-8.25,1.3539461,150.3468,0,4.8742056
2022,29.25,-8.0,1.3087624,155.43744,0,4.7115445
2022,29.25,-7.75,1.4916224,155.73114,0,5.3698406
2022,29.25,-7.5,1.7097797,163.10869,0,6.1552067
2022,29.25,-7.25,1.9052564,162.49617,0,6.858923
2022,29.25,-7.0,1.979802,164.9504,0,7.127287
2022,29.25,-6.75,1.9114113,163.27568,0,6.8810806
2022,29.25,-6.5,1.9329495,166.37813,0,6.958618
2022,29.25,-6.25,1.8834243,164.33037,0,6.7803273
2022,29.25,-6.0,1.8617034,160.79352,0,6.702132
2022,29.25,-5.75,1.7927116,177.41864,0,6.4537616
2022,29.25,-5.5,1.755936,173.57098,0,6.3213696
2022,29.25,-5.25,1.7316809,143.24144,0,6.2340508
2022,29.25,-5.0,1.7398759,139.85124,0,6.263553
2022,29.25,-4.75,1.7235554,136.47643,0,6.2047997
2022,29.25,-4.5,1.7565061,136.41628,0,6.323422
2022,29.25,-4.25,1.8054986,135.34706,0,6.499795
2022,29.25,-4.0,1.8645283,131.1282,0,6.7123017
2022,29.25,-3.75,1.7747768,123.75568,0,6.3891964
2022,29.25,-3.5,1.794383,112.31374,0,6.459779
2022,29.25,-3.25,1.8478223,104.91988,0,6.65216
2022,29.25,-3.0,1.8976775,97.520805,0,6.831639
2022,29.25,-2.75,1.9036387,91.38202,0,6.8530993
2022,29.25,-2.5,1.9591851,83.02737,0,7.0530663
2022,29.25,-2.25,1.9643046,76.63992,0,7.0714965
2022,29.25,-2.0,2.043028,73.06001,0,7.354901
2022,29.25,-1.75,2.0781064,69.467735,0,7.481183
2022,29.25,-1.5,2.2578216,65.954956,0,8.128158
2022,29.25,-1.25,2.4467473,64.799255,0,8.8082905
2022,29.25,-1.0,2.6942513,63.43837,0,9.699305
2022,29.25,-0.75,2.800563,61.139786,0,10.0820265
2022,29.25,-0.5,2.8337252,57.12511,0,10.20141
2022,29.25,-0.25,2.9013722,53.79127,0,10.44494
2022,29.25,0.0,2.9659798,54.90102,0,10.677527
2022,29.25,0.25,3.0194776,60.949814,0,10.870119
2022,29.25,0.5,3.0634024,65.20529,0,11.028249
2022,29.25,0.75,3.0395164,68.286644,0,10.942259
2022,29.25,1.0,3.0323732,70.82581,0,10.916543
2022,29.25,1.25,3.0873997,74.32136,0,11.114638
2022,29.25,1.5,3.2180054,76.64799,0,11.584819
2022,29.25,1.75,3.3050983,77.51824,0,11.898354
2022,29.25,2.0,3.3483503,78.14115,0,12.054061
2022,29.25,2.25,3.3417082,77.72927,0,12.030149
2022,29.25,2.5,3.325494,78.16171,0,11.971778
2022,29.25,2.75,3.135626,75.085526,0,11.288254
2022,29.25,3.0,2.9694564,70.66453,0,10.6900425
2022,29.25,3.25,2.8196003,68.663795,0,10.150561
2022,29.25,3.5,2.726949,68.257866,0,9.817016
2022,29.25,3.75,2.7266483,71.202354,0,9.815934
2022,29.25,4.0,2.7745235,71.62448,0,9.988284
2022,29.25,4.25,2.6953557,70.79326,0,9.70328
2022,29.25,4.5,2.6042633,68.31419,0,9.375348
2022,29.25,4.75,2.5519235,67.0657,0,9.186924
2022,29.25,5.0,2.5550256,96.79425,0,9.1980915
2022,29.25,5.25,2.521885,96.370705,0,9.078786
2022,29.25,5.5,2.5081842,95.81849,0,9.029463
2022,29.25,5.75,2.5044138,96.27368,0,9.015889
2022,29.25,6.0,2.5018985,96.7796,0,9.006834
2022,29.25,6.25,2.4885743,97.93557,0,8.958867
2022,29.25,6.5,2.4682577,99.5776,0,8.885727
2022,29.25,6.75,2.4379377,100.88247,0,8.776576
2022,29.25,7.0,2.3617976,100.81628,0,8.502471
2022,29.25,7.25,2.257326,99.731346,0,8.126373
2022,29.25,7.5,2.144462,100.27946,0,7.720063
2022,29.25,7.75,2.0832274,104.07174,0,7.4996185
2022,29.25,8.0,2.0152829,107.54203,0,7.255018
2022,29.25,8.25,1.9551778,103.74365,0,7.03864
2022,29.25,8.5,1.9431175,104.89597,0,6.995223
2022,29.25,8.75,2.0329225,104.561455,0,7.318521
2022,29.25,9.0,2.171087,107.39719,0,7.815913
2022,29.25,9.25,2.1649227,112.80984,0,7.7937217
2022,29.25,9.5,2.088087,116.3063,0,7.517113
2022,29.25,9.75,2.0227153,117.838234,0,7.281775
2022,29.25,10.0,1.9917532,118.04003,0,7.1703115
2022,29.25,10.25,2.0023584,117.29297,0,7.2084904
2022,29.25,10.5,2.0148523,116.67572,0,7.253468
2022,29.25,10.75,2.0213962,115.97077,0,7.277026
2022,29.25,11.0,2.0014,114.98846,0,7.20504
2022,29.25,11.25,2.0211642,114.06544,0,7.2761908
2022,29.25,11.5,2.0422232,143.22353,0,7.3520036
2022,29.25,11.75,2.0702853,141.87651,0,7.453027
2022,29.25,12.0,2.0756893,140.17822,0,7.4724813
2022,29.0,-9.0,1.9022293,177.07161,0,6.8480253
2022,29.0,-8.75,1.67246,161.7524,0,6.020856
2022,29.0,-8.5,1.5401868,152.12175,0,5.544672
2022,29.0,-8.25,1.5427428,156.73766,0,5.553874
2022,29.0,-8.0,1.6870686,174.99333,0,6.0734468
2022,29.0,-7.75,1.7664491,176.89014,0,6.3592167
2022,29.0,-7.5,1.9876642,175.51306,0,7.155591
2022,29.0,-7.25,2.108349,170.75952,0,7.5900564
2022,29.0,-7.0,2.042508,165.2341,0,7.3530283
2022,29.0,-6.75,1.9843115,161.90181,0,7.1435213
2022,29.0,-6.5,1.8925351,156.54422,0,6.813126
2022,29.0,-6.25,1.8002428,152.03203,0,6.480874
2022,29.0,-6.0,1.7817377,148.92989,0,6.4142556
2022,29.0,-5.75,1.75985,145.78235,0,6.3354597
2022,29.0,-5.5,1.7294774,142.62447,0,6.2261186
2022,29.0,-5.25,1.7345282,139.83484,0,6.2443013
2022,29.0,-5.0,1.7568355,137.04608,0,6.3246074
2022,29.0,-4.75,1.7581593,133.55482,0,6.3293734
2022,29.0,-4.5,1.8047072,131.1566,0,6.496946
2022,29.0,-4.25,1.8542371,129.56029,0,6.6752534
2022,29.0,-4.0,1.8403487,125.87679,0,6.625255
2022,29.0,-3.75,1.7288547,117.15986,0,6.2238765
2022,29.0,-3.5,1.737225,105.83722,0,6.25401
2022,29.0,-3.25,1.7496432,96.64753,0,6.2987156
2022,29.0,-3.0,1.8296148,81.46354,0,6.586613
2022,29.0,-2.75,1.901019,76.38095,0,6.843668
2022,29.0,-2.5,2.0312383,72.37049,0,7.3124576
2022,29.0,-2.25,2.118934,68.894936,0,7.628162
2022,29.0,-2.0,2.2435627,65.886215,0,8.076825
2022,29.0,-1.75,2.290603,63.046734,0,8.24617
2022,29.0,-1.5,2.3348372,61.33411,0,8.405414
2022,29.0,-1.25,2.4656203,60.787853,0,8.876233
2022,29.0,-1.0,2.7269752,59.839905,0,9.81711
2022,29.0,-0.75,2.8526714,57.398335,0,10.269617
2022,29.0,-0.5,2.8976233,53.48573,0,10.431443
2022,29.0,-0.25,2.861543,53.036407,0,10.301555
2022,29.0,0.0,2.9178638,56.876324,0,10.50431
2022,29.0,0.25,3.0250778,64.52498,0,10.89028
2022,29.0,0.5,3.100671,68.57081,0,11.1624155
2022,29.0,0.75,3.0895665,71.64228,0,11.122439
2022,29.0,1.0,3.1004732,72.775696,0,11.161703
2022,29.0,1.25,3.2037115,75.214806,0,11.533361
2022,29.0,1.5,3.3358614,75.670876,0,12.009101
2022,29.0,1.75,3.3862927,76.76612,0,12.190654
2022,29.0,2.0,3.4287875,77.41912,0,12.343635
2022,29.0,2.25,3.4859498,78.32915,0,12.549418
2022,29.0,2.5,3.4968092,77.81994,0,12.588513
2022,29.0,2.75,3.2665308,103.42508,0,11.75951
2022,29.0,3.0,3.0687091,100.00132,0,11.047353
2022,29.0,3.25,2.9187555,98.21871,0,10.50752
2022,29.0,3.5,2.8796155,98.70776,0,10.366615
2022,29.0,3.75,2.880318,100.59967,0,10.369144
2022,29.0,4.0,2.9218416,100.53845,0,10.51863
2022,29.0,4.25,2.8148565,98.68463,0,10.133483
2022,29.0,4.5,2.7250254,96.27756,0,9.810091
2022,29.0,4.75,2.6447113,95.072105,0,9.52096
2022,29.0,5.0,2.6405704,95.48364,0,9.506053
2022,29.0,5.25,2.5937889,95.620026,0,9.33764
2022,29.0,5.5,2.5813997,95.39963,0,9.293038
2022,29.0,5.75,2.5784647,95.84567,0,9.282473
2022,29.0,6.0,2.5843387,97.001465,0,9.303619
2022,29.0,6.25,2.576627,98.46237,0,9.275857
2022,29.0,6.5,2.5436788,99.75118,0,9.157244
2022,29.0,6.75,2.47245,101.01116,0,8.90082
2022,29.0,7.0,2.3964183,101.019936,0,8.627106
2022,29.0,7.25,2.320368,103.34933,0,8.353325
2022,29.0,7.5,2.21265,106.0072,0,7.96554
2022,29.0,7.75,2.1670396,110.14608,0,7.8013425
2022,29.0,8.0,2.1377995,111.288,0,7.696078
2022,29.0,8.25,2.106633,107.24401,0,7.5838785
2022,29.0,8.5,2.0677798,107.742065,0,7.444007
2022,29.0,8.75,2.1385903,106.36914,0,7.698925
2022,29.0,9.0,2.2934642,106.24182,0,8.256471
2022,29.0,9.25,2.2896082,107.51957,0,8.242589
2022,29.0,9.5,2.194968,111.80783,0,7.9018846
2022,29.0,9.75,2.0870817,114.78778,0,7.513494
2022,29.0,10.0,2.036093,115.89889,0,7.3299346
2022,29.0,10.25,2.031082,115.45568,0,7.311895
2022,29.0,10.5,2.02806,114.71945,0,7.301016
2022,29.0,10.75,2.0392108,114.02781,0,7.341159
2022,29.0,11.0,2.0533135,113.126434,0,7.391928
2022,29.0,11.25,2.0900576,112.06901,0,7.524207
2022,29.0,11.5,2.1088774,110.9732,0,7.5919585
2022,29.0,11.75,2.1124182,108.60548,0,7.6047053
2022,29.0,12.0,2.1240911,136.3514,0,7.646728
2022,28.75,-9.0,2.0217903,189.92104,0,7.278445
2022,28.75,-8.75,1.8413911,185.98164,0,6.629008
2022,28.75,-8.5,1.8439865,166.98436,0,6.6383514
2022,28.75,-8.25,1.9454707,182.84453,0,7.0036945
2022,28.75,-8.0,1.9614371,184.24956,0,7.0611734
2022,28.75,-7.75,2.0263116,185.44661,0,7.2947216
2022,28.75,-7.5,2.0393307,179.83406,0,7.3415904
2022,28.75,-7.25,1.9746443,168.94426,0,7.1087193
2022,28.75,-7.0,1.927672,160.48006,0,6.939619
2022,28.75,-6.75,1.8822507,156.26906,0,6.776102
2022,28.75,-6.5,1.8016373,152.32501,0,6.485894
2022,28.75,-6.25,1.7444668,149.32117,0,6.2800803
2022,28.75,-6.0,1.7386422,146.07841,0,6.259112
2022,28.75,-5.75,1.7321548,143.13387,0,6.2357574
2022,28.75,-5.5,1.7450475,140.77843,0,6.282171
2022,28.75,-5.25,1.7680892,138.35852,0,6.365121
2022,28.75,-5.0,1.7832694,135.25714,0,6.41977
2022,28.75,-4.75,1.8057488,132.13329,0,6.5006957
2022,28.75,-4.5,1.8556107,129.04564,0,6.6801987
2022,28.75,-4.25,1.8720139,124.655785,0,6.73925
2022,28.75,-4.0,1.8641144,120.55994,0,6.7108116
2022,28.75,-3.75,1.8121805,119.48623,0,6.5238495
2022,28.75,-3.5,1.7937781,121.12864,0,6.457601
2022,28.75,-3.25,1.8371495,128.6914,0,6.613738
2022,28.75,-3.0,1.9070252,69.13206,0,6.8652906
2022,28.75,-2.75,1.9710941,67.5314,0,7.0959387
2022,28.75,-2.5,2.0424101,65.69406,0,7.3526764
2022,28.75,-2.25,2.212735,62.79186,0,7.9658456
2022,28.75,-2.0,2.3918073,60.59958,0,8.610506
2022,28.75,-1.75,2.4991853,59.037064,0,8.9970665
2022,28.75,-1.5,2.5519066,58.159565,0,9.186864
2022,28.75,-1.25,2.5772855,56.110256,0,9.278228
2022,28.75,-1.0,2.7250288,55.49432,0,9.810103
2022,28.75,-0.75,2.8642137,53.796734,0,10.311169
2022,28.75,-0.5,2.8913,53.656673,0,10.40868
2022,28.75,-0.25,2.8362005,54.429585,0,10.210321
2022,28.75,0.0,2.835303,60.91443,0,10.20709
2022,28.75,0.25,3.0521772,67.51995,0,10.987838
2022,28.75,0.5,3.1599338,70.94502,0,11.375761
2022,28.75,0.75,3.196994,71.917305,0,11.509178
2022,28.75,1.0,3.210698,72.42155,0,11.558512
2022,28.75,1.25,3.3118384,72.41985,0,11.922618
2022,28.75,1.5,3.4080114,73.30981,0,12.268841
2022,28.75,1.75,3.4661992,75.72942,0,12.478316
2022,28.75,2.0,3.5905962,77.94811,0,12.926146
2022,28.75,2.25,3.66619,79.08722,0,13.198283
2022,28.75,2.5,3.6020682,106.039154,0,12.967445
2022,28.75,2.75,3.3450816,101.55152,0,12.042294
2022,28.75,3.0,3.1737316,99.12011,0,11.425433
2022,28.75,3.25,3.0859516,98.59281,0,11.109426
2022,28.75,3.5,3.07016,98.73574,0,11.052575
2022,28.75,3.75,3.0892985,99.22097,0,11.121474
2022,28.75,4.0,3.1491978,99.2344,0,11.337111
2022,28.75,4.25,3.0139897,97.55148,0,10.850363
2022,28.75,4.5,2.8439376,95.38363,0,10.238175
2022,28.75,4.75,2.7334344,94.17386,0,9.8403635
2022,28.75,5.0,2.734595,95.572754,0,9.844542
2022,28.75,5.25,2.6690185,94.95355,0,9.608466
2022,28.75,5.5,2.6585577,94.53772,0,9.570807
2022,28.75,5.75,2.656082,95.113106,0,9.561894
2022,28.75,6.0,2.6722412,96.27291,0,9.620069
2022,28.75,6.25,2.663719,98.53289,0,9.589388
2022,28.75,6.5,2.6195755,100.92043,0,9.430471
2022,28.75,6.75,2.538303,102.91808,0,9.13789
2022,28.75,7.0,2.4725764,105.91151,0,8.901275
2022,28.75,7.25,2.4205244,109.247,0,8.713887
2022,28.75,7.5,2.3831413,112.31747,0,8.5793085
2022,28.75,7.75,2.3184354,115.328285,0,8.346367
2022,28.75,8.0,2.293132,117.82807,0,8.255275
2022,28.75,8.25,2.2639956,101.58958,0,8.150384
2022,28.75,8.5,2.2280114,103.380165,0,8.020841
2022,28.75,8.75,2.2419126,102.63959,0,8.070885
2022,28.75,9.0,2.3625648,101.35492,0,8.505233
2022,28.75,9.25,2.3715618,100.71146,0,8.537622
2022,28.75,9.5,2.29132,99.51117,0,8.248752
2022,28.75,9.75,2.1667466,95.02606,0,7.8002877
2022,28.75,10.0,2.1077068,116.39459,0,7.587744
2022,28.75,10.25,2.0895555,114.5249,0,7.5223994
2022,28.75,10.5,2.1010015,113.092125,0,7.5636053
2022,28.75,10.75,2.1151779,111.950745,0,7.61464
2022,28.75,11.0,2.143708,110.50238,0,7.7173486
2022,28.75,11.25,2.1400304,108.456154,0,7.704109
2022,28.75,11.5,2.1474173,105.11904,0,7.730702
2022,28.75,11.75,2.169863,101.12943,0,7.8115067
2022,28.75,12.0,2.1700187,97.56775,0,7.812067
2022,28.5,-9.0,2.2528455,216.27287,0,8.110244
2022,28.5,-8.75,2.1526935,201.18915,0,7.7496963
2022,28.5,-8.5,2.207259,195.23938,0,7.946132
2022,28.5,-8.25,2.1816251,194.09053,0,7.8538504
2022,28.5,-8.0,2.140011,197.2555,0,7.7040396
2022,28.5,-7.75,2.052876,198.07515,0,7.390353
2022,28.5,-7.5,1.9355501,165.44398,0,6.9679804
2022,28.5,-7.25,1.837947,158.81053,0,6.616609
2022,28.5,-7.0,1.8069552,155.62514,0,6.5050387
2022,28.5,-6.75,1.7848959,152.65031,0,6.425625
2022,28.5,-6.5,1.7725478,150.15926,0,6.381172
2022,28.5,-6.25,1.7705508,147.71535,0,6.373983
2022,28.5,-6.0,1.7794958,145.30748,0,6.4061847
2022,28.5,-5.75,1.7957603,143.52393,0,6.464737
2022,28.5,-5.5,1.8147568,141.48192,0,6.533124
2022,28.5,-5.25,1.8208534,138.75354,0,6.555072
2022,28.5,-5.0,1.8010808,135.76266,0,6.483891
2022,28.5,-4.75,1.8357835,133.7066,0,6.6088204
2022,28.5,-4.5,1.857787,130.58997,0,6.688033
2022,28.5,-4.25,1.8540125,125.664635,0,6.6744447
2022,28.5,-4.0,1.8490933,116.3447,0,6.656736
2022,28.5,-3.75,1.9110193,125.87628,0,6.879669
2022,28.5,-3.5,1.9360251,124.44565,0,6.9696903
2022,28.5,-3.25,1.9825783,94.258606,0,7.1372814
2022,28.5,-3.0,2.0516388,94.646,0,7.3858995
2022,28.5,-2.75,2.1460361,94.712585,0,7.72573
2022,28.5,-2.5,2.2540867,63.997982,0,8.114712
2022,28.5,-2.25,2.4248772,61.05136,0,8.729558
2022,28.5,-2.0,2.552819,59.212753,0,9.190148
2022,28.5,-1.75,2.6484485,57.507732,0,9.534414
2022,28.5,-1.5,2.7002833,55.21283,0,9.72102
2022,28.5,-1.25,2.7280648,51.843502,0,9.821033
2022,28.5,-1.0,2.802209,51.755524,0,10.087952
2022,28.5,-0.75,2.8848104,52.71048,0,10.385318
2022,28.5,-0.5,2.9098861,53.97751,0,10.47559
2022,28.5,-0.25,2.8906043,56.62849,0,10.406175
2022,28.5,0.0,2.8833764,62.47494,0,10.380155
2022,28.5,0.25,3.1018798,67.98733,0,11.166767
2022,28.5,0.5,3.233965,70.015755,0,11.642273
2022,28.5,0.75,3.285868,70.34063,0,11.829124
2022,28.5,1.0,3.2896235,70.14864,0,11.842645
2022,28.5,1.25,3.3322537,70.28089,0,11.996113
2022,28.5,1.5,3.4334192,73.04604,0,12.360309
2022,28.5,1.75,3.6090128,75.86811,0,12.992446
2022,28.5,2.0,3.7760732,77.37478,0,13.5938635
2022,28.5,2.25,3.8597298,76.0805,0,13.895027
2022,28.5,2.5,3.7461252,72.95051,0,13.486051
2022,28.5,2.75,3.5008688,99.93744,0,12.6031275
2022,28.5,3.0,3.3838072,98.54925,0,12.181705
2022,28.5,3.25,3.2955112,97.99457,0,11.86384
2022,28.5,3.5,3.2143319,98.87082,0,11.571594
2022,28.5,3.75,3.206623,99.75037,0,11.543842
2022,28.5,4.0,3.3156354,98.17569,0,11.936287
2022,28.5,4.25,3.2149546,94.39404,0,11.573836
2022,28.5,4.5,3.0485003,92.439735,0,10.974601
2022,28.5,4.75,2.9269893,94.089806,0,10.537161
2022,28.5,5.0,2.9434884,96.21734,0,10.596558
2022,28.5,5.25,2.838831,94.51703,0,10.219791
2022,28.5,5.5,2.7521427,93.459656,0,9.907713
2022,28.5,5.75,2.733579,94.405945,0,9.840884
2022,28.5,6.0,2.7500303,97.12295,0,9.900108
2022,28.5,6.25,2.7294111,100.032265,0,9.82588
2022,28.5,6.5,2.7000227,103.20785,0,9.720081
2022,28.5,6.75,2.6416032,106.35684,0,9.509771
2022,28.5,7.0,2.5934553,109.50289,0,9.336439
2022,28.5,7.25,2.5635095,112.02343,0,9.228634
2022,28.5,7.5,2.5540054,113.578156,0,9.194419
2022,28.5,7.75,2.4670808,85.36315,0,8.881491
2022,28.5,8.0,2.4265828,86.98309,0,8.735698
2022,28.5,8.25,2.3901005,89.308815,0,8.604362
2022,28.5,8.5,2.3742638,91.39466,0,8.547349
2022,28.5,8.75,2.3962824,92.374825,0,8.6266165
2022,28.5,9.0,2.471833,92.984215,0,8.898599
2022,28.5,9.25,2.4516175,91.92169,0,8.825823
2022,28.5,9.5,2.3868396,89.67667,0,8.592623
2022,28.5,9.75,2.3217728,86.52172,0,8.358382
2022,28.5,10.0,2.2904675,83.84462,0,8.245683
2022,28.5,10.25,2.274736,82.25079,0,8.189049
2022,28.5,10.5,2.2631269,80.92455,0,8.147257
2022,28.5,10.75,2.2613518,109.67864,0,8.140866
2022,28.5,11.0,2.2515419,108.65396,0,8.105551
2022,28.5,11.25,2.1977472,106.76779,0,7.91189
2022,28.5,11.5,2.1540723,103.06364,0,7.75466
2022,28.5,11.75,2.1101916,99.521385,0,7.5966897
2022,28.5,12.0,2.0829108,96.050316,0,7.4984784
2022,28.25,-9.0,2.4985235,212.40974,0,8.994684
2022,28.25,-8.75,2.3983681,211.63683,0,8.634125
2022,28.25,-8.5,2.4066572,210.19226,0,8.663966
2022,28.25,-8.25,2.3527563,210.68697,0,8.469922
2022,28.25,-8.0,2.2416308,209.56453,0,8.069871
2022,28.25,-7.75,2.0712368,208.29497,0,7.4564524
2022,28.25,-7.5,1.8975428,150.3719,0,6.831154
2022,28.25,-7.25,1.7997651,154.25502,0,6.479154
2022,28.25,-7.0,1.7929507,154.04854,0,6.4546227
2022,28.25,-6.75,1.8173636,152.75348,0,6.542509
2022,28.25,-6.5,1.8309089,151.26424,0,6.591272
2022,28.25,-6.25,1.8127689,148.84927,0,6.525968
2022,28.25,-6.0,1.8139704,147.42143,0,6.5302935
2022,28.25,-5.75,1.8125439,145.71611,0,6.525158
2022,28.25,-5.5,1.8018514,143.2654,0,6.486665
2022,28.25,-5.25,1.7892655,140.20602,0,6.4413557
2022,28.25,-5.0,1.8022629,137.44337,0,6.4881463
2022,28.25,-4.75,1.8529791,134.59767,0,6.6707244
2022,28.25,-4.5,1.8778616,132.41905,0,6.7603016
2022,28.25,-4.25,1.8808221,130.87569,0,6.7709594
2022,28.25,-4.0,1.920946,94.89182,0,6.9154053
2022,28.25,-3.75,1.9908524,95.28723,0,7.1670685
2022,28.25,-3.5,2.0530117,94.50696,0,7.390842
2022,28.25,-3.25,2.1117795,94.54703,0,7.602406
2022,28.25,-3.0,2.1721828,94.55771,0,7.819858
2022,28.25,-2.75,2.2482853,93.880394,0,8.093827
2022,28.25,-2.5,2.3645482,62.342194,0,8.512373
2022,28.25,-2.25,2.4636242,60.86134,0,8.869047
2022,28.25,-2.0,2.5306304,59.53125,0,9.110269
2022,28.25,-1.75,2.5960147,57.07375,0,9.345653
2022,28.25,-1.5,2.6649024,53.49828,0,9.593649
2022,28.25,-1.25,2.7176697,50.02528,0,9.78361
2022,28.25,-1.0,2.7779102,49.873352,0,10.000477
2022,28.25,-0.75,2.8668163,51.636047,0,10.3205385
2022,28.25,-0.5,2.9333687,54.393444,0,10.560127
2022,28.25,-0.25,2.97136,58.070843,0,10.696896
2022,28.25,0.0,3.0070524,62.747227,0,10.825388
2022,28.25,0.25,3.1342812,66.51969,0,11.283412
2022,28.25,0.5,3.253523,67.59843,0,11.712683
2022,28.25,0.75,3.32611,67.70158,0,11.973995
2022,28.25,1.0,3.3503292,68.275635,0,12.061185
2022,28.25,1.25,3.352639,70.73675,0,12.0695
2022,28.25,1.5,3.5220745,74.16038,0,12.679468
2022,28.25,1.75,3.7037086,74.85849,0,13.333351
2022,28.25,2.0,3.852514,73.12538,0,13.86905
2022,28.25,2.25,3.9544735,69.59194,0,14.236104
2022,28.25,2.5,3.9913177,66.09707,0,14.368744
2022,28.25,2.75,3.8449943,63.772186,0,13.841979
2022,28.25,3.0,3.739479,63.451298,0,13.462124
2022,28.25,3.25,3.6188002,94.86831,0,13.02768
2022,28.25,3.5,3.4882867,97.43884,0,12.557832
2022,28.25,3.75,3.3875854,98.91981,0,12.195307
2022,28.25,4.0,3.4021022,93.97095,0,12.247568
2022,28.25,4.25,3.3717499,89.924644,0,12.138299
2022,28.25,4.5,3.3175824,90.568306,0,11.943296
2022,28.25,4.75,3.2710226,94.71533,0,11.775681
2022,28.25,5.0,3.207207,96.922485,0,11.545945
2022,28.25,5.25,2.969992,94.60336,0,10.691971
2022,28.25,5.5,2.844938,93.675385,0,10.241776
2022,28.25,5.75,2.8136244,95.04925,0,10.129047
2022,28.25,6.0,2.839986,98.043396,0,10.223949
2022,28.25,6.25,2.8616447,100.76291,0,10.301921
2022,28.25,6.5,2.8874333,103.56855,0,10.394759
2022,28.25,6.75,2.8277845,106.23313,0,10.180024
2022,28.25,7.0,2.7457588,108.813194,0,9.884731
2022,28.25,7.25,2.6729705,110.81896,0,9.622694
2022,28.25,7.5,2.6223457,81.45533,0,9.440444
2022,28.25,7.75,2.5819085,81.70425,0,9.29487
2022,28.25,8.0,2.5794334,82.09448,0,9.28596
2022,28.25,8.25,2.5569875,83.544624,0,9.205154
2022,28.25,8.5,2.531152,86.24304,0,9.112147
2022,28.25,8.75,2.579521,89.065704,0,9.286275
2022,28.25,9.0,2.6861598,89.348,0,9.670176
2022,28.25,9.25,2.6695921,87.44733,0,9.610532
2022,28.25,9.5,2.599878,84.63684,0,9.359561
2022,28.25,9.75,2.52502,81.85799,0,9.090072
2022,28.25,10.0,2.472683,79.97387,0,8.901658
2022,28.25,10.25,2.4720497,79.51373,0,8.899379
2022,28.25,10.5,2.4579523,79.64479,0,8.848628
2022,28.25,10.75,2.4474597,79.769585,0,8.810855
2022,28.25,11.0,2.423044,79.46696,0,8.722958
2022,28.25,11.25,2.3397057,107.92584,0,8.42294
2022,28.25,11.5,2.1796255,105.64435,0,7.8466516
2022,28.25,11.75,2.0662348,104.08972,0,7.438445
2022,28.25,12.0,1.99451,102.38177,0,7.180236
2022,28.0,-9.0,2.8676298,212.67754,0,10.323467
2022,28.0,-8.75,2.7429426,213.16008,0,9.874593
2022,28.0,-8.5,2.551183,212.84924,0,9.184258
2022,28.0,-8.25,2.4255579,213.052,0,8.732008
2022,28.0,-8.0,2.2399652,212.17308,0,8.063874
2022,28.0,-7.75,2.0737069,181.30798,0,7.4653444
2022,28.0,-7.5,1.9368969,150.96965,0,6.972829
2022,28.0,-7.25,1.8281969,155.04152,0,6.5815086
2022,28.0,-7.0,1.8226966,156.13225,0,6.5617075
2022,28.0,-6.75,1.8430785,154.35483,0,6.6350822
2022,28.0,-6.5,1.8491498,151.89473,0,6.656939
2022,28.0,-6.25,1.8328539,149.30388,0,6.5982738
2022,28.0,-6.0,1.8580552,148.33684,0,6.6889987
2022,28.0,-5.75,1.851003,146.45482,0,6.663611
2022,28.0,-5.5,1.8239112,144.20135,0,6.56608
2022,28.0,-5.25,1.8009528,142.15462,0,6.48343
2022,28.0,-5.0,1.8255938,140.4998,0,6.572138
2022,28.0,-4.75,1.8689466,148.07278,0,6.7282076
2022,28.0,-4.5,1.9268218,121.125206,0,6.9365582
2022,28.0,-4.25,1.9752198,92.90432,0,7.110791
2022,28.0,-4.0,2.024999,94.047386,0,7.2899957
2022,28.0,-3.75,2.0633254,94.17899,0,7.4279714
2022,28.0,-3.5,2.107115,94.21603,0,7.5856137
2022,28.0,-3.25,2.175546,93.71945,0,7.831965
2022,28.0,-3.0,2.247931,92.60703,0,8.092551
2022,28.0,-2.75,2.326223,91.17443,0,8.374402
2022,28.0,-2.5,2.4099686,89.98743,0,8.675887
2022,28.0,-2.25,2.4846146,59.634106,0,8.9446125
2022,28.0,-2.0,2.552014,58.49962,0,9.18725
2022,28.0,-1.75,2.5866585,56.009506,0,9.311971
2022,28.0,-1.5,2.6172006,82.29404,0,9.421922
2022,28.0,-1.25,2.6216042,78.82364,0,9.437775
2022,28.0,-1.0,2.6828384,77.32447,0,9.658218
2022,28.0,-0.75,2.7984893,49.412933,0,10.074561
2022,28.0,-0.5,2.9287615,53.590336,0,10.543541
2022,28.0,-0.25,3.0197752,58.36523,0,10.87119
2022,28.0,0.0,3.100578,62.572277,0,11.162081
2022,28.0,0.25,3.149576,64.42879,0,11.338473
2022,28.0,0.5,3.252156,65.23835,0,11.707762
2022,28.0,0.75,3.3335798,65.8379,0,12.000887
2022,28.0,1.0,3.3840168,67.20202,0,12.18246
2022,28.0,1.25,3.4871166,70.65028,0,12.553619
2022,28.0,1.5,3.694748,102.63543,0,13.301092
2022,28.0,1.75,3.715821,101.53799,0,13.376955
2022,28.0,2.0,3.654146,67.84679,0,13.154925
2022,28.0,2.25,3.6980388,64.22547,0,13.31294
2022,28.0,2.5,3.9064379,62.673157,0,14.063176
2022,28.0,2.75,3.8451803,60.42687,0,13.8426485
2022,28.0,3.0,3.7696598,60.23955,0,13.570775
2022,28.0,3.25,3.784501,61.22778,0,13.624204
2022,28.0,3.5,3.78697,62.423016,0,13.633091
2022,28.0,3.75,3.7730474,90.50405,0,13.582971
2022,28.0,4.0,3.6649323,86.82493,0,13.193756
2022,28.0,4.25,3.6088321,86.651764,0,12.991796
2022,28.0,4.5,3.59832,60.971493,0,12.953952
2022,28.0,4.75,3.6269712,65.495125,0,13.0570965
2022,28.0,5.0,3.5346613,95.341,0,12.72478
2022,28.0,5.25,3.1802022,93.33199,0,11.448728
2022,28.0,5.5,2.9877055,93.66437,0,10.755739
2022,28.0,5.75,2.884157,96.03601,0,10.382965
2022,28.0,6.0,2.8841193,98.850365,0,10.382829
2022,28.0,6.25,2.897027,100.72241,0,10.429297
2022,28.0,6.5,2.9807346,103.35764,0,10.730644
2022,28.0,6.75,2.9803371,105.56284,0,10.729214
2022,28.0,7.0,2.934639,107.203285,0,10.5647
2022,28.0,7.25,2.8480282,108.57282,0,10.252901
2022,28.0,7.5,2.7518022,79.58024,0,9.906487
2022,28.0,7.75,2.705325,80.66216,0,9.739169
2022,28.0,8.0,2.689168,81.11136,0,9.681005
2022,28.0,8.25,2.6942549,82.29867,0,9.699317
2022,28.0,8.5,2.7077522,84.43607,0,9.747908
2022,28.0,8.75,2.7279875,86.60668,0,9.820755
2022,28.0,9.0,2.7324297,85.81858,0,9.836747
2022,28.0,9.25,2.7256157,83.70809,0,9.812217
2022,28.0,9.5,2.6930177,81.61347,0,9.694863
2022,28.0,9.75,2.640478,80.083275,0,9.50572
2022,28.0,10.0,2.554136,79.876,0,9.194889
2022,28.0,10.25,2.5564575,80.10984,0,9.203247
2022,28.0,10.5,2.5729012,80.56386,0,9.2624445
2022,28.0,10.75,2.5796478,80.41102,0,9.286732
2022,28.0,11.0,2.545591,79.49268,0,9.164127
2022,28.0,11.25,2.4868286,77.36062,0,8.952582
2022,28.0,11.5,2.376766,105.41065,0,8.556357
2022,28.0,11.75,2.2379491,103.40922,0,8.056617
2022,28.0,12.0,2.113651,101.998055,0,7.6091437
2022,27.75,-9.0,3.054116,186.41376,0,10.994818
2022,27.75,-8.75,2.8614552,186.08531,0,10.301238
2022,27.75,-8.5,2.6635296,215.16615,0,9.588706
2022,27.75,-8.25,2.4590275,214.25331,0,8.852499
2022,27.75,-8.0,2.248875,213.17918,0,8.095949
2022,27.75,-7.75,2.0721204,182.52997,0,7.4596334
2022,27.75,-7.5,1.9968419,153.3908,0,7.1886306
2022,27.75,-7.25,1.9377131,155.84921,0,6.975767
2022,27.75,-7.0,1.9214782,156.00607,0,6.917321
2022,27.75,-6.75,1.922831,154.26491,0,6.9221916
2022,27.75,-6.5,1.9210525,152.03612,0,6.9157887
2022,27.75,-6.25,1.9077896,150.79158,0,6.8680425
2022,27.75,-6.0,1.9181656,151.26515,0,6.905396
2022,27.75,-5.75,1.9124728,150.19945,0,6.884902
2022,27.75,-5.5,1.8913859,149.14732,0,6.808989
2022,27.75,-5.25,1.8828344,148.88951,0,6.778204
2022,27.75,-5.0,1.914268,149.73766,0,6.8913646
2022,27.75,-4.75,1.9736501,120.84143,0,7.10514
2022,27.75,-4.5,2.0260239,122.06168,0,7.293686
2022,27.75,-4.25,2.0546932,94.43351,0,7.3968954
2022,27.75,-4.0,2.0850263,95.476166,0,7.5060945
2022,27.75,-3.75,2.1021888,95.08756,0,7.5678797
2022,27.75,-3.5,2.1218748,94.23148,0,7.638749
2022,27.75,-3.25,2.1641831,93.08637,0,7.791059
2022,27.75,-3.0,2.2253976,91.423256,0,8.011431
2022,27.75,-2.75,2.3197265,89.47995,0,8.351015
2022,27.75,-2.5,2.4128358,88.27746,0,8.686209
2022,27.75,-2.25,2.5161443,87.77227,0,9.058119
2022,27.75,-2.0,2.612087,56.907185,0,9.403513
2022,27.75,-1.75,2.6599975,84.29548,0,9.575991
2022,27.75,-1.5,2.63871,79.736305,0,9.499356
2022,27.75,-1.25,2.642668,76.144585,0,9.513604
2022,27.75,-1.0,2.6512063,74.24386,0,9.544342
2022,27.75,-0.75,2.716904,76.03732,0,9.780854
2022,27.75,-0.5,2.8313065,51.05429,0,10.192703
2022,27.75,-0.25,3.036188,58.006702,0,10.930276
2022,27.75,0.0,3.173997,62.19347,0,11.426389
2022,27.75,0.25,3.1739712,92.85895,0,11.426296
2022,27.75,0.5,3.248763,93.60511,0,11.695547
2022,27.75,0.75,3.3376205,94.87281,0,12.015433
2022,27.75,1.0,3.44273,67.01124,0,12.393827
2022,27.75,1.25,3.5909398,69.67752,0,12.927382
2022,27.75,1.5,3.7865765,70.36806,0,13.631675
2022,27.75,1.75,3.6744874,95.87936,0,13.228154
2022,27.75,2.0,3.586662,62.111706,0,12.9119835
2022,27.75,2.25,3.7296686,61.24053,0,13.426806
2022,27.75,2.5,3.951135,61.405945,0,14.224086
2022,27.75,2.75,4.005193,60.492096,0,14.418695
2022,27.75,3.0,3.9450772,60.54125,0,14.202277
2022,27.75,3.25,4.2002935,62.123074,0,15.121057
2022,27.75,3.5,4.355313,61.114193,0,15.679126
2022,27.75,3.75,4.302506,58.903027,0,15.489021
2022,27.75,4.0,4.106171,56.849087,0,14.782216
2022,27.75,4.25,3.8697312,58.22676,0,13.931032
2022,27.75,4.5,3.7782853,63.16659,0,13.601827
2022,27.75,4.75,3.8224313,65.65554,0,13.760753
2022,27.75,5.0,3.696375,94.60966,0,13.30695
2022,27.75,5.25,3.4013107,93.2046,0,12.244719
2022,27.75,5.5,3.1357362,93.80221,0,11.2886505
2022,27.75,5.75,3.008253,95.81681,0,10.829711
2022,27.75,6.0,2.9602864,97.2012,0,10.657031
2022,27.75,6.25,2.9305305,99.69873,0,10.54991
2022,27.75,6.5,2.9901373,103.29559,0,10.764494
2022,27.75,6.75,3.0392292,105.99979,0,10.941225
2022,27.75,7.0,3.0305147,107.35206,0,10.909853
2022,27.75,7.25,2.9452493,107.39914,0,10.602898
2022,27.75,7.5,2.859419,77.17447,0,10.293908
2022,27.75,7.75,2.847967,77.69955,0,10.252681
2022,27.75,8.0,2.7720587,78.842415,0,9.979411
2022,27.75,8.25,2.7768867,80.50711,0,9.996792
2022,27.75,8.5,2.8104007,82.59002,0,10.117442
2022,27.75,8.75,2.8214657,84.31085,0,10.157276
2022,27.75,9.0,2.733815,83.89382,0,9.841734
2022,27.75,9.25,2.676698,82.74811,0,9.636112
2022,27.75,9.5,2.7117617,81.758286,0,9.7623415
2022,27.75,9.75,2.6759093,81.524445,0,9.633273
2022,27.75,10.0,2.5963993,81.74894,0,9.347037
2022,27.75,10.25,2.5483613,82.10792,0,9.174101
2022,27.75,10.5,2.6032896,82.97741,0,9.371842
2022,27.75,10.75,2.6282606,82.10807,0,9.461738
2022,27.75,11.0,2.5880115,81.05225,0,9.316841
2022,27.75,11.25,2.524874,80.07367,0,9.089546
2022,27.75,11.5,2.435013,79.14439,0,8.766047
2022,27.75,11.75,2.322138,77.573,0,8.359696
2022,27.75,12.0,2.1978195,104.62321,0,7.91215
2022,27.5,-9.0,3.1130273,188.69289,0,11.206898
2022,27.5,-8.75,2.9287875,187.95268,0,10.543634
2022,27.5,-8.5,2.7283175,186.89217,0,9.821942
2022,27.5,-8.25,2.5103524,185.96283,0,9.037269
2022,27.5,-8.0,2.2893574,185.47893,0,8.241687
2022,27.5,-7.75,2.1690485,186.58223,0,7.8085747
2022,27.5,-7.5,2.1101587,157.10298,0,7.596571
2022,27.5,-7.25,2.0477407,156.36006,0,7.371866
2022,27.5,-7.0,2.014734,155.26143,0,7.253042
2022,27.5,-6.75,2.0250437,150.33366,0,7.2901573
2022,27.5,-6.5,2.0182936,150.17603,0,7.2658567
2022,27.5,-6.25,2.0156853,151.13399,0,7.256467
2022,27.5,-6.0,2.0130298,152.06104,0,7.246907
2022,27.5,-5.75,1.9841738,150.90681,0,7.1430254
2022,27.5,-5.5,1.9698132,150.06511,0,7.0913277
2022,27.5,-5.25,1.9735523,151.00604,0,7.1047883
2022,27.5,-5.0,2.0004268,151.85419,0,7.201536
2022,27.5,-4.75,2.0469236,123.06722,0,7.368925
2022,27.5,-4.5,2.10928,94.80026,0,7.593408
2022,27.5,-4.25,2.165939,97.421135,0,7.7973804
2022,27.5,-4.0,2.1880941,98.157265,0,7.8771386
2022,27.5,-3.75,2.1897674,97.41287,0,7.8831625
2022,27.5,-3.5,2.1732543,94.312294,0,7.823715
2022,27.5,-3.25,2.2045355,91.87411,0,7.9363275
2022,27.5,-3.0,2.247459,89.271675,0,8.090852
2022,27.5,-2.75,2.3382838,86.9809,0,8.417821
2022,27.5,-2.5,2.4388368,86.086754,0,8.779812
2022,27.5,-2.25,2.5546467,86.07502,0,9.196728
2022,27.5,-2.0,2.6577961,55.131744,0,9.568066
2022,27.5,-1.75,2.7241564,82.04114,0,9.806963
2022,27.5,-1.5,2.7088907,77.64799,0,9.752007
2022,27.5,-1.25,2.6928084,74.712616,0,9.69411
2022,27.5,-1.0,2.6060903,71.61441,0,9.381925
2022,27.5,-0.75,2.6388235,73.09542,0,9.499764
2022,27.5,-0.5,2.7496765,78.63707,0,9.898835
2022,27.5,-0.25,2.9907124,56.705173,0,10.766564
2022,27.5,0.0,3.237137,61.59137,0,11.653693
2022,27.5,0.25,3.2121735,91.956825,0,11.563824
2022,27.5,0.5,3.2629833,92.47361,0,11.746739
2022,27.5,0.75,3.367789,93.71522,0,12.124041
2022,27.5,1.0,3.4925568,96.092316,0,12.573204
2022,27.5,1.25,3.7072313,66.94203,0,13.346032
2022,27.5,1.5,3.8867056,65.99149,0,13.99214
2022,27.5,1.75,3.8225343,90.54716,0,13.761124
2022,27.5,2.0,3.788933,57.76292,0,13.640159
2022,27.5,2.25,3.925663,57.858837,0,14.132386
2022,27.5,2.5,4.0877786,60.097126,0,14.716002
2022,27.5,2.75,4.165848,60.14636,0,14.997051
2022,27.5,3.0,4.1262703,60.723103,0,14.854572
2022,27.5,3.25,4.3905997,62.880783,0,15.806159
2022,27.5,3.5,4.5694165,62.106647,0,16.4499
2022,27.5,3.75,4.5748,61.610203,0,16.46928
2022,27.5,4.0,4.352141,60.9315,0,15.6677065
2022,27.5,4.25,4.1526527,61.89055,0,14.94955
2022,27.5,4.5,4.000819,64.89654,0,14.402948
2022,27.5,4.75,3.9307835,66.39432,0,14.150821
2022,27.5,5.0,3.7823277,66.17223,0,13.616379
2022,27.5,5.25,3.5317934,95.060524,0,12.714456
2022,27.5,5.5,3.327143,93.83591,0,11.977715
2022,27.5,5.75,3.166599,94.35128,0,11.399756
2022,27.5,6.0,2.9550445,94.57026,0,10.63816
2022,27.5,6.25,2.9015605,98.18317,0,10.445618
2022,27.5,6.5,2.9247978,102.527596,0,10.529272
2022,27.5,6.75,2.8715763,105.70951,0,10.337674
2022,27.5,7.0,2.8439848,106.77313,0,10.238345
2022,27.5,7.25,2.9193618,106.78445,0,10.509703
2022,27.5,7.5,2.858777,106.36102,0,10.291597
2022,27.5,7.75,2.8383446,76.67013,0,10.21804
2022,27.5,8.0,2.856774,77.93844,0,10.284387
2022,27.5,8.25,2.8441162,79.77521,0,10.238818
2022,27.5,8.5,2.893984,81.46511,0,10.418343
2022,27.5,8.75,2.904565,82.67015,0,10.456434
2022,27.5,9.0,2.770674,82.654686,0,9.974426
2022,27.5,9.25,2.6481943,83.81782,0,9.5335
2022,27.5,9.5,2.6725447,84.13973,0,9.6211605
2022,27.5,9.75,2.6285605,84.10287,0,9.462818
2022,27.5,10.0,2.5481582,84.342995,0,9.173369
2022,27.5,10.25,2.5126739,83.968605,0,9.045626
2022,27.5,10.5,2.6143622,85.56589,0,9.411704
2022,27.5,10.75,2.6194332,85.6145,0,9.429959
2022,27.5,11.0,2.5846746,85.37414,0,9.304829
2022,27.5,11.25,2.529057,84.91724,0,9.104605
2022,27.5,11.5,2.4761412,83.38994,0,8.914108
2022,27.5,11.75,2.3745108,81.67773,0,8.548239
2022,27.5,12.0,2.2671473,79.258125,0,8.16173
2022,27.25,-9.0,3.1222756,190.7558,0,11.240191
2022,27.25,-8.75,2.9604092,190.15681,0,10.657473
2022,27.25,-8.5,2.783075,189.34029,0,10.01907
2022,27.25,-8.25,2.5590804,188.79417,0,9.212689
2022,27.25,-8.0,2.427503,188.49449,0,8.739011
2022,27.25,-7.75,2.3179946,160.21681,0,8.34478
2022,27.25,-7.5,2.2498384,159.94884,0,8.099418
2022,27.25,-7.25,2.148339,158.95125,0,7.73402
2022,27.25,-7.0,2.1061857,161.48381,0,7.582268
2022,27.25,-6.75,2.0625665,146.36082,0,7.425239
2022,27.25,-6.5,2.0590184,149.4214,0,7.412466
2022,27.25,-6.25,2.0881822,151.23009,0,7.5174556
2022,27.25,-6.0,2.0857794,151.69574,0,7.5088058
2022,27.25,-5.75,2.053832,150.79321,0,7.393795
2022,27.25,-5.5,2.0307026,151.32796,0,7.310529
2022,27.25,-5.25,2.0369432,152.32683,0,7.3329954
2022,27.25,-5.0,2.0793839,124.276085,0,7.4857817
2022,27.25,-4.75,2.132612,125.913994,0,7.677403
2022,27.25,-4.5,2.2200396,98.579155,0,7.992142
2022,27.25,-4.25,2.3181214,99.91101,0,8.345237
2022,27.25,-4.0,2.34363,99.65463,0,8.437068
2022,27.25,-3.75,2.307312,95.93393,0,8.306323
2022,27.25,-3.5,2.297271,92.69479,0,8.270175
2022,27.25,-3.25,2.300246,89.104866,0,8.280886
2022,27.25,-3.0,2.3300188,86.13827,0,8.388067
2022,27.25,-2.75,2.402707,83.758514,0,8.649745
2022,27.25,-2.5,2.5002875,83.11602,0,9.001035
2022,27.25,-2.25,2.6187112,83.17185,0,9.427361
2022,27.25,-2.0,2.7233841,82.19395,0,9.804183
2022,27.25,-1.75,2.7909734,79.40598,0,10.047504
2022,27.25,-1.5,2.7698433,76.00459,0,9.971436
2022,27.25,-1.25,2.7373273,73.987885,0,9.854378
2022,27.25,-1.0,2.6491725,70.795494,0,9.537021
2022,27.25,-0.75,2.531319,98.78896,0,9.112748
2022,27.25,-0.5,2.6171174,74.67191,0,9.421622
2022,27.25,-0.25,2.88387,84.767105,0,10.381931
2022,27.25,0.0,3.2507725,90.28071,0,11.702781
2022,27.25,0.25,3.280842,90.61132,0,11.811031
2022,27.25,0.5,3.314243,90.59089,0,11.931274
2022,27.25,0.75,3.4195974,91.84643,0,12.310551
2022,27.25,1.0,3.6372087,92.401245,0,13.093951
2022,27.25,1.25,3.8691282,63.09258,0,13.928862
2022,27.25,1.5,4.0362186,60.84074,0,14.530387
2022,27.25,1.75,4.028004,56.25178,0,14.500814
2022,27.25,2.0,4.0119762,54.088776,0,14.443114
2022,27.25,2.25,4.098239,56.15292,0,14.75366
2022,27.25,2.5,4.2553315,58.373077,0,15.319193
2022,27.25,2.75,4.316551,58.725433,0,15.539584
2022,27.25,3.0,4.310777,59.358265,0,15.518798
2022,27.25,3.25,4.464076,61.37151,0,16.070673
2022,27.25,3.5,4.4490275,62.59093,0,16.016499
2022,27.25,3.75,4.4666495,62.172302,0,16.079937
2022,27.25,4.0,4.556524,62.99533,0,16.403484
2022,27.25,4.25,4.3869996,63.85628,0,15.793199
2022,27.25,4.5,4.1680803,65.22015,0,15.005089
2022,27.25,4.75,3.9987,67.113945,0,14.395319
2022,27.25,5.0,3.8255854,97.1741,0,13.772107
2022,27.25,5.25,3.5210276,96.599205,0,12.675699
2022,27.25,5.5,3.3088458,95.42206,0,11.911844
2022,27.25,5.75,3.0046425,94.82562,0,10.816712
2022,27.25,6.0,2.7000005,94.17596,0,9.720001
2022,27.25,6.25,2.7295704,96.9444,0,9.826453
2022,27.25,6.5,2.7342186,99.41724,0,9.843186
2022,27.25,6.75,2.6531184,102.78805,0,9.551226
2022,27.25,7.0,2.4720898,105.74511,0,8.899523
2022,27.25,7.25,2.6062381,106.38186,0,9.382457
2022,27.25,7.5,2.78495,106.63666,0,10.02582
2022,27.25,7.75,2.7629693,106.89329,0,9.946689
2022,27.25,8.0,2.7809741,78.18899,0,10.011507
2022,27.25,8.25,2.8297594,79.889015,0,10.187134
2022,27.25,8.5,2.877755,81.61599,0,10.359918
2022,27.25,8.75,2.925274,82.28097,0,10.530986
2022,27.25,9.0,2.82111,82.64332,0,10.155995
2022,27.25,9.25,2.6939113,84.96192,0,9.69808
2022,27.25,9.5,2.656537,86.959206,0,9.563533
2022,27.25,9.75,2.6084232,87.12381,0,9.390324
2022,27.25,10.0,2.4830317,87.225395,0,8.938914
2022,27.25,10.25,2.4483817,87.35612,0,8.814174
2022,27.25,10.5,2.6053896,89.04917,0,9.379402
2022,27.25,10.75,2.592069,89.029785,0,9.331448
2022,27.25,11.0,2.5629122,88.87269,0,9.226483
2022,27.25,11.25,2.558248,88.0245,0,9.209693
2022,27.25,11.5,2.5036485,86.90681,0,9.013134
2022,27.25,11.75,2.416653,84.38864,0,8.69995
2022,27.25,12.0,2.3253472,82.37618,0,8.371249
2022,27.0,-9.0,3.0633965,192.87128,0,11.028227
2022,27.0,-8.75,2.9488966,193.03654,0,10.616028
2022,27.0,-8.5,2.773099,192.35919,0,9.983156
2022,27.0,-8.25,2.604983,190.86505,0,9.377939
2022,27.0,-8.0,2.474447,161.02701,0,8.908009
2022,27.0,-7.75,2.385567,161.95174,0,8.58804
2022,27.0,-7.5,2.3223588,161.6374,0,8.360492
2022,27.0,-7.25,2.1977558,160.01543,0,7.9119205
2022,27.0,-7.0,2.086106,160.3393,0,7.5099816
2022,27.0,-6.75,2.0393713,154.87207,0,7.3417363
2022,27.0,-6.5,2.0850163,151.79747,0,7.506058
2022,27.0,-6.25,2.1266236,152.85234,0,7.6558447
2022,27.0,-6.0,2.1229632,152.38435,0,7.6426673
2022,27.0,-5.75,2.1124759,152.55125,0,7.6049128
2022,27.0,-5.5,2.0961769,153.31786,0,7.5462365
2022,27.0,-5.25,2.1236115,154.94028,0,7.645001
2022,27.0,-5.0,2.172199,126.81229,0,7.8199162
2022,27.0,-4.75,2.2484193,97.885765,0,8.094309
2022,27.0,-4.5,2.3501108,99.36085,0,8.460399
2022,27.0,-4.25,2.4577734,98.85925,0,8.847984
2022,27.0,-4.0,2.5104773,96.11642,0,9.037718
2022,27.0,-3.75,2.4883003,92.51142,0,8.957881
2022,27.0,-3.5,2.451097,89.2479,0,8.823949
2022,27.0,-3.25,2.4595761,85.80923,0,8.854474
2022,27.0,-3.0,2.4679039,82.850655,0,8.884454
2022,27.0,-2.75,2.4772227,80.12149,0,8.918001
2022,27.0,-2.5,2.5767798,79.55078,0,9.276407
2022,27.0,-2.25,2.68761,79.96221,0,9.675395
2022,27.0,-2.0,2.7958136,79.13061,0,10.064929
2022,27.0,-1.75,2.832425,77.68057,0,10.196731
2022,27.0,-1.5,2.807294,74.91003,0,10.106257
2022,27.0,-1.25,2.780651,73.13572,0,10.010344
2022,27.0,-1.0,2.7169611,70.419754,0,9.78106
2022,27.0,-0.75,2.5969415,68.47301,0,9.3489895
2022,27.0,-0.5,2.4803483,69.85435,0,8.929254
2022,27.0,-0.25,2.6791375,81.011345,0,9.644895
2022,27.0,0.0,3.14278,87.76876,0,11.314008
2022,27.0,0.25,3.3596828,88.07071,0,12.094858
2022,27.0,0.5,3.3988106,87.83076,0,12.235718
2022,27.0,0.75,3.5317357,87.47823,0,12.714248
2022,27.0,1.0,3.7503378,88.31266,0,13.501216
2022,27.0,1.25,4.01122,87.88155,0,14.440392
2022,27.0,1.5,4.1831365,55.631134,0,15.059291
2022,27.0,1.75,4.179614,52.34326,0,15.04661
2022,27.0,2.0,4.147783,52.8299,0,14.932017
2022,27.0,2.25,4.2316794,54.846424,0,15.234046
2022,27.0,2.5,4.3101025,56.39757,0,15.516369
2022,27.0,2.75,4.3576517,56.671703,0,15.687546
2022,27.0,3.0,4.3853316,57.31714,0,15.787193
2022,27.0,3.25,4.286568,58.767925,0,15.431645
2022,27.0,3.5,4.210633,60.36791,0,15.1582775
2022,27.0,3.75,4.33676,61.40869,0,15.612336
2022,27.0,4.0,4.4267464,62.27368,0,15.936287
2022,27.0,4.25,4.4499507,63.031494,0,16.019821
2022,27.0,4.5,4.2031875,64.55796,0,15.1314745
2022,27.0,4.75,3.9533224,66.956184,0,14.23196
2022,27.0,5.0,3.554796,98.34844,0,12.797265
2022,27.0,5.25,3.2528315,97.762085,0,11.710193
2022,27.0,5.5,2.9114428,97.33795,0,10.481194
2022,27.0,5.75,2.6120307,97.79482,0,9.403311
2022,27.0,6.0,2.2543662,96.38851,0,8.115718
2022,27.0,6.25,2.355471,95.0738,0,8.479695
2022,27.0,6.5,2.3805823,97.04528,0,8.570096
2022,27.0,6.75,2.1592202,97.148834,0,7.7731924
2022,27.0,7.0,1.9635844,100.33651,0,7.068904
2022,27.0,7.25,2.1799688,103.50323,0,7.8478875
2022,27.0,7.5,2.4982185,105.06015,0,8.993587
2022,27.0,7.75,2.5680635,105.597664,0,9.2450285
2022,27.0,8.0,2.6755886,106.57788,0,9.632119
2022,27.0,8.25,2.71998,78.33146,0,9.791927
2022,27.0,8.5,2.7747414,82.26558,0,9.989069
2022,27.0,8.75,2.8208816,83.435585,0,10.155173
2022,27.0,9.0,2.7781992,85.14086,0,10.001517
2022,27.0,9.25,2.7242095,87.528595,0,9.807154
2022,27.0,9.5,2.674281,89.40411,0,9.627411
2022,27.0,9.75,2.5780544,88.761086,0,9.280995
2022,27.0,10.0,2.4529684,89.112816,0,8.830686
2022,27.0,10.25,2.4254825,90.53311,0,8.731737
2022,27.0,10.5,2.5599988,91.65041,0,9.215995
2022,27.0,10.75,2.541373,91.07367,0,9.148943
2022,27.0,11.0,2.542421,90.306694,0,9.152716
2022,27.0,11.25,2.5370636,89.56541,0,9.133429
2022,27.0,11.5,2.4943807,86.4741,0,8.979771
2022,27.0,11.75,2.4110346,83.82793,0,8.679725
2022,27.0,12.0,2.3435297,81.64578,0,8.436707
2022,26.75,-9.0,2.963994,195.58955,0,10.670379
2022,26.75,-8.75,2.8796155,166.05278,0,10.366615
2022,26.75,-8.5,2.7343464,165.06796,0,9.843647
2022,26.75,-8.25,2.5619924,163.69756,0,9.223172
2022,26.75,-8.0,2.4176178,162.81529,0,8.7034235
2022,26.75,-7.75,2.3220336,163.65167,0,8.359321
2022,26.75,-7.5,2.3013315,163.21974,0,8.284793
2022,26.75,-7.25,2.2098887,161.2506,0,7.9555993
2022,26.75,-7.0,2.098674,160.59525,0,7.5552263
2022,26.75,-6.75,2.0697305,156.80171,0,7.45103
2022,26.75,-6.5,2.114658,154.41502,0,7.612769
2022,26.75,-6.25,2.1530328,154.42204,0,7.750918
2022,26.75,-6.0,2.1416082,153.83289,0,7.7097893
2022,26.75,-5.75,2.152258,154.90645,0,7.7481284
2022,26.75,-5.5,2.1986637,156.6106,0,7.9151893
2022,26.75,-5.25,2.2305677,127.89094,0,8.030044
2022,26.75,-5.0,2.276262,127.86673,0,8.194543
2022,26.75,-4.75,2.3570576,98.016235,0,8.485407
2022,26.75,-4.5,2.4575188,96.529274,0,8.847068
2022,26.75,-4.25,2.575519,93.5236,0,9.271869
2022,26.75,-4.0,2.6508348,90.613686,0,9.543005
2022,26.75,-3.75,2.65607,87.96224,0,9.5618515
2022,26.75,-3.5,2.6317396,84.90952,0,9.474262
2022,26.75,-3.25,2.636506,82.546906,0,9.491422
2022,26.75,-3.0,2.6440666,79.85993,0,9.51864
2022,26.75,-2.75,2.6127722,76.952156,0,9.40598
2022,26.75,-2.5,2.6415691,76.0734,0,9.509648
2022,26.75,-2.25,2.753257,76.79244,0,9.911725
2022,26.75,-2.0,2.8492043,77.35177,0,10.257135
2022,26.75,-1.75,2.8774564,76.239296,0,10.358843
2022,26.75,-1.5,2.856057,74.18719,0,10.281805
2022,26.75,-1.25,2.8261383,72.306404,0,10.174097
2022,26.75,-1.0,2.7749567,69.89804,0,9.989844
2022,26.75,-0.75,2.6857338,68.39199,0,9.668641
2022,26.75,-0.5,2.5634558,69.78269,0,9.22844
2022,26.75,-0.25,2.530655,76.2233,0,9.110357
2022,26.75,0.0,2.9171388,84.456856,0,10.501699
2022,26.75,0.25,3.2303774,85.066734,0,11.629358
2022,26.75,0.5,3.4083707,83.97253,0,12.270134
2022,26.75,0.75,3.5412672,83.74741,0,12.748562
2022,26.75,1.0,3.7557077,83.090996,0,13.520548
2022,26.75,1.25,4.021977,82.72998,0,14.479116
2022,26.75,1.5,4.1922617,81.338036,0,15.092142
2022,26.75,1.75,4.187979,50.529774,0,15.076725
2022,26.75,2.0,4.151114,51.522278,0,14.94401
2022,26.75,2.25,4.191443,53.318222,0,15.089194
2022,26.75,2.5,4.2652135,54.861725,0,15.354768
2022,26.75,2.75,4.2410665,54.760777,0,15.2678385
2022,26.75,3.0,4.2527204,55.518803,0,15.3097925
2022,26.75,3.25,4.025343,56.84155,0,14.491234
2022,26.75,3.5,3.6676073,88.15509,0,13.203386
2022,26.75,3.75,3.814984,59.372036,0,13.733942
2022,26.75,4.0,4.1326838,59.84634,0,14.877661
2022,26.75,4.25,4.238235,60.781017,0,15.257646
2022,26.75,4.5,3.9511125,63.950428,0,14.224005
2022,26.75,4.75,3.4961367,96.42676,0,12.586092
2022,26.75,5.0,3.0408437,98.257805,0,10.947037
2022,26.75,5.25,2.634073,97.51199,0,9.482662
2022,26.75,5.5,2.2829623,97.434906,0,8.218664
2022,26.75,5.75,2.2273777,100.29395,0,8.018559
2022,26.75,6.0,1.8802304,100.651306,0,6.7688293
2022,26.75,6.25,1.8496814,93.60895,0,6.6588526
2022,26.75,6.5,1.9874648,92.147865,0,7.154873
2022,26.75,6.75,1.768077,91.239784,0,6.365077
2022,26.75,7.0,1.6523237,91.70874,0,5.948365
2022,26.75,7.25,1.7876147,95.862335,0,6.435413
2022,26.75,7.5,2.001146,100.56919,0,7.204126
2022,26.75,7.75,2.2670484,102.91953,0,8.161374
2022,26.75,8.0,2.3924494,103.8489,0,8.612818
2022,26.75,8.25,2.524937,106.98917,0,9.089772
2022,26.75,8.5,2.5763218,111.254906,0,9.274758
2022,26.75,8.75,2.6281612,86.34548,0,9.46138
2022,26.75,9.0,2.614666,89.827415,0,9.412797
2022,26.75,9.25,2.6111016,91.74225,0,9.399965
2022,26.75,9.5,2.5587924,90.75702,0,9.211652
2022,26.75,9.75,2.4660232,90.29074,0,8.877684
2022,26.75,10.0,2.4527092,89.83311,0,8.829753
2022,26.75,10.25,2.437733,91.721886,0,8.775838
2022,26.75,10.5,2.4952178,91.76882,0,8.982784
2022,26.75,10.75,2.470507,91.14381,0,8.893825
2022,26.75,11.0,2.4848294,90.36251,0,8.945386
2022,26.75,11.25,2.455003,87.322975,0,8.838011
2022,26.75,11.5,2.4143755,83.974174,0,8.6917515
2022,26.75,11.75,2.3402421,83.04922,0,8.424871
2022,26.75,12.0,2.268757,82.5557,0,8.167525
2022,26.5,-9.0,2.961352,168.64282,0,10.660868
2022,26.5,-8.75,2.8565521,168.43584,0,10.283587
2022,26.5,-8.5,2.710615,167.82777,0,9.758213
2022,26.5,-8.25,2.5616872,167.57579,0,9.222074
2022,26.5,-8.0,2.4200814,167.13254,0,8.712293
2022,26.5,-7.75,2.3029385,165.87602,0,8.290578
2022,26.5,-7.5,2.276446,164.73196,0,8.195206
2022,26.5,-7.25,2.203784,163.19609,0,7.9336224
2022,26.5,-7.0,2.1427574,161.95915,0,7.7139263
2022,26.5,-6.75,2.1194875,156.81763,0,7.630155
2022,26.5,-6.5,2.144427,155.56033,0,7.7199373
2022,26.5,-6.25,2.175687,155.33475,0,7.8324733
2022,26.5,-6.0,2.1732504,155.28181,0,7.8237014
2022,26.5,-5.75,2.2141778,157.2198,0,7.9710402
2022,26.5,-5.5,2.28029,158.56696,0,8.2090435
2022,26.5,-5.25,2.338996,128.75716,0,8.420385
2022,26.5,-5.0,2.3882065,128.43996,0,8.597543
2022,26.5,-4.75,2.4303277,97.21647,0,8.749179
2022,26.5,-4.5,2.5189102,88.37687,0,9.068076
2022,26.5,-4.25,2.65977,87.45702,0,9.575171
2022,26.5,-4.0,2.768342,86.77834,0,9.966031
2022,26.5,-3.75,2.783352,84.54679,0,10.020066
2022,26.5,-3.5,2.778794,82.07626,0,10.003658
2022,26.5,-3.25,2.798955,80.0957,0,10.076238
2022,26.5,-3.0,2.812774,77.48864,0,10.125986
2022,26.5,-2.75,2.7641652,74.62286,0,9.9509945
2022,26.5,-2.5,2.7676353,73.98563,0,9.963487
2022,26.5,-2.25,2.8158028,74.88413,0,10.136889
2022,26.5,-2.0,2.9076262,75.63955,0,10.467454
2022,26.5,-1.75,2.9619038,75.004585,0,10.662853
2022,26.5,-1.5,2.9435904,73.56483,0,10.596925
2022,26.5,-1.25,2.8866336,71.54622,0,10.391881
2022,26.5,-1.0,2.84349,69.68505,0,10.236564
2022,26.5,-0.75,2.773279,68.51794,0,9.983804
2022,26.5,-0.5,2.6944578,69.40167,0,9.7000475
2022,26.5,-0.25,2.6112535,74.059,0,9.400513
2022,26.5,0.0,2.7391014,81.49574,0,9.8607645
2022,26.5,0.25,2.9539042,82.78791,0,10.634055
2022,26.5,0.5,3.1672409,81.461784,0,11.402067
2022,26.5,0.75,3.3179502,79.81364,0,11.94462
2022,26.5,1.0,3.5470743,78.98945,0,12.769467
2022,26.5,1.25,3.785305,79.10069,0,13.627098
2022,26.5,1.5,3.947154,78.93836,0,14.209754
2022,26.5,1.75,3.9868195,80.00906,0,14.35255
2022,26.5,2.0,3.9762928,82.03233,0,14.314654
2022,26.5,2.25,4.0085645,83.50802,0,14.430832
2022,26.5,2.5,4.0325055,83.48827,0,14.517019
2022,26.5,2.75,4.0041256,83.29702,0,14.414852
2022,26.5,3.0,3.9353974,84.00128,0,14.16743
2022,26.5,3.25,3.702568,86.30151,0,13.329245
2022,26.5,3.5,3.2967615,87.02413,0,11.868341
2022,26.5,3.75,3.1899176,84.63056,0,11.483703
2022,26.5,4.0,3.4747021,84.93008,0,12.508927
2022,26.5,4.25,3.573644,89.11319,0,12.865118
2022,26.5,4.5,3.2780542,92.72031,0,11.800995
2022,26.5,4.75,2.7558548,96.84432,0,9.921077
2022,26.5,5.0,2.3202922,98.82191,0,8.353052
2022,26.5,5.25,1.9653047,97.58053,0,7.075097
2022,26.5,5.5,1.9817386,94.843025,0,7.1342587
2022,26.5,5.75,2.0608103,98.56018,0,7.418917
2022,26.5,6.0,1.7654086,98.578735,0,6.355471
2022,26.5,6.25,1.391092,91.68243,0,5.0079308
2022,26.5,6.5,1.5374733,85.64172,0,5.534904
2022,26.5,6.75,1.6376973,88.42562,0,5.8957105
2022,26.5,7.0,1.6424085,89.33788,0,5.9126706
2022,26.5,7.25,1.636252,91.41259,0,5.890507
2022,26.5,7.5,1.6339554,97.79166,0,5.8822393
2022,26.5,7.75,1.8902768,102.06186,0,6.8049965
2022,26.5,8.0,1.9950752,104.24231,0,7.1822705
2022,26.5,8.25,2.153136,108.01419,0,7.7512894
2022,26.5,8.5,2.2792864,112.26534,0,8.205431
2022,26.5,8.75,2.3603694,117.55064,0,8.49733
2022,26.5,9.0,2.3849754,120.94525,0,8.585912
2022,26.5,9.25,2.300573,122.12591,0,8.282063
2022,26.5,9.5,2.25466,92.040184,0,8.1167755
2022,26.5,9.75,2.3563244,92.45922,0,8.482768
2022,26.5,10.0,2.3692703,92.30767,0,8.529373
2022,26.5,10.25,2.385752,91.12622,0,8.588707
2022,26.5,10.5,2.4517756,90.45437,0,8.826392
2022,26.5,10.75,2.417719,90.23682,0,8.703788
2022,26.5,11.0,2.412474,88.55239,0,8.684906
2022,26.5,11.25,2.3795953,85.11002,0,8.566543
2022,26.5,11.5,2.2867305,84.07505,0,8.232229
2022,26.5,11.75,2.2116036,84.76929,0,7.961773
2022,26.5,12.0,2.1196706,90.330574,0,7.630814
2022,26.25,-9.0,3.0826828,170.53961,0,11.097658
2022,26.25,-8.75,2.9330194,170.76764,0,10.558869
2022,26.25,-8.5,2.7878191,171.46228,0,10.036149
2022,26.25,-8.25,2.643165,171.94685,0,9.515394
2022,26.25,-8.0,2.515361,171.50221,0,9.0553
2022,26.25,-7.75,2.383167,169.92554,0,8.579401
2022,26.25,-7.5,2.2606342,168.7307,0,8.138283
2022,26.25,-7.25,2.1626992,168.29642,0,7.785717
2022,26.25,-7.0,2.1169722,162.90208,0,7.6211
2022,26.25,-6.75,2.1080203,157.2649,0,7.588873
2022,26.25,-6.5,2.1312006,156.66736,0,7.672322
2022,26.25,-6.25,2.1807597,155.9549,0,7.8507347
2022,26.25,-6.0,2.2105033,156.43999,0,7.957812
2022,26.25,-5.75,2.2871463,158.83333,0,8.2337265
2022,26.25,-5.5,2.3679156,160.26857,0,8.524496
2022,26.25,-5.25,2.4287164,131.02019,0,8.743379
2022,26.25,-5.0,2.4730022,131.97609,0,8.902807
2022,26.25,-4.75,2.513877,105.92391,0,9.049956
2022,26.25,-4.5,2.5507755,81.30908,0,9.182792
2022,26.25,-4.25,2.6982496,83.93875,0,9.713698
2022,26.25,-4.0,2.8511572,83.83285,0,10.264166
2022,26.25,-3.75,2.9367847,82.31359,0,10.572425
2022,26.25,-3.5,2.9440296,80.38224,0,10.598506
2022,26.25,-3.25,2.9256613,78.837944,0,10.53238
2022,26.25,-3.0,2.9202776,76.154495,0,10.513
2022,26.25,-2.75,2.8964996,73.79737,0,10.427399
2022,26.25,-2.5,2.8758135,73.16741,0,10.352928
2022,26.25,-2.25,2.8966181,73.83261,0,10.427825
2022,26.25,-2.0,2.9464023,74.41782,0,10.607048
2022,26.25,-1.75,3.0003507,74.25731,0,10.801262
2022,26.25,-1.5,3.0153277,73.59464,0,10.85518
2022,26.25,-1.25,2.9843538,71.22357,0,10.743673
2022,26.25,-1.0,2.9281368,69.42202,0,10.541292
2022,26.25,-0.75,2.8761294,69.12943,0,10.354066
2022,26.25,-0.5,2.8277204,70.488976,0,10.179793
2022,26.25,-0.25,2.8015108,73.52485,0,10.085439
2022,26.25,0.0,2.8510568,78.70756,0,10.263804
2022,26.25,0.25,2.8961267,80.00653,0,10.426056
2022,26.25,0.5,2.9250832,77.92688,0,10.530299
2022,26.25,0.75,3.0447638,75.60708,0,10.961149
2022,26.25,1.0,3.2050111,74.54626,0,11.53804
2022,26.25,1.25,3.4165413,75.275215,0,12.299548
2022,26.25,1.5,3.5414143,77.76388,0,12.749091
2022,26.25,1.75,3.6571238,81.16064,0,13.165646
2022,26.25,2.0,3.6546037,82.82581,0,13.156573
2022,26.25,2.25,3.6534712,82.729675,0,13.152496
2022,26.25,2.5,3.6559389,82.01678,0,13.16138
2022,26.25,2.75,3.5957468,81.68064,0,12.944688
2022,26.25,3.0,3.4871795,82.2936,0,12.553846
2022,26.25,3.25,3.3229494,86.182274,0,11.962618
2022,26.25,3.5,2.8322847,85.254425,0,10.196224
2022,26.25,3.75,2.581927,80.480064,0,9.294937
2022,26.25,4.0,2.5499504,79.60319,0,9.179821
2022,26.25,4.25,2.547098,86.04818,0,9.169552
2022,26.25,4.5,2.4493692,94.38253,0,8.817729
2022,26.25,4.75,2.1080773,102.96142,0,7.589078
2022,26.25,5.0,1.7418348,103.548485,0,6.270605
2022,26.25,5.25,1.6848321,98.17075,0,6.0653954
2022,26.25,5.5,1.8239423,93.22247,0,6.566192
2022,26.25,5.75,2.0366518,91.54691,0,7.3319464
2022,26.25,6.0,1.9054931,88.459114,0,6.859775
2022,26.25,6.25,1.5438908,90.22494,0,5.558007
2022,26.25,6.5,1.4459502,89.51404,0,5.2054205
2022,26.25,6.75,1.4821529,91.460266,0,5.3357506
2022,26.25,7.0,1.5293326,93.86863,0,5.505597
2022,26.25,7.25,1.5886549,96.31034,0,5.719157
2022,26.25,7.5,1.7436829,101.41212,0,6.277258
2022,26.25,7.75,1.7698964,103.65754,0,6.371627
2022,26.25,8.0,1.7609519,108.110695,0,6.3394265
2022,26.25,8.25,1.8411607,114.16522,0,6.628178
2022,26.25,8.5,1.9899646,117.01603,0,7.1638722
2022,26.25,8.75,2.0360956,117.803955,0,7.329944
2022,26.25,9.0,2.025953,119.985954,0,7.293431
2022,26.25,9.25,1.8042587,118.2436,0,6.4953313
2022,26.25,9.5,1.9465972,118.87973,0,7.00775
2022,26.25,9.75,2.14362,91.328514,0,7.717032
2022,26.25,10.0,2.2397568,91.42465,0,8.063125
2022,26.25,10.25,2.227061,89.47025,0,8.01742
2022,26.25,10.5,2.3979394,89.92452,0,8.632582
2022,26.25,10.75,2.3674266,89.9266,0,8.522736
2022,26.25,11.0,2.3559403,88.9847,0,8.481385
2022,26.25,11.25,2.3523781,89.55286,0,8.468561
2022,26.25,11.5,2.2534273,91.12832,0,8.112338
2022,26.25,11.75,2.0992243,92.774086,0,7.5572076
2022,26.25,12.0,2.0399182,94.20566,0,7.343705
2022,26.0,-9.0,3.1038635,172.92403,0,11.173908
2022,26.0,-8.75,2.9458344,173.91872,0,10.605003
2022,26.0,-8.5,2.8210685,175.03008,0,10.155847
2022,26.0,-8.25,2.7174866,176.04936,0,9.782951
2022,26.0,-8.0,2.630495,176.4246,0,9.469782
2022,26.0,-7.75,2.5314913,175.88867,0,9.113368
2022,26.0,-7.5,2.358368,146.04295,0,8.490125
2022,26.0,-7.25,2.242298,149.40111,0,8.072272
2022,26.0,-7.0,2.1819055,154.18675,0,7.85486
2022,26.0,-6.75,2.1540458,156.37103,0,7.754565
2022,26.0,-6.5,2.1620934,156.13416,0,7.783536
2022,26.0,-6.25,2.2121089,155.32173,0,7.9635916
2022,26.0,-6.0,2.2792206,156.82811,0,8.2051935
2022,26.0,-5.75,2.3994873,159.56317,0,8.638154
2022,26.0,-5.5,2.4850407,161.5692,0,8.946146
2022,26.0,-5.25,2.5498269,133.39473,0,9.179377
2022,26.0,-5.0,2.5996258,135.16841,0,9.358653
2022,26.0,-4.75,2.62938,76.81237,0,9.465768
2022,26.0,-4.5,2.627861,78.936035,0,9.4602995
2022,26.0,-4.25,2.7228546,80.76409,0,9.802277
2022,26.0,-4.0,2.8953807,80.84915,0,10.42337
2022,26.0,-3.75,3.041937,80.1318,0,10.9509735
2022,26.0,-3.5,3.108964,79.22668,0,11.19227
2022,26.0,-3.25,3.091154,78.17288,0,11.128155
2022,26.0,-3.0,3.0160592,75.81779,0,10.857813
2022,26.0,-2.75,2.9568532,74.35696,0,10.644671
2022,26.0,-2.5,2.9340413,73.4295,0,10.562549
2022,26.0,-2.25,2.9481728,73.21963,0,10.613421
2022,26.0,-2.0,2.9868352,73.25071,0,10.752606
2022,26.0,-1.75,3.0332575,73.029015,0,10.919726
2022,26.0,-1.5,3.0722396,72.31752,0,11.060062
2022,26.0,-1.25,3.0802867,70.401,0,11.089032
2022,26.0,-1.0,3.0198078,68.97147,0,10.871307
2022,26.0,-0.75,2.960328,69.041626,0,10.657181
2022,26.0,-0.5,2.927982,70.76485,0,10.540735
2022,26.0,-0.25,2.9399357,73.470894,0,10.583768
2022,26.0,0.0,3.0171194,76.0668,0,10.8616295
2022,26.0,0.25,3.0423615,75.298256,0,10.952501
2022,26.0,0.5,3.0096805,72.06968,0,10.834849
2022,26.0,0.75,2.998457,68.794975,0,10.794445
2022,26.0,1.0,3.0364695,67.88648,0,10.93129
2022,26.0,1.25,3.1306887,70.30285,0,11.270479
2022,26.0,1.5,3.2309313,75.30721,0,11.631352
2022,26.0,1.75,3.3604133,79.98596,0,12.097487
2022,26.0,2.0,3.4142551,81.44813,0,12.291318
2022,26.0,2.25,3.3940485,80.72203,0,12.218575
2022,26.0,2.5,3.3176038,79.3661,0,11.943374
2022,26.0,2.75,3.1921396,78.964226,0,11.491702
2022,26.0,3.0,3.0331755,80.57583,0,10.919432
2022,26.0,3.25,2.6872656,85.32411,0,9.674156
2022,26.0,3.5,2.1061244,83.49004,0,7.5820475
2022,26.0,3.75,1.8029537,75.96619,0,6.490633
2022,26.0,4.0,1.7495275,80.108284,0,6.298299
2022,26.0,4.25,1.7289075,86.93496,0,6.2240667
2022,26.0,4.5,1.8668889,103.37734,0,6.7208
2022,26.0,4.75,1.7332419,110.147766,0,6.2396708
2022,26.0,5.0,1.5093441,103.65998,0,5.4336386
2022,26.0,5.25,1.7160574,97.21403,0,6.1778064
2022,26.0,5.5,2.126209,94.123566,0,7.654352
2022,26.0,5.75,2.3604376,91.92614,0,8.497575
2022,26.0,6.0,2.3671353,89.17215,0,8.521687
2022,26.0,6.25,2.0406783,89.88204,0,7.3464417
2022,26.0,6.5,1.7146792,93.5615,0,6.172845
2022,26.0,6.75,1.5223473,97.02024,0,5.48045
2022,26.0,7.0,1.4426996,98.676025,0,5.1937184
2022,26.0,7.25,1.489446,98.5135,0,5.3620057
2022,26.0,7.5,1.7767035,100.20554,0,6.3961325
2022,26.0,7.75,1.6557897,100.053,0,5.960843
2022,26.0,8.0,1.4995332,104.10675,0,5.3983192
2022,26.0,8.25,1.4767927,111.868004,0,5.3164535
2022,26.0,8.5,1.4828407,115.15023,0,5.3382263
2022,26.0,8.75,1.3940834,112.11738,0,5.0187
2022,26.0,9.0,1.4682907,109.904625,0,5.285846
2022,26.0,9.25,1.5478983,109.97207,0,5.5724335
2022,26.0,9.5,1.850099,111.92095,0,6.660356
2022,26.0,9.75,2.0851681,113.7562,0,7.506605
2022,26.0,10.0,2.1476624,83.72665,0,7.7315845
2022,26.0,10.25,2.1097429,85.13429,0,7.595074
2022,26.0,10.5,2.2518394,90.84122,0,8.106622
2022,26.0,10.75,2.241573,92.200005,0,8.069663
2022,26.0,11.0,2.3271194,92.29978,0,8.377629
2022,26.0,11.25,2.4474444,93.12211,0,8.8108
2022,26.0,11.5,2.4806595,94.74416,0,8.930374
2022,26.0,11.75,2.3691933,95.240814,0,8.529096
2022,26.0,12.0,2.2068176,90.30536,0,7.9445434
2022,25.75,-9.0,3.0519102,175.67078,0,10.9868765
2022,25.75,-8.75,2.9197197,177.38823,0,10.510991
2022,25.75,-8.5,2.7859132,178.23134,0,10.029287
2022,25.75,-8.25,2.6923304,178.64142,0,9.6923895
2022,25.75,-8.0,2.6381981,149.16261,0,9.497513
2022,25.75,-7.75,2.62754,149.91687,0,9.459145
2022,25.75,-7.5,2.5421236,151.05785,0,9.151645
2022,25.75,-7.25,2.4899495,153.051,0,8.963818
2022,25.75,-7.0,2.4450912,154.31285,0,8.802328
2022,25.75,-6.75,2.3982148,154.51923,0,8.633574
2022,25.75,-6.5,2.3434174,153.59782,0,8.436302
2022,25.75,-6.25,2.3240318,153.70605,0,8.366514
2022,25.75,-6.0,2.3516924,156.8667,0,8.466092
2022,25.75,-5.75,2.4719477,160.19757,0,8.899012
2022,25.75,-5.5,2.5576022,161.94188,0,9.207368
2022,25.75,-5.25,2.6336682,163.09996,0,9.481205
2022,25.75,-5.0,2.701114,104.428406,0,9.7240095
2022,25.75,-4.75,2.7547216,76.25062,0,9.916998
2022,25.75,-4.5,2.7698336,77.43243,0,9.9714
2022,25.75,-4.25,2.7759285,77.33414,0,9.993342
2022,25.75,-4.0,2.849684,77.0552,0,10.2588625
2022,25.75,-3.75,3.009532,77.3343,0,10.834314
2022,25.75,-3.5,3.1831472,77.99734,0,11.45933
2022,25.75,-3.25,3.2569475,77.74125,0,11.725011
2022,25.75,-3.0,3.2009346,76.547325,0,11.523364
2022,25.75,-2.75,3.0759027,75.34205,0,11.07325
2022,25.75,-2.5,3.0091069,73.98511,0,10.832785
2022,25.75,-2.25,2.9741647,73.05724,0,10.706993
2022,25.75,-2.0,2.9932249,72.75329,0,10.775609
2022,25.75,-1.75,3.0346441,72.336395,0,10.924719
2022,25.75,-1.5,3.0739963,71.5708,0,11.066386
2022,25.75,-1.25,3.084651,70.02594,0,11.104743
2022,25.75,-1.0,3.0476189,69.37118,0,10.971428
2022,25.75,-0.75,3.0019548,69.859665,0,10.807037
2022,25.75,-0.5,2.9790335,71.34579,0,10.724521
2022,25.75,-0.25,2.9872675,73.21045,0,10.754163
2022,25.75,0.0,3.048107,74.30563,0,10.973185
2022,25.75,0.25,3.0724618,73.09519,0,11.060863
2022,25.75,0.5,3.0207164,69.36286,0,10.874578
2022,25.75,0.75,2.9349463,65.00192,0,10.565806
2022,25.75,1.0,2.902955,63.435104,0,10.450638
2022,25.75,1.25,2.8940432,65.773674,0,10.418555
2022,25.75,1.5,2.9723303,72.10157,0,10.700389
2022,25.75,1.75,3.1169386,77.01294,0,11.220979
2022,25.75,2.0,3.2196496,79.07968,0,11.590738
2022,25.75,2.25,3.1612537,78.66566,0,11.380513
2022,25.75,2.5,2.9644203,77.9589,0,10.671913
2022,25.75,2.75,2.7587872,78.59838,0,9.931634
2022,25.75,3.0,2.5169208,82.127525,0,9.060915
2022,25.75,3.25,2.1164484,85.52099,0,7.619214
2022,25.75,3.5,1.7843981,85.016136,0,6.423833
2022,25.75,3.75,1.6813003,83.80183,0,6.052681
2022,25.75,4.0,1.623664,85.424736,0,5.8451905
2022,25.75,4.25,1.5623413,100.761314,0,5.6244287
2022,25.75,4.5,1.8116285,110.25248,0,6.5218625
2022,25.75,4.75,1.687311,107.66216,0,6.07432
2022,25.75,5.0,1.4997011,89.06545,0,5.398924
2022,25.75,5.25,1.6535281,83.46046,0,5.952701
2022,25.75,5.5,2.004535,92.82901,0,7.2163258
2022,25.75,5.75,2.1691103,97.16076,0,7.808797
2022,25.75,6.0,2.1924772,98.466286,0,7.8929176
2022,25.75,6.25,2.089028,99.361725,0,7.5205
2022,25.75,6.5,1.8688321,99.319405,0,6.7277956
2022,25.75,6.75,1.7935432,100.3874,0,6.4567556
2022,25.75,7.0,1.7408156,102.25681,0,6.2669363
2022,25.75,7.25,1.643816,104.09719,0,5.9177375
2022,25.75,7.5,1.7533484,105.11988,0,6.3120537
2022,25.75,7.75,1.5757383,104.85955,0,5.672658
2022,25.75,8.0,1.4645033,105.57082,0,5.2722116
2022,25.75,8.25,1.4018049,109.46078,0,5.046498
2022,25.75,8.5,1.3181856,112.62241,0,4.745468
2022,25.75,8.75,1.2336127,113.34533,0,4.441005
2022,25.75,9.0,1.4155666,112.866234,0,5.0960393
2022,25.75,9.25,1.6574699,113.02824,0,5.9668913
2022,25.75,9.5,1.8517569,111.31327,0,6.6663246
2022,25.75,9.75,1.8859719,107.752464,0,6.789499
2022,25.75,10.0,1.8927569,106.17187,0,6.813925
2022,25.75,10.25,1.948554,83.45269,0,7.0147943
2022,25.75,10.5,2.0047386,95.82134,0,7.2170587
2022,25.75,10.75,2.0279238,99.04365,0,7.3005257
2022,25.75,11.0,2.1729834,96.09707,0,7.82274
2022,25.75,11.25,2.3321414,94.454445,0,8.395709
2022,25.75,11.5,2.5087879,93.19686,0,9.031636
2022,25.75,11.75,2.570883,91.566475,0,9.255178
2022,25.75,12.0,2.2366083,87.681885,0,8.051789
2022,25.5,-9.0,3.0545957,178.26262,0,10.996544
2022,25.5,-8.75,2.9586136,179.66124,0,10.651009
2022,25.5,-8.5,2.8277655,180.2494,0,10.1799555
2022,25.5,-8.25,2.7109842,150.39388,0,9.759543
2022,25.5,-8.0,2.6139686,150.11513,0,9.410287
2022,25.5,-7.75,2.5839543,150.799,0,9.302236
2022,25.5,-7.5,2.6156728,151.90102,0,9.416422
2022,25.5,-7.25,2.6518025,153.15637,0,9.546489
2022,25.5,-7.0,2.636007,154.15984,0,9.489625
2022,25.5,-6.75,2.6345375,153.98643,0,9.484335
2022,25.5,-6.5,2.5812964,153.33888,0,9.292667
2022,25.5,-6.25,2.467508,154.18655,0,8.883029
2022,25.5,-6.0,2.4520042,157.48206,0,8.827215
2022,25.5,-5.75,2.5570977,159.92105,0,9.205551
2022,25.5,-5.5,2.6240585,159.56429,0,9.44661
2022,25.5,-5.25,2.6925917,160.36153,0,9.69333
2022,25.5,-5.0,2.7670174,132.29813,0,9.961263
2022,25.5,-4.75,2.845949,74.46389,0,10.245416
2022,25.5,-4.5,2.9320142,75.83341,0,10.555251
2022,25.5,-4.25,2.8963583,75.1728,0,10.426889
2022,25.5,-4.0,2.8854198,74.95766,0,10.387511
2022,25.5,-3.75,2.892705,76.28547,0,10.413737
2022,25.5,-3.5,3.025079,77.57669,0,10.890285
2022,25.5,-3.25,3.171706,78.73643,0,11.418141
2022,25.5,-3.0,3.2117488,78.58407,0,11.562296
2022,25.5,-2.75,3.1591797,77.24866,0,11.373047
2022,25.5,-2.5,3.0827796,74.895515,0,11.098006
2022,25.5,-2.25,3.0332906,73.47629,0,10.919846
2022,25.5,-2.0,3.0184667,71.995476,0,10.86648
2022,25.5,-1.75,3.0554085,71.27101,0,10.99947
2022,25.5,-1.5,3.073815,70.638756,0,11.065734
2022,25.5,-1.25,3.0532856,70.03979,0,10.991828
2022,25.5,-1.0,3.013306,69.88332,0,10.847901
2022,25.5,-0.75,2.9799206,70.449066,0,10.727714
2022,25.5,-0.5,2.9655955,71.6361,0,10.676144
2022,25.5,-0.25,2.9924037,72.28822,0,10.772654
2022,25.5,0.0,3.0372913,72.94031,0,10.934248
2022,25.5,0.25,3.0422804,71.65474,0,10.952209
2022,25.5,0.5,2.9711998,68.018974,0,10.696319
2022,25.5,0.75,2.8692253,63.66579,0,10.32921
2022,25.5,1.0,2.7130988,60.638996,0,9.767156
2022,25.5,1.25,2.6215568,62.052372,0,9.437604
2022,25.5,1.5,2.6013906,68.59498,0,9.3650055
2022,25.5,1.75,2.7391746,72.62791,0,9.861029
2022,25.5,2.0,2.852165,75.985115,0,10.267794
2022,25.5,2.25,2.8316288,77.986046,0,10.193864
2022,25.5,2.5,2.6538556,78.43702,0,9.55388
2022,25.5,2.75,2.3884096,81.29421,0,8.598274
2022,25.5,3.0,2.0936139,85.27642,0,7.5370097
2022,25.5,3.25,1.7984627,87.92425,0,6.474466
2022,25.5,3.5,1.7793779,89.95876,0,6.4057603
2022,25.5,3.75,1.7114096,90.66196,0,6.161074
2022,25.5,4.0,1.7475257,97.014565,0,6.2910924
2022,25.5,4.25,1.8090705,104.809204,0,6.5126534
2022,25.5,4.5,1.9672393,101.4422,0,7.0820613
2022,25.5,4.75,1.9803419,97.24661,0,7.1292305
2022,25.5,5.0,1.8223816,117.7299,0,6.5605736
2022,25.5,5.25,1.5542302,80.63761,0,5.5952287
2022,25.5,5.5,1.767362,96.127686,0,6.362503
2022,25.5,5.75,2.0118403,103.24427,0,7.242625
2022,25.5,6.0,2.105429,102.89383,0,7.579544
2022,25.5,6.25,2.094537,104.40931,0,7.5403333
2022,25.5,6.5,2.2435982,104.19202,0,8.076953
2022,25.5,6.75,2.1831334,103.909935,0,7.85928
2022,25.5,7.0,2.0343142,103.727745,0,7.3235307
2022,25.5,7.25,1.8732749,105.34982,0,6.7437897
2022,25.5,7.5,1.85318,104.55941,0,6.671448
2022,25.5,7.75,1.809095,103.615295,0,6.512742
2022,25.5,8.0,1.8058577,105.02404,0,6.501087
2022,25.5,8.25,1.7948176,107.2929,0,6.4613433
2022,25.5,8.5,1.7237468,109.972206,0,6.205488
2022,25.5,8.75,1.8437735,114.40574,0,6.637584
2022,25.5,9.0,1.9928242,118.03423,0,7.174167
2022,25.5,9.25,1.9454246,119.225365,0,7.003528
2022,25.5,9.5,1.7741143,117.39585,0,6.3868113
2022,25.5,9.75,1.6750255,111.87595,0,6.0300913
2022,25.5,10.0,1.5876108,106.47711,0,5.715399
2022,25.5,10.25,1.7470504,93.76577,0,6.2893815
2022,25.5,10.5,1.8993789,101.00895,0,6.837764
2022,25.5,10.75,1.8420935,103.64204,0,6.6315365
2022,25.5,11.0,1.9827399,97.51333,0,7.1378636
2022,25.5,11.25,2.2305887,92.217995,0,8.030119
2022,25.5,11.5,2.4661925,90.16937,0,8.878293
2022,25.5,11.75,2.6361568,88.775795,0,9.490164
2022,25.5,12.0,2.2676237,85.115395,0,8.1634445
2022,25.25,-9.0,3.0864935,179.59021,0,11.111376
2022,25.25,-8.75,3.0300913,180.97139,0,10.908328
2022,25.25,-8.5,2.9197073,181.93964,0,10.510946
2022,25.25,-8.25,2.7820063,152.28448,0,10.015223
2022,25.25,-8.0,2.679452,152.18915,0,9.646027
2022,25.25,-7.75,2.5757391,151.78255,0,9.27266
2022,25.25,-7.5,2.5783184,151.84789,0,9.281946
2022,25.25,-7.25,2.6247547,152.72095,0,9.449117
2022,25.25,-7.0,2.694279,153.3644,0,9.699404
2022,25.25,-6.75,2.6985245,153.4958,0,9.714688
2022,25.25,-6.5,2.6926582,154.67381,0,9.693569
2022,25.25,-6.25,2.612624,156.20294,0,9.405446
2022,25.25,-6.0,2.5984862,158.1103,0,9.35455
2022,25.25,-5.75,2.6485167,158.1166,0,9.534659
2022,25.25,-5.5,2.7006464,157.80084,0,9.722327
2022,25.25,-5.25,2.6975937,128.7234,0,9.711337
2022,25.25,-5.0,2.759101,130.67131,0,9.932763
2022,25.25,-4.75,2.8253746,103.62032,0,10.171349
2022,25.25,-4.5,2.918966,75.3986,0,10.508278
2022,25.25,-4.25,2.916952,75.22528,0,10.501026
2022,25.25,-4.0,2.8582213,75.38055,0,10.289597
2022,25.25,-3.75,2.846742,76.813385,0,10.248271
2022,25.25,-3.5,2.8418016,79.42084,0,10.230486
2022,25.25,-3.25,2.9425924,80.97206,0,10.593332
2022,25.25,-3.0,3.0322914,81.45426,0,10.916248
2022,25.25,-2.75,3.0920932,79.007286,0,11.131536
2022,25.25,-2.5,3.0466158,76.3209,0,10.967816
2022,25.25,-2.25,3.0355759,73.267494,0,10.928073
2022,25.25,-2.0,3.026433,71.64429,0,10.895159
2022,25.25,-1.75,3.023121,70.736595,0,10.883236
2022,25.25,-1.5,3.0286286,70.39085,0,10.903063
2022,25.25,-1.25,3.00792,70.03967,0,10.828512
2022,25.25,-1.0,2.9784958,70.210014,0,10.722585
2022,25.25,-0.75,2.9464095,70.72867,0,10.607074
2022,25.25,-0.5,2.9416025,71.136444,0,10.589768
2022,25.25,-0.25,2.9633453,71.95478,0,10.668043
2022,25.25,0.0,2.96537,71.720314,0,10.675331
2022,25.25,0.25,2.960518,70.37757,0,10.657865
2022,25.25,0.5,2.8973665,67.13897,0,10.430519
2022,25.25,0.75,2.7811458,64.43896,0,10.012125
2022,25.25,1.0,2.6201122,61.940693,0,9.432404
2022,25.25,1.25,2.3884635,61.860626,0,8.598469
2022,25.25,1.5,2.2660015,68.15913,0,8.157605
2022,25.25,1.75,2.255481,69.273674,0,8.119731
2022,25.25,2.0,2.2460392,72.55979,0,8.085741
2022,25.25,2.25,2.2472348,76.639275,0,8.090045
2022,25.25,2.5,2.1579041,82.47274,0,7.7684546
2022,25.25,2.75,1.9145554,86.67932,0,6.8923993
2022,25.25,3.0,1.6900285,90.83533,0,6.0841026
2022,25.25,3.25,1.6615543,94.63751,0,5.9815955
2022,25.25,3.5,1.6752547,98.233604,0,6.0309167
2022,25.25,3.75,1.7938924,99.33225,0,6.4580126
2022,25.25,4.0,1.8652916,103.46314,0,6.7150497
2022,25.25,4.25,2.1838052,96.127045,0,7.8616986
2022,25.25,4.5,2.2666128,82.55604,0,8.159805
2022,25.25,4.75,2.2572443,67.69175,0,8.12608
2022,25.25,5.0,1.8909622,71.91367,0,6.807464
2022,25.25,5.25,1.6346956,85.90997,0,5.8849044
2022,25.25,5.5,1.451821,102.730736,0,5.2265553
2022,25.25,5.75,1.7327803,107.11981,0,6.238009
2022,25.25,6.0,2.0944717,103.1474,0,7.5400977
2022,25.25,6.25,2.0785258,104.21478,0,7.4826927
2022,25.25,6.5,2.2393196,105.22277,0,8.06155
2022,25.25,6.75,2.33277,107.05868,0,8.397972
2022,25.25,7.0,2.1862752,107.03756,0,7.8705907
2022,25.25,7.25,2.023507,105.65683,0,7.2846255
2022,25.25,7.5,1.9606992,103.20044,0,7.058517
2022,25.25,7.75,1.937255,100.33686,0,6.9741178
2022,25.25,8.0,2.0117345,99.39337,0,7.242244
2022,25.25,8.25,1.9730257,99.89276,0,7.1028924
2022,25.25,8.5,1.9021583,96.62735,0,6.8477697
2022,25.25,8.75,2.0037026,99.75666,0,7.2133293
2022,25.25,9.0,2.278189,104.13328,0,8.20148
2022,25.25,9.25,2.19225,109.42103,0,7.8921
2022,25.25,9.5,1.9889717,110.51752,0,7.160298
2022,25.25,9.75,1.5050364,115.416534,0,5.418131
2022,25.25,10.0,1.3322313,107.81603,0,4.7960324
2022,25.25,10.25,1.4942857,97.33737,0,5.3794284
2022,25.25,10.5,1.9317192,99.48047,0,6.954189
2022,25.25,10.75,1.8131847,100.38485,0,6.527465
2022,25.25,11.0,1.9243221,94.40264,0,6.9275594
2022,25.25,11.25,2.2402341,89.7853,0,8.064842
2022,25.25,11.5,2.6398947,88.77667,0,9.503621
2022,25.25,11.75,2.7434146,87.81189,0,9.876292
2022,25.25,12.0,2.3410728,84.20597,0,8.427862
2022,25.0,-9.0,3.0953271,180.09517,0,11.143177
2022,25.0,-8.75,3.0494277,181.93303,0,10.97794
2022,25.0,-8.5,3.0151007,153.8537,0,10.8543625
2022,25.0,-8.25,2.8806055,154.39394,0,10.370179
2022,25.0,-8.0,2.769098,154.26611,0,9.968753
2022,25.0,-7.75,2.6630647,153.65475,0,9.587032
2022,25.0,-7.5,2.5795925,152.26884,0,9.286532
2022,25.0,-7.25,2.5725307,152.67188,0,9.26111
2022,25.0,-7.0,2.6255095,153.21294,0,9.451834
2022,25.0,-6.75,2.6405668,154.58522,0,9.506041
2022,25.0,-6.5,2.6363003,155.84369,0,9.490681
2022,25.0,-6.25,2.7193458,157.52202,0,9.789644
2022,25.0,-6.0,2.7412376,157.97786,0,9.868455
2022,25.0,-5.75,2.749691,156.9109,0,9.898888
2022,25.0,-5.5,2.72303,127.08616,0,9.802908
2022,25.0,-5.25,2.7204285,127.989174,0,9.793542
2022,25.0,-5.0,2.6661656,130.82579,0,9.598196
2022,25.0,-4.75,2.7003794,133.83081,0,9.721366
2022,25.0,-4.5,2.7279842,106.505455,0,9.820743
2022,25.0,-4.25,2.7505758,77.30985,0,9.902073
2022,25.0,-4.0,2.710109,77.70546,0,9.7563925
2022,25.0,-3.75,2.735966,78.68925,0,9.849477
2022,25.0,-3.5,2.7387,81.442894,0,9.85932
2022,25.0,-3.25,2.7773545,81.84095,0,9.998476
2022,25.0,-3.0,2.8546479,81.60392,0,10.276732
2022,25.0,-2.75,2.9419959,78.75488,0,10.591185
2022,25.0,-2.5,2.9947202,75.81019,0,10.7809925
2022,25.0,-2.25,2.9852686,72.75747,0,10.746966
2022,25.0,-2.0,2.9801464,70.76748,0,10.728527
2022,25.0,-1.75,2.971368,69.882545,0,10.696925
2022,25.0,-1.5,2.9603405,69.96493,0,10.657226
2022,25.0,-1.25,2.9315252,69.678474,0,10.553491
2022,25.0,-1.0,2.9085808,69.92187,0,10.470891
2022,25.0,-0.75,2.8944104,70.34998,0,10.419877
2022,25.0,-0.5,2.8899965,70.91799,0,10.403987
2022,25.0,-0.25,2.8820698,71.47256,0,10.375451
2022,25.0,0.0,2.8685477,70.80799,0,10.326772
2022,25.0,0.25,2.849248,69.62446,0,10.257293
2022,25.0,0.5,2.7744732,67.47364,0,9.988103
2022,25.0,0.75,2.6583483,65.12342,0,9.570054
2022,25.0,1.0,2.50445,66.31902,0,9.01602
2022,25.0,1.25,2.2847345,67.918755,0,8.225044
2022,25.0,1.5,2.088886,71.83799,0,7.5199895
2022,25.0,1.75,1.8641213,96.31922,0,6.7108364
2022,25.0,2.0,1.8143517,100.95051,0,6.531666
2022,25.0,2.25,1.6562328,79.676216,0,5.962438
2022,25.0,2.5,1.5778146,88.32113,0,5.6801324
2022,25.0,2.75,1.4332892,92.38232,0,5.159841
2022,25.0,3.0,1.342225,121.64118,0,4.83201
2022,25.0,3.25,1.4636827,109.89384,0,5.2692575
2022,25.0,3.5,1.737937,108.49713,0,6.2565727
2022,25.0,3.75,1.873969,108.3771,0,6.7462883
2022,25.0,4.0,2.1708663,99.56842,0,7.8151183
2022,25.0,4.25,2.5070958,91.96854,0,9.025545
2022,25.0,4.5,2.4832683,78.5857,0,8.939766
2022,25.0,4.75,2.2502058,72.7063,0,8.10074
2022,25.0,5.0,1.9172693,78.0817,0,6.9021697
2022,25.0,5.25,1.3489376,92.30509,0,4.8561754
2022,25.0,5.5,1.1713469,109.37969,0,4.216849
2022,25.0,5.75,1.35491,106.997,0,4.877676
2022,25.0,6.0,1.8588009,104.008415,0,6.691683
2022,25.0,6.25,1.9395915,103.99606,0,6.982529
2022,25.0,6.5,2.1303692,107.78848,0,7.6693287
2022,25.0,6.75,2.2364194,109.27231,0,8.051109
2022,25.0,7.0,2.3685262,110.75167,0,8.526694
2022,25.0,7.25,2.2321584,110.091705,0,8.03577
2022,25.0,7.5,2.0686274,109.190025,0,7.447058
2022,25.0,7.75,1.989993,105.032104,0,7.163975
2022,25.0,8.0,1.9736906,100.70176,0,7.105286
2022,25.0,8.25,1.8124536,87.36674,0,6.5248327
2022,25.0,8.5,1.759634,83.84564,0,6.3346825
2022,25.0,8.75,1.9447193,84.22964,0,7.0009894
2022,25.0,9.0,2.2743826,86.351845,0,8.1877775
2022,25.0,9.25,2.2479122,89.67905,0,8.0924835
2022,25.0,9.5,2.1838372,98.569984,0,7.8618135
2022,25.0,9.75,1.662347,101.351746,0,5.984449
2022,25.0,10.0,1.1053534,102.01591,0,3.979272
2022,25.0,10.25,1.1188035,94.73173,0,4.0276923
2022,25.0,10.5,1.8531747,94.41287,0,6.6714287
2022,25.0,10.75,1.837933,91.70444,0,6.6165586
2022,25.0,11.0,1.9104853,87.74957,0,6.8777466
2022,25.0,11.25,2.3619354,90.65452,0,8.502967
2022,25.0,11.5,2.7733166,89.867226,0,9.983939
2022,25.0,11.75,2.8138998,88.65503,0,10.130039
2022,25.0,12.0,2.4162428,84.29871,0,8.698474
2022,24.75,-9.0,3.0761583,180.55318,0,11.074169
2022,24.75,-8.75,3.0248947,183.01898,0,10.889621
2022,24.75,-8.5,3.006359,155.18913,0,10.822892
2022,24.75,-8.25,2.992849,156.71338,0,10.774257
2022,24.75,-8.0,2.8802454,156.70241,0,10.368883
2022,24.75,-7.75,2.7815673,155.13332,0,10.013642
2022,24.75,-7.5,2.6667616,153.57414,0,9.600342
2022,24.75,-7.25,2.6236262,153.85713,0,9.445054
2022,24.75,-7.0,2.592286,153.98616,0,9.33223
2022,24.75,-6.75,2.6086621,155.33496,0,9.391184
2022,24.75,-6.5,2.6598568,156.89111,0,9.575484
2022,24.75,-6.25,2.7644436,158.37355,0,9.951997
2022,24.75,-6.0,2.7839577,157.50568,0,10.022247
2022,24.75,-5.75,2.7029521,156.52443,0,9.730627
2022,24.75,-5.5,2.6615963,127.17039,0,9.581746
2022,24.75,-5.25,2.6054704,130.20586,0,9.379693
2022,24.75,-5.0,2.5574434,133.07948,0,9.206796
2022,24.75,-4.75,2.5282035,135.18138,0,9.101532
2022,24.75,-4.5,2.5258408,137.3123,0,9.093026
2022,24.75,-4.25,2.5456865,138.1401,0,9.164471
2022,24.75,-4.0,2.5768108,78.57128,0,9.276519
2022,24.75,-3.75,2.6005838,79.693726,0,9.362102
2022,24.75,-3.5,2.6872842,79.395226,0,9.674223
2022,24.75,-3.25,2.726553,79.43548,0,9.815591
2022,24.75,-3.0,2.796891,77.72808,0,10.068808
2022,24.75,-2.75,2.8828018,75.668045,0,10.378086
2022,24.75,-2.5,2.945652,73.066864,0,10.604347
2022,24.75,-2.25,2.9468155,71.653725,0,10.608536
2022,24.75,-2.0,2.943347,69.65018,0,10.596049
2022,24.75,-1.75,2.9014165,69.32654,0,10.445099
2022,24.75,-1.5,2.8793108,69.5619,0,10.365519
2022,24.75,-1.25,2.8404713,69.276825,0,10.225697
2022,24.75,-1.0,2.8286307,69.69783,0,10.18307
2022,24.75,-0.75,2.815594,70.2402,0,10.136138
2022,24.75,-0.5,2.8011057,70.5538,0,10.083981
2022,24.75,-0.25,2.7892325,71.19747,0,10.041237
2022,24.75,0.0,2.7510645,70.41705,0,9.903832
2022,24.75,0.25,2.6948948,69.42893,0,9.701621
2022,24.75,0.5,2.6166337,67.63018,0,9.419881
2022,24.75,0.75,2.4910815,68.44416,0,8.967893
2022,24.75,1.0,2.3424752,69.74712,0,8.43291
2022,24.75,1.25,2.156216,71.236046,0,7.7623773
2022,24.75,1.5,1.9753166,76.96736,0,7.11114
2022,24.75,1.75,1.7589458,78.90351,0,6.332205
2022,24.75,2.0,1.6075538,103.37089,0,5.787194
2022,24.75,2.25,1.4722642,90.27118,0,5.300151
2022,24.75,2.5,1.2514535,94.87185,0,4.5052323
2022,24.75,2.75,1.1153363,104.79223,0,4.0152106
2022,24.75,3.0,1.1037887,116.53995,0,3.9736392
2022,24.75,3.25,1.223011,118.43716,0,4.4028397
2022,24.75,3.5,1.5244037,114.87089,0,5.487853
2022,24.75,3.75,1.9441997,108.45041,0,6.999119
2022,24.75,4.0,2.2480507,100.12918,0,8.092982
2022,24.75,4.25,2.3939292,91.20693,0,8.618145
2022,24.75,4.5,2.3348687,79.7761,0,8.405527
2022,24.75,4.75,2.012801,77.12234,0,7.2460833
2022,24.75,5.0,1.689969,87.96371,0,6.083888
2022,24.75,5.25,1.1697675,101.66085,0,4.211163
2022,24.75,5.5,0.89985514,103.87958,0,3.2394783
2022,24.75,5.75,0.9657457,101.970314,0,3.4766843
2022,24.75,6.0,1.4232082,102.134544,0,5.1235495
2022,24.75,6.25,1.7876654,104.060974,0,6.435595
2022,24.75,6.5,1.9692707,108.82803,0,7.0893745
2022,24.75,6.75,2.2440646,113.58866,0,8.078632
2022,24.75,7.0,2.3842087,114.78732,0,8.583151
2022,24.75,7.25,2.3582776,116.429115,0,8.489799
2022,24.75,7.5,2.1316879,116.112305,0,7.674076
2022,24.75,7.75,2.0361817,111.48347,0,7.330254
2022,24.75,8.0,1.8393337,100.841,0,6.621601
2022,24.75,8.25,1.6889406,86.29758,0,6.0801864
2022,24.75,8.5,1.7258028,84.46819,0,6.2128897
2022,24.75,8.75,1.9138203,64.03362,0,6.889753
2022,24.75,9.0,2.2076404,72.0223,0,7.9475055
2022,24.75,9.25,2.2498655,75.78243,0,8.099516
2022,24.75,9.5,2.1600854,83.60962,0,7.7763076
2022,24.75,9.75,2.0221646,87.93766,0,7.2797923
2022,24.75,10.0,1.4198912,88.418335,0,5.1116085
2022,24.75,10.25,1.0216261,86.03875,0,3.6778538
2022,24.75,10.5,1.6745477,87.695526,0,6.0283713
2022,24.75,10.75,1.8533064,83.79568,0,6.671903
2022,24.75,11.0,1.8572782,84.92713,0,6.6862016
2022,24.75,11.25,2.2852612,88.348,0,8.22694
2022,24.75,11.5,2.84289,90.16982,0,10.234404
2022,24.75,11.75,2.918004,89.13044,0,10.504814
2022,24.75,12.0,2.5032742,83.5407,0,9.011786
2022,24.5,-9.0,3.0461159,181.31151,0,10.966017
2022,24.5,-8.75,2.9954112,183.94926,0,10.78348
2022,24.5,-8.5,2.9849138,156.59274,0,10.745689
2022,24.5,-8.25,2.9807465,158.16336,0,10.730687
2022,24.5,-8.0,2.949744,157.79568,0,10.619078
2022,24.5,-7.75,2.8645356,156.13612,0,10.312327
2022,24.5,-7.5,2.781669,155.08313,0,10.014008
2022,24.5,-7.25,2.7479122,155.24681,0,9.892484
2022,24.5,-7.0,2.701639,155.31938,0,9.7259
2022,24.5,-6.75,2.6870925,156.40376,0,9.6735325
2022,24.5,-6.5,2.7409098,157.81816,0,9.867275
2022,24.5,-6.25,2.7598217,158.75493,0,9.935358
2022,24.5,-6.0,2.731115,158.02911,0,9.832014
2022,24.5,-5.75,2.5944746,128.07243,0,9.340108
2022,24.5,-5.5,2.4886954,130.8434,0,8.959303
2022,24.5,-5.25,2.4503038,134.02803,0,8.821094
2022,24.5,-5.0,2.4648533,135.20538,0,8.873471
2022,24.5,-4.75,2.446664,136.7665,0,8.80799
2022,24.5,-4.5,2.454069,136.0838,0,8.834648
2022,24.5,-4.25,2.470106,135.25954,0,8.892381
2022,24.5,-4.0,2.51145,135.69649,0,9.04122
2022,24.5,-3.75,2.5875726,106.35232,0,9.315261
2022,24.5,-3.5,2.6777785,76.26998,0,9.640002
2022,24.5,-3.25,2.733504,74.774025,0,9.840614
2022,24.5,-3.0,2.812085,73.03696,0,10.123506
2022,24.5,-2.75,2.8839283,71.89705,0,10.382142
2022,24.5,-2.5,2.926893,70.60769,0,10.536815
2022,24.5,-2.25,2.9280033,69.34056,0,10.540812
2022,24.5,-2.0,2.8837833,69.43078,0,10.381619
2022,24.5,-1.75,2.833721,69.36462,0,10.201395
2022,24.5,-1.5,2.783364,69.42138,0,10.02011
2022,24.5,-1.25,2.7437003,69.16367,0,9.87732
2022,24.5,-1.0,2.7351398,69.67607,0,9.846503
2022,24.5,-0.75,2.710988,70.15207,0,9.759557
2022,24.5,-0.5,2.6986122,70.62033,0,9.715004
2022,24.5,-0.25,2.6679213,71.00144,0,9.604516
2022,24.5,0.0,2.6125162,70.57429,0,9.405058
2022,24.5,0.25,2.5372028,69.56806,0,9.13393
2022,24.5,0.5,2.4258697,99.23739,0,8.73313
2022,24.5,0.75,2.3038995,99.73803,0,8.294038
2022,24.5,1.0,2.1473937,100.17693,0,7.730617
2022,24.5,1.25,1.9767766,95.17867,0,7.1163955
2022,24.5,1.5,1.8715664,89.81931,0,6.737639
2022,24.5,1.75,1.786322,89.23511,0,6.430759
2022,24.5,2.0,1.6227145,89.60345,0,5.841772
2022,24.5,2.25,1.4515139,93.683266,0,5.22545
2022,24.5,2.5,1.2340556,100.12148,0,4.4426003
2022,24.5,2.75,1.0698582,108.61863,0,3.8514893
2022,24.5,3.0,0.9692585,115.78779,0,3.4893305
2022,24.5,3.25,0.9897594,119.24878,0,3.5631337
2022,24.5,3.5,1.3102092,114.17468,0,4.716753
2022,24.5,3.75,1.7369834,106.913,0,6.25314
2022,24.5,4.0,1.9362098,101.76618,0,6.970355
2022,24.5,4.25,2.0001662,91.45512,0,7.2005982
2022,24.5,4.5,1.9503613,85.59986,0,7.0213003
2022,24.5,4.75,1.7300262,88.51629,0,6.228094
2022,24.5,5.0,1.4837689,97.955414,0,5.341568
2022,24.5,5.25,1.334576,98.70547,0,4.8044734
2022,24.5,5.5,1.0958797,96.17782,0,3.9451668
2022,24.5,5.75,0.8948345,91.24255,0,3.221404
2022,24.5,6.0,1.1701418,96.61572,0,4.2125106
2022,24.5,6.25,1.6141218,102.21267,0,5.810838
2022,24.5,6.5,1.7686983,113.439064,0,6.367314
2022,24.5,6.75,2.0626242,118.73496,0,7.425447
2022,24.5,7.0,2.2925384,120.64306,0,8.253138
2022,24.5,7.25,2.3044155,123.06553,0,8.295896
2022,24.5,7.5,2.0570831,122.03449,0,7.405499
2022,24.5,7.75,2.0139074,115.80093,0,7.2500668
2022,24.5,8.0,1.7885414,104.61334,0,6.438749
2022,24.5,8.25,1.7315121,92.907074,0,6.2334433
2022,24.5,8.5,1.7645893,90.207375,0,6.3525214
2022,24.5,8.75,1.9058074,66.569664,0,6.8609066
2022,24.5,9.0,2.1543095,68.749695,0,7.755514
2022,24.5,9.25,2.1818159,68.29227,0,7.854537
2022,24.5,9.5,2.1500294,72.591705,0,7.7401056
2022,24.5,9.75,1.9913605,78.06161,0,7.1688976
2022,24.5,10.0,2.0022876,75.00785,0,7.2082353
2022,24.5,10.25,1.5135736,74.43222,0,5.448865
2022,24.5,10.5,1.6664609,78.29836,0,5.999259
2022,24.5,10.75,1.9974991,79.80597,0,7.1909966
2022,24.5,11.0,1.9546639,81.60012,0,7.03679
2022,24.5,11.25,2.1678638,83.27871,0,7.80431
2022,24.5,11.5,2.7073956,86.20477,0,9.746624
2022,24.5,11.75,3.0047967,86.435875,0,10.817268
2022,24.5,12.0,2.5648963,80.12146,0,9.233626
2022,24.25,-9.0,3.0091848,182.11375,0,10.833065
2022,24.25,-8.75,2.9952958,154.74995,0,10.783065
2022,24.25,-8.5,2.9741,157.4771,0,10.70676
2022,24.25,-8.25,2.9544737,158.66469,0,10.636106
2022,24.25,-8.0,2.9219396,158.19952,0,10.518982
2022,24.25,-7.75,2.8765838,156.7494,0,10.355701
2022,24.25,-7.5,2.8407528,155.97768,0,10.22671
2022,24.25,-7.25,2.8432858,156.08888,0,10.235828
2022,24.25,-7.0,2.8054657,156.85156,0,10.099676
2022,24.25,-6.75,2.7838662,157.86014,0,10.021918
2022,24.25,-6.5,2.7644722,159.1851,0,9.9521
2022,24.25,-6.25,2.7463806,130.10864,0,9.88697
2022,24.25,-6.0,2.678319,130.62373,0,9.641948
2022,24.25,-5.75,2.5419035,131.92776,0,9.150852
2022,24.25,-5.5,2.4503286,134.80273,0,8.821182
2022,24.25,-5.25,2.4616325,135.72879,0,8.8618765
2022,24.25,-5.0,2.4841232,136.4543,0,8.942843
2022,24.25,-4.75,2.504152,135.78004,0,9.014947
2022,24.25,-4.5,2.5236075,133.90459,0,9.084987
2022,24.25,-4.25,2.5409772,132.74234,0,9.147518
2022,24.25,-4.0,2.5907657,133.46347,0,9.3267565
2022,24.25,-3.75,2.6593995,103.85476,0,9.573838
2022,24.25,-3.5,2.6832817,103.06882,0,9.659814
2022,24.25,-3.25,2.726596,101.4598,0,9.815745
2022,24.25,-3.0,2.7663949,100.19834,0,9.959022
2022,24.25,-2.75,2.8124578,69.28347,0,10.124847
2022,24.25,-2.5,2.8597214,68.33094,0,10.294997
2022,24.25,-2.25,2.8890574,69.037506,0,10.400606
2022,24.25,-2.0,2.8460991,69.527626,0,10.245956
2022,24.25,-1.75,2.7476814,69.50067,0,9.891653
2022,24.25,-1.5,2.668397,69.04074,0,9.606229
2022,24.25,-1.25,2.6445718,68.7624,0,9.520458
2022,24.25,-1.0,2.6186163,69.119194,0,9.427018
2022,24.25,-0.75,2.5919788,99.80483,0,9.331123
2022,24.25,-0.5,2.5601735,100.54012,0,9.216624
2022,24.25,-0.25,2.5299823,101.03878,0,9.107936
2022,24.25,0.0,2.4669762,101.09024,0,8.881114
2022,24.25,0.25,2.383092,100.12917,0,8.579131
2022,24.25,0.5,2.2595649,100.1063,0,8.134434
2022,24.25,0.75,2.1141593,99.61969,0,7.6109734
2022,24.25,1.0,1.9809033,97.38918,0,7.131252
2022,24.25,1.25,1.8904332,96.105865,0,6.805559
2022,24.25,1.5,1.7659644,95.95761,0,6.3574715
2022,24.25,1.75,1.7138027,97.09924,0,6.1696897
2022,24.25,2.0,1.6519175,98.78286,0,5.9469028
2022,24.25,2.25,1.500826,101.078705,0,5.4029737
2022,24.25,2.5,1.3751022,103.24252,0,4.9503675
2022,24.25,2.75,1.2301549,108.72228,0,4.4285574
2022,24.25,3.0,1.0696523,112.16714,0,3.8507483
2022,24.25,3.25,1.0064039,109.8975,0,3.623054
2022,24.25,3.5,1.3122753,106.92007,0,4.7241907
2022,24.25,3.75,1.4943472,104.81653,0,5.3796496
2022,24.25,4.0,1.6670204,100.450294,0,6.0012736
2022,24.25,4.25,1.6674703,98.03461,0,6.002893
2022,24.25,4.5,1.6513287,98.55444,0,5.944783
2022,24.25,4.75,1.6579286,100.145164,0,5.9685426
2022,24.25,5.0,1.7056799,99.23533,0,6.1404476
2022,24.25,5.25,1.5437468,99.88632,0,5.5574884
2022,24.25,5.5,1.3961371,96.58248,0,5.0260935
2022,24.25,5.75,1.1756308,89.91735,0,4.2322707
2022,24.25,6.0,1.2677822,122.758606,0,4.564016
2022,24.25,6.25,1.4530638,104.96464,0,5.2310295
2022,24.25,6.5,1.622262,124.511055,0,5.840143
2022,24.25,6.75,1.7656544,127.689476,0,6.3563557
2022,24.25,7.0,1.969821,128.67068,0,7.0913553
2022,24.25,7.25,2.0810559,128.02647,0,7.491801
2022,24.25,7.5,1.9114345,127.9022,0,6.881164
2022,24.25,7.75,1.9343076,122.67576,0,6.963507
2022,24.25,8.0,1.9003493,116.95225,0,6.841257
2022,24.25,8.25,1.7421883,106.22184,0,6.271878
2022,24.25,8.5,1.6294628,94.74887,0,5.866066
2022,24.25,8.75,1.7044481,94.211464,0,6.136013
2022,24.25,9.0,1.9382573,71.876564,0,6.9777265
2022,24.25,9.25,2.039427,69.3352,0,7.341937
2022,24.25,9.5,2.0482056,71.05524,0,7.37354
2022,24.25,9.75,2.3431473,71.27207,0,8.43533
2022,24.25,10.0,2.4418793,71.533066,0,8.790765
2022,24.25,10.25,2.340762,66.75413,0,8.426743
2022,24.25,10.5,2.109661,69.48821,0,7.59478
2022,24.25,10.75,2.2735512,75.83761,0,8.184784
2022,24.25,11.0,2.012584,76.86317,0,7.245302
2022,24.25,11.25,2.1667476,78.542534,0,7.800291
2022,24.25,11.5,2.617242,79.11666,0,9.422071
2022,24.25,11.75,2.9873388,80.345055,0,10.754419
2022,24.25,12.0,2.6348867,72.92551,0,9.485592
2022,24.0,-9.0,2.9541333,182.60664,0,10.634879
2022,24.0,-8.75,2.9544792,155.5641,0,10.636125
2022,24.0,-8.5,2.9659197,158.31853,0,10.677311
2022,24.0,-8.25,2.943739,159.37434,0,10.59746
2022,24.0,-8.0,2.8909633,158.68535,0,10.407468
2022,24.0,-7.75,2.835265,157.24428,0,10.206953
2022,24.0,-7.5,2.8113842,156.87225,0,10.120983
2022,24.0,-7.25,2.806072,158.32463,0,10.101859
2022,24.0,-7.0,2.768368,129.73369,0,9.966125
2022,24.0,-6.75,2.7321978,131.02629,0,9.835912
2022,24.0,-6.5,2.7052126,132.32896,0,9.738765
2022,24.0,-6.25,2.6854677,133.23611,0,9.667684
2022,24.0,-6.0,2.6361692,134.14258,0,9.490209
2022,24.0,-5.75,2.5602248,134.92406,0,9.216809
2022,24.0,-5.5,2.5581322,134.76794,0,9.209275
2022,24.0,-5.25,2.5902905,134.49173,0,9.325046
2022,24.0,-5.0,2.6422575,133.92036,0,9.512127
2022,24.0,-4.75,2.6874704,133.0253,0,9.674893
2022,24.0,-4.5,2.6953962,132.24785,0,9.703426
2022,24.0,-4.25,2.6737938,132.0102,0,9.625657
2022,24.0,-4.0,2.7111843,132.68108,0,9.760263
2022,24.0,-3.75,2.7374585,102.765656,0,9.85485
2022,24.0,-3.5,2.7364495,101.85207,0,9.851218
2022,24.0,-3.25,2.7008407,100.25083,0,9.723026
2022,24.0,-3.0,2.69117,98.82952,0,9.688211
2022,24.0,-2.75,2.6996343,96.861595,0,9.718683
2022,24.0,-2.5,2.697071,95.53302,0,9.7094555
2022,24.0,-2.25,2.7550838,67.167595,0,9.918302
2022,24.0,-2.0,2.8010833,70.31727,0,10.0838995
2022,24.0,-1.75,2.710327,71.14628,0,9.757176
2022,24.0,-1.5,2.5363133,68.60026,0,9.130728
2022,24.0,-1.25,2.5234027,98.20298,0,9.0842495
2022,24.0,-1.0,2.5064328,98.7001,0,9.023158
2022,24.0,-0.75,2.4752386,99.68699,0,8.910858
2022,24.0,-0.5,2.4375775,100.75399,0,8.775279
2022,24.0,-0.25,2.385361,101.697655,0,8.587299
2022,24.0,0.0,2.3137438,102.05225,0,8.329477
2022,24.0,0.25,2.226549,101.282234,0,8.015575
2022,24.0,0.5,2.1036913,100.97973,0,7.5732884
2022,24.0,0.75,1.9747528,99.82062,0,7.10911
2022,24.0,1.0,1.8750483,99.17865,0,6.7501736
2022,24.0,1.25,1.8210984,100.65391,0,6.5559545
2022,24.0,1.5,1.7523713,102.1025,0,6.3085365
2022,24.0,1.75,1.6975387,103.70762,0,6.1111393
2022,24.0,2.0,1.6491464,104.91953,0,5.936927
2022,24.0,2.25,1.5788816,105.960945,0,5.683974
2022,24.0,2.5,1.523642,107.58379,0,5.4851108
2022,24.0,2.75,1.4897367,110.35079,0,5.363052
2022,24.0,3.0,1.3935114,111.842445,0,5.016641
2022,24.0,3.25,1.3287207,107.679665,0,4.7833943
2022,24.0,3.5,1.3760638,104.37917,0,4.95383
2022,24.0,3.75,1.418292,104.0878,0,5.105851
2022,24.0,4.0,1.4291021,104.79614,0,5.1447673
2022,24.0,4.25,1.4248829,105.92908,0,5.129578
2022,24.0,4.5,1.4168004,107.695595,0,5.100481
2022,24.0,4.75,1.5386409,104.83545,0,5.539107
2022,24.0,5.0,1.677742,101.05898,0,6.039871
2022,24.0,5.25,1.7213422,100.60543,0,6.1968317
2022,24.0,5.5,1.6649646,101.96482,0,5.993872
2022,24.0,5.75,1.5694147,106.87032,0,5.649893
2022,24.0,6.0,1.5383624,119.85563,0,5.5381045
2022,24.0,6.25,1.537815,135.20549,0,5.536134
2022,24.0,6.5,1.5953814,142.49419,0,5.743373
2022,24.0,6.75,1.6699791,142.61403,0,6.0119247
2022,24.0,7.0,1.6604204,134.22888,0,5.9775133
2022,24.0,7.25,1.7053026,125.81063,0,6.139089
2022,24.0,7.5,1.7868973,121.439575,0,6.4328303
2022,24.0,7.75,2.0218558,121.4122,0,7.278681
2022,24.0,8.0,1.9622064,118.24896,0,7.063943
2022,24.0,8.25,1.6763674,113.53944,0,6.0349226
2022,24.0,8.5,1.4586401,99.87756,0,5.2511044
2022,24.0,8.75,1.5431299,92.28366,0,5.5552673
2022,24.0,9.0,1.8128523,86.50387,0,6.526268
2022,24.0,9.25,1.9694427,77.43469,0,7.0899935
2022,24.0,9.5,2.2227988,73.444305,0,8.002075
2022,24.0,9.75,2.6519022,70.00822,0,9.546847
2022,24.0,10.0,3.1214206,67.6087,0,11.237114
2022,24.0,10.25,3.2865,65.80129,0,11.8314
2022,24.0,10.5,2.905407,67.33496,0,10.459465
2022,24.0,10.75,2.6706972,75.41309,0,9.61451
2022,24.0,11.0,2.2793574,75.23657,0,8.205687
2022,24.0,11.25,2.0634859,73.74271,0,7.428549
2022,24.0,11.5,2.3993757,73.44191,0,8.637753
2022,24.0,11.75,2.9972448,71.4238,0,10.790081
2022,24.0,12.0,2.9649274,65.003746,0,10.6737385
2022,23.75,-9.0,2.8948033,183.1748,0,10.421291
2022,23.75,-8.75,2.9004602,156.31181,0,10.441657
2022,23.75,-8.5,2.931776,128.85052,0,10.554394
2022,23.75,-8.25,2.934291,129.64232,0,10.563447
2022,23.75,-8.0,2.889809,159.0772,0,10.403312
2022,23.75,-7.75,2.8137207,158.48846,0,10.129395
2022,23.75,-7.5,2.7474005,129.71982,0,9.890641
2022,23.75,-7.25,2.7076254,132.58424,0,9.747451
2022,23.75,-7.0,2.6600904,134.37123,0,9.576325
2022,23.75,-6.75,2.6262143,135.24033,0,9.454371
2022,23.75,-6.5,2.6151214,135.60512,0,9.414436
2022,23.75,-6.25,2.6262474,135.69714,0,9.454491
2022,23.75,-6.0,2.6488507,135.28796,0,9.535862
2022,23.75,-5.75,2.65956,134.0377,0,9.574415
2022,23.75,-5.5,2.6839693,132.55772,0,9.662289
2022,23.75,-5.25,2.7233837,131.71904,0,9.804181
2022,23.75,-5.0,2.774108,131.55151,0,9.986789
2022,23.75,-4.75,2.8193932,131.73897,0,10.149816
2022,23.75,-4.5,2.8208606,102.11899,0,10.155098
2022,23.75,-4.25,2.808552,101.95559,0,10.110787
2022,23.75,-4.0,2.832579,102.36379,0,10.197284
2022,23.75,-3.75,2.8565874,102.72085,0,10.283714
2022,23.75,-3.5,2.8418016,102.26312,0,10.230486
2022,23.75,-3.25,2.768099,100.546234,0,9.965157
2022,23.75,-3.0,2.6625707,97.78608,0,9.585255
2022,23.75,-2.75,2.5627942,94.34845,0,9.226059
2022,23.75,-2.5,2.4733775,92.60764,0,8.904159
2022,23.75,-2.25,2.516434,96.04026,0,9.059162
2022,23.75,-2.0,2.6365352,71.50053,0,9.491527
2022,23.75,-1.75,2.6641324,73.45423,0,9.590877
2022,23.75,-1.5,2.4861455,97.44732,0,8.950124
2022,23.75,-1.25,2.4362774,96.29389,0,8.770598
2022,23.75,-1.0,2.4072614,97.53968,0,8.666141
2022,23.75,-0.75,2.3638017,99.483574,0,8.5096855
2022,23.75,-0.5,2.3085825,101.08196,0,8.310897
2022,23.75,-0.25,2.2515619,102.08279,0,8.105622
2022,23.75,0.0,2.1850016,102.00073,0,7.8660054
2022,23.75,0.25,2.0886326,101.55164,0,7.5190773
2022,23.75,0.5,1.9853147,101.13837,0,7.147133
2022,23.75,0.75,1.8837589,101.68809,0,6.781532
2022,23.75,1.0,1.7987447,104.33526,0,6.4754806
2022,23.75,1.25,1.7470294,106.643585,0,6.2893057
2022,23.75,1.5,1.7480855,108.002625,0,6.2931075
2022,23.75,1.75,1.6956768,108.57937,0,6.1044364
2022,23.75,2.0,1.6176629,108.91825,0,5.8235865
2022,23.75,2.25,1.5540112,110.89804,0,5.5944405
2022,23.75,2.5,1.4889197,114.61733,0,5.3601108
2022,23.75,2.75,1.4235276,119.546326,0,5.124699
2022,23.75,3.0,1.4368337,123.62942,0,5.172601
2022,23.75,3.25,1.366909,120.436104,0,4.920872
2022,23.75,3.5,1.3195411,116.434875,0,4.7503476
2022,23.75,3.75,1.3028342,114.35431,0,4.6902027
2022,23.75,4.0,1.3062009,113.27426,0,4.702323
2022,23.75,4.25,1.3375877,111.25063,0,4.8153157
2022,23.75,4.5,1.4190558,108.84139,0,5.1086006
2022,23.75,4.75,1.5650359,104.983925,0,5.634129
2022,23.75,5.0,1.7616634,104.47482,0,6.341988
2022,23.75,5.25,1.9274276,107.7023,0,6.9387393
2022,23.75,5.5,1.9747471,115.14135,0,7.1090894
2022,23.75,5.75,1.9076532,125.527245,0,6.8675513
2022,23.75,6.0,1.7645978,137.53947,0,6.352552
2022,23.75,6.25,1.6978899,144.19373,0,6.1124034
2022,23.75,6.5,1.6362561,147.52484,0,5.890522
2022,23.75,6.75,1.552753,139.30803,0,5.5899105
2022,23.75,7.0,1.4676666,125.655914,0,5.2836
2022,23.75,7.25,1.4575291,106.128746,0,5.2471046
2022,23.75,7.5,1.7161392,105.21659,0,6.178101
2022,23.75,7.75,2.1141102,110.10244,0,7.6107965
2022,23.75,8.0,2.0460546,109.98667,0,7.3657966
2022,23.75,8.25,1.7887007,106.504974,0,6.4393225
2022,23.75,8.5,1.6137058,100.08073,0,5.8093405
2022,23.75,8.75,1.6707412,94.73324,0,6.014668
2022,23.75,9.0,1.9115039,90.961945,0,6.881414
2022,23.75,9.25,2.123048,85.39801,0,7.642973
2022,23.75,9.5,2.3534982,79.66486,0,8.472593
2022,23.75,9.75,2.7786674,72.64505,0,10.003202
2022,23.75,10.0,3.3419988,65.55566,0,12.031196
2022,23.75,10.25,3.7767336,62.316364,0,13.596241
2022,23.75,10.5,3.6639974,66.89116,0,13.190391
2022,23.75,10.75,3.3954828,74.11905,0,12.223738
2022,23.75,11.0,2.8699782,75.76257,0,10.331922
2022,23.75,11.25,2.4015222,74.77003,0,8.645479
2022,23.75,11.5,2.3717616,71.615654,0,8.5383415
2022,23.75,11.75,2.8496702,66.07261,0,10.258812
2022,23.75,12.0,3.2452278,59.767853,0,11.682819
2022,23.5,-9.0,2.7980747,154.4406,0,10.073069
2022,23.5,-8.75,2.7949162,127.41593,0,10.061698
2022,23.5,-8.5,2.8217938,129.73477,0,10.158458
2022,23.5,-8.25,2.8337486,130.58038,0,10.201494
2022,23.5,-8.0,2.803563,130.61464,0,10.092827
2022,23.5,-7.75,2.741065,131.65825,0,9.867834
2022,23.5,-7.5,2.683379,134.59656,0,9.660164
2022,23.5,-7.25,2.657727,136.91266,0,9.567817
2022,23.5,-7.0,2.623578,136.88603,0,9.4448805
2022,23.5,-6.75,2.5975034,136.32042,0,9.351012
2022,23.5,-6.5,2.5994232,134.84552,0,9.3579235
2022,23.5,-6.25,2.6254587,133.86012,0,9.451652
2022,23.5,-6.0,2.6874628,132.97064,0,9.674866
2022,23.5,-5.75,2.726595,132.07347,0,9.815742
2022,23.5,-5.5,2.742256,131.25385,0,9.872121
2022,23.5,-5.25,2.7710626,131.39227,0,9.975825
2022,23.5,-5.0,2.8154297,131.86536,0,10.135547
2022,23.5,-4.75,2.8459997,102.71058,0,10.245599
2022,23.5,-4.5,2.8410244,103.246956,0,10.227688
2022,23.5,-4.25,2.821667,103.210304,0,10.158001
2022,23.5,-4.0,2.815428,103.12225,0,10.135541
2022,23.5,-3.75,2.8556144,102.870735,0,10.280211
2022,23.5,-3.5,2.9024966,101.619835,0,10.448987
2022,23.5,-3.25,2.8770926,99.57034,0,10.357533
2022,23.5,-3.0,2.7750177,97.60532,0,9.990064
2022,23.5,-2.75,2.5833726,95.61002,0,9.300141
2022,23.5,-2.5,2.3768032,93.940674,0,8.556491
2022,23.5,-2.25,2.2903116,127.22367,0,8.245121
2022,23.5,-2.0,2.394808,73.00469,0,8.621308
2022,23.5,-1.75,2.533679,104.854836,0,9.121244
2022,23.5,-1.5,2.4273908,126.866,0,8.738606
2022,23.5,-1.25,2.3533034,125.30845,0,8.471892
2022,23.5,-1.0,2.3266504,97.20104,0,8.375941
2022,23.5,-0.75,2.2843204,100.50294,0,8.223553
2022,23.5,-0.5,2.2198875,102.32584,0,7.991595
2022,23.5,-0.25,2.158014,102.71649,0,7.7688503
2022,23.5,0.0,2.086732,101.58393,0,7.5122347
2022,23.5,0.25,2.0060709,101.04718,0,7.2218547
2022,23.5,0.5,1.9040427,101.58234,0,6.8545537
2022,23.5,0.75,1.8228192,110.96287,0,6.562149
2022,23.5,1.0,1.7794577,113.09055,0,6.4060473
2022,23.5,1.25,1.7474312,113.17947,0,6.290752
2022,23.5,1.5,1.7449579,113.43554,0,6.2818484
2022,23.5,1.75,1.6783563,113.05569,0,6.0420823
2022,23.5,2.0,1.6258446,114.30466,0,5.85304
2022,23.5,2.25,1.5617481,116.98768,0,5.622293
2022,23.5,2.5,1.4094071,120.418274,0,5.0738654
2022,23.5,2.75,1.2341568,124.80429,0,4.4429646
2022,23.5,3.0,1.3814745,129.81825,0,4.973308
2022,23.5,3.25,1.414327,129.90863,0,5.091577
2022,23.5,3.5,1.339238,127.71337,0,4.8212566
2022,23.5,3.75,1.2964507,125.55124,0,4.6672225
2022,23.5,4.0,1.2769865,123.043816,0,4.5971513
2022,23.5,4.25,1.2572218,117.26583,0,4.5259986
2022,23.5,4.5,1.3177755,111.32212,0,4.743992
2022,23.5,4.75,1.4396144,107.76487,0,5.182612
2022,23.5,5.0,1.5656161,106.57957,0,5.636218
2022,23.5,5.25,1.664535,111.11548,0,5.992326
2022,23.5,5.5,1.7363453,120.877686,0,6.250843
2022,23.5,5.75,1.8227218,132.73456,0,6.5617986
2022,23.5,6.0,1.726007,138.20366,0,6.213625
2022,23.5,6.25,1.6905788,134.83363,0,6.0860834
2022,23.5,6.5,1.543079,134.99579,0,5.555084
2022,23.5,6.75,1.3151242,130.06981,0,4.734447
2022,23.5,7.0,1.2844851,88.69098,0,4.6241465
2022,23.5,7.25,1.4995147,86.61483,0,5.398253
2022,23.5,7.5,1.9647201,94.67877,0,7.0729923
2022,23.5,7.75,2.426403,100.17697,0,8.735051
2022,23.5,8.0,2.2794406,102.66952,0,8.205986
2022,23.5,8.25,2.0438428,101.38663,0,7.357834
2022,23.5,8.5,1.9532356,97.97,0,7.031648
2022,23.5,8.75,2.0474072,93.35873,0,7.3706656
2022,23.5,9.0,2.1946309,87.85241,0,7.900671
2022,23.5,9.25,2.4278128,85.51053,0,8.740126
2022,23.5,9.5,2.6578233,83.05185,0,9.568164
2022,23.5,9.75,2.9313838,78.154625,0,10.552981
2022,23.5,10.0,3.3488224,70.93685,0,12.05576
2022,23.5,10.25,3.7834902,65.974106,0,13.620564
2022,23.5,10.5,3.9625866,67.67222,0,14.265311
2022,23.5,10.75,4.0261207,71.3097,0,14.494034
2022,23.5,11.0,3.774821,72.24831,0,13.589355
2022,23.5,11.25,3.2474458,71.89674,0,11.6908045
2022,23.5,11.5,2.7709343,70.913826,0,9.975364
2022,23.5,11.75,2.783267,66.93058,0,10.019761
2022,23.5,12.0,3.18905,59.53657,0,11.480579
2022,23.25,-9.0,2.7127094,126.11808,0,9.765754
2022,23.25,-8.75,2.692234,129.44847,0,9.692042
2022,23.25,-8.5,2.6930635,131.5327,0,9.695028
2022,23.25,-8.25,2.6953437,132.57904,0,9.703238
2022,23.25,-8.0,2.649396,133.79161,0,9.537826
2022,23.25,-7.75,2.5888083,135.50539,0,9.31971
2022,23.25,-7.5,2.6078029,137.99756,0,9.38809
2022,23.25,-7.25,2.641659,137.73187,0,9.509973
2022,23.25,-7.0,2.618963,136.68916,0,9.428267
2022,23.25,-6.75,2.6037302,134.40619,0,9.373428
2022,23.25,-6.5,2.6034467,132.76462,0,9.372408
2022,23.25,-6.25,2.6133082,132.03856,0,9.407909
2022,23.25,-6.0,2.679468,132.01366,0,9.646084
2022,23.25,-5.75,2.7489996,131.84798,0,9.896399
2022,23.25,-5.5,2.7834666,131.74745,0,10.020479
2022,23.25,-5.25,2.813057,131.84554,0,10.127005
2022,23.25,-5.0,2.8573186,102.24868,0,10.286346
2022,23.25,-4.75,2.8963468,102.84857,0,10.426848
2022,23.25,-4.5,2.9371395,102.72933,0,10.573702
2022,23.25,-4.25,2.9546158,103.19695,0,10.636617
2022,23.25,-4.0,2.9212465,102.93161,0,10.516487
2022,23.25,-3.75,2.859954,101.82009,0,10.295835
2022,23.25,-3.5,2.861892,100.379326,0,10.302811
2022,23.25,-3.25,2.8593056,99.46176,0,10.2935
2022,23.25,-3.0,2.848875,99.04892,0,10.25595
2022,23.25,-2.75,2.7247124,98.645164,0,9.808965
2022,23.25,-2.5,2.476854,98.17289,0,8.916675
2022,23.25,-2.25,2.3405888,100.73022,0,8.42612
2022,23.25,-2.0,2.317799,133.07024,0,8.344076
2022,23.25,-1.75,2.4170635,103.14257,0,8.701428
2022,23.25,-1.5,2.3647377,125.60224,0,8.513056
2022,23.25,-1.25,2.295666,123.73466,0,8.264398
2022,23.25,-1.0,2.2608917,124.35128,0,8.13921
2022,23.25,-0.75,2.2114046,100.59607,0,7.961056
2022,23.25,-0.5,2.1543698,104.95105,0,7.755731
2022,23.25,-0.25,2.0980692,103.63361,0,7.553049
2022,23.25,0.0,2.031135,130.97023,0,7.312086
2022,23.25,0.25,1.972231,128.12154,0,7.1000314
2022,23.25,0.5,1.9020451,119.86169,0,6.8473625
2022,23.25,0.75,1.8449746,117.56201,0,6.6419086
2022,23.25,1.0,1.7828332,117.63964,0,6.4181995
2022,23.25,1.25,1.7416557,117.727135,0,6.2699604
2022,23.25,1.5,1.70466,118.07174,0,6.136776
2022,23.25,1.75,1.6781396,118.22644,0,6.041302
2022,23.25,2.0,1.6372088,120.45466,0,5.8939514
2022,23.25,2.25,1.5602746,123.28666,0,5.616988
2022,23.25,2.5,1.4192036,126.396126,0,5.109133
2022,23.25,2.75,1.311994,128.41954,0,4.723178
2022,23.25,3.0,1.4797578,131.7996,0,5.327128
2022,23.25,3.25,1.5197053,133.50755,0,5.4709387
2022,23.25,3.5,1.4685262,134.87268,0,5.2866945
2022,23.25,3.75,1.40215,133.96489,0,5.04774
2022,23.25,4.0,1.3352342,131.81168,0,4.806843
2022,23.25,4.25,1.2984132,126.60978,0,4.6742873
2022,23.25,4.5,1.3177688,121.24402,0,4.7439675
2022,23.25,4.75,1.4178141,117.26251,0,5.1041307
2022,23.25,5.0,1.5062913,112.494286,0,5.4226484
2022,23.25,5.25,1.5245609,111.78544,0,5.488419
2022,23.25,5.5,1.610253,118.26188,0,5.796911
2022,23.25,5.75,1.8167791,122.97378,0,6.540405
2022,23.25,6.0,1.5420414,126.32681,0,5.551349
2022,23.25,6.25,1.4224156,122.78524,0,5.120696
2022,23.25,6.5,1.4431196,119.93301,0,5.1952305
2022,23.25,6.75,1.4110571,85.94421,0,5.0798054
2022,23.25,7.0,1.5197483,82.763985,0,5.4710937
2022,23.25,7.25,1.793038,83.57285,0,6.4549365
2022,23.25,7.5,2.3875864,92.34466,0,8.59531
2022,23.25,7.75,2.8614197,96.44747,0,10.30111
2022,23.25,8.0,2.6512423,97.79209,0,9.544472
2022,23.25,8.25,2.2388942,94.4529,0,8.060019
2022,23.25,8.5,2.1165473,89.48406,0,7.6195703
2022,23.25,8.75,2.3598626,84.26519,0,8.495505
2022,23.25,9.0,2.5292923,81.24493,0,9.105453
2022,23.25,9.25,2.727691,80.34759,0,9.819687
2022,23.25,9.5,3.0080242,80.74392,0,10.828887
2022,23.25,9.75,3.1929054,78.143745,0,11.494459
2022,23.25,10.0,3.2619286,74.80268,0,11.742943
2022,23.25,10.25,3.5367725,70.4894,0,12.732381
2022,23.25,10.5,4.0498004,69.99888,0,14.579281
2022,23.25,10.75,4.4850755,69.079285,0,16.14627
2022,23.25,11.0,4.333351,68.51089,0,15.600063
2022,23.25,11.25,4.0534825,67.518715,0,14.592537
2022,23.25,11.5,3.6466532,66.37344,0,13.127951
2022,23.25,11.75,3.355314,65.68043,0,12.07913
2022,23.25,12.0,3.519244,61.5316,0,12.669278
2022,23.0,-9.0,2.65082,127.8096,0,9.542952
2022,23.0,-8.75,2.621775,132.76074,0,9.43839
2022,23.0,-8.5,2.6193557,134.89336,0,9.42968
2022,23.0,-8.25,2.5928988,136.00383,0,9.334435
2022,23.0,-8.0,2.5515156,137.17592,0,9.185456
2022,23.0,-7.75,2.51954,137.8929,0,9.070344
2022,23.0,-7.5,2.5570338,139.03485,0,9.205321
2022,23.0,-7.25,2.6091473,137.6564,0,9.39293
2022,23.0,-7.0,2.625665,135.47797,0,9.452394
2022,23.0,-6.75,2.6156583,133.4381,0,9.416369
2022,23.0,-6.5,2.6092875,132.9757,0,9.393435
2022,23.0,-6.25,2.615136,132.64154,0,9.414489
2022,23.0,-6.0,2.659992,133.02333,0,9.575971
2022,23.0,-5.75,2.7233126,132.80263,0,9.8039255
2022,23.0,-5.5,2.7533772,132.64833,0,9.912158
2022,23.0,-5.25,2.769738,132.55388,0,9.971056
2022,23.0,-5.0,2.8111992,102.842445,0,10.1203165
2022,23.0,-4.75,2.8475564,102.21063,0,10.251203
2022,23.0,-4.5,2.8923228,101.484505,0,10.412362
2022,23.0,-4.25,2.9696226,102.006325,0,10.690641
2022,23.0,-4.0,3.062772,102.30353,0,11.025979
2022,23.0,-3.75,2.9975414,101.4151,0,10.791149
2022,23.0,-3.5,2.8780296,100.68627,0,10.360907
2022,23.0,-3.25,2.8182297,99.84097,0,10.145627
2022,23.0,-3.0,2.8021107,100.292336,0,10.087598
2022,23.0,-2.75,2.810846,102.30774,0,10.119045
2022,23.0,-2.5,2.6211402,102.833046,0,9.436105
2022,23.0,-2.25,2.4454463,103.152626,0,8.803606
2022,23.0,-2.0,2.409996,105.23098,0,8.675985
2022,23.0,-1.75,2.363631,101.60142,0,8.509071
2022,23.0,-1.5,2.306289,125.63119,0,8.30264
2022,23.0,-1.25,2.2580473,123.82401,0,8.12897
2022,23.0,-1.0,2.2213535,122.280396,0,7.9968724
2022,23.0,-0.75,2.1751628,117.942474,0,7.830586
2022,23.0,-0.5,2.1196592,141.77003,0,7.630773
2022,23.0,-0.25,2.0659611,135.45605,0,7.43746
2022,23.0,0.0,2.015313,127.76342,0,7.2551265
2022,23.0,0.25,1.967676,121.75904,0,7.0836334
2022,23.0,0.5,1.9242204,119.28528,0,6.9271936
2022,23.0,0.75,1.8720881,119.34605,0,6.7395167
2022,23.0,1.0,1.8119425,119.56956,0,6.5229926
2022,23.0,1.25,1.7595528,120.51186,0,6.33439
2022,23.0,1.5,1.710013,121.484566,0,6.156047
2022,23.0,1.75,1.704528,122.98586,0,6.1363006
2022,23.0,2.0,1.680756,124.99656,0,6.050721
2022,23.0,2.25,1.6245713,127.6343,0,5.8484564
2022,23.0,2.5,1.5928351,129.86034,0,5.734206
2022,23.0,2.75,1.5759677,132.6902,0,5.6734834
2022,23.0,3.0,1.702518,135.37682,0,6.1290646
2022,23.0,3.25,1.6871233,137.50768,0,6.0736437
2022,23.0,3.5,1.6564714,139.20522,0,5.963297
2022,23.0,3.75,1.6077741,140.44972,0,5.7879868
2022,23.0,4.0,1.5332943,139.18437,0,5.5198593
2022,23.0,4.25,1.579836,137.72455,0,5.6874094
2022,23.0,4.5,1.666831,133.92616,0,6.0005913
2022,23.0,4.75,1.8368446,128.2448,0,6.6126404
2022,23.0,5.0,2.0167387,120.81022,0,7.260259
2022,23.0,5.25,2.0139935,115.92737,0,7.250376
2022,23.0,5.5,1.990976,110.4921,0,7.1675134
2022,23.0,5.75,2.0301793,110.751915,0,7.3086452
2022,23.0,6.0,1.5068384,123.234886,0,5.4246182
2022,23.0,6.25,1.4802734,116.308876,0,5.328984
2022,23.0,6.5,1.6265758,83.7577,0,5.855673
2022,23.0,6.75,1.7359039,83.20732,0,6.2492537
2022,23.0,7.0,1.8706694,80.4858,0,6.7344093
2022,23.0,7.25,2.079099,87.48025,0,7.484756
2022,23.0,7.5,2.6083188,93.201324,0,9.389948
2022,23.0,7.75,3.1049168,95.522804,0,11.1777
2022,23.0,8.0,3.0867474,91.89687,0,11.11229
2022,23.0,8.25,2.6682084,87.79147,0,9.60555
2022,23.0,8.5,2.4555118,80.947174,0,8.839842
2022,23.0,8.75,2.669818,78.258644,0,9.611344
2022,23.0,9.0,2.770766,77.82373,0,9.974757
2022,23.0,9.25,2.9364493,77.057465,0,10.571218
2022,23.0,9.5,3.2394269,77.49983,0,11.661937
2022,23.0,9.75,3.3375788,76.95225,0,12.015284
2022,23.0,10.0,3.3907928,74.03713,0,12.206854
2022,23.0,10.25,3.4838495,71.49963,0,12.541858
2022,23.0,10.5,3.9815643,70.74781,0,14.3336315
2022,23.0,10.75,4.387226,68.49644,0,15.794014
2022,23.0,11.0,4.424689,63.877,0,15.92888
2022,23.0,11.25,4.2693543,62.406113,0,15.369676
2022,23.0,11.5,4.375262,62.7058,0,15.750942
2022,23.0,11.75,4.171198,62.869183,0,15.016312
2022,23.0,12.0,3.8537757,61.529842,0,13.873592
2022,22.75,-9.0,2.5618815,133.99901,0,9.222774
2022,22.75,-8.75,2.5822484,137.15071,0,9.296094
2022,22.75,-8.5,2.5919354,138.46545,0,9.330967
2022,22.75,-8.25,2.5665176,138.92702,0,9.239463
2022,22.75,-8.0,2.5300014,138.87868,0,9.108005
2022,22.75,-7.75,2.501869,138.72388,0,9.006728
2022,22.75,-7.5,2.5489032,138.40056,0,9.176051
2022,22.75,-7.25,2.604398,136.74673,0,9.375833
2022,22.75,-7.0,2.6263137,134.98651,0,9.454729
2022,22.75,-6.75,2.6304898,134.56812,0,9.469763
2022,22.75,-6.5,2.631826,134.67262,0,9.474573
2022,22.75,-6.25,2.6277616,134.6643,0,9.459942
2022,22.75,-6.0,2.6538372,134.71942,0,9.553814
2022,22.75,-5.75,2.6887214,134.19493,0,9.679397
2022,22.75,-5.5,2.6962807,133.68468,0,9.706611
2022,22.75,-5.25,2.7041185,133.39987,0,9.734826
2022,22.75,-5.0,2.720979,103.007324,0,9.795524
2022,22.75,-4.75,2.7238014,101.96397,0,9.805685
2022,22.75,-4.5,2.7237415,100.810326,0,9.8054695
2022,22.75,-4.25,2.793484,101.19053,0,10.056542
2022,22.75,-4.0,2.8747196,101.7181,0,10.34899
2022,22.75,-3.75,2.9084046,102.19883,0,10.470256
2022,22.75,-3.5,2.93554,102.40152,0,10.567944
2022,22.75,-3.25,2.8278677,101.52707,0,10.180324
2022,22.75,-3.0,2.7120836,102.04191,0,9.7635
2022,22.75,-2.75,2.7171376,105.07984,0,9.781695
2022,22.75,-2.5,2.6471102,77.62648,0,9.529596
2022,22.75,-2.25,2.5439208,79.051094,0,9.158114
2022,22.75,-2.0,2.439843,105.25207,0,8.783434
2022,22.75,-1.75,2.3555272,130.40913,0,8.4798975
2022,22.75,-1.5,2.2823384,126.8891,0,8.216418
2022,22.75,-1.25,2.245047,124.51632,0,8.08217
2022,22.75,-1.0,2.2100935,151.7953,0,7.9563365
2022,22.75,-0.75,2.169629,146.81581,0,7.8106647
2022,22.75,-0.5,2.1278267,141.47145,0,7.660176
2022,22.75,-0.25,2.0621853,133.16537,0,7.4238667
2022,22.75,0.0,2.031812,124.26566,0,7.3145227
2022,22.75,0.25,1.9919686,120.54493,0,7.171087
2022,22.75,0.5,1.9518267,119.28843,0,7.026576
2022,22.75,0.75,1.9068646,119.87744,0,6.8647127
2022,22.75,1.0,1.8575066,120.749725,0,6.6870236
2022,22.75,1.25,1.8096677,121.62379,0,6.5148034
2022,22.75,1.5,1.7562999,122.86622,0,6.3226795
2022,22.75,1.75,1.7689285,125.38767,0,6.3681426
2022,22.75,2.0,1.8067421,126.555145,0,6.5042715
2022,22.75,2.25,1.7976093,127.74941,0,6.4713936
2022,22.75,2.5,1.7817698,130.22194,0,6.414371
2022,22.75,2.75,1.8403044,133.74919,0,6.6250954
2022,22.75,3.0,1.9336425,136.74908,0,6.961113
2022,22.75,3.25,1.9282004,139.29182,0,6.941521
2022,22.75,3.5,1.9120716,141.59398,0,6.8834577
2022,22.75,3.75,1.9516646,143.01784,0,7.0259924
2022,22.75,4.0,1.9938483,143.37709,0,7.1778536
2022,22.75,4.25,2.084121,142.07921,0,7.5028353
2022,22.75,4.5,2.2479722,138.56078,0,8.0927
2022,22.75,4.75,2.447915,132.42738,0,8.812494
2022,22.75,5.0,2.6027036,124.382164,0,9.369733
2022,22.75,5.25,2.6941693,115.29431,0,9.699009
2022,22.75,5.5,2.6247566,105.72213,0,9.449123
2022,22.75,5.75,2.4062102,97.27914,0,8.662356
2022,22.75,6.0,1.9463148,86.83301,0,7.006733
2022,22.75,6.25,1.8028556,82.73461,0,6.49028
2022,22.75,6.5,1.8014245,84.89783,0,6.485128
2022,22.75,6.75,1.9772606,84.69922,0,7.118138
2022,22.75,7.0,2.1506374,87.17922,0,7.7422943
2022,22.75,7.25,2.4154441,91.73092,0,8.695599
2022,22.75,7.5,2.8734934,93.941956,0,10.344576
2022,22.75,7.75,3.403467,93.6614,0,12.2524805
2022,22.75,8.0,3.449571,88.96999,0,12.418455
2022,22.75,8.25,3.0802214,81.91365,0,11.088797
2022,22.75,8.5,2.7800887,77.40905,0,10.008319
2022,22.75,8.75,2.87198,77.042274,0,10.339128
2022,22.75,9.0,2.9285824,76.956726,0,10.542896
2022,22.75,9.25,3.0432274,75.98137,0,10.955619
2022,22.75,9.5,3.3740795,76.31898,0,12.146686
2022,22.75,9.75,3.5443523,75.79084,0,12.759668
2022,22.75,10.0,3.4702146,73.52311,0,12.492772
2022,22.75,10.25,3.4910028,71.068184,0,12.56761
2022,22.75,10.5,3.8972466,69.39044,0,14.030087
2022,22.75,10.75,4.307068,66.33425,0,15.505444
2022,22.75,11.0,4.3909144,61.64542,0,15.807292
2022,22.75,11.25,4.655353,58.360916,0,16.75927
2022,22.75,11.5,4.900413,58.387177,0,17.641487
2022,22.75,11.75,4.548765,60.542194,0,16.375555
2022,22.75,12.0,4.090451,59.972004,0,14.725622
2022,22.5,-9.0,2.4778178,142.95049,0,8.920144
2022,22.5,-8.75,2.5230472,141.07751,0,9.08297
2022,22.5,-8.5,2.5804515,140.7794,0,9.289625
2022,22.5,-8.25,2.5631025,140.63905,0,9.227169
2022,22.5,-8.0,2.533497,139.70462,0,9.120589
2022,22.5,-7.75,2.5243104,138.91089,0,9.087517
2022,22.5,-7.5,2.5606797,137.9926,0,9.218447
2022,22.5,-7.25,2.5963764,137.5053,0,9.346955
2022,22.5,-7.0,2.6237562,136.61707,0,9.445522
2022,22.5,-6.75,2.6420434,136.65582,0,9.511355
2022,22.5,-6.5,2.6543036,136.78514,0,9.555492
2022,22.5,-6.25,2.663306,136.60675,0,9.587901
2022,22.5,-6.0,2.6788824,136.12666,0,9.643976
2022,22.5,-5.75,2.6842377,135.33896,0,9.663256
2022,22.5,-5.5,2.6667602,134.39545,0,9.600336
2022,22.5,-5.25,2.6689818,133.92343,0,9.608335
2022,22.5,-5.0,2.6475565,133.84581,0,9.531203
2022,22.5,-4.75,2.612829,102.74982,0,9.406184
2022,22.5,-4.5,2.5644665,101.595665,0,9.2320795
2022,22.5,-4.25,2.5289109,101.55164,0,9.104079
2022,22.5,-4.0,2.6327908,102.58616,0,9.478046
2022,22.5,-3.75,2.7174819,103.71487,0,9.782934
2022,22.5,-3.5,2.7918308,104.1267,0,10.0505905
2022,22.5,-3.25,2.7865639,104.04546,0,10.03163
2022,22.5,-3.0,2.640282,104.96281,0,9.505014
2022,22.5,-2.75,2.604946,108.6002,0,9.377805
2022,22.5,-2.5,2.611538,110.63752,0,9.401536
2022,22.5,-2.25,2.5494125,110.29801,0,9.177885
2022,22.5,-2.0,2.4509256,135.09157,0,8.823332
2022,22.5,-1.75,2.356148,130.35509,0,8.482133
2022,22.5,-1.5,2.2950037,127.72517,0,8.2620125
2022,22.5,-1.25,2.2536986,154.12549,0,8.113315
2022,22.5,-1.0,2.225054,147.93892,0,8.010194
2022,22.5,-0.75,2.182931,143.15144,0,7.858551
2022,22.5,-0.5,2.1426852,138.27397,0,7.7136664
2022,22.5,-0.25,2.0888324,131.74544,0,7.5197964
2022,22.5,0.0,2.0604835,123.30902,0,7.4177403
2022,22.5,0.25,2.0200605,120.179695,0,7.2722178
2022,22.5,0.5,1.9799443,119.419395,0,7.1277995
2022,22.5,0.75,1.9352884,119.69875,0,6.967038
2022,22.5,1.0,1.8932223,120.87628,0,6.8156004
2022,22.5,1.25,1.867877,121.74276,0,6.724357
2022,22.5,1.5,1.8268396,122.77003,0,6.5766225
2022,22.5,1.75,1.833261,125.204735,0,6.5997396
2022,22.5,2.0,1.870347,126.309845,0,6.733249
2022,22.5,2.25,1.8905064,127.206665,0,6.805823
2022,22.5,2.5,1.9663173,129.51581,0,7.078742
2022,22.5,2.75,2.0321991,132.94807,0,7.3159165
2022,22.5,3.0,2.1125247,136.35744,0,7.6050887
2022,22.5,3.25,2.139837,139.00542,0,7.703413
2022,22.5,3.5,2.1511047,141.04924,0,7.7439766
2022,22.5,3.75,2.2773993,141.90416,0,8.198637
2022,22.5,4.0,2.4002173,142.06758,0,8.640782
2022,22.5,4.25,2.587567,139.28326,0,9.315241
2022,22.5,4.5,2.7741768,136.22566,0,9.987037
2022,22.5,4.75,2.956992,130.61736,0,10.64517
2022,22.5,5.0,3.0819633,123.30438,0,11.095068
2022,22.5,5.25,3.1540136,113.97294,0,11.354448
2022,22.5,5.5,3.0728683,103.77932,0,11.0623255
2022,22.5,5.75,2.8066332,93.81785,0,10.103879
2022,22.5,6.0,2.4470832,87.49729,0,8.8095
2022,22.5,6.25,2.131571,86.74182,0,7.6736555
2022,22.5,6.5,1.9673465,88.74503,0,7.0824475
2022,22.5,6.75,2.2125037,89.20377,0,7.965013
2022,22.5,7.0,2.4689093,91.825264,0,8.888073
2022,22.5,7.25,2.6840684,92.84039,0,9.662646
2022,22.5,7.5,3.1252472,93.66522,0,11.25089
2022,22.5,7.75,3.5169365,90.29016,0,12.660972
2022,22.5,8.0,3.6861076,85.96988,0,13.269987
2022,22.5,8.25,3.3708923,79.5805,0,12.135212
2022,22.5,8.5,3.1693366,77.51568,0,11.409612
2022,22.5,8.75,3.1023207,77.35205,0,11.168354
2022,22.5,9.0,3.0450494,77.552475,0,10.962177
2022,22.5,9.25,3.1389008,76.908966,0,11.300042
2022,22.5,9.5,3.3746426,76.533226,0,12.148713
2022,22.5,9.75,3.6207876,75.55984,0,13.034835
2022,22.5,10.0,3.6066332,73.23194,0,12.983879
2022,22.5,10.25,3.62487,70.53171,0,13.049532
2022,22.5,10.5,3.9136655,67.80071,0,14.089195
2022,22.5,10.75,4.2567453,64.1637,0,15.324283
2022,22.5,11.0,4.4664187,60.022552,0,16.079107
2022,22.5,11.25,4.7285304,56.88391,0,17.022709
2022,22.5,11.5,4.917908,56.917786,0,17.70447
2022,22.5,11.75,4.617358,57.544296,0,16.62249
2022,22.5,12.0,4.2889514,58.106945,0,15.440225
2022,22.25,-9.0,2.4372935,144.83162,0,8.774257
2022,22.25,-8.75,2.4704118,143.42503,0,8.893482
2022,22.25,-8.5,2.5278819,142.65558,0,9.100374
2022,22.25,-8.25,2.5602329,141.80687,0,9.216838
2022,22.25,-8.0,2.537572,140.45879,0,9.135259
2022,22.25,-7.75,2.5322888,139.53218,0,9.11624
2022,22.25,-7.5,2.5415123,139.04756,0,9.149444
2022,22.25,-7.25,2.5764253,138.62364,0,9.275131
2022,22.25,-7.0,2.6183178,138.2375,0,9.425944
2022,22.25,-6.75,2.639695,138.27843,0,9.502901
2022,22.25,-6.5,2.6757386,137.98148,0,9.632659
2022,22.25,-6.25,2.7048557,137.60298,0,9.73748
2022,22.25,-6.0,2.7238972,136.91768,0,9.806029
2022,22.25,-5.75,2.7237864,135.65935,0,9.805631
2022,22.25,-5.5,2.7072098,134.68977,0,9.745955
2022,22.25,-5.25,2.7061827,135.30695,0,9.742257
2022,22.25,-5.0,2.6734035,105.49041,0,9.624252
2022,22.25,-4.75,2.5861077,104.63727,0,9.309988
2022,22.25,-4.5,2.5026524,103.76774,0,9.009548
2022,22.25,-4.25,2.4434268,103.55139,0,8.796336
2022,22.25,-4.0,2.401728,103.9849,0,8.64622
2022,22.25,-3.75,2.4718378,104.93607,0,8.898616
2022,22.25,-3.5,2.506877,106.106346,0,9.024756
2022,22.25,-3.25,2.573351,106.93253,0,9.264063
2022,22.25,-3.0,2.5172017,108.394066,0,9.061926
2022,22.25,-2.75,2.5320265,110.57273,0,9.115295
2022,22.25,-2.5,2.5494847,111.06925,0,9.178144
2022,22.25,-2.25,2.5273943,108.98275,0,9.098619
2022,22.25,-2.0,2.4371934,104.70349,0,8.773896
2022,22.25,-1.75,2.3666077,131.21889,0,8.519788
2022,22.25,-1.5,2.3302453,126.78553,0,8.388883
2022,22.25,-1.25,2.3006916,146.48433,0,8.28249
2022,22.25,-1.0,2.25592,143.661,0,8.121311
2022,22.25,-0.75,2.2219603,140.88855,0,7.999057
2022,22.25,-0.5,2.1838226,140.89778,0,7.861761
2022,22.25,-0.25,2.1374524,121.327354,0,7.6948285
2022,22.25,0.0,2.0880232,121.71778,0,7.5168834
2022,22.25,0.25,2.0477192,119.42666,0,7.371789
2022,22.25,0.5,2.0125592,118.62911,0,7.245213
2022,22.25,0.75,1.9686507,119.25454,0,7.0871425
2022,22.25,1.0,1.9190192,120.243744,0,6.908469
2022,22.25,1.25,1.897933,121.378204,0,6.8325586
2022,22.25,1.5,1.8860215,122.756874,0,6.789677
2022,22.25,1.75,1.8825382,124.74691,0,6.7771373
2022,22.25,2.0,1.9069685,126.10608,0,6.8650866
2022,22.25,2.25,1.9590153,127.95325,0,7.052455
2022,22.25,2.5,2.0378022,130.07326,0,7.3360877
2022,22.25,2.75,2.1645534,132.4409,0,7.7923923
2022,22.25,3.0,2.2540786,135.5608,0,8.114683
2022,22.25,3.25,2.2881598,138.09428,0,8.237375
2022,22.25,3.5,2.3562226,139.3559,0,8.482401
2022,22.25,3.75,2.5114615,139.95085,0,9.041261
2022,22.25,4.0,2.7344913,137.96577,0,9.844169
2022,22.25,4.25,2.937315,135.6054,0,10.574334
2022,22.25,4.5,3.1019013,131.24152,0,11.166844
2022,22.25,4.75,3.3049011,125.95441,0,11.897644
2022,22.25,5.0,3.4028304,119.70437,0,12.250189
2022,22.25,5.25,3.3630989,111.76243,0,12.107156
2022,22.25,5.5,3.3063962,102.01017,0,11.903027
2022,22.25,5.75,3.2175655,95.84136,0,11.583236
2022,22.25,6.0,2.8684366,90.9616,0,10.326371
2022,22.25,6.25,2.5728617,89.73289,0,9.262301
2022,22.25,6.5,2.350858,90.76633,0,8.463088
2022,22.25,6.75,2.639393,91.83389,0,9.501815
2022,22.25,7.0,2.8457053,92.32248,0,10.244538
2022,22.25,7.25,3.0522177,93.19061,0,10.987984
2022,22.25,7.5,3.1853273,92.0477,0,11.467178
2022,22.25,7.75,3.5277665,88.35073,0,12.699959
2022,22.25,8.0,3.7122622,84.1414,0,13.364143
2022,22.25,8.25,3.6292982,80.00225,0,13.065474
2022,22.25,8.5,3.430211,78.30804,0,12.34876
2022,22.25,8.75,3.2686765,78.04551,0,11.767235
2022,22.25,9.0,3.2079933,78.265854,0,11.548776
2022,22.25,9.25,3.1550138,77.89422,0,11.358049
2022,22.25,9.5,3.3103027,77.291016,0,11.917089
2022,22.25,9.75,3.5963724,75.626724,0,12.94694
2022,22.25,10.0,3.7146351,72.89828,0,13.372686
2022,22.25,10.25,3.725845,70.19453,0,13.413042
2022,22.25,10.5,3.837734,66.932106,0,13.815842
2022,22.25,10.75,4.152903,62.75128,0,14.950451
2022,22.25,11.0,4.352073,59.34026,0,15.667463
2022,22.25,11.25,4.558434,56.480022,0,16.410362
2022,22.25,11.5,4.6784573,56.228207,0,16.842445
2022,22.25,11.75,4.7319274,56.125824,0,17.034939
2022,22.25,12.0,4.396043,53.940918,0,15.825754
2022,22.0,-9.0,2.449487,145.49454,0,8.818152
2022,22.0,-8.75,2.4719613,144.31122,0,8.89906
2022,22.0,-8.5,2.509773,143.71413,0,9.035183
2022,22.0,-8.25,2.5564816,142.78436,0,9.203334
2022,22.0,-8.0,2.546778,141.7431,0,9.168401
2022,22.0,-7.75,2.5405333,140.99564,0,9.14592
2022,22.0,-7.5,2.5325534,140.63704,0,9.117192
2022,22.0,-7.25,2.5403183,140.1497,0,9.145145
2022,22.0,-7.0,2.583771,139.64034,0,9.301576
2022,22.0,-6.75,2.632187,138.8369,0,9.475873
2022,22.0,-6.5,2.6828394,138.28687,0,9.658221
2022,22.0,-6.25,2.7242546,107.804474,0,9.807317
2022,22.0,-6.0,2.7557976,106.75232,0,9.920871
2022,22.0,-5.75,2.7597158,105.63491,0,9.934977
2022,22.0,-5.5,2.771775,106.07545,0,9.97839
2022,22.0,-5.25,2.7824485,107.05343,0,10.016814
2022,22.0,-5.0,2.7800426,107.91152,0,10.008153
2022,22.0,-4.75,2.6605034,107.12216,0,9.577812
2022,22.0,-4.5,2.5591583,106.66611,0,9.21297
2022,22.0,-4.25,2.5005805,106.788994,0,9.0020895
2022,22.0,-4.0,2.4418657,107.3259,0,8.790716
2022,22.0,-3.75,2.3662565,108.172005,0,8.518523
2022,22.0,-3.5,2.3195517,109.38882,0,8.350386
2022,22.0,-3.25,2.3121574,110.8107,0,8.323767
2022,22.0,-3.0,2.4051945,112.53088,0,8.6587
2022,22.0,-2.75,2.4720356,113.605965,0,8.899328
2022,22.0,-2.5,2.5185566,112.702,0,9.066804
2022,22.0,-2.25,2.4997075,110.3196,0,8.998946
2022,22.0,-2.0,2.44257,107.90027,0,8.793252
2022,22.0,-1.75,2.3909886,140.17615,0,8.607558
2022,22.0,-1.5,2.3811038,143.29736,0,8.571973
2022,22.0,-1.25,2.3598318,143.12444,0,8.495395
2022,22.0,-1.0,2.3140464,141.68619,0,8.330566
2022,22.0,-0.75,2.2574012,141.40112,0,8.126644
2022,22.0,-0.5,2.2206833,112.82013,0,7.9944596
2022,22.0,-0.25,2.1859288,115.5979,0,7.8693438
2022,22.0,0.0,2.1094754,118.13723,0,7.594111
2022,22.0,0.25,2.066494,119.02401,0,7.4393783
2022,22.0,0.5,2.0407555,118.85586,0,7.3467197
2022,22.0,0.75,2.011245,119.33187,0,7.240482
2022,22.0,1.0,1.9578639,120.5223,0,7.04831
2022,22.0,1.25,1.9195951,121.894936,0,6.9105425
2022,22.0,1.5,1.9180698,123.79053,0,6.905051
2022,22.0,1.75,1.9286023,125.71439,0,6.9429684
2022,22.0,2.0,1.954434,127.75452,0,7.0359626
2022,22.0,2.25,2.0152977,129.48375,0,7.255071
2022,22.0,2.5,2.1211212,131.24113,0,7.636036
2022,22.0,2.75,2.2650664,133.2691,0,8.154239
2022,22.0,3.0,2.3734112,134.53947,0,8.54428
2022,22.0,3.25,2.3734357,137.12611,0,8.544369
2022,22.0,3.5,2.4595304,138.2348,0,8.854309
2022,22.0,3.75,2.6797678,136.78474,0,9.647164
2022,22.0,4.0,2.911581,134.78987,0,10.481691
2022,22.0,4.25,3.0833566,131.67033,0,11.100083
2022,22.0,4.5,3.2540236,127.30518,0,11.714484
2022,22.0,4.75,3.4183085,121.78463,0,12.30591
2022,22.0,5.0,3.4910593,115.64489,0,12.567813
2022,22.0,5.25,3.433982,108.559166,0,12.362334
2022,22.0,5.5,3.3971462,102.52243,0,12.229726
2022,22.0,5.75,3.3276975,97.15742,0,11.979711
2022,22.0,6.0,3.2771084,93.80664,0,11.79759
2022,22.0,6.25,3.1217668,92.07914,0,11.23836
2022,22.0,6.5,2.964061,91.97974,0,10.670619
2022,22.0,6.75,3.0138817,93.062584,0,10.849974
2022,22.0,7.0,3.1933434,92.88775,0,11.496036
2022,22.0,7.25,3.3455436,91.733376,0,12.043957
2022,22.0,7.5,3.457956,90.54389,0,12.448642
2022,22.0,7.75,3.6112309,87.80953,0,13.000431
2022,22.0,8.0,3.8047602,83.33428,0,13.697137
2022,22.0,8.25,3.807931,80.71755,0,13.708551
2022,22.0,8.5,3.6625855,79.47214,0,13.1853075
2022,22.0,8.75,3.48609,79.6287,0,12.549924
2022,22.0,9.0,3.3476543,79.97687,0,12.051556
2022,22.0,9.25,3.2645054,79.79125,0,11.752219
2022,22.0,9.5,3.2283127,76.57083,0,11.621925
2022,22.0,9.75,3.48627,74.393105,0,12.550571
2022,22.0,10.0,3.6650155,71.64785,0,13.194056
2022,22.0,10.25,3.7758763,68.63106,0,13.593154
2022,22.0,10.5,3.8674867,65.74969,0,13.922952
2022,22.0,10.75,3.960706,63.306366,0,14.258541
2022,22.0,11.0,4.121754,59.84526,0,14.838315
2022,22.0,11.25,4.270723,56.582867,0,15.374602
2022,22.0,11.5,4.389713,55.32332,0,15.802966
2022,22.0,11.75,4.538444,55.534733,0,16.338398
2022,22.0,12.0,4.555524,55.78499,0,16.399885
2022,21.75,-9.0,2.5166423,145.5949,0,9.059912
2022,21.75,-8.75,2.5214653,144.92314,0,9.077275
2022,21.75,-8.5,2.5449367,144.49835,0,9.161772
2022,21.75,-8.25,2.5744739,144.29115,0,9.2681055
2022,21.75,-8.0,2.5666642,143.66277,0,9.239991
2022,21.75,-7.75,2.5723987,142.89775,0,9.260635
2022,21.75,-7.5,2.560537,142.32545,0,9.217934
2022,21.75,-7.25,2.5549228,141.59676,0,9.1977215
2022,21.75,-7.0,2.557321,140.58165,0,9.206356
2022,21.75,-6.75,2.592127,139.52472,0,9.331657
2022,21.75,-6.5,2.6436903,138.98639,0,9.517285
2022,21.75,-6.25,2.6857102,108.46796,0,9.668556
2022,21.75,-6.0,2.7112553,107.480835,0,9.760519
2022,21.75,-5.75,2.6923075,107.26043,0,9.6923065
2022,21.75,-5.5,2.7112162,108.22821,0,9.760378
2022,21.75,-5.25,2.7778175,109.857544,0,10.000143
2022,21.75,-5.0,2.8206894,110.76935,0,10.154482
2022,21.75,-4.75,2.7606504,110.207466,0,9.938341
2022,21.75,-4.5,2.6735535,110.29504,0,9.624792
2022,21.75,-4.25,2.6062484,110.9567,0,9.382494
2022,21.75,-4.0,2.5590737,112.06616,0,9.212665
2022,21.75,-3.75,2.4874682,113.13836,0,8.9548855
2022,21.75,-3.5,2.3866386,113.52392,0,8.591899
2022,21.75,-3.25,2.2767162,114.57871,0,8.196178
2022,21.75,-3.0,2.3631327,116.19334,0,8.5072775
2022,21.75,-2.75,2.4544322,115.90893,0,8.835956
2022,21.75,-2.5,2.504378,114.6782,0,9.01576
2022,21.75,-2.25,2.5004556,113.45284,0,9.00164
2022,21.75,-2.0,2.4612725,142.78761,0,8.86058
2022,21.75,-1.75,2.4041321,141.99336,0,8.654876
2022,21.75,-1.5,2.3878677,141.43556,0,8.596323
2022,21.75,-1.25,2.3802302,140.07011,0,8.568829
2022,21.75,-1.0,2.3163683,138.15253,0,8.338925
2022,21.75,-0.75,2.2504313,138.0822,0,8.101552
2022,21.75,-0.5,2.2188005,111.94086,0,7.987682
2022,21.75,-0.25,2.2112548,115.735466,0,7.9605174
2022,21.75,0.0,2.1271732,117.42257,0,7.657823
2022,21.75,0.25,2.0596244,120.419914,0,7.4146476
2022,21.75,0.5,2.0278168,121.45725,0,7.3001404
2022,21.75,0.75,2.016234,121.664825,0,7.258442
2022,21.75,1.0,2.002001,122.17627,0,7.2072034
2022,21.75,1.25,1.9714719,123.33545,0,7.0972986
2022,21.75,1.5,1.9708225,125.13062,0,7.0949607
2022,21.75,1.75,2.0090535,127.59292,0,7.232592
2022,21.75,2.0,2.0542014,130.42009,0,7.395125
2022,21.75,2.25,2.1274502,132.30519,0,7.6588206
2022,21.75,2.5,2.2341802,133.48668,0,8.043049
2022,21.75,2.75,2.3354697,133.45634,0,8.407691
2022,21.75,3.0,2.4304307,133.1472,0,8.74955
2022,21.75,3.25,2.3895485,135.24426,0,8.602374
2022,21.75,3.5,2.5068011,136.83234,0,9.024484
2022,21.75,3.75,2.7559397,134.61903,0,9.921383
2022,21.75,4.0,2.9877021,131.90993,0,10.755728
2022,21.75,4.25,3.1412222,128.7584,0,11.3084
2022,21.75,4.5,3.236515,124.349846,0,11.651454
2022,21.75,4.75,3.3926563,118.86555,0,12.213562
2022,21.75,5.0,3.4487867,112.813416,0,12.415632
2022,21.75,5.25,3.4077232,107.22239,0,12.267803
2022,21.75,5.5,3.4168937,102.15983,0,12.3008175
2022,21.75,5.75,3.448059,98.46307,0,12.4130125
2022,21.75,6.0,3.4468632,95.57163,0,12.408707
2022,21.75,6.25,3.4164903,93.15594,0,12.299365
2022,21.75,6.5,3.289383,92.27897,0,11.841778
2022,21.75,6.75,3.1892946,92.94916,0,11.481461
2022,21.75,7.0,3.3007355,92.28501,0,11.8826475
2022,21.75,7.25,3.480894,91.49453,0,12.531219
2022,21.75,7.5,3.647517,90.575905,0,13.131061
2022,21.75,7.75,3.7774143,86.952415,0,13.598691
2022,21.75,8.0,3.859513,83.90156,0,13.894247
2022,21.75,8.25,3.8397791,81.69424,0,13.823205
2022,21.75,8.5,3.7767944,80.84053,0,13.596459
2022,21.75,8.75,3.7263782,81.23946,0,13.414961
2022,21.75,9.0,3.5863082,81.63552,0,12.910709
2022,21.75,9.25,3.3548005,79.41492,0,12.077281
2022,21.75,9.5,3.183422,74.54344,0,11.4603195
2022,21.75,9.75,3.377924,72.21957,0,12.160526
2022,21.75,10.0,3.5881767,69.81577,0,12.917436
2022,21.75,10.25,3.7139266,66.85498,0,13.370135
2022,21.75,10.5,3.7784016,64.51672,0,13.602245
2022,21.75,10.75,3.838547,62.925716,0,13.8187685
2022,21.75,11.0,3.8981574,61.658367,0,14.033366
2022,21.75,11.25,3.9614594,59.468998,0,14.261253
2022,21.75,11.5,4.1752377,55.324184,0,15.030855
2022,21.75,11.75,4.3241534,56.764297,0,15.566952
2022,21.75,12.0,4.399961,57.87955,0,15.839859
2022,21.5,-9.0,2.5233872,146.29865,0,9.084193
2022,21.5,-8.75,2.5425117,146.15862,0,9.153042
2022,21.5,-8.5,2.57805,146.00615,0,9.280979
2022,21.5,-8.25,2.6221986,146.11053,0,9.439915
2022,21.5,-8.0,2.6374626,145.36415,0,9.494865
2022,21.5,-7.75,2.642297,144.31892,0,9.512269
2022,21.5,-7.5,2.6419942,143.59065,0,9.511179
2022,21.5,-7.25,2.6231043,142.63016,0,9.443175
2022,21.5,-7.0,2.5957272,141.61812,0,9.344618
2022,21.5,-6.75,2.5846853,140.94087,0,9.304867
2022,21.5,-6.5,2.6107574,140.77046,0,9.398726
2022,21.5,-6.25,2.6184459,110.60141,0,9.426405
2022,21.5,-6.0,2.6047719,109.93964,0,9.377178
2022,21.5,-5.75,2.567855,110.06791,0,9.244277
2022,21.5,-5.5,2.5896103,111.373474,0,9.322597
2022,21.5,-5.25,2.6739407,112.94503,0,9.626186
2022,21.5,-5.0,2.7390554,113.56901,0,9.8605995
2022,21.5,-4.75,2.7213678,113.495476,0,9.796924
2022,21.5,-4.5,2.6806383,113.78835,0,9.650298
2022,21.5,-4.25,2.6353369,114.39744,0,9.487212
2022,21.5,-4.0,2.599247,115.358246,0,9.357289
2022,21.5,-3.75,2.566423,116.074684,0,9.239122
2022,21.5,-3.5,2.5161235,116.256775,0,9.058044
2022,21.5,-3.25,2.42467,116.74485,0,8.728811
2022,21.5,-3.0,2.4263527,116.9479,0,8.73487
2022,21.5,-2.75,2.4691143,115.655785,0,8.888811
2022,21.5,-2.5,2.501054,114.28712,0,9.003795
2022,21.5,-2.25,2.5118015,143.49915,0,9.042485
2022,21.5,-2.0,2.4864633,142.60704,0,8.951267
2022,21.5,-1.75,2.4145987,140.43425,0,8.692555
2022,21.5,-1.5,2.3782928,138.27985,0,8.561853
2022,21.5,-1.25,2.3901298,137.0317,0,8.604467
2022,21.5,-1.0,2.312373,136.0109,0,8.324542
2022,21.5,-0.75,2.223724,136.05006,0,8.005405
2022,21.5,-0.5,2.1905494,136.88226,0,7.8859777
2022,21.5,-0.25,2.2201135,115.83364,0,7.9924083
2022,21.5,0.0,2.1702683,116.014496,0,7.812966
2022,21.5,0.25,2.075771,131.90973,0,7.472776
2022,21.5,0.5,2.0227306,131.49794,0,7.28183
2022,21.5,0.75,2.0063517,128.54279,0,7.222866
2022,21.5,1.0,2.0105474,126.033516,0,7.2379704
2022,21.5,1.25,2.0212815,125.32684,0,7.276613
2022,21.5,1.5,2.045717,126.91547,0,7.364581
2022,21.5,1.75,2.118666,129.84389,0,7.6271973
2022,21.5,2.0,2.188153,132.89832,0,7.877351
2022,21.5,2.25,2.272385,134.59496,0,8.180585
2022,21.5,2.5,2.3582401,135.19792,0,8.489664
2022,21.5,2.75,2.407359,134.24445,0,8.6664915
2022,21.5,3.0,2.39035,131.32483,0,8.60526
2022,21.5,3.25,2.313324,129.45547,0,8.327966
2022,21.5,3.5,2.4726682,131.29893,0,8.901606
2022,21.5,3.75,2.8025398,130.3368,0,10.089143
2022,21.5,4.0,3.0447266,127.87427,0,10.961016
2022,21.5,4.25,3.1257145,124.38546,0,11.252572
2022,21.5,4.5,3.140195,119.75507,0,11.304701
2022,21.5,4.75,3.2816706,114.21155,0,11.8140135
2022,21.5,5.0,3.381891,108.939735,0,12.174808
2022,21.5,5.25,3.3689852,104.44806,0,12.128346
2022,21.5,5.5,3.416997,100.494286,0,12.301188
2022,21.5,5.75,3.4725325,96.979454,0,12.501117
2022,21.5,6.0,3.465974,93.9932,0,12.477507
2022,21.5,6.25,3.38645,92.18399,0,12.19122
2022,21.5,6.5,3.292546,92.13583,0,11.853166
2022,21.5,6.75,3.2488878,91.25641,0,11.695995
2022,21.5,7.0,3.3391974,90.479454,0,12.021111
2022,21.5,7.25,3.5027401,91.08849,0,12.609864
2022,21.5,7.5,3.6825173,91.507904,0,13.257062
2022,21.5,7.75,3.8332956,86.702324,0,13.799864
2022,21.5,8.0,3.839838,85.17411,0,13.823417
2022,21.5,8.25,3.7810657,83.22201,0,13.611836
2022,21.5,8.5,3.8384027,81.686134,0,13.81825
2022,21.5,8.75,3.8572886,81.44723,0,13.886239
2022,21.5,9.0,3.7356262,80.75124,0,13.448254
2022,21.5,9.25,3.474127,77.84486,0,12.506857
2022,21.5,9.5,3.1932707,72.793884,0,11.495774
2022,21.5,9.75,3.2497146,69.49745,0,11.698973
2022,21.5,10.0,3.459797,67.44421,0,12.455269
2022,21.5,10.25,3.5953324,65.4183,0,12.943196
2022,21.5,10.5,3.6443071,63.673676,0,13.119505
2022,21.5,10.75,3.6635103,62.588634,0,13.188637
2022,21.5,11.0,3.7071981,62.258976,0,13.345913
2022,21.5,11.25,3.7302637,62.468678,0,13.428949
2022,21.5,11.5,3.8940718,57.411926,0,14.018659
2022,21.5,11.75,4.0460415,56.80905,0,14.565749
2022,21.5,12.0,4.2071023,58.054737,0,15.145568
2022,21.25,-9.0,2.5510423,147.86076,0,9.183752
2022,21.25,-8.75,2.5737948,147.88182,0,9.265661
2022,21.25,-8.5,2.598071,147.62077,0,9.353056
2022,21.25,-8.25,2.6582952,147.74887,0,9.569862
2022,21.25,-8.0,2.6937237,146.49709,0,9.697405
2022,21.25,-7.75,2.6995919,145.54135,0,9.718531
2022,21.25,-7.5,2.713215,144.90851,0,9.767574
2022,21.25,-7.25,2.701044,144.25833,0,9.723759
2022,21.25,-7.0,2.6651661,143.70247,0,9.594598
2022,21.25,-6.75,2.6198516,143.76175,0,9.431465
2022,21.25,-6.5,2.602695,144.06465,0,9.369701
2022,21.25,-6.25,2.5949166,114.16784,0,9.3417
2022,21.25,-6.0,2.5741131,114.21212,0,9.266807
2022,21.25,-5.75,2.529035,114.65424,0,9.1045265
2022,21.25,-5.5,2.5257397,115.492615,0,9.092663
2022,21.25,-5.25,2.5833876,116.18154,0,9.300195
2022,21.25,-5.0,2.6166437,115.96017,0,9.419917
2022,21.25,-4.75,2.6061049,115.96417,0,9.381977
2022,21.25,-4.5,2.5912437,116.353455,0,9.328477
2022,21.25,-4.25,2.5858803,116.93272,0,9.309169
2022,21.25,-4.0,2.5685055,117.62838,0,9.246619
2022,21.25,-3.75,2.557486,117.9682,0,9.206949
2022,21.25,-3.5,2.5361283,118.07468,0,9.130061
2022,21.25,-3.25,2.5270865,117.79133,0,9.097511
2022,21.25,-3.0,2.519421,116.92863,0,9.069916
2022,21.25,-2.75,2.5074332,115.56082,0,9.026759
2022,21.25,-2.5,2.487476,143.9192,0,8.954914
2022,21.25,-2.25,2.4809625,142.36522,0,8.931465
2022,21.25,-2.0,2.4598844,139.70288,0,8.855583
2022,21.25,-1.75,2.4189603,135.46928,0,8.708257
2022,21.25,-1.5,2.4016426,134.35585,0,8.645913
2022,21.25,-1.25,2.4272668,133.7693,0,8.73816
2022,21.25,-1.0,2.3695679,133.00957,0,8.530444
2022,21.25,-0.75,2.2906802,132.6362,0,8.2464485
2022,21.25,-0.5,2.2489083,131.8842,0,8.096069
2022,21.25,-0.25,2.2547495,129.40575,0,8.117098
2022,21.25,0.0,2.2404625,130.88464,0,8.065665
2022,21.25,0.25,2.1819022,131.43004,0,7.8548474
2022,21.25,0.5,2.0975816,130.87567,0,7.551294
2022,21.25,0.75,2.0395784,129.51007,0,7.342482
2022,21.25,1.0,2.0388029,127.57831,0,7.33969
2022,21.25,1.25,2.1026711,127.07339,0,7.569616
2022,21.25,1.5,2.1698458,129.3731,0,7.8114448
2022,21.25,1.75,2.25389,132.41309,0,8.114004
2022,21.25,2.0,2.357735,134.46951,0,8.487845
2022,21.25,2.25,2.4315984,135.54695,0,8.753754
2022,21.25,2.5,2.4573402,135.26332,0,8.846425
2022,21.25,2.75,2.4664433,133.75854,0,8.879195
2022,21.25,3.0,2.4829235,130.26143,0,8.938524
2022,21.25,3.25,2.544855,125.11749,0,9.161478
2022,21.25,3.5,2.7045326,125.63079,0,9.736318
2022,21.25,3.75,2.927948,126.134514,0,10.540612
2022,21.25,4.0,3.0760708,123.7703,0,11.073854
2022,21.25,4.25,3.0466468,118.816956,0,10.967928
2022,21.25,4.5,3.0252216,113.031425,0,10.890798
2022,21.25,4.75,3.2020102,108.669716,0,11.527236
2022,21.25,5.0,3.3708515,105.8231,0,12.135065
2022,21.25,5.25,3.344464,101.877106,0,12.040071
2022,21.25,5.5,3.3572733,98.707664,0,12.086184
2022,21.25,5.75,3.4165318,95.60116,0,12.299514
2022,21.25,6.0,3.469064,93.12253,0,12.48863
2022,21.25,6.25,3.4549427,91.88409,0,12.437794
2022,21.25,6.5,3.5112724,91.42075,0,12.64058
2022,21.25,6.75,3.5160627,89.05927,0,12.657825
2022,21.25,7.0,3.530529,88.67603,0,12.709904
2022,21.25,7.25,3.5769746,90.56323,0,12.877109
2022,21.25,7.5,3.7019446,92.13525,0,13.327001
2022,21.25,7.75,3.8233235,88.394745,0,13.763965
2022,21.25,8.0,3.8614547,85.829796,0,13.901237
2022,21.25,8.25,3.7601986,83.901886,0,13.536715
2022,21.25,8.5,3.799557,82.01264,0,13.678405
2022,21.25,8.75,3.869872,80.99625,0,13.93154
2022,21.25,9.0,3.8293006,79.33431,0,13.785482
2022,21.25,9.25,3.5920556,76.26807,0,12.931399
2022,21.25,9.5,3.2408133,71.248634,0,11.666927
2022,21.25,9.75,3.1216257,67.01088,0,11.237852
2022,21.25,10.0,3.267069,65.43891,0,11.761449
2022,21.25,10.25,3.4191458,64.35676,0,12.308925
2022,21.25,10.5,3.4793377,63.13802,0,12.525616
2022,21.25,10.75,3.4608471,62.392853,0,12.459049
2022,21.25,11.0,3.4616044,62.476288,0,12.461776
2022,21.25,11.25,3.4962797,63.47703,0,12.586607
2022,21.25,11.5,3.5320168,64.255745,0,12.71526
2022,21.25,11.75,3.674359,56.349945,0,13.227693
2022,21.25,12.0,3.9097054,55.777313,0,14.074939
2022,21.0,-9.0,2.6093652,118.68891,0,9.393715
2022,21.0,-8.75,2.6167758,119.11324,0,9.420392
2022,21.0,-8.5,2.631128,119.25103,0,9.472061
2022,21.0,-8.25,2.675019,119.18884,0,9.630068
2022,21.0,-8.0,2.6918395,118.090065,0,9.690621
2022,21.0,-7.75,2.7022867,147.8774,0,9.728232
2022,21.0,-7.5,2.7039402,147.45345,0,9.734184
2022,21.0,-7.25,2.7010915,147.13664,0,9.723929
2022,21.0,-7.0,2.6924255,147.05672,0,9.692732
2022,21.0,-6.75,2.6645749,147.29962,0,9.592469
2022,21.0,-6.5,2.6045015,117.44562,0,9.376205
2022,21.0,-6.25,2.5871155,117.8283,0,9.313616
2022,21.0,-6.0,2.5744352,117.90487,0,9.267966
2022,21.0,-5.75,2.5415523,117.96107,0,9.149588
2022,21.0,-5.5,2.5346189,118.1907,0,9.124628
2022,21.0,-5.25,2.5544508,117.9096,0,9.196022
2022,21.0,-5.0,2.5788271,117.46725,0,9.283777
2022,21.0,-4.75,2.5687306,117.31304,0,9.24743
2022,21.0,-4.5,2.5430052,117.341705,0,9.154819
2022,21.0,-4.25,2.5411916,117.73789,0,9.14829
2022,21.0,-4.0,2.5548217,118.04468,0,9.197358
2022,21.0,-3.75,2.5598848,118.345146,0,9.215585
2022,21.0,-3.5,2.5750818,118.24762,0,9.270294
2022,21.0,-3.25,2.5757124,117.95987,0,9.272565
2022,21.0,-3.0,2.5757403,117.54843,0,9.272665
2022,21.0,-2.75,2.5511029,116.64801,0,9.18397
2022,21.0,-2.5,2.5261915,114.93006,0,9.094289
2022,21.0,-2.25,2.4878943,140.19385,0,8.956419
2022,21.0,-2.0,2.4586787,133.67381,0,8.851243
2022,21.0,-1.75,2.417135,132.34866,0,8.701686
2022,21.0,-1.5,2.3874571,132.26456,0,8.594846
2022,21.0,-1.25,2.413637,132.11395,0,8.689093
2022,21.0,-1.0,2.3913898,131.62328,0,8.609003
2022,21.0,-0.75,2.3281388,131.05391,0,8.3813
2022,21.0,-0.5,2.294471,129.75159,0,8.260096
2022,21.0,-0.25,2.2943566,128.4676,0,8.259684
2022,21.0,0.0,2.3088152,128.88745,0,8.311734
2022,21.0,0.25,2.280372,129.24208,0,8.209338
2022,21.0,0.5,2.1730168,128.23392,0,7.8228602
2022,21.0,0.75,2.1031945,127.61533,0,7.5715
2022,21.0,1.0,2.1099439,127.76644,0,7.5957975
2022,21.0,1.25,2.2068386,128.94226,0,7.9446187
2022,21.0,1.5,2.304636,131.74814,0,8.296689
2022,21.0,1.75,2.3780081,133.53882,0,8.560829
2022,21.0,2.0,2.473596,134.31606,0,8.904945
2022,21.0,2.25,2.5356615,133.9341,0,9.128381
2022,21.0,2.5,2.5536792,133.23329,0,9.193245
2022,21.0,2.75,2.5267594,131.55083,0,9.0963335
2022,21.0,3.0,2.525636,129.09036,0,9.092289
2022,21.0,3.25,2.6048267,125.81604,0,9.377376
2022,21.0,3.5,2.8220167,122.93989,0,10.15926
2022,21.0,3.75,3.002755,121.6348,0,10.809917
2022,21.0,4.0,2.9640853,117.01162,0,10.670707
2022,21.0,4.25,2.9012814,111.2716,0,10.4446125
2022,21.0,4.5,2.92877,106.35955,0,10.543572
2022,21.0,4.75,3.204712,104.6251,0,11.5369625
2022,21.0,5.0,3.3931923,103.40897,0,12.215492
2022,21.0,5.25,3.3529336,100.05133,0,12.07056
2022,21.0,5.5,3.3585365,97.14652,0,12.090731
2022,21.0,5.75,3.40069,94.754906,0,12.242484
2022,21.0,6.0,3.4549122,92.448326,0,12.437683
2022,21.0,6.25,3.565915,91.18206,0,12.837294
2022,21.0,6.5,3.7427094,90.07977,0,13.473754
2022,21.0,6.75,3.737321,88.35905,0,13.454355
2022,21.0,7.0,3.6631718,89.34417,0,13.187418
2022,21.0,7.25,3.6800673,91.669304,0,13.248242
2022,21.0,7.5,3.7368114,94.091576,0,13.45252
2022,21.0,7.75,3.8181355,92.49564,0,13.745288
2022,21.0,8.0,3.8973923,87.198586,0,14.030612
2022,21.0,8.25,3.8045704,86.65977,0,13.696453
2022,21.0,8.5,3.7596033,86.639336,0,13.534572
2022,21.0,8.75,3.723492,86.338326,0,13.404571
2022,21.0,9.0,3.6453545,83.95516,0,13.123276
2022,21.0,9.25,3.4377396,77.97253,0,12.375862
2022,21.0,9.5,3.137145,70.30267,0,11.293722
2022,21.0,9.75,2.9883146,64.43542,0,10.757933
2022,21.0,10.0,3.0313194,63.641727,0,10.912749
2022,21.0,10.25,3.170375,63.015026,0,11.41335
2022,21.0,10.5,3.2655094,62.76183,0,11.755834
2022,21.0,10.75,3.2771103,62.363937,0,11.797597
2022,21.0,11.0,3.219268,62.78209,0,11.589365
2022,21.0,11.25,3.2211819,63.865112,0,11.596254
2022,21.0,11.5,3.2663934,65.56307,0,11.759016
2022,21.0,11.75,3.3826559,61.361584,0,12.177561
2022,21.0,12.0,3.6063623,56.23993,0,12.982904
2022,20.75,-9.0,2.6715972,88.35548,0,9.61775
2022,20.75,-8.75,2.68072,120.524895,0,9.650592
2022,20.75,-8.5,2.7078688,121.2291,0,9.748327
2022,20.75,-8.25,2.7120545,121.02659,0,9.763396
2022,20.75,-8.0,2.7068472,120.64637,0,9.74465
2022,20.75,-7.75,2.713608,120.767876,0,9.768989
2022,20.75,-7.5,2.7169187,120.570076,0,9.780907
2022,20.75,-7.25,2.7002754,120.60496,0,9.720991
2022,20.75,-7.0,2.703746,120.769875,0,9.733485
2022,20.75,-6.75,2.684781,120.36072,0,9.665212
2022,20.75,-6.5,2.6252372,120.099464,0,9.450853
2022,20.75,-6.25,2.5931094,120.15241,0,9.335194
2022,20.75,-6.0,2.5751474,120.160545,0,9.270531
2022,20.75,-5.75,2.547172,119.844666,0,9.169819
2022,20.75,-5.5,2.5234249,119.25614,0,9.08433
2022,20.75,-5.25,2.5238922,118.902985,0,9.086012
2022,20.75,-5.0,2.532769,118.40951,0,9.117968
2022,20.75,-4.75,2.5272589,118.14679,0,9.098132
2022,20.75,-4.5,2.5115619,117.74909,0,9.041622
2022,20.75,-4.25,2.514221,117.46533,0,9.051195
2022,20.75,-4.0,2.5288572,117.75894,0,9.103886
2022,20.75,-3.75,2.5664625,118.170105,0,9.2392645
2022,20.75,-3.5,2.5930135,118.34353,0,9.334848
2022,20.75,-3.25,2.60789,118.132195,0,9.388403
2022,20.75,-3.0,2.6143403,117.73873,0,9.411625
2022,20.75,-2.75,2.5986006,117.14935,0,9.354962
2022,20.75,-2.5,2.580962,116.25997,0,9.291463
2022,20.75,-2.25,2.549189,118.100464,0,9.17708
2022,20.75,-2.0,2.5133631,129.87009,0,9.048107
2022,20.75,-1.75,2.4605942,130.62607,0,8.858139
2022,20.75,-1.5,2.42072,131.25981,0,8.714592
2022,20.75,-1.25,2.4235952,131.54117,0,8.724942
2022,20.75,-1.0,2.4011028,131.16599,0,8.64397
2022,20.75,-0.75,2.3519254,129.93579,0,8.466931
2022,20.75,-0.5,2.328393,128.32509,0,8.382215
2022,20.75,-0.25,2.3362243,128.14607,0,8.410407
2022,20.75,0.0,2.355574,128.1976,0,8.480065
2022,20.75,0.25,2.3284416,127.25892,0,8.38239
2022,20.75,0.5,2.2123563,126.801125,0,7.964483
2022,20.75,0.75,2.146388,126.81141,0,7.726997
2022,20.75,1.0,2.1981745,128.20885,0,7.913428
2022,20.75,1.25,2.3232849,130.23424,0,8.363825
2022,20.75,1.5,2.4207819,132.3023,0,8.714814
2022,20.75,1.75,2.4919221,133.08601,0,8.97092
2022,20.75,2.0,2.5784354,132.3573,0,9.282368
2022,20.75,2.25,2.605898,131.74792,0,9.381232
2022,20.75,2.5,2.61249,131.44785,0,9.4049635
2022,20.75,2.75,2.5922549,129.04507,0,9.332117
2022,20.75,3.0,2.5839994,126.646996,0,9.302398
2022,20.75,3.25,2.6562507,124.0877,0,9.562502
2022,20.75,3.5,2.8383543,120.95654,0,10.218076
2022,20.75,3.75,3.0186071,116.65203,0,10.866985
2022,20.75,4.0,2.9703302,109.74756,0,10.693189
2022,20.75,4.25,2.7750628,102.91052,0,9.990226
2022,20.75,4.5,2.8884695,101.29477,0,10.39849
2022,20.75,4.75,3.2541811,102.8844,0,11.715052
2022,20.75,5.0,3.4280736,101.69611,0,12.341064
2022,20.75,5.25,3.392494,98.18622,0,12.212978
2022,20.75,5.5,3.3783891,95.309875,0,12.162201
2022,20.75,5.75,3.4196498,92.73917,0,12.3107395
2022,20.75,6.0,3.4900572,90.34137,0,12.564206
2022,20.75,6.25,3.5988903,89.02868,0,12.956005
2022,20.75,6.5,3.7819035,88.26626,0,13.614852
2022,20.75,6.75,3.8033412,87.58246,0,13.692028
2022,20.75,7.0,3.7646024,89.05715,0,13.552568
2022,20.75,7.25,3.821337,91.57901,0,13.756813
2022,20.75,7.5,3.8904226,92.94454,0,14.005521
2022,20.75,7.75,3.9210684,90.355064,0,14.115846
2022,20.75,8.0,3.9495783,88.61771,0,14.218481
2022,20.75,8.25,3.91771,89.78363,0,14.103756
2022,20.75,8.5,3.896784,92.8924,0,14.028422
2022,20.75,8.75,3.7314599,95.14994,0,13.433255
2022,20.75,9.0,3.3452768,91.18595,0,12.042996
2022,20.75,9.25,3.077365,80.59086,0,11.078513
2022,20.75,9.5,2.85543,70.23601,0,10.279548
2022,20.75,9.75,2.746021,63.39268,0,9.885675
2022,20.75,10.0,2.7879412,61.48549,0,10.036588
2022,20.75,10.25,2.9063005,61.18987,0,10.462682
2022,20.75,10.5,2.9961336,61.4782,0,10.78608
2022,20.75,10.75,3.045842,62.377747,0,10.965031
2022,20.75,11.0,3.0108955,63.21872,0,10.839224
2022,20.75,11.25,2.99523,64.24176,0,10.782827
2022,20.75,11.5,3.0564697,66.05566,0,11.00329
2022,20.75,11.75,3.1518872,64.92306,0,11.346793
2022,20.75,12.0,3.3489087,59.26457,0,12.056071
2022,20.5,-9.0,2.7585099,112.850914,0,9.930635
2022,20.5,-8.75,2.7652485,91.52405,0,9.954894
2022,20.5,-8.5,2.8173587,92.63385,0,10.142491
2022,20.5,-8.25,2.8042433,122.79355,0,10.095276
2022,20.5,-8.0,2.76474,123.41266,0,9.953064
2022,20.5,-7.75,2.7705956,123.469734,0,9.974144
2022,20.5,-7.5,2.7542493,123.65981,0,9.9152975
2022,20.5,-7.25,2.7452557,123.67246,0,9.88292
2022,20.5,-7.0,2.7309752,122.91152,0,9.831511
2022,20.5,-6.75,2.7159321,122.01763,0,9.777355
2022,20.5,-6.5,2.6863234,121.76752,0,9.670764
2022,20.5,-6.25,2.6299174,121.38922,0,9.467702
2022,20.5,-6.0,2.5997937,121.07904,0,9.359257
2022,20.5,-5.75,2.5649545,120.50721,0,9.233836
2022,20.5,-5.5,2.5427206,119.878654,0,9.153793
2022,20.5,-5.25,2.5257843,119.46749,0,9.092823
2022,20.5,-5.0,2.521594,119.023766,0,9.077739
2022,20.5,-4.75,2.5202708,118.34473,0,9.072975
2022,20.5,-4.5,2.5090106,117.60361,0,9.032437
2022,20.5,-4.25,2.5078871,117.03012,0,9.028394
2022,20.5,-4.0,2.5161881,117.26676,0,9.058277
2022,20.5,-3.75,2.5514965,118.03097,0,9.185388
2022,20.5,-3.5,2.5927136,118.48786,0,9.333769
2022,20.5,-3.25,2.6159635,118.52832,0,9.417468
2022,20.5,-3.0,2.6385787,118.22219,0,9.498883
2022,20.5,-2.75,2.6331453,117.87598,0,9.479323
2022,20.5,-2.5,2.6182258,118.01233,0,9.425612
2022,20.5,-2.25,2.5967891,121.533295,0,9.34844
2022,20.5,-2.0,2.572511,126.82632,0,9.261039
2022,20.5,-1.75,2.5373602,129.50616,0,9.134497
2022,20.5,-1.5,2.4843056,130.84889,0,8.9435
2022,20.5,-1.25,2.4469159,131.2135,0,8.808897
2022,20.5,-1.0,2.4251075,130.65395,0,8.730387
2022,20.5,-0.75,2.3830812,128.85637,0,8.579092
2022,20.5,-0.5,2.3543985,127.969,0,8.475834
2022,20.5,-0.25,2.3603375,128.28462,0,8.497214
2022,20.5,0.0,2.3886278,128.09001,0,8.59906
2022,20.5,0.25,2.3383665,126.95347,0,8.418119
2022,20.5,0.5,2.2519953,126.38108,0,8.1071825
2022,20.5,0.75,2.2203481,126.93018,0,7.993253
2022,20.5,1.0,2.3298988,127.50117,0,8.387635
2022,20.5,1.25,2.4736502,129.84122,0,8.905141
2022,20.5,1.5,2.5101302,130.49115,0,9.0364685
2022,20.5,1.75,2.572035,130.48521,0,9.259326
2022,20.5,2.0,2.671831,129.07008,0,9.618591
2022,20.5,2.25,2.6976683,127.74522,0,9.711606
2022,20.5,2.5,2.6638918,127.39773,0,9.590011
2022,20.5,2.75,2.6174922,125.09668,0,9.422972
2022,20.5,3.0,2.6409361,121.360695,0,9.50737
2022,20.5,3.25,2.7402918,116.59792,0,9.86505
2022,20.5,3.5,2.921644,113.777916,0,10.517918
2022,20.5,3.75,2.9406977,108.98304,0,10.586512
2022,20.5,4.0,2.8955567,101.971855,0,10.424004
2022,20.5,4.25,2.7475805,97.463524,0,9.89129
2022,20.5,4.5,2.892174,98.53196,0,10.411826
2022,20.5,4.75,3.28071,100.849,0,11.810555
2022,20.5,5.0,3.4275913,98.50491,0,12.339329
2022,20.5,5.25,3.4012718,94.960365,0,12.244578
2022,20.5,5.5,3.4106853,92.00119,0,12.278467
2022,20.5,5.75,3.4615412,89.46664,0,12.461548
2022,20.5,6.0,3.469237,87.404594,0,12.489253
2022,20.5,6.25,3.5522623,85.88843,0,12.788144
2022,20.5,6.5,3.711404,86.111305,0,13.361054
2022,20.5,6.75,3.7986877,86.56906,0,13.675276
2022,20.5,7.0,3.8121614,88.02872,0,13.723781
2022,20.5,7.25,3.8606374,89.98814,0,13.898294
2022,20.5,7.5,3.9305573,89.94254,0,14.150005
2022,20.5,7.75,3.9205885,86.440926,0,14.114119
2022,20.5,8.0,3.904543,86.628105,0,14.0563545
2022,20.5,8.25,3.920166,90.98098,0,14.112597
2022,20.5,8.5,3.8933623,95.907005,0,14.016104
2022,20.5,8.75,3.5024998,101.08899,0,12.608999
2022,20.5,9.0,2.9036016,96.27384,0,10.452966
2022,20.5,9.25,2.5956972,80.20288,0,9.344509
2022,20.5,9.5,2.5894186,68.80709,0,9.321907
2022,20.5,9.75,2.5193686,61.524784,0,9.069727
2022,20.5,10.0,2.5185273,58.677753,0,9.066698
2022,20.5,10.25,2.628462,58.698853,0,9.462463
2022,20.5,10.5,2.7350428,60.541164,0,9.846154
2022,20.5,10.75,2.7974904,62.03134,0,10.070965
2022,20.5,11.0,2.816898,63.581158,0,10.140833
2022,20.5,11.25,2.8164985,64.77459,0,10.139395
2022,20.5,11.5,2.8894289,66.487854,0,10.401943
2022,20.5,11.75,3.0104523,64.71494,0,10.837627
2022,20.5,12.0,3.1924257,60.27951,0,11.492732
2022,20.25,-9.0,2.8575795,80.68081,0,10.287286
2022,20.25,-8.75,2.8109388,106.21405,0,10.11938
2022,20.25,-8.5,2.8498876,96.53959,0,10.259595
2022,20.25,-8.25,2.8944132,96.3426,0,10.419888
2022,20.25,-8.0,2.8575811,96.55146,0,10.287292
2022,20.25,-7.75,2.8121846,96.574036,0,10.123864
2022,20.25,-7.5,2.798462,96.42187,0,10.074463
2022,20.25,-7.25,2.781888,125.54185,0,10.014796
2022,20.25,-7.0,2.7462807,124.05424,0,9.88661
2022,20.25,-6.75,2.7143328,122.87295,0,9.771598
2022,20.25,-6.5,2.7451909,122.92563,0,9.882687
2022,20.25,-6.25,2.6969216,122.27485,0,9.708918
2022,20.25,-6.0,2.6498199,121.536804,0,9.539351
2022,20.25,-5.75,2.6169856,120.95081,0,9.421147
2022,20.25,-5.5,2.589577,120.39271,0,9.322476
2022,20.25,-5.25,2.5728023,120.00912,0,9.262088
2022,20.25,-5.0,2.5509706,119.2382,0,9.183494
2022,20.25,-4.75,2.5456836,118.37005,0,9.164461
2022,20.25,-4.5,2.5408096,147.41643,0,9.1469145
2022,20.25,-4.25,2.5399468,146.74326,0,9.143808
2022,20.25,-4.0,2.546623,116.92379,0,9.167843
2022,20.25,-3.75,2.5578957,117.67325,0,9.208425
2022,20.25,-3.5,2.598509,118.58259,0,9.354632
2022,20.25,-3.25,2.6324828,119.10558,0,9.476937
2022,20.25,-3.0,2.656031,119.0026,0,9.561711
2022,20.25,-2.75,2.6568131,118.96875,0,9.5645275
2022,20.25,-2.5,2.6412482,119.51623,0,9.508493
2022,20.25,-2.25,2.6124923,121.936485,0,9.404972
2022,20.25,-2.0,2.6118639,124.76475,0,9.40271
2022,20.25,-1.75,2.5972183,127.83657,0,9.349985
2022,20.25,-1.5,2.5356476,129.67128,0,9.128331
2022,20.25,-1.25,2.4980423,130.39108,0,8.992952
2022,20.25,-1.0,2.4738533,129.94423,0,8.905871
2022,20.25,-0.75,2.4367676,128.4134,0,8.772363
2022,20.25,-0.5,2.3712742,128.40018,0,8.536587
2022,20.25,-0.25,2.3647726,129.214,0,8.513181
2022,20.25,0.0,2.391206,128.497,0,8.608341
2022,20.25,0.25,2.3127313,127.294304,0,8.325832
2022,20.25,0.5,2.271934,126.833374,0,8.178963
2022,20.25,0.75,2.388788,125.707275,0,8.599636
2022,20.25,1.0,2.5179577,126.78037,0,9.064648
2022,20.25,1.25,2.5721793,127.54788,0,9.259846
2022,20.25,1.5,2.6105785,128.04433,0,9.398083
2022,20.25,1.75,2.6607687,127.3171,0,9.578767
2022,20.25,2.0,2.7709439,125.58288,0,9.975398
2022,20.25,2.25,2.825989,123.2023,0,10.17356
2022,20.25,2.5,2.7488577,121.1524,0,9.895887
2022,20.25,2.75,2.6660204,118.44199,0,9.597673
2022,20.25,3.0,2.655055,113.49905,0,9.558198
2022,20.25,3.25,2.783222,109.09083,0,10.019599
2022,20.25,3.5,2.899539,104.922485,0,10.43834
2022,20.25,3.75,2.9608157,100.25619,0,10.6589365
2022,20.25,4.0,2.9152987,97.10085,0,10.495075
2022,20.25,4.25,2.7994874,94.23757,0,10.078155
2022,20.25,4.5,2.9197528,97.05224,0,10.51111
2022,20.25,4.75,3.2617931,97.981636,0,11.742455
2022,20.25,5.0,3.401887,95.24747,0,12.246793
2022,20.25,5.25,3.392215,91.60616,0,12.211974
2022,20.25,5.5,3.4132328,88.588684,0,12.287638
2022,20.25,5.75,3.44364,86.90876,0,12.397103
2022,20.25,6.0,3.4583952,84.83991,0,12.450223
2022,20.25,6.25,3.4260852,83.729576,0,12.333906
2022,20.25,6.5,3.5511076,84.45447,0,12.783987
2022,20.25,6.75,3.6591423,85.94556,0,13.172912
2022,20.25,7.0,3.7144642,87.10966,0,13.37207
2022,20.25,7.25,3.722914,88.69583,0,13.40249
2022,20.25,7.5,3.6779397,86.96769,0,13.240582
2022,20.25,7.75,3.6656926,82.95893,0,13.196493
2022,20.25,8.0,3.6338394,83.50588,0,13.081821
2022,20.25,8.25,3.644125,88.83854,0,13.11885
2022,20.25,8.5,3.3829238,93.26349,0,12.178526
2022,20.25,8.75,2.8792012,98.75802,0,10.365124
2022,20.25,9.0,2.3245475,89.3437,0,8.368371
2022,20.25,9.25,2.2460105,72.42006,0,8.085638
2022,20.25,9.5,2.3486586,62.36498,0,8.455171
2022,20.25,9.75,2.3697798,58.92122,0,8.531207
2022,20.25,10.0,2.3747513,55.937855,0,8.549105
2022,20.25,10.25,2.3899987,55.895493,0,8.603995
2022,20.25,10.5,2.4930885,58.169384,0,8.975119
2022,20.25,10.75,2.5804558,61.29748,0,9.28964
2022,20.25,11.0,2.6317387,63.702938,0,9.474259
2022,20.25,11.25,2.6802852,65.42141,0,9.649027
2022,20.25,11.5,2.7495203,66.6125,0,9.8982725
2022,20.25,11.75,2.8792286,62.860363,0,10.365223
2022,20.25,12.0,3.0259416,60.483032,0,10.89339
2022,20.0,-9.0,2.9311106,80.761406,0,10.551998
2022,20.0,-8.75,2.8244135,76.7714,0,10.167889
2022,20.0,-8.5,2.8062208,103.0104,0,10.102394
2022,20.0,-8.25,2.8743074,100.96047,0,10.3475065
2022,20.0,-8.0,2.9107525,99.988365,0,10.478709
2022,20.0,-7.75,2.866955,99.50051,0,10.321038
2022,20.0,-7.5,2.8464558,98.41476,0,10.247241
2022,20.0,-7.25,2.8309295,96.97544,0,10.191346
2022,20.0,-7.0,2.752138,94.7883,0,9.907696
2022,20.0,-6.75,2.6972315,123.3487,0,9.710033
2022,20.0,-6.5,2.752714,93.3892,0,9.90977
2022,20.0,-6.25,2.7645185,93.00509,0,9.952267
2022,20.0,-6.0,2.7174299,122.24536,0,9.782747
2022,20.0,-5.75,2.6828034,121.499855,0,9.658092
2022,20.0,-5.5,2.6556447,121.00144,0,9.560321
2022,20.0,-5.25,2.643091,120.27875,0,9.515127
2022,20.0,-5.0,2.6174746,119.50118,0,9.422908
2022,20.0,-4.75,2.6025996,118.55582,0,9.369358
2022,20.0,-4.5,2.6032035,117.54923,0,9.371532
2022,20.0,-4.25,2.605242,146.83656,0,9.378871
2022,20.0,-4.0,2.6099322,116.549416,0,9.395756
2022,20.0,-3.75,2.6123486,117.13152,0,9.404454
2022,20.0,-3.5,2.6238263,117.9529,0,9.445774
2022,20.0,-3.25,2.6569974,118.79482,0,9.56519
2022,20.0,-3.0,2.6851933,119.814674,0,9.666696
2022,20.0,-2.75,2.6875575,119.859314,0,9.675206
2022,20.0,-2.5,2.6656277,120.64126,0,9.596259
2022,20.0,-2.25,2.620599,122.31723,0,9.434156
2022,20.0,-2.0,2.6227071,124.4179,0,9.441746
2022,20.0,-1.75,2.6572776,126.16683,0,9.566199
2022,20.0,-1.5,2.5830677,127.66971,0,9.299044
2022,20.0,-1.25,2.4671872,128.9852,0,8.881873
2022,20.0,-1.0,2.4441388,129.02641,0,8.7989
2022,20.0,-0.75,2.4831045,128.92694,0,8.939176
2022,20.0,-0.5,2.4235759,129.33327,0,8.724873
2022,20.0,-0.25,2.3553002,130.33998,0,8.47908
2022,20.0,0.0,2.362109,129.29462,0,8.503592
2022,20.0,0.25,2.2792897,127.83451,0,8.205442
2022,20.0,0.5,2.322565,126.89597,0,8.361234
2022,20.0,0.75,2.469597,125.79569,0,8.89055
2022,20.0,1.0,2.6324494,125.10769,0,9.476817
2022,20.0,1.25,2.689326,125.80054,0,9.681574
2022,20.0,1.5,2.6997573,126.23751,0,9.719126
2022,20.0,1.75,2.7502458,125.35331,0,9.900885
2022,20.0,2.0,2.8536665,122.422,0,10.273199
2022,20.0,2.25,2.9347212,119.3754,0,10.564996
2022,20.0,2.5,2.854819,115.44256,0,10.2773485
2022,20.0,2.75,2.6770716,110.93932,0,9.637458
2022,20.0,3.0,2.6763687,105.90258,0,9.634927
2022,20.0,3.25,2.7603228,102.079,0,9.937161
2022,20.0,3.5,2.9052534,98.15142,0,10.458912
2022,20.0,3.75,2.990017,96.372765,0,10.764061
2022,20.0,4.0,2.9551036,93.91873,0,10.638372
2022,20.0,4.25,2.9056566,93.7865,0,10.460363
2022,20.0,4.5,2.974181,96.0651,0,10.707051
2022,20.0,4.75,3.2319229,95.74835,0,11.634922
2022,20.0,5.0,3.3172743,92.51905,0,11.942187
2022,20.0,5.25,3.3310137,88.96875,0,11.991649
2022,20.0,5.5,3.3635814,87.711395,0,12.108892
2022,20.0,5.75,3.3978684,86.04728,0,12.232326
2022,20.0,6.0,3.3547924,84.40746,0,12.077252
2022,20.0,6.25,3.3084028,83.439606,0,11.91025
2022,20.0,6.5,3.3259096,85.14658,0,11.973274
2022,20.0,6.75,3.3892744,86.91427,0,12.201387
2022,20.0,7.0,3.4417756,87.97939,0,12.390391
2022,20.0,7.25,3.4174118,89.262,0,12.302682
2022,20.0,7.5,3.3465118,86.76003,0,12.047442
2022,20.0,7.75,3.4125216,80.63741,0,12.285077
2022,20.0,8.0,3.402568,83.65714,0,12.249245
2022,20.0,8.25,3.5818405,84.94262,0,12.894626
2022,20.0,8.5,3.2475536,88.293785,0,11.691193
2022,20.0,8.75,2.5631688,86.64352,0,9.227407
2022,20.0,9.0,2.191935,71.22411,0,7.890966
2022,20.0,9.25,2.2389085,60.51771,0,8.06007
2022,20.0,9.5,2.19063,57.836033,0,7.8862677
2022,20.0,9.75,2.2452428,54.772587,0,8.082874
2022,20.0,10.0,2.252655,53.226116,0,8.109558
2022,20.0,10.25,2.2682097,53.358997,0,8.165555
2022,20.0,10.5,2.3062181,55.509796,0,8.302385
2022,20.0,10.75,2.3867097,59.580997,0,8.5921545
2022,20.0,11.0,2.4676201,63.835297,0,8.883432
2022,20.0,11.25,2.5548058,66.758064,0,9.197301
2022,20.0,11.5,2.6176596,66.90882,0,9.423574
2022,20.0,11.75,2.7384093,60.211742,0,9.8582735
2022,20.0,12.0,2.875929,59.72331,0,10.353345
2022,19.75,-9.0,2.9935048,81.12757,0,10.776617
2022,19.75,-8.75,2.8662646,77.88245,0,10.318552
2022,19.75,-8.5,2.8239763,75.699585,0,10.166314
2022,19.75,-8.25,2.8472395,104.32328,0,10.250062
2022,19.75,-8.0,2.8929894,103.12029,0,10.414762
2022,19.75,-7.75,2.9119637,101.59021,0,10.483069
2022,19.75,-7.5,2.9076774,99.85187,0,10.467638
2022,19.75,-7.25,2.889212,97.7302,0,10.401162
2022,19.75,-7.0,2.8131325,95.165344,0,10.127276
2022,19.75,-6.75,2.7352304,93.55847,0,9.846829
2022,19.75,-6.5,2.7582989,93.46928,0,9.929875
2022,19.75,-6.25,2.7957375,93.3836,0,10.064654
2022,19.75,-6.0,2.784275,92.83411,0,10.02339
2022,19.75,-5.75,2.7505121,92.114586,0,9.901843
2022,19.75,-5.5,2.727173,121.218636,0,9.817822
2022,19.75,-5.25,2.7146282,120.449005,0,9.772661
2022,19.75,-5.0,2.7010534,119.70042,0,9.723792
2022,19.75,-4.75,2.6906874,118.86181,0,9.686475
2022,19.75,-4.5,2.682928,117.88507,0,9.658541
2022,19.75,-4.25,2.6724644,117.03532,0,9.620872
2022,19.75,-4.0,2.6709044,116.581635,0,9.615255
2022,19.75,-3.75,2.6676464,116.48403,0,9.603527
2022,19.75,-3.5,2.674133,117.07385,0,9.626879
2022,19.75,-3.25,2.6863976,117.99082,0,9.671031
2022,19.75,-3.0,2.7109377,119.29599,0,9.759376
2022,19.75,-2.75,2.7174523,121.20294,0,9.782828
2022,19.75,-2.5,2.6973283,122.22577,0,9.7103815
2022,19.75,-2.25,2.643203,123.458466,0,9.515531
2022,19.75,-2.0,2.6213949,125.45404,0,9.437021
2022,19.75,-1.75,2.6707468,127.04767,0,9.614688
2022,19.75,-1.5,2.5984142,127.18851,0,9.354291
2022,19.75,-1.25,2.4618278,128.26378,0,8.862579
2022,19.75,-1.0,2.4171069,129.885,0,8.701585
2022,19.75,-0.75,2.4754584,130.70348,0,8.91165
2022,19.75,-0.5,2.4700606,129.91394,0,8.892218
2022,19.75,-0.25,2.3733885,130.71,0,8.544198
2022,19.75,0.0,2.3292925,129.6613,0,8.385453
2022,19.75,0.25,2.2619922,127.77126,0,8.143171
2022,19.75,0.5,2.3202062,126.887856,0,8.352742
2022,19.75,0.75,2.5295484,126.33437,0,9.106374
2022,19.75,1.0,2.7040281,125.63367,0,9.734501
2022,19.75,1.25,2.7894666,125.25329,0,10.04208
2022,19.75,1.5,2.7984817,125.497215,0,10.074533
2022,19.75,1.75,2.806247,124.113304,0,10.1024885
2022,19.75,2.0,2.896263,120.4123,0,10.426546
2022,19.75,2.25,2.9737148,116.617226,0,10.705373
2022,19.75,2.5,2.8823626,111.58311,0,10.376505
2022,19.75,2.75,2.6989298,106.33639,0,9.716147
2022,19.75,3.0,2.628281,102.19562,0,9.461812
2022,19.75,3.25,2.7125008,98.684204,0,9.765002
2022,19.75,3.5,2.8080463,97.305214,0,10.108967
2022,19.75,3.75,2.8922434,95.75403,0,10.412076
2022,19.75,4.0,2.9793575,95.34774,0,10.725687
2022,19.75,4.25,2.9903955,95.77244,0,10.765424
2022,19.75,4.5,3.0298626,95.65847,0,10.907505
2022,19.75,4.75,3.154249,94.64431,0,11.355296
2022,19.75,5.0,3.2214124,91.73904,0,11.597084
2022,19.75,5.25,3.2560132,90.0154,0,11.721647
2022,19.75,5.5,3.2701638,89.00535,0,11.77259
2022,19.75,5.75,3.2377946,87.54056,0,11.65606
2022,19.75,6.0,3.1899216,86.153465,0,11.483718
2022,19.75,6.25,3.1282437,86.86617,0,11.261677
2022,19.75,6.5,3.112697,88.496376,0,11.2057085
2022,19.75,6.75,3.1234703,90.053535,0,11.244493
2022,19.75,7.0,3.1834157,90.942924,0,11.460296
2022,19.75,7.25,3.1735594,91.88845,0,11.424813
2022,19.75,7.5,3.3032296,70.33062,0,11.891626
2022,19.75,7.75,3.4553163,81.6703,0,12.439138
2022,19.75,8.0,3.7697582,84.03533,0,13.571129
2022,19.75,8.25,4.029103,85.279526,0,14.504769
2022,19.75,8.5,4.0048757,86.88373,0,14.417552
2022,19.75,8.75,3.2774277,83.69212,0,11.798739
2022,19.75,9.0,2.4211447,66.35468,0,8.716121
2022,19.75,9.25,2.2384756,55.342365,0,8.058512
2022,19.75,9.5,2.0521216,53.699345,0,7.3876376
2022,19.75,9.75,2.108671,50.45218,0,7.591215
2022,19.75,10.0,2.1380923,49.3101,0,7.697132
2022,19.75,10.25,2.1897466,50.275738,0,7.8830876
2022,19.75,10.5,2.2240407,53.015163,0,8.006546
2022,19.75,10.75,2.2405956,58.146954,0,8.066144
2022,19.75,11.0,2.2940972,63.370804,0,8.25875
2022,19.75,11.25,2.4029748,70.61457,0,8.650709
2022,19.75,11.5,2.4890008,53.44665,0,8.9604025
2022,19.75,11.75,2.609913,58.578644,0,9.395687
2022,19.75,12.0,2.6961496,59.868076,0,9.706139
2022,19.5,-9.0,3.08002,81.48617,0,11.088072
2022,19.5,-8.75,2.9885242,79.234924,0,10.758687
2022,19.5,-8.5,2.9226723,77.2786,0,10.52162
2022,19.5,-8.25,2.916298,75.932365,0,10.4986725
2022,19.5,-8.0,2.9376326,104.34891,0,10.575477
2022,19.5,-7.75,2.9633653,102.31963,0,10.668115
2022,19.5,-7.5,2.9625378,99.886986,0,10.665135
2022,19.5,-7.25,2.9374495,97.43273,0,10.574818
2022,19.5,-7.0,2.904132,95.29767,0,10.454875
2022,19.5,-6.75,2.8301182,93.84141,0,10.188425
2022,19.5,-6.5,2.836848,93.84043,0,10.212652
2022,19.5,-6.25,2.8645275,93.90353,0,10.312299
2022,19.5,-6.0,2.8485372,93.43173,0,10.254734
2022,19.5,-5.75,2.8264048,92.50754,0,10.175057
2022,19.5,-5.5,2.8061025,91.51752,0,10.101969
2022,19.5,-5.25,2.7885134,90.61727,0,10.038648
2022,19.5,-5.0,2.7738836,119.89405,0,9.985981
2022,19.5,-4.75,2.7605894,119.07644,0,9.938122
2022,19.5,-4.5,2.7444718,118.24496,0,9.880098
2022,19.5,-4.25,2.73703,117.29893,0,9.853308
2022,19.5,-4.0,2.7262566,116.696106,0,9.814524
2022,19.5,-3.75,2.7226417,116.43429,0,9.80151
2022,19.5,-3.5,2.7151375,116.22767,0,9.774495
2022,19.5,-3.25,2.7186203,116.81788,0,9.787033
2022,19.5,-3.0,2.7237422,118.81962,0,9.805471
2022,19.5,-2.75,2.7207859,121.96575,0,9.794828
2022,19.5,-2.5,2.7120678,124.06951,0,9.763444
2022,19.5,-2.25,2.6850796,125.61025,0,9.666286
2022,19.5,-2.0,2.6526139,127.28092,0,9.54941
2022,19.5,-1.75,2.6588843,128.72345,0,9.571983
2022,19.5,-1.5,2.6010368,128.88191,0,9.363732
2022,19.5,-1.25,2.477163,129.38995,0,8.917787
2022,19.5,-1.0,2.4294295,131.08272,0,8.745946
2022,19.5,-0.75,2.492666,132.217,0,8.973598
2022,19.5,-0.5,2.5231924,131.2255,0,9.083492
2022,19.5,-0.25,2.4215744,130.15315,0,8.717668
2022,19.5,0.0,2.3181827,128.94513,0,8.345457
2022,19.5,0.25,2.2577467,127.07568,0,8.127888
2022,19.5,0.5,2.3440478,127.23005,0,8.438572
2022,19.5,0.75,2.5700576,127.50173,0,9.252207
2022,19.5,1.0,2.8007298,126.41512,0,10.082627
2022,19.5,1.25,2.8958037,125.33488,0,10.424893
2022,19.5,1.5,2.8712933,123.92222,0,10.336656
2022,19.5,1.75,2.859888,122.343956,0,10.295597
2022,19.5,2.0,2.9241574,119.43573,0,10.526966
2022,19.5,2.25,2.9725428,115.796936,0,10.701154
2022,19.5,2.5,2.839307,110.97941,0,10.221505
2022,19.5,2.75,2.660502,105.94754,0,9.577806
2022,19.5,3.0,2.5943253,101.536804,0,9.339571
2022,19.5,3.25,2.6331184,99.59356,0,9.479226
2022,19.5,3.5,2.7046292,99.198,0,9.736665
2022,19.5,3.75,2.7824872,99.65436,0,10.016953
2022,19.5,4.0,2.883672,99.560875,0,10.381219
2022,19.5,4.25,2.9541748,98.432655,0,10.635029
2022,19.5,4.5,3.005947,96.97828,0,10.821409
2022,19.5,4.75,3.0605586,95.87332,0,11.01801
2022,19.5,5.0,3.066539,94.7033,0,11.03954
2022,19.5,5.25,3.1143599,93.74345,0,11.211695
2022,19.5,5.5,3.1216648,92.61256,0,11.237993
2022,19.5,5.75,3.0849876,91.07886,0,11.105955
2022,19.5,6.0,3.0203228,90.535095,0,10.873161
2022,19.5,6.25,2.9450214,91.641,0,10.602077
2022,19.5,6.5,2.902025,92.10504,0,10.447289
2022,19.5,6.75,2.8935401,92.983635,0,10.416744
2022,19.5,7.0,2.9732854,93.30215,0,10.703827
2022,19.5,7.25,3.1036978,93.687416,0,11.173311
2022,19.5,7.5,3.3591444,70.747444,0,12.092919
2022,19.5,7.75,3.6970155,78.3951,0,13.309256
2022,19.5,8.0,4.0591,80.79932,0,14.612761
2022,19.5,8.25,4.3141246,83.309494,0,15.5308485
2022,19.5,8.5,4.366511,86.40676,0,15.719439
2022,19.5,8.75,3.5322425,90.239845,0,12.716073
2022,19.5,9.0,1.9106054,76.53724,0,6.8781796
2022,19.5,9.25,1.6639553,83.064064,0,5.990239
2022,19.5,9.5,1.8821893,78.15769,0,6.7758813
2022,19.5,9.75,1.9431046,44.923534,0,6.9951763
2022,19.5,10.0,2.0662653,45.199337,0,7.4385552
2022,19.5,10.25,2.1273057,47.506,0,7.6583004
2022,19.5,10.5,2.153251,51.98593,0,7.7517033
2022,19.5,10.75,2.1618311,58.483093,0,7.782592
2022,19.5,11.0,2.156421,63.87724,0,7.7631154
2022,19.5,11.25,2.2458918,46.68097,0,8.08521
2022,19.5,11.5,2.3536723,55.067368,0,8.47322
2022,19.5,11.75,2.439742,59.68288,0,8.7830715
2022,19.5,12.0,2.524791,61.287342,0,9.089248
2022,19.25,-9.0,3.124492,81.82222,0,11.248171
2022,19.25,-8.75,3.1105213,79.98614,0,11.197876
2022,19.25,-8.5,3.0579188,78.42426,0,11.008508
2022,19.25,-8.25,3.0236452,76.915596,0,10.885122
2022,19.25,-8.0,3.0073826,105.15824,0,10.826577
2022,19.25,-7.75,3.0047045,102.638916,0,10.816936
2022,19.25,-7.5,3.0084372,99.642944,0,10.830374
2022,19.25,-7.25,3.0015833,97.38263,0,10.805699
2022,19.25,-7.0,2.972478,95.82623,0,10.70092
2022,19.25,-6.75,2.926998,94.812256,0,10.537192
2022,19.25,-6.5,2.921778,94.61194,0,10.5184
2022,19.25,-6.25,2.9258568,94.40957,0,10.533084
2022,19.25,-6.0,2.9126441,93.76153,0,10.485518
2022,19.25,-5.75,2.8991222,92.80337,0,10.43684
2022,19.25,-5.5,2.8837776,91.77804,0,10.381599
2022,19.25,-5.25,2.868325,90.88444,0,10.32597
2022,19.25,-5.0,2.859205,90.1531,0,10.293138
2022,19.25,-4.75,2.8461525,89.32635,0,10.246149
2022,19.25,-4.5,2.824688,88.52283,0,10.168877
2022,19.25,-4.25,2.804269,117.55482,0,10.095368
2022,19.25,-4.0,2.7758734,117.137,0,9.993144
2022,19.25,-3.75,2.7566187,116.60486,0,9.923827
2022,19.25,-3.5,2.7366638,115.98458,0,9.85199
2022,19.25,-3.25,2.7251577,116.104515,0,9.810568
2022,19.25,-3.0,2.7233467,118.80724,0,9.804048
2022,19.25,-2.75,2.725441,123.886314,0,9.811587
2022,19.25,-2.5,2.7360687,126.33074,0,9.849847
2022,19.25,-2.25,2.7525537,127.89065,0,9.909193
2022,19.25,-2.0,2.720462,128.69704,0,9.793663
2022,19.25,-1.75,2.6964264,129.86601,0,9.707135
2022,19.25,-1.5,2.6491501,130.39197,0,9.536941
2022,19.25,-1.25,2.5509422,130.71655,0,9.183392
2022,19.25,-1.0,2.4887335,131.85149,0,8.95944
2022,19.25,-0.75,2.5206072,132.98442,0,9.074185
2022,19.25,-0.5,2.5633924,132.44106,0,9.228212
2022,19.25,-0.25,2.4866087,130.89192,0,8.951791
2022,19.25,0.0,2.3330054,129.69159,0,8.398819
2022,19.25,0.25,2.2647655,129.08899,0,8.153155
2022,19.25,0.5,2.3828278,129.75395,0,8.578179
2022,19.25,0.75,2.6532786,130.0841,0,9.551803
2022,19.25,1.0,2.893707,128.07506,0,10.417345
2022,19.25,1.25,2.968846,125.185585,0,10.687845
2022,19.25,1.5,2.9277992,122.82253,0,10.540077
2022,19.25,1.75,2.9228299,120.94495,0,10.522187
2022,19.25,2.0,3.0024784,117.9061,0,10.808922
2022,19.25,2.25,2.9977818,114.91571,0,10.792014
2022,19.25,2.5,2.7569683,112.62978,0,9.925085
2022,19.25,2.75,2.5909681,109.75651,0,9.327485
2022,19.25,3.0,2.5747201,105.907745,0,9.268992
2022,19.25,3.25,2.6339447,103.55326,0,9.482201
2022,19.25,3.5,2.7020705,104.065056,0,9.727453
2022,19.25,3.75,2.752885,104.19028,0,9.910386
2022,19.25,4.0,2.7942169,102.665565,0,10.05918
2022,19.25,4.25,2.843868,100.33749,0,10.237925
2022,19.25,4.5,2.9033756,99.16714,0,10.452152
2022,19.25,4.75,2.9374635,98.29102,0,10.574868
2022,19.25,5.0,2.929094,97.72335,0,10.544739
2022,19.25,5.25,2.9246972,97.23902,0,10.52891
2022,19.25,5.5,2.9083033,95.883514,0,10.469892
2022,19.25,5.75,2.8791344,94.37909,0,10.364883
2022,19.25,6.0,2.8387272,93.863525,0,10.219418
2022,19.25,6.25,2.7885787,94.18363,0,10.038883
2022,19.25,6.5,2.7387593,93.940025,0,9.859533
2022,19.25,6.75,2.659011,93.58767,0,9.572439
2022,19.25,7.0,2.7246692,93.65432,0,9.808809
2022,19.25,7.25,2.8530881,93.162384,0,10.271117
2022,19.25,7.5,3.0076802,92.410835,0,10.827648
2022,19.25,7.75,3.1884696,82.341774,0,11.478491
2022,19.25,8.0,3.3302243,77.67734,0,11.988807
2022,19.25,8.25,3.3668718,79.91903,0,12.120738
2022,19.25,8.5,3.2464364,83.20974,0,11.687171
2022,19.25,8.75,2.5938623,90.31637,0,9.337904
2022,19.25,9.0,1.0374647,93.76646,0,3.734873
2022,19.25,9.25,0.6583702,189.23055,0,2.3701327
2022,19.25,9.5,1.1952269,153.50131,0,4.302817
2022,19.25,9.75,1.6492268,122.60702,0,5.9372163
2022,19.25,10.0,1.9449276,68.67698,0,7.001739
2022,19.25,10.25,2.0823412,46.9951,0,7.496428
2022,19.25,10.5,2.089693,54.209564,0,7.522895
2022,19.25,10.75,2.0798337,32.146984,0,7.4874015
2022,19.25,11.0,2.0745919,40.498573,0,7.4685307
2022,19.25,11.25,2.1070096,49.965893,0,7.5852346
2022,19.25,11.5,2.23741,57.684887,0,8.054676
2022,19.25,11.75,2.3001525,62.471027,0,8.280549
2022,19.25,12.0,2.371441,63.812397,0,8.537187
2022,19.0,-9.0,3.2282827,82.26617,0,11.621818
2022,19.0,-8.75,3.1894093,80.851715,0,11.481873
2022,19.0,-8.5,3.1688757,79.24865,0,11.407952
2022,19.0,-8.25,3.1483448,77.84974,0,11.334041
2022,19.0,-8.0,3.1118577,105.74158,0,11.202687
2022,19.0,-7.75,3.0883808,102.131935,0,11.118171
2022,19.0,-7.5,3.0874603,99.33509,0,11.114857
2022,19.0,-7.25,3.0568435,97.78283,0,11.004637
2022,19.0,-7.0,3.0046256,96.510216,0,10.816651
2022,19.0,-6.75,3.0056713,95.56083,0,10.820416
2022,19.0,-6.5,3.010197,95.17524,0,10.836709
2022,19.0,-6.25,3.0024939,94.68692,0,10.808977
2022,19.0,-6.0,2.9994676,93.83298,0,10.798083
2022,19.0,-5.75,2.9811866,92.941345,0,10.732271
2022,19.0,-5.5,2.9554806,91.97836,0,10.6397295
2022,19.0,-5.25,2.9365304,91.10908,0,10.571509
2022,19.0,-5.0,2.9171133,90.39271,0,10.501608
2022,19.0,-4.75,2.8951387,89.505714,0,10.4225
2022,19.0,-4.5,2.8731775,88.61294,0,10.343439
2022,19.0,-4.25,2.8500168,87.63827,0,10.26006
2022,19.0,-4.0,2.833455,87.14856,0,10.2004385
2022,19.0,-3.75,2.8234384,86.48273,0,10.164378
2022,19.0,-3.5,2.7957497,85.87562,0,10.064698
2022,19.0,-3.25,2.757871,86.113716,0,9.928335
2022,19.0,-3.0,2.736778,118.95728,0,9.852401
2022,19.0,-2.75,2.7325032,124.067116,0,9.837011
2022,19.0,-2.5,2.7458236,126.57504,0,9.884965
2022,19.0,-2.25,2.7642906,128.27768,0,9.951446
2022,19.0,-2.0,2.7760127,99.864525,0,9.993646
2022,19.0,-1.75,2.762578,100.933235,0,9.945281
2022,19.0,-1.5,2.7267907,131.53722,0,9.816446
2022,19.0,-1.25,2.6659873,132.07452,0,9.597554
2022,19.0,-1.0,2.6305707,133.11061,0,9.470054
2022,19.0,-0.75,2.635426,133.92097,0,9.487534
2022,19.0,-0.5,2.6112566,133.35925,0,9.400523
2022,19.0,-0.25,2.5070188,132.30568,0,9.025268
2022,19.0,0.0,2.39838,132.51729,0,8.634168
2022,19.0,0.25,2.3502152,131.94783,0,8.460774
2022,19.0,0.5,2.4358227,131.319,0,8.768962
2022,19.0,0.75,2.6639924,130.90115,0,9.590372
2022,19.0,1.0,2.873338,128.92513,0,10.344016
2022,19.0,1.25,2.9329493,126.32046,0,10.558618
2022,19.0,1.5,2.9057972,124.632996,0,10.46087
2022,19.0,1.75,2.948367,123.55383,0,10.614121
2022,19.0,2.0,3.0637925,120.91016,0,11.029653
2022,19.0,2.25,3.0539865,116.386955,0,10.994351
2022,19.0,2.5,2.7690332,115.27271,0,9.968519
2022,19.0,2.75,2.597823,117.65177,0,9.352162
2022,19.0,3.0,2.590501,117.294586,0,9.325804
2022,19.0,3.25,2.6487296,114.51254,0,9.535426
2022,19.0,3.5,2.705397,111.68902,0,9.7394285
2022,19.0,3.75,2.7367964,109.550285,0,9.852467
2022,19.0,4.0,2.75546,107.477844,0,9.919656
2022,19.0,4.25,2.7708511,105.322,0,9.975064
2022,19.0,4.5,2.7956848,103.98834,0,10.0644655
2022,19.0,4.75,2.8156354,103.31074,0,10.136288
2022,19.0,5.0,2.7918346,102.46612,0,10.050604
2022,19.0,5.25,2.7549298,101.1333,0,9.917747
2022,19.0,5.5,2.7203429,99.56779,0,9.793234
2022,19.0,5.75,2.6661284,98.65287,0,9.598062
2022,19.0,6.0,2.6101863,98.01792,0,9.39667
2022,19.0,6.25,2.5577548,96.73937,0,9.207917
2022,19.0,6.5,2.4938862,95.296875,0,8.97799
2022,19.0,6.75,2.3867033,92.86498,0,8.592132
2022,19.0,7.0,2.3382854,92.74569,0,8.417828
2022,19.0,7.25,2.3040009,91.432274,0,8.294403
2022,19.0,7.5,2.2896426,89.562035,0,8.242713
2022,19.0,7.75,2.318434,85.59161,0,8.346362
2022,19.0,8.0,2.2192233,84.27737,0,7.9892035
2022,19.0,8.25,2.1629875,87.02096,0,7.7867546
2022,19.0,8.5,2.2209132,87.65394,0,7.9952874
2022,19.0,8.75,2.0719411,87.75138,0,7.4589877
2022,19.0,9.0,1.5558685,68.7873,0,5.6011267
2022,19.0,9.25,1.1655575,50.43675,0,4.196007
2022,19.0,9.5,1.2991,66.58741,0,4.67676
2022,19.0,9.75,1.5569931,171.48589,0,5.605175
2022,19.0,10.0,1.7965983,115.39899,0,6.467754
2022,19.0,10.25,1.937087,22.706924,0,6.973513
2022,19.0,10.5,1.984316,28.03987,0,7.1435375
2022,19.0,10.75,2.0345554,33.819374,0,7.3243995
2022,19.0,11.0,2.0785954,44.43571,0,7.482943
2022,19.0,11.25,2.0376675,53.51058,0,7.3356028
2022,19.0,11.5,2.170151,62.90192,0,7.8125434
2022,19.0,11.75,2.2188976,67.68507,0,7.988031
2022,19.0,12.0,2.2504506,69.80366,0,8.101622
2022,18.75,-9.0,3.4386444,81.516594,0,12.37912
2022,18.75,-8.75,3.3577507,80.34579,0,12.087902
2022,18.75,-8.5,3.297966,78.269226,0,11.872677
2022,18.75,-8.25,3.282901,77.5069,0,11.818443
2022,18.75,-8.0,3.228238,106.430305,0,11.621656
2022,18.75,-7.75,3.1792428,102.17118,0,11.445274
2022,18.75,-7.5,3.1424062,99.213196,0,11.312662
2022,18.75,-7.25,3.1273005,97.87771,0,11.258282
2022,18.75,-7.0,3.116586,96.5318,0,11.219709
2022,18.75,-6.75,3.083991,95.48652,0,11.102367
2022,18.75,-6.5,3.0820434,94.87461,0,11.095356
2022,18.75,-6.25,3.0733726,94.29974,0,11.064141
2022,18.75,-6.0,3.060387,93.559814,0,11.017392
2022,18.75,-5.75,3.041013,92.74874,0,10.947646
2022,18.75,-5.5,3.020896,91.92017,0,10.875225
2022,18.75,-5.25,2.9993744,91.10239,0,10.797748
2022,18.75,-5.0,2.9695818,90.38589,0,10.690495
2022,18.75,-4.75,2.956043,89.2663,0,10.641754
2022,18.75,-4.5,2.9396791,88.37616,0,10.582845
2022,18.75,-4.25,2.913067,87.43957,0,10.487041
2022,18.75,-4.0,2.882324,86.5675,0,10.376366
2022,18.75,-3.75,2.8626823,115.9459,0,10.305656
2022,18.75,-3.5,2.8428555,115.7537,0,10.23428
2022,18.75,-3.25,2.814849,85.99863,0,10.133456
2022,18.75,-3.0,2.79185,88.215385,0,10.05066
2022,18.75,-2.75,2.782595,97.19744,0,10.017342
2022,18.75,-2.5,2.7709122,99.837364,0,9.975284
2022,18.75,-2.25,2.7719734,100.81614,0,9.979104
2022,18.75,-2.0,2.793145,101.736084,0,10.055322
2022,18.75,-1.75,2.8128126,102.170044,0,10.126125
2022,18.75,-1.5,2.7988946,102.58807,0,10.07602
2022,18.75,-1.25,2.7911232,132.89868,0,10.048043
2022,18.75,-1.0,2.7691643,133.627,0,9.968991
2022,18.75,-0.75,2.756672,133.55211,0,9.924019
2022,18.75,-0.5,2.7184312,132.66783,0,9.786352
2022,18.75,-0.25,2.6187959,132.43709,0,9.427665
2022,18.75,0.0,2.54674,133.29915,0,9.168264
2022,18.75,0.25,2.4922187,132.9594,0,8.971987
2022,18.75,0.5,2.5239332,131.78398,0,9.086159
2022,18.75,0.75,2.7112963,131.36522,0,9.760667
2022,18.75,1.0,2.8579404,130.47076,0,10.288586
2022,18.75,1.25,2.9157495,128.78664,0,10.496698
2022,18.75,1.5,2.9323704,127.79446,0,10.556533
2022,18.75,1.75,2.9864023,126.73853,0,10.751048
2022,18.75,2.0,3.0692956,124.47733,0,11.049464
2022,18.75,2.25,3.0535653,120.91116,0,10.992835
2022,18.75,2.5,2.8322487,120.38529,0,10.196095
2022,18.75,2.75,2.6901748,121.50919,0,9.684629
2022,18.75,3.0,2.6853905,121.04774,0,9.667405
2022,18.75,3.25,2.7233143,119.21551,0,9.803931
2022,18.75,3.5,2.7545679,117.13574,0,9.916444
2022,18.75,3.75,2.7573254,115.42413,0,9.926372
2022,18.75,4.0,2.7681248,113.75039,0,9.965249
2022,18.75,4.25,2.736121,112.474335,0,9.850035
2022,18.75,4.5,2.7289917,111.80115,0,9.82437
2022,18.75,4.75,2.7245162,111.543274,0,9.808258
2022,18.75,5.0,2.6521409,111.24894,0,9.547707
2022,18.75,5.25,2.601278,111.1816,0,9.364601
2022,18.75,5.5,2.5368228,110.68885,0,9.132562
2022,18.75,5.75,2.4660847,109.47617,0,8.877905
2022,18.75,6.0,2.3826618,107.61047,0,8.577582
2022,18.75,6.25,2.3257911,105.38812,0,8.372848
2022,18.75,6.5,2.2434018,102.916954,0,8.076246
2022,18.75,6.75,2.1241186,99.95563,0,7.6468267
2022,18.75,7.0,2.0155616,98.41917,0,7.2560215
2022,18.75,7.25,1.8446509,97.354576,0,6.640743
2022,18.75,7.5,1.8537697,96.37412,0,6.6735706
2022,18.75,7.75,1.9675978,97.70278,0,7.083352
2022,18.75,8.0,1.9988984,97.260864,0,7.196034
2022,18.75,8.25,2.2338917,94.72803,0,8.04201
2022,18.75,8.5,2.491111,92.20933,0,8.967999
2022,18.75,8.75,2.7094831,83.67702,0,9.754139
2022,18.75,9.0,2.483525,69.22123,0,8.94069
2022,18.75,9.25,2.2242699,57.9622,0,8.007371
2022,18.75,9.5,1.9427642,48.424244,0,6.993951
2022,18.75,9.75,1.9259729,60.191864,0,6.933502
2022,18.75,10.0,1.9652354,106.58328,0,7.074847
2022,18.75,10.25,2.04028,21.768019,0,7.3450084
2022,18.75,10.5,2.0012698,26.860754,0,7.2045712
2022,18.75,10.75,2.0035489,33.412952,0,7.2127757
2022,18.75,11.0,2.065661,48.94698,0,7.4363794
2022,18.75,11.25,2.0508106,58.03187,0,7.382918
2022,18.75,11.5,2.1768427,66.642525,0,7.8366337
2022,18.75,11.75,2.2307441,71.30259,0,8.030679
2022,18.75,12.0,2.2536833,73.54238,0,8.113259
2022,18.5,-9.0,3.4679005,81.61709,0,12.484442
2022,18.5,-8.75,3.495737,79.9018,0,12.584653
2022,18.5,-8.5,3.4250448,77.44958,0,12.330161
2022,18.5,-8.25,3.4411266,77.9409,0,12.388056
2022,18.5,-8.0,3.4044845,106.46295,0,12.256144
2022,18.5,-7.75,3.319308,101.46661,0,11.949509
2022,18.5,-7.5,3.260515,99.16129,0,11.737854
2022,18.5,-7.25,3.1890604,97.53436,0,11.480618
2022,18.5,-7.0,3.1830628,96.330505,0,11.459025
2022,18.5,-6.75,3.1644008,95.36007,0,11.391843
2022,18.5,-6.5,3.1671216,94.529945,0,11.401638
2022,18.5,-6.25,3.1537793,94.06213,0,11.353605
2022,18.5,-6.0,3.1331885,93.376015,0,11.279478
2022,18.5,-5.75,3.1111214,92.65497,0,11.200037
2022,18.5,-5.5,3.0788586,91.796074,0,11.083891
2022,18.5,-5.25,3.0514345,90.98959,0,10.985164
2022,18.5,-5.0,3.0305042,89.77216,0,10.909815
2022,18.5,-4.75,3.0206897,118.26443,0,10.874483
2022,18.5,-4.5,2.9927976,117.34222,0,10.774071
2022,18.5,-4.25,2.9717586,116.68836,0,10.698331
2022,18.5,-4.0,2.948376,115.61399,0,10.614153
2022,18.5,-3.75,2.9283438,114.92797,0,10.542037
2022,18.5,-3.5,2.9060996,114.25814,0,10.461958
2022,18.5,-3.25,2.872039,112.396645,0,10.33934
2022,18.5,-3.0,2.8500414,103.473145,0,10.260149
2022,18.5,-2.75,2.8271074,102.49416,0,10.177587
2022,18.5,-2.5,2.8123991,102.66919,0,10.124637
2022,18.5,-2.25,2.8170643,103.11773,0,10.141431
2022,18.5,-2.0,2.8244116,103.35742,0,10.167882
2022,18.5,-1.75,2.8372586,103.4722,0,10.21413
2022,18.5,-1.5,2.8526468,103.55753,0,10.269528
2022,18.5,-1.25,2.850847,103.827576,0,10.263049
2022,18.5,-1.0,2.8609314,134.2151,0,10.299353
2022,18.5,-0.75,2.850137,134.18492,0,10.260493
2022,18.5,-0.5,2.809964,133.2699,0,10.1158695
2022,18.5,-0.25,2.7324665,133.07379,0,9.836879
2022,18.5,0.0,2.6996965,133.43993,0,9.718907
2022,18.5,0.25,2.6097505,133.90973,0,9.395102
2022,18.5,0.5,2.6150687,132.89064,0,9.414247
2022,18.5,0.75,2.7492464,132.2068,0,9.897286
2022,18.5,1.0,2.891258,131.58156,0,10.408528
2022,18.5,1.25,2.9607277,131.01007,0,10.65862
2022,18.5,1.5,2.9813633,130.1856,0,10.732907
2022,18.5,1.75,2.9979932,129.04076,0,10.792775
2022,18.5,2.0,3.0575569,126.99579,0,11.007204
2022,18.5,2.25,3.051791,124.41453,0,10.986447
2022,18.5,2.5,2.8973217,123.50121,0,10.430358
2022,18.5,2.75,2.783518,123.48526,0,10.020665
2022,18.5,3.0,2.7875087,122.84074,0,10.035031
2022,18.5,3.25,2.809639,121.70913,0,10.1147
2022,18.5,3.5,2.786088,119.9459,0,10.029917
2022,18.5,3.75,2.7835438,118.58816,0,10.020758
2022,18.5,4.0,2.7881196,118.04308,0,10.0372305
2022,18.5,4.25,2.768812,117.91573,0,9.967723
2022,18.5,4.5,2.742361,118.4436,0,9.872499
2022,18.5,4.75,2.699928,118.46216,0,9.719741
2022,18.5,5.0,2.6155875,118.17832,0,9.416115
2022,18.5,5.25,2.5006454,118.63218,0,9.002323
2022,18.5,5.5,2.4315014,118.52767,0,8.753405
2022,18.5,5.75,2.3386624,118.22761,0,8.419185
2022,18.5,6.0,2.2562706,117.543884,0,8.122574
2022,18.5,6.25,2.1605065,115.83901,0,7.777823
2022,18.5,6.5,2.0587673,112.87213,0,7.411562
2022,18.5,6.75,1.9338201,109.878296,0,6.9617524
2022,18.5,7.0,1.8206133,106.95416,0,6.554208
2022,18.5,7.25,1.7095374,106.26086,0,6.1543345
2022,18.5,7.5,1.886416,106.31327,0,6.791097
2022,18.5,7.75,2.1309018,105.27481,0,7.6712465
2022,18.5,8.0,2.6270678,98.566345,0,9.457444
2022,18.5,8.25,2.942639,95.46145,0,10.5935
2022,18.5,8.5,3.0512292,90.656,0,10.984425
2022,18.5,8.75,3.0153725,85.92776,0,10.855341
2022,18.5,9.0,2.4236033,78.66199,0,8.724972
2022,18.5,9.25,2.2882526,64.15332,0,8.237709
2022,18.5,9.5,2.3014348,55.642796,0,8.285165
2022,18.5,9.75,2.3300536,46.25656,0,8.388192
2022,18.5,10.0,2.326039,18.519735,0,8.37374
2022,18.5,10.25,2.177257,22.017761,0,7.838125
2022,18.5,10.5,2.100506,29.640532,0,7.5618215
2022,18.5,10.75,2.0336168,43.32851,0,7.32102
2022,18.5,11.0,2.0947049,53.442066,0,7.5409374
2022,18.5,11.25,2.107092,60.537445,0,7.5855308
2022,18.5,11.5,2.2151697,68.573204,0,7.974611
2022,18.5,11.75,2.2779748,73.30932,0,8.200709
2022,18.5,12.0,2.2979336,75.85548,0,8.272561
2022,18.25,-9.0,3.4577549,81.64152,0,12.447917
2022,18.25,-8.75,3.5087197,108.18024,0,12.631391
2022,18.25,-8.5,3.4664183,104.142395,0,12.479105
2022,18.25,-8.25,3.4936638,102.40995,0,12.577189
2022,18.25,-8.0,3.5263174,103.22393,0,12.694742
2022,18.25,-7.75,3.4488459,99.09113,0,12.415845
2022,18.25,-7.5,3.404651,98.184296,0,12.256743
2022,18.25,-7.25,3.3285325,97.110405,0,11.982717
2022,18.25,-7.0,3.2489588,96.14752,0,11.696252
2022,18.25,-6.75,3.244381,95.358795,0,11.679771
2022,18.25,-6.5,3.2389011,94.58337,0,11.660044
2022,18.25,-6.25,3.2097569,93.991615,0,11.555124
2022,18.25,-6.0,3.1938937,93.29035,0,11.498017
2022,18.25,-5.75,3.175664,92.27875,0,11.43239
2022,18.25,-5.5,3.1437657,91.37704,0,11.317556
2022,18.25,-5.25,3.1399956,89.91155,0,11.303984
2022,18.25,-5.0,3.1249876,118.10419,0,11.249955
2022,18.25,-4.75,3.1043167,116.24024,0,11.17554
2022,18.25,-4.5,3.0775454,115.03476,0,11.079164
2022,18.25,-4.25,3.0520465,114.28225,0,10.987368
2022,18.25,-4.0,3.0120468,112.9517,0,10.843369
2022,18.25,-3.75,2.9913843,111.2749,0,10.768983
2022,18.25,-3.5,2.9656699,109.1759,0,10.676412
2022,18.25,-3.25,2.9391546,105.846436,0,10.580956
2022,18.25,-3.0,2.9286706,103.781,0,10.543214
2022,18.25,-2.75,2.9085655,103.54896,0,10.470836
2022,18.25,-2.5,2.8794336,104.05825,0,10.365961
2022,18.25,-2.25,2.8895628,104.68683,0,10.402426
2022,18.25,-2.0,2.8861494,104.79629,0,10.390138
2022,18.25,-1.75,2.8673632,104.598915,0,10.322507
2022,18.25,-1.5,2.87424,104.640625,0,10.347263
2022,18.25,-1.25,2.8780746,104.96633,0,10.361069
2022,18.25,-1.0,2.8882644,105.441124,0,10.397752
2022,18.25,-0.75,2.8973968,135.976,0,10.430628
2022,18.25,-0.5,2.8608625,135.8744,0,10.299105
2022,18.25,-0.25,2.8364353,136.05045,0,10.211167
2022,18.25,0.0,2.8206255,135.45694,0,10.154252
2022,18.25,0.25,2.7106626,135.38664,0,9.758385
2022,18.25,0.5,2.673157,136.13959,0,9.623364
2022,18.25,0.75,2.7941215,134.62926,0,10.058837
2022,18.25,1.0,2.9262142,134.13933,0,10.534371
2022,18.25,1.25,2.9901264,133.31898,0,10.764455
2022,18.25,1.5,3.021588,132.26898,0,10.877717
2022,18.25,1.75,3.0419178,131.00093,0,10.950904
2022,18.25,2.0,3.0607955,129.04483,0,11.018864
2022,18.25,2.25,3.0478437,126.73538,0,10.972237
2022,18.25,2.5,2.9450874,125.31905,0,10.602315
2022,18.25,2.75,2.8940513,124.62826,0,10.418585
2022,18.25,3.0,2.889042,123.97901,0,10.400551
2022,18.25,3.25,2.8584232,122.98174,0,10.290323
2022,18.25,3.5,2.8353956,121.01923,0,10.207424
2022,18.25,3.75,2.7874868,119.16037,0,10.034952
2022,18.25,4.0,2.7803981,118.97919,0,10.009433
2022,18.25,4.25,2.7696362,121.34442,0,9.97069
2022,18.25,4.5,2.7395613,123.52372,0,9.86242
2022,18.25,4.75,2.6838377,123.50235,0,9.661816
2022,18.25,5.0,2.5887868,123.294334,0,9.319633
2022,18.25,5.25,2.4718485,123.64257,0,8.898654
2022,18.25,5.5,2.3386762,123.30133,0,8.419234
2022,18.25,5.75,2.2476106,122.56248,0,8.091398
2022,18.25,6.0,2.1192667,120.800385,0,7.62936
2022,18.25,6.25,2.015857,118.910095,0,7.257085
2022,18.25,6.5,1.9096175,116.60868,0,6.874623
2022,18.25,6.75,1.7711635,113.26825,0,6.3761883
2022,18.25,7.0,1.6448774,110.939575,0,5.9215584
2022,18.25,7.25,1.6123844,110.201775,0,5.804584
2022,18.25,7.5,1.7781676,109.34155,0,6.4014034
2022,18.25,7.75,2.0906713,102.99735,0,7.5264163
2022,18.25,8.0,2.5513463,97.15146,0,9.184847
2022,18.25,8.25,2.6313694,93.41995,0,9.472929
2022,18.25,8.5,2.6438563,87.29246,0,9.517882
2022,18.25,8.75,2.579492,90.61141,0,9.286171
2022,18.25,9.0,2.0168493,85.78979,0,7.2606573
2022,18.25,9.25,1.9253378,65.7524,0,6.931216
2022,18.25,9.5,2.366069,59.78851,0,8.517848
2022,18.25,9.75,2.4569561,50.362873,0,8.845042
2022,18.25,10.0,2.461367,21.565035,0,8.860921
2022,18.25,10.25,2.3177755,25.341963,0,8.343991
2022,18.25,10.5,2.1539466,43.589478,0,7.7542076
2022,18.25,10.75,2.1081853,48.49416,0,7.589467
2022,18.25,11.0,2.1082675,54.94052,0,7.589763
2022,18.25,11.25,2.1319206,63.16615,0,7.674914
2022,18.25,11.5,2.2510793,72.133156,0,8.103886
2022,18.25,11.75,2.3226402,76.24252,0,8.361505
2022,18.25,12.0,2.3592541,79.133514,0,8.493315
2022,18.0,-9.0,3.4797575,100.11581,0,12.527127
2022,18.0,-8.75,3.4955342,99.95493,0,12.583922
2022,18.0,-8.5,3.4768221,98.90872,0,12.51656
2022,18.0,-8.25,3.4208965,97.81882,0,12.3152275
2022,18.0,-8.0,3.4536808,97.32004,0,12.43325
2022,18.0,-7.75,3.5126524,96.192505,0,12.645548
2022,18.0,-7.5,3.4683473,96.635826,0,12.48605
2022,18.0,-7.25,3.5038254,97.04073,0,12.613771
2022,18.0,-7.0,3.3797925,96.44272,0,12.167253
2022,18.0,-6.75,3.3119104,95.627495,0,11.922877
2022,18.0,-6.5,3.2887745,94.830345,0,11.839588
2022,18.0,-6.25,3.2620432,94.05347,0,11.743356
2022,18.0,-6.0,3.2423785,92.82215,0,11.672563
2022,18.0,-5.75,3.224384,91.661,0,11.607782
2022,18.0,-5.5,3.2234163,90.04426,0,11.604299
2022,18.0,-5.25,3.2218273,118.01333,0,11.5985775
2022,18.0,-5.0,3.2140396,115.755226,0,11.570542
2022,18.0,-4.75,3.1974747,114.04986,0,11.510909
2022,18.0,-4.5,3.1767385,112.648926,0,11.436258
2022,18.0,-4.25,3.1372929,111.373055,0,11.294254
2022,18.0,-4.0,3.095813,109.72293,0,11.144927
2022,18.0,-3.75,3.0706089,107.865906,0,11.054192
2022,18.0,-3.5,3.048114,106.690765,0,10.97321
2022,18.0,-3.25,3.0199919,105.30944,0,10.87197
2022,18.0,-3.0,3.0093472,104.59906,0,10.83365
2022,18.0,-2.75,2.9754655,104.35847,0,10.711676
2022,18.0,-2.5,2.9428062,104.922264,0,10.594102
2022,18.0,-2.25,2.9604435,105.608826,0,10.657597
2022,18.0,-2.0,2.9468985,105.65615,0,10.608834
2022,18.0,-1.75,2.9192746,105.511925,0,10.509388
2022,18.0,-1.5,2.903546,105.8053,0,10.452765
2022,18.0,-1.25,2.9073706,106.208984,0,10.466534
2022,18.0,-1.0,2.9107916,107.09559,0,10.478849
2022,18.0,-0.75,2.9213448,137.93402,0,10.516841
2022,18.0,-0.5,2.927934,138.73607,0,10.540562
2022,18.0,-0.25,2.9231586,139.13423,0,10.523371
2022,18.0,0.0,2.9095821,137.42998,0,10.474496
2022,18.0,0.25,2.8083541,136.19858,0,10.110075
2022,18.0,0.5,2.7682512,137.05888,0,9.965704
2022,18.0,0.75,2.8503892,137.0543,0,10.261401
2022,18.0,1.0,2.9752254,136.3237,0,10.710812
2022,18.0,1.25,3.0327866,136.00519,0,10.918032
2022,18.0,1.5,3.058204,134.86385,0,11.009534
2022,18.0,1.75,3.064193,133.09962,0,11.031095
2022,18.0,2.0,3.0676682,130.96861,0,11.043605
2022,18.0,2.25,3.0469782,128.846,0,10.969121
2022,18.0,2.5,2.9985437,127.4087,0,10.794757
2022,18.0,2.75,2.958645,126.4249,0,10.651122
2022,18.0,3.0,2.930768,126.37088,0,10.550765
2022,18.0,3.25,2.8992205,125.53738,0,10.437194
2022,18.0,3.5,2.8355062,123.82721,0,10.207822
2022,18.0,3.75,2.793361,140.10565,0,10.056099
2022,18.0,4.0,2.7769344,136.90273,0,9.9969635
2022,18.0,4.25,2.7762804,134.90587,0,9.994609
2022,18.0,4.5,2.7411,133.59401,0,9.86796
2022,18.0,4.75,2.6729043,133.03052,0,9.622455
2022,18.0,5.0,2.573628,132.92705,0,9.26506
2022,18.0,5.25,2.4545276,133.53407,0,8.836299
2022,18.0,5.5,2.323719,134.14406,0,8.365388
2022,18.0,5.75,2.1633713,133.89078,0,7.7881365
2022,18.0,6.0,2.0285466,130.6658,0,7.3027673
2022,18.0,6.25,1.8874578,126.405174,0,6.794848
2022,18.0,6.5,1.7684988,121.74247,0,6.3665953
2022,18.0,6.75,1.5994638,117.80601,0,5.7580695
2022,18.0,7.0,1.4423376,114.71539,0,5.192415
2022,18.0,7.25,1.408197,112.47875,0,5.069509
2022,18.0,7.5,1.4514295,107.38098,0,5.225146
2022,18.0,7.75,1.7429819,103.41946,0,6.2747345
2022,18.0,8.0,1.9769131,102.31617,0,7.116887
2022,18.0,8.25,2.0150604,97.47598,0,7.254217
2022,18.0,8.5,2.1233218,84.70895,0,7.643958
2022,18.0,8.75,2.187719,88.131134,0,7.8757887
2022,18.0,9.0,1.9841595,75.29793,0,7.142974
2022,18.0,9.25,1.9747165,60.18334,0,7.108979
2022,18.0,9.5,2.3655818,57.60204,0,8.516094
2022,18.0,9.75,2.426894,84.670845,0,8.736818
2022,18.0,10.0,2.4270773,53.82103,0,8.737478
2022,18.0,10.25,2.3740718,47.69864,0,8.5466585
2022,18.0,10.5,2.235237,47.56073,0,8.046852
2022,18.0,10.75,2.1716678,48.497974,0,7.818004
2022,18.0,11.0,2.1399856,81.81667,0,7.703948
2022,18.0,11.25,2.184676,72.87589,0,7.8648334
2022,18.0,11.5,2.2979631,77.67617,0,8.272667
2022,18.0,11.75,2.377653,80.49846,0,8.55955
2022,18.0,12.0,2.4432929,82.63453,0,8.795854
