year,latitude,longitude,wspd,wdir,number,wspd_kmh
2021,37.0,-9.0,4.1459994,277.98984,0,14.925597
2021,37.0,-8.75,3.3277817,271.98453,0,11.980014
2021,37.0,-8.5,2.8461676,266.98892,0,10.246203
2021,37.0,-8.25,2.5765483,263.96036,0,9.275574
2021,37.0,-8.0,2.3142233,259.74393,0,8.331203
2021,37.0,-7.75,2.0592227,251.14787,0,7.4132013
2021,37.0,-7.5,2.0055602,243.99846,0,7.2200165
2021,37.0,-7.25,2.0521476,267.2474,0,7.387731
2021,37.0,-7.0,2.143335,261.06888,0,7.7160063
2021,37.0,-6.75,2.074011,257.145,0,7.4664397
2021,37.0,-6.5,1.6855658,253.04198,0,6.068037
2021,37.0,-6.25,1.3756871,247.6779,0,4.9524736
2021,37.0,-6.0,1.0916789,236.2602,0,3.9300437
2021,37.0,-5.75,1.026832,192.76624,0,3.696595
2021,37.0,-5.5,1.0569772,190.60847,0,3.8051176
2021,37.0,-5.25,1.0827063,203.07422,0,3.8977427
2021,37.0,-5.0,1.1287013,207.33289,0,4.0633245
2021,37.0,-4.75,0.82045144,208.95204,0,2.9536252
2021,37.0,-4.5,0.67773056,224.26622,0,2.43983
2021,37.0,-4.25,0.6145156,206.01076,0,2.2122562
2021,37.0,-4.0,0.65441775,249.79262,0,2.3559039
2021,37.0,-3.75,0.5944033,236.30818,0,2.1398518
2021,37.0,-3.5,0.5985588,235.49773,0,2.1548116
2021,37.0,-3.25,0.6260645,256.05472,0,2.253832
2021,37.0,-3.0,0.5847963,240.05043,0,2.1052666
2021,37.0,-2.75,0.5330104,201.47636,0,1.9188374
2021,37.0,-2.5,0.5897347,173.12238,0,2.1230447
2021,37.0,-2.25,0.7231776,157.00238,0,2.6034393
2021,37.0,-2.0,0.96845555,144.69377,0,3.48644
2021,37.0,-1.75,1.4199651,138.1208,0,5.1118746
2021,37.0,-1.5,1.6917601,134.71107,0,6.090336
2021,37.0,-1.25,1.8186244,130.16273,0,6.5470476
2021,37.0,-1.0,1.9105574,127.26922,0,6.8780065
2021,37.0,-0.75,2.0182173,127.59647,0,7.265582
2021,37.0,-0.5,2.123991,127.8117,0,7.6463675
2021,37.0,-0.25,2.2185729,129.29642,0,7.986862
2021,37.0,0.0,2.3443139,132.14214,0,8.439529
2021,37.0,0.25,2.4292872,134.25511,0,8.745434
2021,37.0,0.5,2.5230057,135.81624,0,9.08282
2021,37.0,0.75,2.6105554,136.58418,0,9.397999
2021,37.0,1.0,2.6905887,136.70103,0,9.686119
2021,37.0,1.25,2.7251127,135.415,0,9.810406
2021,37.0,1.5,2.765622,133.87202,0,9.956239
2021,37.0,1.75,2.8301513,132.34352,0,10.188544
2021,37.0,2.0,2.9310315,131.04637,0,10.551713
2021,37.0,2.25,3.0172913,128.82033,0,10.862248
2021,37.0,2.5,3.0806072,126.65293,0,11.090185
2021,37.0,2.75,3.0878906,123.94662,0,11.1164055
2021,37.0,3.0,3.0367146,122.68003,0,10.932172
2021,37.0,3.25,3.025524,121.612976,0,10.891886
2021,37.0,3.5,2.966975,121.23234,0,10.681109
2021,37.0,3.75,2.8949282,121.884674,0,10.4217415
2021,37.0,4.0,2.6911166,125.7052,0,9.68802
2021,37.0,4.25,2.639128,132.03804,0,9.50086
2021,37.0,4.5,2.4970877,133.80043,0,8.989515
2021,37.0,4.75,2.3212397,130.25171,0,8.3564625
2021,37.0,5.0,2.2882154,149.65166,0,8.237576
2021,37.0,5.25,2.3619416,143.66386,0,8.50299
2021,37.0,5.5,2.2942019,141.28532,0,8.259127
2021,37.0,5.75,2.1617148,140.72089,0,7.782173
2021,37.0,6.0,1.8572115,172.09798,0,6.6859612
2021,37.0,6.25,1.3292242,165.5808,0,4.7852073
2021,37.0,6.5,1.2642362,183.16869,0,4.5512505
2021,37.0,6.75,1.4854017,177.81935,0,5.347446
2021,37.0,7.0,1.8539566,146.23793,0,6.6742435
2021,37.0,7.25,1.5659269,143.51868,0,5.6373367
2021,37.0,7.5,1.4624861,201.85973,0,5.26495
2021,37.0,7.75,1.5643191,201.0483,0,5.631549
2021,37.0,8.0,1.9791452,171.94073,0,7.1249223
2021,37.0,8.25,2.0779803,196.2663,0,7.4807286
2021,37.0,8.5,1.9794956,277.7653,0,7.126184
2021,37.0,8.75,1.7634019,294.82315,0,6.3482466
2021,37.0,9.0,1.4469528,286.0416,0,5.20903
2021,37.0,9.25,1.2713612,281.97235,0,4.5769005
2021,37.0,9.5,1.2070357,288.533,0,4.3453283
2021,37.0,9.75,1.2554358,246.76573,0,4.519569
2021,37.0,10.0,1.3367425,213.28125,0,4.812273
2021,37.0,10.25,1.7586151,211.78314,0,6.331014
2021,37.0,10.5,1.7930773,211.257,0,6.455078
2021,37.0,10.75,1.6402664,244.25285,0,5.9049587
2021,37.0,11.0,1.4483448,249.58112,0,5.214041
2021,37.0,11.25,1.6693512,247.69714,0,6.009664
2021,37.0,11.5,1.8954077,246.88031,0,6.8234673
2021,37.0,11.75,1.9846711,245.52753,0,7.144816
2021,37.0,12.0,1.9910822,244.92896,0,7.167896
2021,36.75,-9.0,4.3297634,279.839,0,15.587148
2021,36.75,-8.75,3.9806435,275.70944,0,14.330317
2021,36.75,-8.5,3.4716454,271.99182,0,12.497923
2021,36.75,-8.25,3.0768156,268.50522,0,11.076536
2021,36.75,-8.0,2.7450898,264.7463,0,9.882323
2021,36.75,-7.75,2.4963524,259.7468,0,8.986869
2021,36.75,-7.5,2.3187385,255.90186,0,8.347458
2021,36.75,-7.25,2.2751496,250.17854,0,8.190538
2021,36.75,-7.0,2.2482302,241.61491,0,8.093629
2021,36.75,-6.75,2.139604,262.84885,0,7.7025747
2021,36.75,-6.5,1.6957244,256.6627,0,6.1046076
2021,36.75,-6.25,1.2392429,223.7744,0,4.461274
2021,36.75,-6.0,1.0531534,212.82542,0,3.791352
2021,36.75,-5.75,0.994937,179.37172,0,3.581773
2021,36.75,-5.5,0.77207035,183.2586,0,2.7794533
2021,36.75,-5.25,0.6820627,180.99919,0,2.4554255
2021,36.75,-5.0,0.53318506,221.08736,0,1.9194661
2021,36.75,-4.75,0.50125116,221.60207,0,1.8045042
2021,36.75,-4.5,0.5657556,197.35277,0,2.03672
2021,36.75,-4.25,0.8480204,243.0572,0,3.0528734
2021,36.75,-4.0,1.0794623,246.81738,0,3.886064
2021,36.75,-3.75,1.0560946,250.14415,0,3.8019407
2021,36.75,-3.5,1.0934644,246.53255,0,3.9364717
2021,36.75,-3.25,1.1392947,240.47359,0,4.101461
2021,36.75,-3.0,1.1063308,220.21008,0,3.9827907
2021,36.75,-2.75,1.0751685,188.0694,0,3.8706064
2021,36.75,-2.5,1.1296965,170.23837,0,4.0669074
2021,36.75,-2.25,1.3348355,137.25969,0,4.805408
2021,36.75,-2.0,1.6315103,125.34003,0,5.873437
2021,36.75,-1.75,1.888141,120.44299,0,6.7973075
2021,36.75,-1.5,1.8902565,118.461296,0,6.8049235
2021,36.75,-1.25,1.9645114,116.864296,0,7.072241
2021,36.75,-1.0,2.0021448,119.81232,0,7.207721
2021,36.75,-0.75,2.05964,120.44965,0,7.4147034
2021,36.75,-0.5,2.1547384,121.87909,0,7.757058
2021,36.75,-0.25,2.2431538,123.475365,0,8.075354
2021,36.75,0.0,2.3429441,125.766624,0,8.434599
2021,36.75,0.25,2.4500425,126.18598,0,8.820152
2021,36.75,0.5,2.5554512,126.99088,0,9.199624
2021,36.75,0.75,2.6481621,128.13155,0,9.533383
2021,36.75,1.0,2.5363286,131.60378,0,9.130782
2021,36.75,1.25,2.4629478,130.33025,0,8.866612
2021,36.75,1.5,2.4935129,128.942,0,8.976646
2021,36.75,1.75,2.4962585,129.42683,0,8.98653
2021,36.75,2.0,2.5302427,129.1343,0,9.108873
2021,36.75,2.25,2.52339,124.16265,0,9.084204
2021,36.75,2.5,2.3266842,119.40588,0,8.376063
2021,36.75,2.75,2.2426298,115.88208,0,8.073467
2021,36.75,3.0,1.7416444,116.48435,0,6.2699194
2021,36.75,3.25,1.5597988,115.37565,0,5.615276
2021,36.75,3.5,1.5155458,113.8796,0,5.455965
2021,36.75,3.75,1.4437553,112.52057,0,5.197519
2021,36.75,4.0,1.2557119,116.99502,0,4.5205626
2021,36.75,4.25,1.2121243,124.52833,0,4.3636475
2021,36.75,4.5,1.1832594,127.425316,0,4.2597337
2021,36.75,4.75,1.053543,115.10265,0,3.7927547
2021,36.75,5.0,1.1464,108.342,0,4.12704
2021,36.75,5.25,1.3200779,139.25829,0,4.75228
2021,36.75,5.5,1.2402037,164.67126,0,4.464733
2021,36.75,5.75,1.0650347,160.15031,0,3.834125
2021,36.75,6.0,0.89284736,153.00304,0,3.2142503
2021,36.75,6.25,0.74668807,169.11317,0,2.688077
2021,36.75,6.5,0.8352719,169.63159,0,3.0069788
2021,36.75,6.75,1.0467879,169.535,0,3.7684362
2021,36.75,7.0,1.2638825,168.41536,0,4.549977
2021,36.75,7.25,1.1501853,251.0862,0,4.140667
2021,36.75,7.5,1.0143442,248.72865,0,3.651639
2021,36.75,7.75,0.9476411,189.86629,0,3.4115078
2021,36.75,8.0,1.1201454,164.11758,0,4.0325236
2021,36.75,8.25,1.1958499,274.85318,0,4.3050594
2021,36.75,8.5,1.2749529,272.82565,0,4.5898304
2021,36.75,8.75,1.1347913,295.4296,0,4.0852485
2021,36.75,9.0,1.1691548,302.09232,0,4.208957
2021,36.75,9.25,1.2648886,275.5615,0,4.553599
2021,36.75,9.5,1.1987857,279.6755,0,4.315628
2021,36.75,9.75,1.0803792,219.94853,0,3.8893652
2021,36.75,10.0,1.0322424,224.2274,0,3.7160726
2021,36.75,10.25,1.1626022,221.17299,0,4.1853676
2021,36.75,10.5,1.2188412,218.82866,0,4.3878284
2021,36.75,10.75,1.1432197,246.2636,0,4.115591
2021,36.75,11.0,1.4100018,238.63062,0,5.0760064
2021,36.75,11.25,1.7293946,241.77075,0,6.22582
2021,36.75,11.5,1.9285208,242.81148,0,6.9426746
2021,36.75,11.75,2.0029113,242.80138,0,7.2104807
2021,36.75,12.0,2.0455863,242.46971,0,7.3641105
2021,36.5,-9.0,4.428968,221.53564,0,15.944284
2021,36.5,-8.75,4.100162,248.80501,0,14.760583
2021,36.5,-8.5,3.7857134,247.01575,0,13.628568
2021,36.5,-8.25,3.3806431,244.65108,0,12.170315
2021,36.5,-8.0,3.0350282,242.68227,0,10.926102
2021,36.5,-7.75,2.7487297,240.6557,0,9.895427
2021,36.5,-7.5,2.5430276,237.4063,0,9.1549
2021,36.5,-7.25,2.323344,233.79852,0,8.364038
2021,36.5,-7.0,2.180846,229.37285,0,7.851045
2021,36.5,-6.75,2.0333896,225.55238,0,7.3202024
2021,36.5,-6.5,1.8003844,220.76784,0,6.481384
2021,36.5,-6.25,1.4711226,213.93077,0,5.2960415
2021,36.5,-6.0,1.2440662,173.73769,0,4.478638
2021,36.5,-5.75,1.0171437,172.71309,0,3.6617174
2021,36.5,-5.5,0.8527809,160.82921,0,3.0700111
2021,36.5,-5.25,0.7507649,168.32504,0,2.7027535
2021,36.5,-5.0,0.85953814,232.89478,0,3.0943372
2021,36.5,-4.75,0.8650701,244.46893,0,3.1142523
2021,36.5,-4.5,1.2053696,223.04417,0,4.33933
2021,36.5,-4.25,1.5068952,227.79065,0,5.4248223
2021,36.5,-4.0,1.816146,224.30394,0,6.5381255
2021,36.5,-3.75,1.8664107,217.2889,0,6.7190785
2021,36.5,-3.5,1.9367052,214.18884,0,6.972139
2021,36.5,-3.25,1.8450235,207.55072,0,6.6420846
2021,36.5,-3.0,1.8530833,197.30275,0,6.6710997
2021,36.5,-2.75,1.7893342,184.01021,0,6.4416027
2021,36.5,-2.5,1.6764097,171.07225,0,6.0350747
2021,36.5,-2.25,1.9424855,162.20013,0,6.9929476
2021,36.5,-2.0,2.185224,113.855225,0,7.8668065
2021,36.5,-1.75,2.2288384,139.4911,0,8.023818
2021,36.5,-1.5,2.2299018,168.09312,0,8.027646
2021,36.5,-1.25,2.105487,137.70279,0,7.5797534
2021,36.5,-1.0,2.0749657,109.46799,0,7.4698763
2021,36.5,-0.75,2.107817,110.400566,0,7.588141
2021,36.5,-0.5,2.2119284,110.724525,0,7.962942
2021,36.5,-0.25,2.28831,113.21979,0,8.237916
2021,36.5,0.0,2.3290784,111.582,0,8.384682
2021,36.5,0.25,2.229087,113.41345,0,8.0247135
2021,36.5,0.5,2.2731962,115.40271,0,8.183506
2021,36.5,0.75,1.9591173,116.2736,0,7.052822
2021,36.5,1.0,1.6484169,119.65,0,5.9343004
2021,36.5,1.25,1.5264329,116.29551,0,5.495158
2021,36.5,1.5,1.4976562,116.21045,0,5.3915625
2021,36.5,1.75,1.5022341,117.6723,0,5.4080424
2021,36.5,2.0,1.4707866,119.32455,0,5.2948318
2021,36.5,2.25,1.4053856,112.34907,0,5.059388
2021,36.5,2.5,1.2915039,104.01844,0,4.649414
2021,36.5,2.75,1.2269355,105.14739,0,4.416968
2021,36.5,3.0,0.94197303,132.60072,0,3.3911028
2021,36.5,3.25,0.83980346,129.64882,0,3.0232923
2021,36.5,3.5,0.80589885,129.59793,0,2.9012358
2021,36.5,3.75,0.74060774,127.382355,0,2.6661878
2021,36.5,4.0,0.58096665,122.79459,0,2.0914798
2021,36.5,4.25,0.5612226,123.68406,0,2.0204012
2021,36.5,4.5,0.5515991,179.17168,0,1.9857566
2021,36.5,4.75,0.6207628,106.1721,0,2.2347462
2021,36.5,5.0,0.6866989,106.53421,0,2.472116
2021,36.5,5.25,0.7851631,164.45306,0,2.8265872
2021,36.5,5.5,0.74031645,146.83308,0,2.6651392
2021,36.5,5.75,0.6940442,298.94458,0,2.498559
2021,36.5,6.0,0.74080086,273.05,0,2.666883
2021,36.5,6.25,0.7444052,166.73322,0,2.6798587
2021,36.5,6.5,0.82633686,168.42377,0,2.9748125
2021,36.5,6.75,0.90896773,170.8007,0,3.2722838
2021,36.5,7.0,1.0636643,167.31798,0,3.8291914
2021,36.5,7.25,0.9653633,247.47112,0,3.475308
2021,36.5,7.5,0.8615968,246.01527,0,3.1017485
2021,36.5,7.75,0.8028818,159.22859,0,2.8903744
2021,36.5,8.0,0.88169545,217.65019,0,3.1741035
2021,36.5,8.25,0.9919427,304.0637,0,3.5709937
2021,36.5,8.5,1.077506,303.78647,0,3.8790214
2021,36.5,8.75,1.0461936,276.2929,0,3.7662969
2021,36.5,9.0,1.0839303,278.18723,0,3.9021487
2021,36.5,9.25,1.1204075,278.2101,0,4.033467
2021,36.5,9.5,1.0668081,250.89006,0,3.8405092
2021,36.5,9.75,1.0115305,205.30153,0,3.6415098
2021,36.5,10.0,0.9721422,217.08626,0,3.499712
2021,36.5,10.25,0.9599797,203.37793,0,3.455927
2021,36.5,10.5,1.0644046,230.37274,0,3.8318565
2021,36.5,10.75,1.4218465,202.42975,0,5.118647
2021,36.5,11.0,1.7231463,198.28401,0,6.2033267
2021,36.5,11.25,1.8906983,197.013,0,6.806514
2021,36.5,11.5,1.9312409,244.78278,0,6.952467
2021,36.5,11.75,2.0044596,243.93413,0,7.2160544
2021,36.5,12.0,2.0961034,243.30775,0,7.5459723
2021,36.25,-9.0,4.4624124,223.35887,0,16.064684
2021,36.25,-8.75,4.228423,222.12666,0,15.222322
2021,36.25,-8.5,3.8985832,250.58636,0,14.034899
2021,36.25,-8.25,3.6127653,219.98175,0,13.005955
2021,36.25,-8.0,3.2680864,218.6668,0,11.765111
2021,36.25,-7.75,2.9643824,217.64325,0,10.671777
2021,36.25,-7.5,2.6959488,216.12866,0,9.705416
2021,36.25,-7.25,2.4616754,210.25218,0,8.862031
2021,36.25,-7.0,2.2913425,204.91838,0,8.248833
2021,36.25,-6.75,2.113028,231.71313,0,7.6069007
2021,36.25,-6.5,1.8458085,220.76477,0,6.6449103
2021,36.25,-6.25,1.763874,182.83583,0,6.3499465
2021,36.25,-6.0,1.633,156.5559,0,5.8788
2021,36.25,-5.75,1.3119988,152.75603,0,4.7231956
2021,36.25,-5.5,1.2337458,175.93506,0,4.441485
2021,36.25,-5.25,1.1433371,170.02086,0,4.1160135
2021,36.25,-5.0,1.4212961,233.4008,0,5.116666
2021,36.25,-4.75,1.6500325,233.30293,0,5.940117
2021,36.25,-4.5,2.0105317,225.89813,0,7.2379136
2021,36.25,-4.25,2.0139382,227.63979,0,7.2501774
2021,36.25,-4.0,2.1450748,223.46092,0,7.722269
2021,36.25,-3.75,2.1531842,215.34637,0,7.751463
2021,36.25,-3.5,2.062485,207.37868,0,7.424946
2021,36.25,-3.25,2.0347733,199.91963,0,7.325184
2021,36.25,-3.0,1.9881598,191.6462,0,7.157375
2021,36.25,-2.75,1.9467183,183.03351,0,7.008186
2021,36.25,-2.5,2.1342528,171.12862,0,7.68331
2021,36.25,-2.25,2.2548513,169.25566,0,8.117465
2021,36.25,-2.0,2.4299471,169.75642,0,8.747809
2021,36.25,-1.75,2.412157,166.66821,0,8.683765
2021,36.25,-1.5,2.2952545,193.01006,0,8.262916
2021,36.25,-1.25,2.175874,161.12206,0,7.833146
2021,36.25,-1.0,2.158882,157.42818,0,7.7719746
2021,36.25,-0.75,2.1879218,155.82637,0,7.8765182
2021,36.25,-0.5,2.2710307,157.40472,0,8.17571
2021,36.25,-0.25,2.1957567,183.9836,0,7.9047236
2021,36.25,0.0,2.1644726,181.88402,0,7.792101
2021,36.25,0.25,1.851101,151.16708,0,6.663964
2021,36.25,0.5,1.5349303,152.00397,0,5.525749
2021,36.25,0.75,1.2309889,147.52924,0,4.4315596
2021,36.25,1.0,1.0524663,144.60316,0,3.7888784
2021,36.25,1.25,0.9787276,145.10728,0,3.5234191
2021,36.25,1.5,0.94326186,145.93918,0,3.3957427
2021,36.25,1.75,0.94044423,151.14873,0,3.3855991
2021,36.25,2.0,0.9177809,152.8003,0,3.304011
2021,36.25,2.25,0.8910927,145.5242,0,3.2079337
2021,36.25,2.5,0.8516326,148.42271,0,3.0658772
2021,36.25,2.75,0.78310794,148.65172,0,2.8191886
2021,36.25,3.0,0.85247976,176.481,0,3.068927
2021,36.25,3.25,0.8106098,201.73314,0,2.9181952
2021,36.25,3.5,0.77074003,202.55774,0,2.774664
2021,36.25,3.75,0.67451066,179.45598,0,2.4282384
2021,36.25,4.0,0.54774326,204.92992,0,1.9718757
2021,36.25,4.25,0.49520323,175.25928,0,1.7827315
2021,36.25,4.5,0.50836176,159.01122,0,1.8301023
2021,36.25,4.75,0.5936739,132.27614,0,2.1372259
2021,36.25,5.0,0.6779888,147.89616,0,2.4407597
2021,36.25,5.25,0.7278118,226.94849,0,2.6201224
2021,36.25,5.5,0.81509465,267.98553,0,2.9343407
2021,36.25,5.75,0.90946364,278.97275,0,3.274069
2021,36.25,6.0,0.9388365,289.98514,0,3.3798113
2021,36.25,6.25,0.861224,250.1391,0,3.1004064
2021,36.25,6.5,0.8729677,174.63786,0,3.1426837
2021,36.25,6.75,0.9562296,146.54527,0,3.4424267
2021,36.25,7.0,1.0534686,171.56474,0,3.792487
2021,36.25,7.25,0.96559906,253.30981,0,3.4761565
2021,36.25,7.5,0.8644833,223.49152,0,3.1121397
2021,36.25,7.75,0.97254556,253.14728,0,3.501164
2021,36.25,8.0,1.1258653,312.0271,0,4.053115
2021,36.25,8.25,1.1591755,308.65198,0,4.173032
2021,36.25,8.5,0.93463105,302.3046,0,3.3646717
2021,36.25,8.75,0.9206701,276.66403,0,3.3144124
2021,36.25,9.0,0.97966796,241.73041,0,3.5268047
2021,36.25,9.25,1.0318111,245.66809,0,3.71452
2021,36.25,9.5,1.0249194,224.90515,0,3.6897097
2021,36.25,9.75,0.9965221,215.56987,0,3.5874796
2021,36.25,10.0,0.9669463,230.92458,0,3.4810066
2021,36.25,10.25,1.0446024,174.7953,0,3.7605686
2021,36.25,10.5,1.4779505,175.58354,0,5.3206215
2021,36.25,10.75,1.8602228,176.1291,0,6.696802
2021,36.25,11.0,2.0631304,176.64821,0,7.427269
2021,36.25,11.25,1.9673945,201.17719,0,7.08262
2021,36.25,11.5,1.982563,198.85835,0,7.1372266
2021,36.25,11.75,2.0351715,220.03316,0,7.3266172
2021,36.25,12.0,2.1122596,215.92299,0,7.6041346
2021,36.0,-9.0,4.4788013,254.8966,0,16.123684
2021,36.0,-8.75,4.2796245,253.87268,0,15.406648
2021,36.0,-8.5,4.0475926,253.6212,0,14.571333
2021,36.0,-8.25,3.750243,223.13512,0,13.5008745
2021,36.0,-8.0,3.4646568,222.54327,0,12.472764
2021,36.0,-7.75,3.1868045,222.01689,0,11.472496
2021,36.0,-7.5,2.9107735,221.21535,0,10.478785
2021,36.0,-7.25,2.6755915,223.05165,0,9.632129
2021,36.0,-7.0,2.5057406,172.9524,0,9.020666
2021,36.0,-6.75,2.323388,174.883,0,8.364197
2021,36.0,-6.5,2.2330706,118.125374,0,8.039054
2021,36.0,-6.25,2.128864,154.87415,0,7.6639104
2021,36.0,-6.0,1.910274,142.3339,0,6.8769865
2021,36.0,-5.75,1.4043989,142.71663,0,5.055836
2021,36.0,-5.5,1.3273032,173.18654,0,4.778291
2021,36.0,-5.25,1.6265498,195.63501,0,5.8555794
2021,36.0,-5.0,1.8915936,217.90163,0,6.8097367
2021,36.0,-4.75,2.0394785,231.08777,0,7.3421226
2021,36.0,-4.5,2.1210792,237.5395,0,7.635885
2021,36.0,-4.25,2.150325,239.41559,0,7.74117
2021,36.0,-4.0,2.0463948,240.24678,0,7.367021
2021,36.0,-3.75,1.9811281,212.4988,0,7.132061
2021,36.0,-3.5,1.9571904,211.56023,0,7.045885
2021,36.0,-3.25,1.9799327,210.90462,0,7.1277575
2021,36.0,-3.0,2.0130424,189.2035,0,7.2469525
2021,36.0,-2.75,2.1328063,170.02953,0,7.6781025
2021,36.0,-2.5,2.2479484,169.94981,0,8.092614
2021,36.0,-2.25,2.3764322,168.0766,0,8.555156
2021,36.0,-2.0,2.4294689,167.16356,0,8.746088
2021,36.0,-1.75,2.3603256,164.21574,0,8.497171
2021,36.0,-1.5,2.253754,160.14038,0,8.113514
2021,36.0,-1.25,2.177934,183.72786,0,7.840562
2021,36.0,-1.0,2.1882775,179.43852,0,7.8777986
2021,36.0,-0.75,2.2098148,207.0258,0,7.955333
2021,36.0,-0.5,1.9662946,203.82796,0,7.0786605
2021,36.0,-0.25,1.9190985,200.0014,0,6.9087543
2021,36.0,0.0,1.7290424,225.98628,0,6.2245526
2021,36.0,0.25,1.3900181,221.974,0,5.004065
2021,36.0,0.5,1.0832263,247.66124,0,3.8996146
2021,36.0,0.75,0.9977024,248.27913,0,3.5917287
2021,36.0,1.0,0.9501245,247.53493,0,3.420448
2021,36.0,1.25,0.89554244,248.78944,0,3.2239528
2021,36.0,1.5,0.82767564,222.77696,0,2.9796321
2021,36.0,1.75,0.82738876,224.49324,0,2.9785995
2021,36.0,2.0,0.9026446,216.16583,0,3.2495203
2021,36.0,2.25,0.9270041,250.28206,0,3.3372147
2021,36.0,2.5,0.8656297,226.44597,0,3.1162667
2021,36.0,2.75,0.8215783,203.6805,0,2.957682
2021,36.0,3.0,0.94212,176.03664,0,3.391632
2021,36.0,3.25,0.9153471,204.07117,0,3.2952495
2021,36.0,3.5,0.9855838,212.89394,0,3.5481014
2021,36.0,3.75,0.9160547,157.91022,0,3.297797
2021,36.0,4.0,0.8061417,108.250336,0,2.9021099
2021,36.0,4.25,0.58280915,129.47464,0,2.0981128
2021,36.0,4.5,0.59439796,138.04114,0,2.1398325
2021,36.0,4.75,0.5913209,153.35281,0,2.128755
2021,36.0,5.0,0.7308559,166.10764,0,2.631081
2021,36.0,5.25,0.8474095,237.04463,0,3.050674
2021,36.0,5.5,0.9479448,242.83398,0,3.4126012
2021,36.0,5.75,0.96812296,252.05255,0,3.4852426
2021,36.0,6.0,1.0252553,272.6189,0,3.6909192
2021,36.0,6.25,0.90322036,290.47784,0,3.251593
2021,36.0,6.5,0.864871,228.56244,0,3.1135356
2021,36.0,6.75,0.88040715,149.78027,0,3.1694658
2021,36.0,7.0,0.95431143,175.30174,0,3.4355211
2021,36.0,7.25,0.9084611,269.94763,0,3.27046
2021,36.0,7.5,1.0388929,270.53278,0,3.7400143
2021,36.0,7.75,1.1629037,305.89658,0,4.186453
2021,36.0,8.0,1.1959717,308.37982,0,4.305498
2021,36.0,8.25,0.98890734,249.8147,0,3.5600662
2021,36.0,8.5,0.8064657,200.8933,0,2.9032764
2021,36.0,8.75,0.85786843,182.69527,0,3.0883262
2021,36.0,9.0,0.9664065,215.4994,0,3.4790635
2021,36.0,9.25,1.0509878,266.4275,0,3.7835562
2021,36.0,9.5,0.9946366,242.77954,0,3.5806916
2021,36.0,9.75,1.0143132,205.71013,0,3.6515274
2021,36.0,10.0,1.0164057,178.86871,0,3.6590605
2021,36.0,10.25,1.1037649,175.47362,0,3.9735534
2021,36.0,10.5,1.565599,175.00867,0,5.636156
2021,36.0,10.75,1.9336362,175.3636,0,6.96109
2021,36.0,11.0,2.1438818,176.4806,0,7.717974
2021,36.0,11.25,2.051062,174.258,0,7.3838234
2021,36.0,11.5,2.0711968,201.86778,0,7.4563084
2021,36.0,11.75,2.1050632,200.53719,0,7.5782275
2021,36.0,12.0,2.125105,195.62032,0,7.6503773
2021,35.75,-9.0,4.4995084,285.89627,0,16.198229
2021,35.75,-8.75,4.3397584,255.04488,0,15.62313
2021,35.75,-8.5,4.1038046,254.97374,0,14.773696
2021,35.75,-8.25,3.8841898,254.95311,0,13.983083
2021,35.75,-8.0,3.632405,254.81468,0,13.076658
2021,35.75,-7.75,3.3688724,224.80095,0,12.12794
2021,35.75,-7.5,3.1250353,223.49345,0,11.250127
2021,35.75,-7.25,2.876688,191.35378,0,10.356076
2021,35.75,-7.0,2.7044384,163.82922,0,9.735978
2021,35.75,-6.75,2.5312905,167.31932,0,9.112646
2021,35.75,-6.5,2.427147,140.92871,0,8.737729
2021,35.75,-6.25,2.0835166,117.82758,0,7.5006595
2021,35.75,-6.0,1.7553953,157.39697,0,6.3194227
2021,35.75,-5.75,1.2447901,131.46901,0,4.481244
2021,35.75,-5.5,1.1771171,159.6728,0,4.2376213
2021,35.75,-5.25,1.436583,192.87834,0,5.171699
2021,35.75,-5.0,1.6984191,202.17645,0,6.1143084
2021,35.75,-4.75,1.8446002,213.18121,0,6.6405606
2021,35.75,-4.5,1.982901,222.03052,0,7.1384435
2021,35.75,-4.25,2.1108477,222.51424,0,7.5990515
2021,35.75,-4.0,2.0435064,223.9483,0,7.3566227
2021,35.75,-3.75,1.9654627,225.87251,0,7.0756655
2021,35.75,-3.5,1.9791659,217.2643,0,7.124997
2021,35.75,-3.25,2.0189779,216.74965,0,7.26832
2021,35.75,-3.0,2.0644553,215.8167,0,7.432039
2021,35.75,-2.75,2.171446,220.00175,0,7.817206
2021,35.75,-2.5,2.2685647,192.58801,0,8.166833
2021,35.75,-2.25,2.302618,162.16779,0,8.289425
2021,35.75,-2.0,2.339336,162.01476,0,8.421609
2021,35.75,-1.75,2.2928493,158.7353,0,8.254257
2021,35.75,-1.5,2.114446,182.1491,0,7.612005
2021,35.75,-1.25,2.0750628,204.9952,0,7.470226
2021,35.75,-1.0,1.8992071,200.21638,0,6.8371453
2021,35.75,-0.75,1.8536081,227.6911,0,6.672989
2021,35.75,-0.5,1.5898223,252.00294,0,5.72336
2021,35.75,-0.25,1.3971659,248.82965,0,5.029797
2021,35.75,0.0,1.1975595,242.4142,0,4.311214
2021,35.75,0.25,1.1060338,267.0335,0,3.9817216
2021,35.75,0.5,1.1045161,267.3609,0,3.976258
2021,35.75,0.75,1.0303849,267.90195,0,3.7093856
2021,35.75,1.0,0.9646518,268.55756,0,3.4727464
2021,35.75,1.25,0.9337284,264.29504,0,3.361422
2021,35.75,1.5,0.89102936,259.51102,0,3.2077055
2021,35.75,1.75,0.88820857,268.57556,0,3.1975508
2021,35.75,2.0,1.0277456,275.50937,0,3.6998842
2021,35.75,2.25,1.1067047,277.5082,0,3.9841368
2021,35.75,2.5,1.0511856,281.89267,0,3.7842681
2021,35.75,2.75,0.9908876,229.79301,0,3.5671952
2021,35.75,3.0,0.99229455,175.1439,0,3.5722604
2021,35.75,3.25,1.0185766,207.5479,0,3.6668758
2021,35.75,3.5,1.1125473,214.97923,0,4.00517
2021,35.75,3.75,1.193103,127.250145,0,4.2951703
2021,35.75,4.0,1.1234387,139.4671,0,4.044379
2021,35.75,4.25,0.87042266,129.83629,0,3.1335216
2021,35.75,4.5,0.8204498,144.82167,0,2.9536192
2021,35.75,4.75,0.7251609,155.0528,0,2.6105793
2021,35.75,5.0,0.73564816,163.12944,0,2.6483333
2021,35.75,5.25,0.7692272,168.83354,0,2.769218
2021,35.75,5.5,0.8064852,174.05232,0,2.9033465
2021,35.75,5.75,0.91163427,183.2707,0,3.2818832
2021,35.75,6.0,0.9667116,253.58801,0,3.4801617
2021,35.75,6.25,0.8431926,264.17215,0,3.0354931
2021,35.75,6.5,0.8783447,274.53098,0,3.162041
2021,35.75,6.75,0.8338937,279.12296,0,3.0020173
2021,35.75,7.0,0.81240064,279.30045,0,2.9246423
2021,35.75,7.25,0.92375785,277.02164,0,3.3255281
2021,35.75,7.5,1.058117,279.29205,0,3.8092213
2021,35.75,7.75,1.0910307,280.68704,0,3.9277105
2021,35.75,8.0,0.9706871,282.17706,0,3.4944735
2021,35.75,8.25,0.8041794,204.80188,0,2.8950458
2021,35.75,8.5,0.85734725,205.56584,0,3.08645
2021,35.75,8.75,0.9512051,209.96718,0,3.424338
2021,35.75,9.0,1.0300494,210.70592,0,3.7081778
2021,35.75,9.25,1.0436572,227.54012,0,3.7571657
2021,35.75,9.5,1.0263245,237.54802,0,3.6947682
2021,35.75,9.75,1.0067935,183.0885,0,3.6244564
2021,35.75,10.0,1.0559928,180.02385,0,3.8015742
2021,35.75,10.25,1.1350069,175.55864,0,4.0860248
2021,35.75,10.5,1.2155832,175.49806,0,4.3760996
2021,35.75,10.75,1.533072,176.07117,0,5.519059
2021,35.75,11.0,1.8852538,176.41954,0,6.7869134
2021,35.75,11.25,2.210139,176.17505,0,7.9565005
2021,35.75,11.5,2.1853802,174.21935,0,7.8673687
2021,35.75,11.75,2.199499,202.90349,0,7.9181957
2021,35.75,12.0,2.2199163,202.86,0,7.9916987
2021,35.5,-9.0,4.480787,286.90762,0,16.130833
2021,35.5,-8.75,4.35052,286.0722,0,15.661872
2021,35.5,-8.5,4.1675982,285.7787,0,15.003353
2021,35.5,-8.25,3.9603045,285.88138,0,14.257096
2021,35.5,-8.0,3.7426023,255.3001,0,13.473368
2021,35.5,-7.75,3.4889479,255.40826,0,12.560212
2021,35.5,-7.5,3.2489233,255.47163,0,11.696123
2021,35.5,-7.25,3.0150824,224.6308,0,10.854296
2021,35.5,-7.0,2.803573,225.49986,0,10.092862
2021,35.5,-6.75,2.5708947,216.71472,0,9.25522
2021,35.5,-6.5,2.2111094,216.88054,0,7.959994
2021,35.5,-6.25,1.7148199,188.38734,0,6.1733513
2021,35.5,-6.0,1.13314,119.92786,0,4.0793037
2021,35.5,-5.75,0.8783813,119.485466,0,3.1621726
2021,35.5,-5.5,0.749201,155.8426,0,2.6971235
2021,35.5,-5.25,0.8258226,165.84023,0,2.9729612
2021,35.5,-5.0,1.2231703,167.99323,0,4.403413
2021,35.5,-4.75,1.7039342,195.85796,0,6.134163
2021,35.5,-4.5,2.0306394,193.63171,0,7.310302
2021,35.5,-4.25,2.1415012,189.85146,0,7.709404
2021,35.5,-4.0,2.0600407,185.93211,0,7.4161463
2021,35.5,-3.75,1.9860815,236.60356,0,7.1498933
2021,35.5,-3.5,1.9447314,226.51863,0,7.001033
2021,35.5,-3.25,1.8891925,221.53346,0,6.8010926
2021,35.5,-3.0,1.8604956,218.26855,0,6.697784
2021,35.5,-2.75,2.069779,220.08307,0,7.451204
2021,35.5,-2.5,2.2338645,220.6465,0,8.041912
2021,35.5,-2.25,2.2547648,189.75398,0,8.117153
2021,35.5,-2.0,2.2084062,215.07368,0,7.950262
2021,35.5,-1.75,2.1974363,208.09625,0,7.9107704
2021,35.5,-1.5,1.9570099,201.11975,0,7.0452356
2021,35.5,-1.25,1.600771,195.21063,0,5.7627754
2021,35.5,-1.0,1.218108,246.44661,0,4.385189
2021,35.5,-0.75,1.2364316,242.98946,0,4.4511538
2021,35.5,-0.5,1.2303873,267.6237,0,4.4293942
2021,35.5,-0.25,1.1208856,262.95758,0,4.035188
2021,35.5,0.0,0.97889376,266.61453,0,3.5240173
2021,35.5,0.25,1.122212,268.34253,0,4.0399632
2021,35.5,0.5,1.1414143,269.71527,0,4.1090913
2021,35.5,0.75,1.0883392,269.18246,0,3.918021
2021,35.5,1.0,1.0164924,267.0992,0,3.6593723
2021,35.5,1.25,1.0676655,267.67227,0,3.8435955
2021,35.5,1.5,1.1635016,268.5429,0,4.188606
2021,35.5,1.75,1.221365,273.13663,0,4.396914
2021,35.5,2.0,1.2934194,279.1804,0,4.6563096
2021,35.5,2.25,1.276218,281.87738,0,4.5943847
2021,35.5,2.5,1.2342539,255.83167,0,4.443314
2021,35.5,2.75,1.1734166,198.07887,0,4.2243
2021,35.5,3.0,1.1185117,172.93665,0,4.026642
2021,35.5,3.25,1.1120656,203.10313,0,4.003436
2021,35.5,3.5,1.1706988,202.58162,0,4.214515
2021,35.5,3.75,1.2213758,205.8492,0,4.3969526
2021,35.5,4.0,1.1464967,189.9146,0,4.127388
2021,35.5,4.25,1.0844713,182.90788,0,3.9040968
2021,35.5,4.5,0.9999264,198.43672,0,3.599735
2021,35.5,4.75,1.0027889,177.08958,0,3.61004
2021,35.5,5.0,0.9652784,154.0366,0,3.475002
2021,35.5,5.25,0.81867146,160.13628,0,2.9472172
2021,35.5,5.5,0.7237653,163.32399,0,2.605555
2021,35.5,5.75,0.69912386,173.70996,0,2.516846
2021,35.5,6.0,0.8723724,184.62663,0,3.1405406
2021,35.5,6.25,1.0103112,248.90297,0,3.6371205
2021,35.5,6.5,1.0062944,255.243,0,3.6226597
2021,35.5,6.75,0.94628733,258.98288,0,3.4066343
2021,35.5,7.0,0.81458145,261.49988,0,2.9324932
2021,35.5,7.25,0.92609835,255.98409,0,3.3339539
2021,35.5,7.5,1.0086375,253.82307,0,3.6310952
2021,35.5,7.75,1.0267414,251.30235,0,3.6962688
2021,35.5,8.0,0.93221045,257.55276,0,3.3559575
2021,35.5,8.25,0.9823525,269.28745,0,3.536469
2021,35.5,8.5,1.0448964,276.89627,0,3.7616267
2021,35.5,8.75,1.0409274,256.2554,0,3.7473385
2021,35.5,9.0,1.0650206,250.16425,0,3.834074
2021,35.5,9.25,1.0264933,212.1508,0,3.695376
2021,35.5,9.5,1.0102792,188.82433,0,3.6370049
2021,35.5,9.75,1.0385484,185.0999,0,3.738774
2021,35.5,10.0,1.1175126,180.40356,0,4.023045
2021,35.5,10.25,1.1772703,179.21503,0,4.238173
2021,35.5,10.5,1.1773177,179.71974,0,4.2383437
2021,35.5,10.75,1.2545917,180.2948,0,4.51653
2021,35.5,11.0,1.483673,179.59071,0,5.341223
2021,35.5,11.25,2.0507457,148.77815,0,7.382684
2021,35.5,11.5,2.3111653,147.28894,0,8.320195
2021,35.5,11.75,2.3598242,176.06317,0,8.495367
2021,35.5,12.0,2.3363109,205.46802,0,8.410719
2021,35.25,-9.0,4.5128627,287.80466,0,16.246305
2021,35.25,-8.75,4.371948,286.99173,0,15.739012
2021,35.25,-8.5,4.1772118,286.4378,0,15.037962
2021,35.25,-8.25,3.9622803,285.66672,0,14.264209
2021,35.25,-8.0,3.7447302,284.5046,0,13.481029
2021,35.25,-7.75,3.5075324,284.06345,0,12.627116
2021,35.25,-7.5,3.2798083,282.37338,0,11.807309
2021,35.25,-7.25,3.0510652,280.43652,0,10.983834
2021,35.25,-7.0,2.7722778,278.611,0,9.9802
2021,35.25,-6.75,2.5369706,273.48593,0,9.133094
2021,35.25,-6.5,2.1563103,237.03133,0,7.762717
2021,35.25,-6.25,1.6177162,236.42139,0,5.823778
2021,35.25,-6.0,0.8524015,177.26762,0,3.0686452
2021,35.25,-5.75,0.65691596,180.1346,0,2.3648975
2021,35.25,-5.5,0.5322677,159.7242,0,1.9161637
2021,35.25,-5.25,0.48411432,138.46352,0,1.7428116
2021,35.25,-5.0,0.6193435,110.60493,0,2.2296367
2021,35.25,-4.75,0.95419735,108.6463,0,3.4351103
2021,35.25,-4.5,1.2073525,104.889885,0,4.346469
2021,35.25,-4.25,1.3432564,102.96717,0,4.835723
2021,35.25,-4.0,1.3399156,157.7368,0,4.823696
2021,35.25,-3.75,1.3579937,201.12688,0,4.8887773
2021,35.25,-3.5,1.372053,222.31891,0,4.9393907
2021,35.25,-3.25,1.2911925,218.0885,0,4.648293
2021,35.25,-3.0,1.1943737,223.60878,0,4.299745
2021,35.25,-2.75,1.5782055,165.85461,0,5.6815395
2021,35.25,-2.5,1.8031706,164.6997,0,6.491414
2021,35.25,-2.25,1.8591379,189.83333,0,6.6928964
2021,35.25,-2.0,1.8527004,210.11232,0,6.669721
2021,35.25,-1.75,1.8080853,230.3398,0,6.509107
2021,35.25,-1.5,1.5278748,254.1355,0,5.500349
2021,35.25,-1.25,1.1478438,248.1311,0,4.132238
2021,35.25,-1.0,0.9448535,247.81822,0,3.4014726
2021,35.25,-0.75,1.078693,272.84702,0,3.8832948
2021,35.25,-0.5,1.1525779,292.9128,0,4.14928
2021,35.25,-0.25,1.1114479,288.34317,0,4.0012126
2021,35.25,0.0,0.9570133,278.70963,0,3.445248
2021,35.25,0.25,1.0485536,277.97382,0,3.774793
2021,35.25,0.5,1.0420383,276.51727,0,3.7513378
2021,35.25,0.75,0.98290277,274.5931,0,3.5384498
2021,35.25,1.0,0.9349182,274.61636,0,3.3657055
2021,35.25,1.25,1.1182498,270.3654,0,4.025699
2021,35.25,1.5,1.2622205,266.368,0,4.5439935
2021,35.25,1.75,1.3310826,265.92963,0,4.7918973
2021,35.25,2.0,1.2479839,273.31155,0,4.492742
2021,35.25,2.25,1.1527537,273.67493,0,4.1499133
2021,35.25,2.5,1.0841523,278.74515,0,3.9029484
2021,35.25,2.75,1.0280173,254.26964,0,3.7008622
2021,35.25,3.0,0.94961697,254.0595,0,3.418621
2021,35.25,3.25,0.9921983,235.56982,0,3.5719137
2021,35.25,3.5,1.0699867,231.6392,0,3.851952
2021,35.25,3.75,1.1388711,259.40692,0,4.0999355
2021,35.25,4.0,1.1684296,256.95517,0,4.2063465
2021,35.25,4.25,1.1013583,241.5752,0,3.9648898
2021,35.25,4.5,1.1739829,225.7981,0,4.2263384
2021,35.25,4.75,1.2328988,218.11491,0,4.4384356
2021,35.25,5.0,1.1374773,217.1545,0,4.0949183
2021,35.25,5.25,1.0142999,156.6117,0,3.6514795
2021,35.25,5.5,0.9256074,161.76424,0,3.3321865
2021,35.25,5.75,0.77949476,116.00463,0,2.806181
2021,35.25,6.0,0.7037123,160.99187,0,2.533364
2021,35.25,6.25,0.9516445,251.73839,0,3.42592
2021,35.25,6.5,1.0926187,247.79585,0,3.9334273
2021,35.25,6.75,1.0709609,244.44441,0,3.855459
2021,35.25,7.0,0.9718531,244.2516,0,3.498671
2021,35.25,7.25,1.1112064,248.07472,0,4.000343
2021,35.25,7.5,1.1784278,248.46925,0,4.24234
2021,35.25,7.75,1.1911637,249.76363,0,4.288189
2021,35.25,8.0,1.1566855,256.8087,0,4.1640677
2021,35.25,8.25,1.2095618,264.03287,0,4.3544226
2021,35.25,8.5,1.1333317,267.36124,0,4.0799937
2021,35.25,8.75,1.0272542,246.91125,0,3.698115
2021,35.25,9.0,1.0006905,214.99449,0,3.6024857
2021,35.25,9.25,1.0285503,194.6822,0,3.702781
2021,35.25,9.5,1.0667664,191.12386,0,3.840359
2021,35.25,9.75,1.093619,188.05537,0,3.9370282
2021,35.25,10.0,1.1192628,185.13463,0,4.029346
2021,35.25,10.25,1.2094387,154.27795,0,4.353979
2021,35.25,10.5,1.349907,154.96422,0,4.8596654
2021,35.25,10.75,1.4860407,155.50098,0,5.349746
2021,35.25,11.0,1.6742023,154.30325,0,6.027128
2021,35.25,11.25,2.2113285,151.03267,0,7.9607825
2021,35.25,11.5,2.5001967,149.44841,0,9.000708
2021,35.25,11.75,2.5502217,148.65337,0,9.180798
2021,35.25,12.0,2.4607403,149.0334,0,8.8586645
2021,35.0,-9.0,4.480895,288.56424,0,16.131222
2021,35.0,-8.75,4.334312,287.51794,0,15.603522
2021,35.0,-8.5,4.1673775,286.18604,0,15.002559
2021,35.0,-8.25,3.9829779,284.7417,0,14.33872
2021,35.0,-8.0,3.7754347,283.63254,0,13.591565
2021,35.0,-7.75,3.502019,281.94177,0,12.607267
2021,35.0,-7.5,3.2377846,279.74985,0,11.656024
2021,35.0,-7.25,2.962774,276.9434,0,10.665986
2021,35.0,-7.0,2.633662,272.58978,0,9.481183
2021,35.0,-6.75,2.367259,264.13986,0,8.522132
2021,35.0,-6.5,1.9632782,250.29297,0,7.0678015
2021,35.0,-6.25,1.4695225,233.00212,0,5.290281
2021,35.0,-6.0,0.83794886,225.73671,0,3.0166159
2021,35.0,-5.75,0.6754939,205.05104,0,2.431778
2021,35.0,-5.5,0.5855737,202.43109,0,2.1080651
2021,35.0,-5.25,0.49199542,198.31136,0,1.7711835
2021,35.0,-5.0,0.45077273,161.35533,0,1.6227818
2021,35.0,-4.75,0.53311825,140.80524,0,1.9192257
2021,35.0,-4.5,0.55540323,139.11778,0,1.9994516
2021,35.0,-4.25,0.5582123,202.24919,0,2.0095642
2021,35.0,-4.0,0.5856913,156.8734,0,2.1084886
2021,35.0,-3.75,0.62637025,160.83305,0,2.2549329
2021,35.0,-3.5,0.7304755,215.69086,0,2.6297116
2021,35.0,-3.25,0.8609288,210.19325,0,3.0993435
2021,35.0,-3.0,1.0235204,144.30257,0,3.684673
2021,35.0,-2.75,1.0667043,149.23857,0,3.8401353
2021,35.0,-2.5,1.0605575,149.76407,0,3.8180068
2021,35.0,-2.25,1.0152031,147.1165,0,3.654731
2021,35.0,-2.0,1.0528941,231.3492,0,3.7904186
2021,35.0,-1.75,1.0109326,253.91785,0,3.639357
2021,35.0,-1.5,0.9313774,248.30922,0,3.3529587
2021,35.0,-1.25,0.8755772,280.3507,0,3.152078
2021,35.0,-1.0,0.9889317,278.6752,0,3.5601542
2021,35.0,-0.75,1.0705469,284.3976,0,3.8539686
2021,35.0,-0.5,1.0683692,284.509,0,3.846129
2021,35.0,-0.25,0.9954838,282.47736,0,3.5837417
2021,35.0,0.0,0.9143381,251.17192,0,3.2916172
2021,35.0,0.25,1.0535793,282.34512,0,3.7928855
2021,35.0,0.5,1.0762755,282.48608,0,3.8745916
2021,35.0,0.75,1.0108337,283.6613,0,3.6390014
2021,35.0,1.0,0.90695,290.02573,0,3.26502
2021,35.0,1.25,1.0329131,285.57068,0,3.718487
2021,35.0,1.5,1.1724368,278.02176,0,4.2207723
2021,35.0,1.75,1.2873816,264.01212,0,4.634574
2021,35.0,2.0,1.3061084,284.6484,0,4.70199
2021,35.0,2.25,1.1260456,282.46664,0,4.053764
2021,35.0,2.5,1.0310484,248.95827,0,3.711774
2021,35.0,2.75,1.0090667,238.35402,0,3.6326401
2021,35.0,3.0,0.99431515,226.68877,0,3.5795345
2021,35.0,3.25,1.0266944,222.57367,0,3.6960998
2021,35.0,3.5,1.1054298,219.03966,0,3.979547
2021,35.0,3.75,1.2016459,245.776,0,4.325925
2021,35.0,4.0,1.2863522,246.81482,0,4.6308675
2021,35.0,4.25,1.2872623,244.69214,0,4.6341443
2021,35.0,4.5,1.2972778,241.20667,0,4.6702
2021,35.0,4.75,1.2963274,236.4068,0,4.6667786
2021,35.0,5.0,1.2936213,225.91536,0,4.657037
2021,35.0,5.25,1.3230437,224.96857,0,4.762957
2021,35.0,5.5,1.3797563,171.77979,0,4.9671226
2021,35.0,5.75,1.2537212,120.986,0,4.5133963
2021,35.0,6.0,0.7394333,139.91537,0,2.66196
2021,35.0,6.25,0.5854614,173.07137,0,2.107661
2021,35.0,6.5,0.61267704,234.23384,0,2.2056372
2021,35.0,6.75,0.69656116,246.3686,0,2.50762
2021,35.0,7.0,0.81135803,256.4324,0,2.920889
2021,35.0,7.25,1.0506912,261.99533,0,3.7824883
2021,35.0,7.5,1.1778675,262.39935,0,4.240323
2021,35.0,7.75,1.2238189,263.5349,0,4.405748
2021,35.0,8.0,1.2257351,268.9506,0,4.4126463
2021,35.0,8.25,1.2832962,269.84827,0,4.6198664
2021,35.0,8.5,1.2114458,268.59576,0,4.3612046
2021,35.0,8.75,1.1498322,197.13121,0,4.139396
2021,35.0,9.0,1.1499524,172.41737,0,4.1398287
2021,35.0,9.25,1.2298332,168.2609,0,4.4273996
2021,35.0,9.5,1.2924706,165.67308,0,4.652894
2021,35.0,9.75,1.3270565,163.40863,0,4.7774034
2021,35.0,10.0,1.337697,160.30396,0,4.815709
2021,35.0,10.25,1.4962534,159.00014,0,5.386512
2021,35.0,10.5,1.783328,158.75511,0,6.419981
2021,35.0,10.75,2.1384618,158.5152,0,7.6984625
2021,35.0,11.0,2.585097,157.1577,0,9.306349
2021,35.0,11.25,2.7335804,154.2697,0,9.840889
2021,35.0,11.5,2.7348585,152.56573,0,9.84549
2021,35.0,11.75,2.641036,151.66243,0,9.50773
2021,35.0,12.0,2.6028311,151.99869,0,9.370192
2021,34.75,-9.0,4.4733834,260.5309,0,16.10418
2021,34.75,-8.75,4.303273,259.26428,0,15.491783
2021,34.75,-8.5,4.1059155,287.29965,0,14.781296
2021,34.75,-8.25,3.8999624,285.43332,0,14.039865
2021,34.75,-8.0,3.6549308,283.8073,0,13.157751
2021,34.75,-7.75,3.4211864,280.4665,0,12.316271
2021,34.75,-7.5,3.137269,248.22313,0,11.294168
2021,34.75,-7.25,2.8105383,245.16496,0,10.117938
2021,34.75,-7.0,2.4839134,239.97778,0,8.942088
2021,34.75,-6.75,2.1151288,235.54863,0,7.6144633
2021,34.75,-6.5,1.5848732,265.9054,0,5.7055435
2021,34.75,-6.25,1.0693604,256.6055,0,3.8496974
2021,34.75,-6.0,0.8745744,246.96758,0,3.1484678
2021,34.75,-5.75,0.9168299,216.89879,0,3.3005874
2021,34.75,-5.5,0.82049185,214.49068,0,2.9537706
2021,34.75,-5.25,0.7284778,204.95247,0,2.62252
2021,34.75,-5.0,0.59207934,202.47517,0,2.1314855
2021,34.75,-4.75,0.48343006,202.31581,0,1.7403482
2021,34.75,-4.5,0.4968966,218.6197,0,1.7888277
2021,34.75,-4.25,0.5804781,214.7898,0,2.089721
2021,34.75,-4.0,0.68989635,217.66338,0,2.4836268
2021,34.75,-3.75,0.7082834,151.77954,0,2.5498202
2021,34.75,-3.5,0.8899698,124.228935,0,3.2038913
2021,34.75,-3.25,1.1249892,89.78396,0,4.0499606
2021,34.75,-3.0,1.375086,80.19317,0,4.9503093
2021,34.75,-2.75,1.2331841,82.753265,0,4.4394627
2021,34.75,-2.5,1.0678889,82.67159,0,3.8443997
2021,34.75,-2.25,0.99231607,198.1173,0,3.5723379
2021,34.75,-2.0,0.9484007,200.23633,0,3.4142423
2021,34.75,-1.75,0.8004141,204.67409,0,2.8814907
2021,34.75,-1.5,0.7538579,255.07149,0,2.7138884
2021,34.75,-1.25,0.82502484,286.06345,0,2.9700894
2021,34.75,-1.0,0.9744384,286.3144,0,3.5079782
2021,34.75,-0.75,1.0045623,288.83047,0,3.616424
2021,34.75,-0.5,0.9949128,259.03784,0,3.581686
2021,34.75,-0.25,0.959496,259.38477,0,3.4541855
2021,34.75,0.0,0.98892516,264.00436,0,3.5601306
2021,34.75,0.25,1.108508,295.9902,0,3.9906287
2021,34.75,0.5,1.1330931,293.6655,0,4.079135
2021,34.75,0.75,1.0683755,290.2521,0,3.8461516
2021,34.75,1.0,0.96707946,262.27322,0,3.481486
2021,34.75,1.25,1.039457,258.44003,0,3.742045
2021,34.75,1.5,1.1287583,255.50684,0,4.06353
2021,34.75,1.75,1.2454462,250.9514,0,4.4836063
2021,34.75,2.0,1.4162165,238.70837,0,5.098379
2021,34.75,2.25,1.3014221,232.39482,0,4.6851196
2021,34.75,2.5,1.2036272,222.52568,0,4.333058
2021,34.75,2.75,1.0831026,218.95642,0,3.8991692
2021,34.75,3.0,1.0607063,218.53625,0,3.8185425
2021,34.75,3.25,1.1109539,218.07457,0,3.999434
2021,34.75,3.5,1.2303556,219.75177,0,4.4292803
2021,34.75,3.75,1.3546957,222.35057,0,4.8769045
2021,34.75,4.0,1.4173499,256.22086,0,5.1024594
2021,34.75,4.25,1.2372522,260.652,0,4.4541078
2021,34.75,4.5,1.2162635,241.31433,0,4.3785486
2021,34.75,4.75,1.2623979,155.67088,0,4.5446324
2021,34.75,5.0,1.3320097,155.51076,0,4.7952347
2021,34.75,5.25,1.3933964,159.78865,0,5.016227
2021,34.75,5.5,1.5510346,165.78693,0,5.5837245
2021,34.75,5.75,1.5286182,171.4328,0,5.5030255
2021,34.75,6.0,1.3048607,146.8532,0,4.6974983
2021,34.75,6.25,1.2021412,144.57353,0,4.3277082
2021,34.75,6.5,1.0252966,113.740074,0,3.6910675
2021,34.75,6.75,0.8902907,114.066956,0,3.2050464
2021,34.75,7.0,0.8500771,145.95634,0,3.0602775
2021,34.75,7.25,0.8445182,152.64832,0,3.0402653
2021,34.75,7.5,0.84851885,183.33998,0,3.0546677
2021,34.75,7.75,0.903565,179.72545,0,3.2528338
2021,34.75,8.0,1.0914026,204.38774,0,3.9290495
2021,34.75,8.25,1.2730685,185.04518,0,4.5830464
2021,34.75,8.5,1.34977,177.45918,0,4.859172
2021,34.75,8.75,1.4015704,170.34077,0,5.0456533
2021,34.75,9.0,1.4518613,167.86954,0,5.2267003
2021,34.75,9.25,1.5582819,167.3231,0,5.6098146
2021,34.75,9.5,1.6635914,166.72137,0,5.988929
2021,34.75,9.75,1.7442139,165.49086,0,6.27917
2021,34.75,10.0,1.9131576,132.6316,0,6.8873672
2021,34.75,10.25,2.0332139,131.1895,0,7.3195696
2021,34.75,10.5,2.309961,130.68419,0,8.31586
2021,34.75,10.75,2.6425385,129.76086,0,9.513139
2021,34.75,11.0,3.0000734,127.993805,0,10.800264
2021,34.75,11.25,3.0267045,126.44773,0,10.896136
2021,34.75,11.5,2.9603624,155.52702,0,10.657305
2021,34.75,11.75,2.867737,154.96313,0,10.3238535
2021,34.75,12.0,2.7793734,154.18251,0,10.005744
2021,34.5,-9.0,4.383193,233.18144,0,15.779494
2021,34.5,-8.75,4.20384,231.68762,0,15.133822
2021,34.5,-8.5,4.0027537,229.78844,0,14.409913
2021,34.5,-8.25,3.7733853,227.40996,0,13.584187
2021,34.5,-8.0,3.5117738,224.92871,0,12.6423855
2021,34.5,-7.75,3.2443714,251.36401,0,11.679737
2021,34.5,-7.5,2.8835237,247.7827,0,10.380685
2021,34.5,-7.25,2.535883,244.03078,0,9.129178
2021,34.5,-7.0,2.325878,268.61636,0,8.37316
2021,34.5,-6.75,1.970158,265.61258,0,7.0925684
2021,34.5,-6.5,1.4523257,257.54214,0,5.2283726
2021,34.5,-6.25,0.97795564,249.39546,0,3.5206401
2021,34.5,-6.0,0.8656576,245.61964,0,3.1163673
2021,34.5,-5.75,0.96797395,217.39204,0,3.4847062
2021,34.5,-5.5,1.0409449,219.33435,0,3.7474017
2021,34.5,-5.25,0.95279765,219.1899,0,3.4300714
2021,34.5,-5.0,0.8903899,209.91254,0,3.2054036
2021,34.5,-4.75,0.7070222,210.21864,0,2.5452797
2021,34.5,-4.5,0.6240356,206.39287,0,2.2465281
2021,34.5,-4.25,0.659972,215.47589,0,2.375899
2021,34.5,-4.0,0.8693288,213.22131,0,3.1295836
2021,34.5,-3.75,0.8655186,186.23235,0,3.115867
2021,34.5,-3.5,1.1937588,157.11641,0,4.2975316
2021,34.5,-3.25,1.4528594,93.85861,0,5.2302938
2021,34.5,-3.0,1.4482822,80.48871,0,5.213816
2021,34.5,-2.75,1.1088433,107.58895,0,3.9918358
2021,34.5,-2.5,0.9880612,197.21367,0,3.5570202
2021,34.5,-2.25,0.9605966,258.95035,0,3.4581478
2021,34.5,-2.0,0.915433,232.51973,0,3.2955587
2021,34.5,-1.75,0.78524905,261.77994,0,2.8268964
2021,34.5,-1.5,0.85210305,263.9632,0,3.067571
2021,34.5,-1.25,0.9834564,266.8154,0,3.540443
2021,34.5,-1.0,1.0804245,243.61702,0,3.8895283
2021,34.5,-0.75,1.1138475,213.17645,0,4.009851
2021,34.5,-0.5,1.1069411,214.46124,0,3.984988
2021,34.5,-0.25,1.0898644,216.32233,0,3.9235117
2021,34.5,0.0,1.1182774,218.38641,0,4.025799
2021,34.5,0.25,1.2203163,218.28352,0,4.3931384
2021,34.5,0.5,1.2312156,211.81606,0,4.432376
2021,34.5,0.75,1.1846932,224.72687,0,4.2648954
2021,34.5,1.0,1.1159508,220.2995,0,4.0174227
2021,34.5,1.25,1.026142,216.97945,0,3.694111
2021,34.5,1.5,1.1169767,214.68506,0,4.0211163
2021,34.5,1.75,1.1935333,221.15459,0,4.2967196
2021,34.5,2.0,1.345344,222.23009,0,4.843238
2021,34.5,2.25,1.2650186,217.72762,0,4.5540667
2021,34.5,2.5,1.151978,218.44359,0,4.147121
2021,34.5,2.75,1.0749892,218.31819,0,3.869961
2021,34.5,3.0,1.1062438,227.23877,0,3.9824777
2021,34.5,3.25,1.1332217,212.61058,0,4.079598
2021,34.5,3.5,1.2658688,213.73668,0,4.5571275
2021,34.5,3.75,1.2580442,242.42299,0,4.5289593
2021,34.5,4.0,1.2895402,239.02849,0,4.6423445
2021,34.5,4.25,1.2550079,181.2801,0,4.5180283
2021,34.5,4.5,1.3143322,147.77866,0,4.731596
2021,34.5,4.75,1.4222778,147.1357,0,5.1202
2021,34.5,5.0,1.4264315,154.16258,0,5.1351533
2021,34.5,5.25,1.5930457,160.13245,0,5.7349644
2021,34.5,5.5,1.730051,164.83392,0,6.2281837
2021,34.5,5.75,1.8091329,170.74342,0,6.5128784
2021,34.5,6.0,1.7297982,146.61444,0,6.2272735
2021,34.5,6.25,1.662919,149.28139,0,5.9865084
2021,34.5,6.5,1.620039,142.9857,0,5.83214
2021,34.5,6.75,1.5003542,133.81612,0,5.4012747
2021,34.5,7.0,1.5386219,129.70235,0,5.5390387
2021,34.5,7.25,1.5875344,126.87623,0,5.7151237
2021,34.5,7.5,1.4198903,149.68858,0,5.1116047
2021,34.5,7.75,1.2657648,137.43968,0,4.556753
2021,34.5,8.0,1.279083,154.71593,0,4.6046987
2021,34.5,8.25,1.3069165,176.11662,0,4.7048993
2021,34.5,8.5,1.2461125,170.09944,0,4.486005
2021,34.5,8.75,1.2949873,136.12134,0,4.6619544
2021,34.5,9.0,1.417699,136.04266,0,5.1037164
2021,34.5,9.25,1.5145129,163.38982,0,5.452246
2021,34.5,9.5,1.6394981,132.96646,0,5.902193
2021,34.5,9.75,1.9004873,132.33862,0,6.841754
2021,34.5,10.0,2.2481563,132.50763,0,8.093363
2021,34.5,10.25,2.5219796,132.99164,0,9.079126
2021,34.5,10.5,2.8943927,132.42601,0,10.419813
2021,34.5,10.75,3.2484372,131.03645,0,11.694373
2021,34.5,11.0,3.338851,129.86256,0,12.019863
2021,34.5,11.25,3.151302,128.92247,0,11.344687
2021,34.5,11.5,3.0899475,157.91606,0,11.123811
2021,34.5,11.75,3.0133083,156.82521,0,10.84791
2021,34.5,12.0,2.9315293,156.2655,0,10.553505
2021,34.25,-9.0,4.3408437,175.55995,0,15.627037
2021,34.25,-8.75,4.141769,233.86731,0,14.910368
2021,34.25,-8.5,3.9143798,231.80943,0,14.091767
2021,34.25,-8.25,3.6283827,229.30994,0,13.062178
2021,34.25,-8.0,3.2422867,226.51524,0,11.672232
2021,34.25,-7.75,2.8776762,223.05432,0,10.359634
2021,34.25,-7.5,2.584448,247.71582,0,9.304013
2021,34.25,-7.25,2.2004316,273.86502,0,7.9215536
2021,34.25,-7.0,1.9172558,270.4502,0,6.9021206
2021,34.25,-6.75,1.5389695,263.06363,0,5.54029
2021,34.25,-6.5,1.2680602,254.61732,0,4.5650167
2021,34.25,-6.25,0.9196315,248.05116,0,3.3106732
2021,34.25,-6.0,0.85615987,249.86327,0,3.0821755
2021,34.25,-5.75,0.927885,253.85913,0,3.340386
2021,34.25,-5.5,0.95492715,227.12154,0,3.4377377
2021,34.25,-5.25,1.0237924,231.49223,0,3.6856525
2021,34.25,-5.0,0.97020954,232.94684,0,3.4927542
2021,34.25,-4.75,0.8135531,222.94719,0,2.928791
2021,34.25,-4.5,0.7250894,222.86464,0,2.6103218
2021,34.25,-4.25,0.7271547,213.2146,0,2.6177568
2021,34.25,-4.0,0.8285002,221.13725,0,2.9826007
2021,34.25,-3.75,0.98611206,184.2904,0,3.5500033
2021,34.25,-3.5,1.2259799,158.06665,0,4.4135275
2021,34.25,-3.25,1.338761,149.82062,0,4.8195395
2021,34.25,-3.0,1.2371813,197.57573,0,4.4538527
2021,34.25,-2.75,1.029159,305.68967,0,3.704972
2021,34.25,-2.5,1.0109569,289.3963,0,3.6394446
2021,34.25,-2.25,1.0660692,289.465,0,3.8378491
2021,34.25,-2.0,0.99380445,291.88446,0,3.5776958
2021,34.25,-1.75,0.9325488,264.97836,0,3.3571756
2021,34.25,-1.5,1.0330945,248.51855,0,3.7191403
2021,34.25,-1.25,1.1801802,221.12573,0,4.2486486
2021,34.25,-1.0,1.277013,192.24615,0,4.5972466
2021,34.25,-0.75,1.331501,192.48512,0,4.7934036
2021,34.25,-0.5,1.3365932,193.07776,0,4.811735
2021,34.25,-0.25,1.284938,195.72974,0,4.625777
2021,34.25,0.0,1.2105957,195.97905,0,4.3581443
2021,34.25,0.25,1.2041746,194.3531,0,4.3350286
2021,34.25,0.5,1.1854478,193.3766,0,4.267612
2021,34.25,0.75,1.1176771,191.24184,0,4.0236373
2021,34.25,1.0,1.079868,222.99815,0,3.8875246
2021,34.25,1.25,1.0842644,213.81001,0,3.9033518
2021,34.25,1.5,1.1188067,212.07947,0,4.0277042
2021,34.25,1.75,1.1711904,214.7501,0,4.216285
2021,34.25,2.0,1.2266294,218.86314,0,4.4158654
2021,34.25,2.25,1.2062727,221.54799,0,4.3425817
2021,34.25,2.5,1.1975652,213.59851,0,4.3112345
2021,34.25,2.75,1.2129852,216.24046,0,4.3667464
2021,34.25,3.0,1.2869459,219.3813,0,4.633005
2021,34.25,3.25,1.3596784,220.7583,0,4.894842
2021,34.25,3.5,1.3475151,192.559,0,4.851054
2021,34.25,3.75,1.2628707,190.65387,0,4.5463343
2021,34.25,4.0,1.2735628,182.53883,0,4.584826
2021,34.25,4.25,1.3305824,175.94102,0,4.7900963
2021,34.25,4.5,1.4090408,117.41349,0,5.072547
2021,34.25,4.75,1.5211754,123.15635,0,5.476231
2021,34.25,5.0,1.580747,158.01399,0,5.690689
2021,34.25,5.25,1.7109437,161.62248,0,6.159397
2021,34.25,5.5,1.8068522,163.80576,0,6.5046678
2021,34.25,5.75,1.8414797,168.05547,0,6.629327
2021,34.25,6.0,1.8730388,175.59436,0,6.7429395
2021,34.25,6.25,1.9412127,150.89415,0,6.988365
2021,34.25,6.5,2.0272164,150.28087,0,7.297979
2021,34.25,6.75,2.1433423,145.77986,0,7.716032
2021,34.25,7.0,2.1850412,141.81116,0,7.866148
2021,34.25,7.25,2.1310503,148.51376,0,7.671781
2021,34.25,7.5,2.047301,147.82512,0,7.3702836
2021,34.25,7.75,1.9717258,141.51942,0,7.0982127
2021,34.25,8.0,1.829875,132.72514,0,6.5875497
2021,34.25,8.25,1.6699852,125.88798,0,6.0119467
2021,34.25,8.5,1.6053085,119.94946,0,5.7791104
2021,34.25,8.75,1.6173683,114.84152,0,5.822526
2021,34.25,9.0,1.7497157,139.84508,0,6.2989764
2021,34.25,9.25,1.9776808,132.74757,0,7.119651
2021,34.25,9.5,2.168299,128.54305,0,7.8058763
2021,34.25,9.75,2.3968306,130.02469,0,8.62859
2021,34.25,10.0,2.8021164,132.56052,0,10.087619
2021,34.25,10.25,3.2485378,134.81047,0,11.694736
2021,34.25,10.5,3.380069,133.1983,0,12.168248
2021,34.25,10.75,3.4231231,131.56664,0,12.323243
2021,34.25,11.0,3.4320393,130.40881,0,12.355341
2021,34.25,11.25,3.3423939,129.78076,0,12.032618
2021,34.25,11.5,3.240884,128.8351,0,11.667182
2021,34.25,11.75,3.1432247,157.95766,0,11.315609
2021,34.25,12.0,3.0628984,157.58417,0,11.026434
2021,34.0,-9.0,4.2603636,177.7369,0,15.337309
2021,34.0,-8.75,3.9919298,175.97157,0,14.370947
2021,34.0,-8.5,3.7254245,203.80565,0,13.411528
2021,34.0,-8.25,3.384072,231.42836,0,12.182659
2021,34.0,-8.0,2.9687338,228.44044,0,10.687442
2021,34.0,-7.75,2.5542083,225.003,0,9.195149
2021,34.0,-7.5,2.1381671,250.62547,0,7.6974015
2021,34.0,-7.25,1.8388995,275.4365,0,6.620038
2021,34.0,-7.0,1.3573977,269.85782,0,4.8866315
2021,34.0,-6.75,1.073119,261.50507,0,3.8632286
2021,34.0,-6.5,0.88871,255.53178,0,3.199356
2021,34.0,-6.25,0.9013589,259.40134,0,3.244892
2021,34.0,-6.0,0.8735957,263.69894,0,3.1449444
2021,34.0,-5.75,0.9075353,265.7581,0,3.267127
2021,34.0,-5.5,0.8435096,238.48389,0,3.0366344
2021,34.0,-5.25,0.9050696,242.51436,0,3.2582505
2021,34.0,-5.0,0.9279174,276.29077,0,3.3405027
2021,34.0,-4.75,0.81167847,244.74867,0,2.9220424
2021,34.0,-4.5,0.66481644,235.90532,0,2.3933392
2021,34.0,-4.25,0.6553984,229.61572,0,2.3594344
2021,34.0,-4.0,0.6900584,256.47256,0,2.4842103
2021,34.0,-3.75,0.751334,179.75166,0,2.7048023
2021,34.0,-3.5,0.90030766,122.50594,0,3.2411075
2021,34.0,-3.25,0.98596424,143.22485,0,3.5494711
2021,34.0,-3.0,1.1431277,309.68686,0,4.1152596
2021,34.0,-2.75,1.1698738,292.55423,0,4.2115455
2021,34.0,-2.5,1.2890668,289.8326,0,4.6406403
2021,34.0,-2.25,1.3945569,293.40292,0,5.020405
2021,34.0,-2.0,1.276018,293.77527,0,4.5936646
2021,34.0,-1.75,1.1216757,270.75937,0,4.0380325
2021,34.0,-1.5,1.1833801,222.70503,0,4.2601686
2021,34.0,-1.25,1.2676822,197.01262,0,4.563656
2021,34.0,-1.0,1.3459011,198.00499,0,4.845244
2021,34.0,-0.75,1.3923765,197.96342,0,5.0125556
2021,34.0,-0.5,1.3185102,198.79817,0,4.7466364
2021,34.0,-0.25,1.2461848,199.78972,0,4.486265
2021,34.0,0.0,1.1543164,170.39697,0,4.155539
2021,34.0,0.25,1.1033297,190.83057,0,3.9719868
2021,34.0,0.5,1.0932469,196.40633,0,3.935689
2021,34.0,0.75,1.1672655,203.08778,0,4.2021556
2021,34.0,1.0,1.1014562,206.6157,0,3.9652421
2021,34.0,1.25,1.0813186,210.28264,0,3.892747
2021,34.0,1.5,1.1175796,212.60011,0,4.0232863
2021,34.0,1.75,1.1601421,221.12239,0,4.1765113
2021,34.0,2.0,1.2441388,229.0472,0,4.4788995
2021,34.0,2.25,1.2575103,240.415,0,4.527037
2021,34.0,2.5,1.3081669,219.61433,0,4.7094007
2021,34.0,2.75,1.3493005,222.35646,0,4.8574815
2021,34.0,3.0,1.2640284,220.48683,0,4.5505023
2021,34.0,3.25,1.2892703,189.7784,0,4.6413727
2021,34.0,3.5,1.3401357,190.68823,0,4.824488
2021,34.0,3.75,1.3792404,189.9439,0,4.9652653
2021,34.0,4.0,1.3915995,183.12334,0,5.009758
2021,34.0,4.25,1.4531384,180.04109,0,5.231298
2021,34.0,4.5,1.5230474,170.54659,0,5.4829707
2021,34.0,4.75,1.630453,166.68687,0,5.869631
2021,34.0,5.0,1.6799814,163.7261,0,6.0479326
2021,34.0,5.25,1.7569628,164.13196,0,6.3250656
2021,34.0,5.5,1.7621561,164.63565,0,6.343762
2021,34.0,5.75,1.7744961,167.23955,0,6.3881855
2021,34.0,6.0,1.8360373,173.3574,0,6.609734
2021,34.0,6.25,2.0401692,148.07582,0,7.3446093
2021,34.0,6.5,2.2464974,151.63924,0,8.08739
2021,34.0,6.75,2.452141,149.5299,0,8.827707
2021,34.0,7.0,2.533983,146.03941,0,9.122338
2021,34.0,7.25,2.5350277,143.87952,0,9.1261
2021,34.0,7.5,2.5344684,141.74904,0,9.124086
2021,34.0,7.75,2.3849626,138.74731,0,8.585865
2021,34.0,8.0,2.2378461,133.82332,0,8.056246
2021,34.0,8.25,2.2732732,129.50035,0,8.183784
2021,34.0,8.5,2.2176745,125.741356,0,7.983628
2021,34.0,8.75,2.3625438,119.71281,0,8.505157
2021,34.0,9.0,2.4811847,113.73874,0,8.932264
2021,34.0,9.25,2.6416934,133.60155,0,9.510096
2021,34.0,9.5,2.6607635,127.29514,0,9.578749
2021,34.0,9.75,2.931339,127.62173,0,10.55282
2021,34.0,10.0,3.0472202,132.39143,0,10.969993
2021,34.0,10.25,3.523738,135.33954,0,12.685456
2021,34.0,10.5,3.4997518,134.22044,0,12.599106
2021,34.0,10.75,3.3153393,132.58456,0,11.935222
2021,34.0,11.0,3.2280924,131.21011,0,11.621133
2021,34.0,11.25,3.404199,129.76607,0,12.2551155
2021,34.0,11.5,3.3343494,128.66307,0,12.003657
2021,34.0,11.75,3.236064,128.00891,0,11.64983
2021,34.0,12.0,3.1832745,157.7051,0,11.459788
2021,33.75,-9.0,4.13646,121.46588,0,14.891255
2021,33.75,-8.75,3.8489132,119.80796,0,13.856087
2021,33.75,-8.5,3.4126856,147.91737,0,12.285668
2021,33.75,-8.25,3.070818,175.47075,0,11.054944
2021,33.75,-8.0,2.5952742,170.41156,0,9.342987
2021,33.75,-7.75,2.0572665,226.23103,0,7.406159
2021,33.75,-7.5,1.6686898,250.16449,0,6.007283
2021,33.75,-7.25,1.4363166,276.27402,0,5.1707397
2021,33.75,-7.0,0.95061064,268.24146,0,3.4221983
2021,33.75,-6.75,0.84700465,266.3115,0,3.0492167
2021,33.75,-6.5,0.8956683,268.87888,0,3.224406
2021,33.75,-6.25,0.9142008,272.79868,0,3.2911227
2021,33.75,-6.0,0.86913085,275.67526,0,3.128871
2021,33.75,-5.75,0.9106361,275.8115,0,3.27829
2021,33.75,-5.5,0.7964658,248.22578,0,2.867277
2021,33.75,-5.25,0.81170034,277.7403,0,2.922121
2021,33.75,-5.0,0.8467235,276.27185,0,3.0482044
2021,33.75,-4.75,0.7883935,274.5969,0,2.8382165
2021,33.75,-4.5,0.4606435,246.5295,0,1.6583166
2021,33.75,-4.25,0.47271827,242.01982,0,1.7017857
2021,33.75,-4.0,0.50318867,244.5565,0,1.8114792
2021,33.75,-3.75,0.584217,285.4473,0,2.1031811
2021,33.75,-3.5,0.8396337,58.263355,0,3.0226812
2021,33.75,-3.25,0.91157097,117.15038,0,3.2816553
2021,33.75,-3.0,1.0708858,304.0085,0,3.8551886
2021,33.75,-2.75,1.297399,294.90308,0,4.6706367
2021,33.75,-2.5,1.4302893,292.2633,0,5.149041
2021,33.75,-2.25,1.5188885,293.2957,0,5.4679985
2021,33.75,-2.0,1.4600118,292.5383,0,5.2560425
2021,33.75,-1.75,1.2698106,294.0906,0,4.5713177
2021,33.75,-1.5,1.1570896,194.51971,0,4.1655226
2021,33.75,-1.25,1.2074314,199.48863,0,4.346753
2021,33.75,-1.0,1.2560667,201.0887,0,4.52184
2021,33.75,-0.75,1.2253757,172.18462,0,4.411352
2021,33.75,-0.5,1.1742437,201.59418,0,4.2272773
2021,33.75,-0.25,1.061155,147.7292,0,3.8201578
2021,33.75,0.0,1.0849842,163.63992,0,3.905943
2021,33.75,0.25,1.1147155,182.0506,0,4.0129757
2021,33.75,0.5,1.2115253,193.70372,0,4.361491
2021,33.75,0.75,1.1447724,202.7381,0,4.1211805
2021,33.75,1.0,1.0885661,208.11078,0,3.9188378
2021,33.75,1.25,1.0941871,214.53273,0,3.9390736
2021,33.75,1.5,1.1875136,221.21013,0,4.2750487
2021,33.75,1.75,1.3170742,233.75671,0,4.741467
2021,33.75,2.0,1.3325242,218.95471,0,4.7970867
2021,33.75,2.25,1.333269,222.98639,0,4.7997684
2021,33.75,2.5,1.3315334,225.23999,0,4.7935205
2021,33.75,2.75,1.2859796,224.82227,0,4.6295266
2021,33.75,3.0,1.2472154,195.09496,0,4.4899755
2021,33.75,3.25,1.3208396,193.12294,0,4.7550225
2021,33.75,3.5,1.4455061,188.67888,0,5.2038217
2021,33.75,3.75,1.5591234,187.97154,0,5.612844
2021,33.75,4.0,1.6241201,155.80708,0,5.8468323
2021,33.75,4.25,1.677402,183.76561,0,6.038647
2021,33.75,4.5,1.6843977,178.60864,0,6.0638313
2021,33.75,4.75,1.7283949,173.48283,0,6.2222214
2021,33.75,5.0,1.7547995,169.2418,0,6.317278
2021,33.75,5.25,1.7854742,166.72607,0,6.4277067
2021,33.75,5.5,1.7836238,166.9803,0,6.421046
2021,33.75,5.75,1.7457169,168.3945,0,6.2845807
2021,33.75,6.0,1.7675409,171.07251,0,6.3631473
2021,33.75,6.25,1.9790024,144.58109,0,7.1244082
2021,33.75,6.5,2.3285034,150.71591,0,8.382612
2021,33.75,6.75,2.554392,149.4072,0,9.195811
2021,33.75,7.0,2.6447725,146.51642,0,9.521181
2021,33.75,7.25,2.6934805,144.1822,0,9.696529
2021,33.75,7.5,2.6893692,141.93718,0,9.681729
2021,33.75,7.75,2.6859205,139.43501,0,9.669313
2021,33.75,8.0,2.5687907,135.212,0,9.247646
2021,33.75,8.25,2.6696646,130.81749,0,9.610792
2021,33.75,8.5,2.7665308,126.207375,0,9.959511
2021,33.75,8.75,2.9018822,121.4823,0,10.446775
2021,33.75,9.0,2.8662374,117.8787,0,10.318455
2021,33.75,9.25,2.929135,117.9837,0,10.544886
2021,33.75,9.5,2.9158182,122.16281,0,10.496945
2021,33.75,9.75,2.866643,127.015465,0,10.319915
2021,33.75,10.0,2.9670188,132.00996,0,10.681268
2021,33.75,10.25,3.0409348,135.38448,0,10.947365
2021,33.75,10.5,3.0557098,135.77005,0,11.000555
2021,33.75,10.75,2.872667,133.98044,0,10.341601
2021,33.75,11.0,3.2334297,130.08162,0,11.640347
2021,33.75,11.25,3.4521914,128.88284,0,12.427889
2021,33.75,11.5,3.383171,127.44889,0,12.179416
2021,33.75,11.75,3.3188171,126.82726,0,11.9477415
2021,33.75,12.0,3.262929,156.50354,0,11.746544
2021,33.5,-9.0,4.046295,126.954475,0,14.566662
2021,33.5,-8.75,3.5747073,125.68157,0,12.868946
2021,33.5,-8.5,3.1301663,123.66113,0,11.268599
2021,33.5,-8.25,2.5976174,119.264465,0,9.351422
2021,33.5,-8.0,2.0937843,141.08154,0,7.5376234
2021,33.5,-7.75,1.523696,167.18034,0,5.4853053
2021,33.5,-7.5,1.3306545,224.5907,0,4.790356
2021,33.5,-7.25,1.0961523,251.62004,0,3.9461482
2021,33.5,-7.0,0.95806646,248.38472,0,3.4490392
2021,33.5,-6.75,0.9416506,277.26358,0,3.3899422
2021,33.5,-6.5,0.97415084,279.22784,0,3.506943
2021,33.5,-6.25,0.89619714,251.17332,0,3.2263095
2021,33.5,-6.0,0.83424336,224.32953,0,3.003276
2021,33.5,-5.75,0.8529567,278.30515,0,3.0706441
2021,33.5,-5.5,0.69961494,245.6416,0,2.5186138
2021,33.5,-5.25,0.7647554,232.2783,0,2.7531195
2021,33.5,-5.0,0.91317916,233.77885,0,3.2874448
2021,33.5,-4.75,0.93432117,259.32626,0,3.3635561
2021,33.5,-4.5,0.40422282,237.70116,0,1.4552021
2021,33.5,-4.25,0.39165184,262.16876,0,1.4099466
2021,33.5,-4.0,0.55411786,287.75797,0,1.9948243
2021,33.5,-3.75,0.5914901,134.82298,0,2.1293643
2021,33.5,-3.5,1.1125361,77.58344,0,4.00513
2021,33.5,-3.25,1.1364652,121.925385,0,4.0912747
2021,33.5,-3.0,1.2285028,255.08215,0,4.42261
2021,33.5,-2.75,1.4578031,255.56306,0,5.248091
2021,33.5,-2.5,1.3634647,254.79799,0,4.908473
2021,33.5,-2.25,1.3485903,219.75458,0,4.8549247
2021,33.5,-2.0,1.3504735,281.2936,0,4.8617043
2021,33.5,-1.75,1.2956351,279.18478,0,4.664286
2021,33.5,-1.5,1.1749431,218.0423,0,4.229795
2021,33.5,-1.25,1.0695683,190.02887,0,3.8504457
2021,33.5,-1.0,1.0628392,194.53246,0,3.8262208
2021,33.5,-0.75,1.0426546,196.67346,0,3.7535565
2021,33.5,-0.5,0.9828624,202.05797,0,3.5383046
2021,33.5,-0.25,0.9102002,175.0251,0,3.2767205
2021,33.5,0.0,0.99273926,186.49043,0,3.5738614
2021,33.5,0.25,1.1265446,194.96236,0,4.0555606
2021,33.5,0.5,1.1639103,200.81682,0,4.190077
2021,33.5,0.75,1.1644541,206.7503,0,4.1920347
2021,33.5,1.0,1.1706777,209.80121,0,4.2144394
2021,33.5,1.25,1.2434795,224.67424,0,4.4765263
2021,33.5,1.5,1.3720044,225.75134,0,4.9392157
2021,33.5,1.75,1.357431,224.1062,0,4.8867517
2021,33.5,2.0,1.3852161,226.57533,0,4.986778
2021,33.5,2.25,1.3333435,231.44777,0,4.8000364
2021,33.5,2.5,1.3335309,203.16203,0,4.800711
2021,33.5,2.75,1.3655964,200.13087,0,4.9161468
2021,33.5,3.0,1.445309,198.4793,0,5.2031126
2021,33.5,3.25,1.5614442,196.59782,0,5.6211987
2021,33.5,3.5,1.6400868,194.80861,0,5.904312
2021,33.5,3.75,1.7068747,193.94588,0,6.1447487
2021,33.5,4.0,1.7676712,162.19588,0,6.3636165
2021,33.5,4.25,1.7841682,157.96382,0,6.4230056
2021,33.5,4.5,1.7711827,182.23663,0,6.3762574
2021,33.5,4.75,1.7901677,174.61383,0,6.4446034
2021,33.5,5.0,1.7859424,168.32883,0,6.429393
2021,33.5,5.25,1.8206906,165.9981,0,6.5544863
2021,33.5,5.5,1.8450505,166.61372,0,6.6421814
2021,33.5,5.75,1.7859567,168.02725,0,6.4294443
2021,33.5,6.0,1.7830285,169.91927,0,6.4189024
2021,33.5,6.25,2.0211399,141.68547,0,7.2761035
2021,33.5,6.5,2.363777,147.68257,0,8.509597
2021,33.5,6.75,2.5542548,148.80086,0,9.195317
2021,33.5,7.0,2.6445868,146.48714,0,9.520513
2021,33.5,7.25,2.6879418,144.13756,0,9.67659
2021,33.5,7.5,2.7103322,141.91476,0,9.757195
2021,33.5,7.75,2.7230332,139.28697,0,9.802919
2021,33.5,8.0,2.7381315,136.14488,0,9.857273
2021,33.5,8.25,2.792156,132.80142,0,10.051762
2021,33.5,8.5,2.862897,128.27153,0,10.306429
2021,33.5,8.75,2.8561046,126.42139,0,10.281977
2021,33.5,9.0,2.7941048,123.64852,0,10.058777
2021,33.5,9.25,2.792835,122.55459,0,10.054206
2021,33.5,9.5,2.8599494,123.90848,0,10.295817
2021,33.5,9.75,2.7963533,129.17723,0,10.066872
2021,33.5,10.0,2.6358378,132.70995,0,9.489016
2021,33.5,10.25,2.3684902,135.68475,0,8.526565
2021,33.5,10.5,2.5301,135.7613,0,9.10836
2021,33.5,10.75,2.809105,132.10797,0,10.112778
2021,33.5,11.0,3.1764116,128.2248,0,11.4350815
2021,33.5,11.25,3.4824483,126.22183,0,12.536814
2021,33.5,11.5,3.4057302,124.87775,0,12.260629
2021,33.5,11.75,3.3550603,124.220825,0,12.078217
2021,33.5,12.0,3.3521678,124.34676,0,12.067804
2021,33.25,-9.0,3.874234,102.134834,0,13.947242
2021,33.25,-8.75,3.2591822,100.77264,0,11.733056
2021,33.25,-8.5,2.5848343,125.97959,0,9.305404
2021,33.25,-8.25,1.9939381,116.013245,0,7.178177
2021,33.25,-8.0,1.7185901,110.94776,0,6.1869245
2021,33.25,-7.75,1.5276664,110.233864,0,5.499599
2021,33.25,-7.5,1.3688642,139.24092,0,4.927911
2021,33.25,-7.25,1.2726142,168.02806,0,4.5814114
2021,33.25,-7.0,1.1895884,197.08095,0,4.2825184
2021,33.25,-6.75,1.1104574,195.71564,0,3.9976466
2021,33.25,-6.5,1.0327114,222.40503,0,3.7177608
2021,33.25,-6.25,0.9730911,221.92033,0,3.503128
2021,33.25,-6.0,0.8322182,193.6626,0,2.9959855
2021,33.25,-5.75,0.7793855,245.13135,0,2.8057878
2021,33.25,-5.5,0.6477886,240.62788,0,2.3320389
2021,33.25,-5.25,0.6988769,251.3559,0,2.5159569
2021,33.25,-5.0,0.97794247,250.88667,0,3.5205927
2021,33.25,-4.75,1.191743,257.4314,0,4.2902746
2021,33.25,-4.5,0.80713564,254.39809,0,2.9056883
2021,33.25,-4.25,0.77374,291.7344,0,2.7854638
2021,33.25,-4.0,0.64040977,191.63829,0,2.305475
2021,33.25,-3.75,0.87270856,107.92959,0,3.1417508
2021,33.25,-3.5,1.434605,96.2714,0,5.164578
2021,33.25,-3.25,1.3464864,136.94054,0,4.847351
2021,33.25,-3.0,1.4294418,212.92522,0,5.1459904
2021,33.25,-2.75,1.3684946,213.10602,0,4.9265804
2021,33.25,-2.5,1.2390075,152.59143,0,4.460427
2021,33.25,-2.25,1.2349926,153.26942,0,4.4459734
2021,33.25,-2.0,1.244521,214.61919,0,4.4802756
2021,33.25,-1.75,1.1981484,271.51172,0,4.313334
2021,33.25,-1.5,1.1119183,263.5379,0,4.002906
2021,33.25,-1.25,1.0208185,196.8539,0,3.6749463
2021,33.25,-1.0,0.9584246,197.0296,0,3.4503286
2021,33.25,-0.75,0.91109234,201.68237,0,3.2799323
2021,33.25,-0.5,0.884569,210.66675,0,3.1844482
2021,33.25,-0.25,0.8672275,209.11256,0,3.1220188
2021,33.25,0.0,0.8987902,203.37785,0,3.2356446
2021,33.25,0.25,1.0493932,202.497,0,3.7778153
2021,33.25,0.5,1.1574633,205.15375,0,4.1668677
2021,33.25,0.75,1.263832,213.63873,0,4.549795
2021,33.25,1.0,1.3953753,178.72841,0,5.0233507
2021,33.25,1.25,1.4310378,177.82129,0,5.151736
2021,33.25,1.5,1.3796054,208.56505,0,4.9665794
2021,33.25,1.75,1.3394347,208.64056,0,4.8219647
2021,33.25,2.0,1.3481423,209.76726,0,4.853312
2021,33.25,2.25,1.3598086,181.3667,0,4.895311
2021,33.25,2.5,1.454051,182.55737,0,5.2345834
2021,33.25,2.75,1.5195085,155.04483,0,5.4702306
2021,33.25,3.0,1.5973052,158.39076,0,5.7502985
2021,33.25,3.25,1.664855,158.53134,0,5.993478
2021,33.25,3.5,1.721093,148.50397,0,6.195935
2021,33.25,3.75,1.7755629,171.81793,0,6.3920264
2021,33.25,4.0,1.7964803,169.56631,0,6.467329
2021,33.25,4.25,1.8134046,137.19815,0,6.5282564
2021,33.25,4.5,1.8318897,134.8716,0,6.594803
2021,33.25,4.75,1.843998,133.41882,0,6.6383924
2021,33.25,5.0,1.8280433,162.76198,0,6.580956
2021,33.25,5.25,1.8194953,163.67126,0,6.550183
2021,33.25,5.5,1.8380566,164.67757,0,6.6170034
2021,33.25,5.75,1.861097,166.45006,0,6.699949
2021,33.25,6.0,1.9751348,168.17305,0,7.110485
2021,33.25,6.25,2.170799,139.9386,0,7.814876
2021,33.25,6.5,2.3401701,144.01219,0,8.424612
2021,33.25,6.75,2.4746764,146.42534,0,8.908834
2021,33.25,7.0,2.566808,144.9016,0,9.240508
2021,33.25,7.25,2.6042802,143.11418,0,9.375408
2021,33.25,7.5,2.6283798,140.75511,0,9.462167
2021,33.25,7.75,2.6372516,138.60027,0,9.494105
2021,33.25,8.0,2.670245,135.64948,0,9.612882
2021,33.25,8.25,2.658435,133.93796,0,9.570366
2021,33.25,8.5,2.6322334,133.20752,0,9.47604
2021,33.25,8.75,2.615294,131.94508,0,9.415058
2021,33.25,9.0,2.6444933,131.59462,0,9.520176
2021,33.25,9.25,2.6583557,131.00471,0,9.570081
2021,33.25,9.5,2.7635229,130.28712,0,9.948682
2021,33.25,9.75,2.7959821,130.9956,0,10.065536
2021,33.25,10.0,2.63141,134.2832,0,9.473075
2021,33.25,10.25,2.2983308,135.89386,0,8.273991
2021,33.25,10.5,2.230165,162.41972,0,8.028594
2021,33.25,10.75,2.4840229,159.82384,0,8.942482
2021,33.25,11.0,2.7208433,124.81918,0,9.795035
2021,33.25,11.25,3.078742,121.32734,0,11.083471
2021,33.25,11.5,3.210809,121.04935,0,11.558912
2021,33.25,11.75,3.266345,120.791534,0,11.7588415
2021,33.25,12.0,3.2808113,120.958954,0,11.810921
2021,33.0,-9.0,3.5670125,104.43658,0,12.841245
2021,33.0,-8.75,2.7588673,97.98562,0,9.931922
2021,33.0,-8.5,2.1378343,118.3285,0,7.696203
2021,33.0,-8.25,1.8137485,111.72244,0,6.5294943
2021,33.0,-8.0,1.7138091,139.31361,0,6.1697125
2021,33.0,-7.75,1.6800677,110.443,0,6.0482435
2021,33.0,-7.5,1.6158829,111.48643,0,5.8171782
2021,33.0,-7.25,1.526558,110.571144,0,5.495609
2021,33.0,-7.0,1.4510406,138.14134,0,5.2237463
2021,33.0,-6.75,1.4788455,194.68889,0,5.3238435
2021,33.0,-6.5,1.3905983,280.08627,0,5.0061536
2021,33.0,-6.25,1.0939088,275.95078,0,3.9380715
2021,33.0,-6.0,0.80689263,241.09314,0,2.9048133
2021,33.0,-5.75,0.6372615,236.81982,0,2.2941413
2021,33.0,-5.5,0.56402904,232.5697,0,2.0305045
2021,33.0,-5.25,0.73465204,260.2171,0,2.6447473
2021,33.0,-5.0,1.103017,269.72833,0,3.970861
2021,33.0,-4.75,1.2288959,269.55234,0,4.424025
2021,33.0,-4.5,1.0113306,267.7018,0,3.64079
2021,33.0,-4.25,0.944995,273.52084,0,3.4019818
2021,33.0,-4.0,0.9629249,158.8299,0,3.4665296
2021,33.0,-3.75,1.1680719,144.92296,0,4.2050586
2021,33.0,-3.5,1.345129,109.44227,0,4.8424644
2021,33.0,-3.25,1.2381247,179.37306,0,4.4572487
2021,33.0,-3.0,1.1983377,180.75587,0,4.3140154
2021,33.0,-2.75,1.0804937,177.58179,0,3.8897772
2021,33.0,-2.5,0.96315783,172.08025,0,3.4673681
2021,33.0,-2.25,0.9748082,174.28345,0,3.5093095
2021,33.0,-2.0,1.0023106,208.17181,0,3.608318
2021,33.0,-1.75,0.9492933,231.88347,0,3.417456
2021,33.0,-1.5,0.9202574,219.17827,0,3.3129265
2021,33.0,-1.25,0.9898574,210.14241,0,3.5634866
2021,33.0,-1.0,0.90098673,212.57802,0,3.2435522
2021,33.0,-0.75,0.7971101,217.78564,0,2.8695962
2021,33.0,-0.5,0.7767453,219.42188,0,2.796283
2021,33.0,-0.25,0.82444555,218.6888,0,2.968004
2021,33.0,0.0,0.8723932,221.88075,0,3.1406155
2021,33.0,0.25,1.061774,209.87337,0,3.8223863
2021,33.0,0.5,1.2020249,180.40251,0,4.3272896
2021,33.0,0.75,1.3015968,179.2043,0,4.685748
2021,33.0,1.0,1.3613782,177.44958,0,4.9009614
2021,33.0,1.25,1.3490387,176.98216,0,4.8565392
2021,33.0,1.5,1.3387111,178.98155,0,4.81936
2021,33.0,1.75,1.3825697,151.24846,0,4.9772506
2021,33.0,2.0,1.4448563,153.9781,0,5.2014823
2021,33.0,2.25,1.4890242,156.63768,0,5.360487
2021,33.0,2.5,1.559709,157.09752,0,5.614952
2021,33.0,2.75,1.6049079,158.57399,0,5.777668
2021,33.0,3.0,1.6583203,159.13539,0,5.969953
2021,33.0,3.25,1.7187304,157.79834,0,6.1874294
2021,33.0,3.5,1.7856406,150.51997,0,6.428306
2021,33.0,3.75,1.7968941,142.98996,0,6.4688187
2021,33.0,4.0,1.8317175,139.58095,0,6.594183
2021,33.0,4.25,1.8715702,137.09329,0,6.737653
2021,33.0,4.5,1.9074613,134.3014,0,6.8668604
2021,33.0,4.75,1.8939915,131.45622,0,6.818369
2021,33.0,5.0,1.8673412,131.50154,0,6.722428
2021,33.0,5.25,1.8491246,132.69768,0,6.6568484
2021,33.0,5.5,1.8578005,133.97997,0,6.6880817
2021,33.0,5.75,1.9173827,135.14677,0,6.9025774
2021,33.0,6.0,2.0253572,136.35574,0,7.291286
2021,33.0,6.25,2.1579072,137.84227,0,7.768466
2021,33.0,6.5,2.294103,141.54475,0,8.25877
2021,33.0,6.75,2.3933322,143.95071,0,8.615995
2021,33.0,7.0,2.4625332,142.8174,0,8.865119
2021,33.0,7.25,2.5034833,141.04138,0,9.01254
2021,33.0,7.5,2.525902,139.39998,0,9.093247
2021,33.0,7.75,2.5287669,137.71465,0,9.10356
2021,33.0,8.0,2.5184054,136.29182,0,9.066259
2021,33.0,8.25,2.5324857,136.17062,0,9.116948
2021,33.0,8.5,2.5294993,136.44957,0,9.106197
2021,33.0,8.75,2.5463445,136.82396,0,9.16684
2021,33.0,9.0,2.5963094,136.88675,0,9.346714
2021,33.0,9.25,2.6364367,137.29353,0,9.491172
2021,33.0,9.5,2.7319438,135.54364,0,9.834997
2021,33.0,9.75,2.7788723,134.88454,0,10.00394
2021,33.0,10.0,2.6779041,135.107,0,9.640454
2021,33.0,10.25,2.4136465,136.17285,0,8.689127
2021,33.0,10.5,2.204225,160.72243,0,7.93521
2021,33.0,10.75,2.13167,156.10992,0,7.6740117
2021,33.0,11.0,2.2065446,153.85466,0,7.9435606
2021,33.0,11.25,2.3786612,121.15029,0,8.56318
2021,33.0,11.5,2.546014,118.577515,0,9.16565
2021,33.0,11.75,2.7326124,117.11504,0,9.837404
2021,33.0,12.0,2.9486601,116.58789,0,10.615176
2021,32.75,-9.0,2.8821476,76.67494,0,10.3757305
2021,32.75,-8.75,2.231877,95.31466,0,8.034758
2021,32.75,-8.5,1.8881847,113.622246,0,6.797465
2021,32.75,-8.25,1.7828202,168.82625,0,6.418153
2021,32.75,-8.0,1.7721906,224.62126,0,6.3798857
2021,32.75,-7.75,1.8798934,229.45747,0,6.7676163
2021,32.75,-7.5,1.9213303,176.7282,0,6.916789
2021,32.75,-7.25,1.8865138,178.66998,0,6.7914495
2021,32.75,-7.0,1.7783176,174.17401,0,6.401943
2021,32.75,-6.75,1.6146067,256.61874,0,5.812584
2021,32.75,-6.5,1.2542154,280.5391,0,4.5151753
2021,32.75,-6.25,0.8339267,269.54178,0,3.002136
2021,32.75,-6.0,0.62256646,256.37808,0,2.2412393
2021,32.75,-5.75,0.5694445,235.19966,0,2.05
2021,32.75,-5.5,0.63443786,227.09523,0,2.2839763
2021,32.75,-5.25,0.9490764,239.50298,0,3.416675
2021,32.75,-5.0,1.2026356,252.0638,0,4.3294883
2021,32.75,-4.75,1.2413701,248.9424,0,4.468932
2021,32.75,-4.5,1.0627537,261.34024,0,3.8259132
2021,32.75,-4.25,0.9634896,266.26334,0,3.4685624
2021,32.75,-4.0,0.9274804,237.75545,0,3.3389294
2021,32.75,-3.75,0.9392798,267.943,0,3.3814073
2021,32.75,-3.5,1.0607152,268.81622,0,3.8185747
2021,32.75,-3.25,1.0893768,289.4827,0,3.9217565
2021,32.75,-3.0,0.9552793,182.74147,0,3.4390054
2021,32.75,-2.75,0.8432587,156.79271,0,3.035731
2021,32.75,-2.5,0.79575413,154.87994,0,2.8647149
2021,32.75,-2.25,0.8022743,151.51599,0,2.8881874
2021,32.75,-2.0,0.8436677,171.4611,0,3.0372036
2021,32.75,-1.75,0.7641416,172.87073,0,2.7509098
2021,32.75,-1.5,0.7195098,208.56267,0,2.5902352
2021,32.75,-1.25,0.7931301,212.42238,0,2.8552682
2021,32.75,-1.0,0.8450999,214.0863,0,3.0423596
2021,32.75,-0.75,0.8072813,217.16008,0,2.9062126
2021,32.75,-0.5,0.7925536,224.10475,0,2.8531928
2021,32.75,-0.25,0.8342646,232.35472,0,3.0033524
2021,32.75,0.0,0.8768818,239.31221,0,3.1567743
2021,32.75,0.25,1.0185616,185.33247,0,3.6668217
2021,32.75,0.5,1.1687056,186.9438,0,4.20734
2021,32.75,0.75,1.286938,186.70752,0,4.6329765
2021,32.75,1.0,1.3538996,184.92114,0,4.874038
2021,32.75,1.25,1.389531,154.3511,0,5.0023117
2021,32.75,1.5,1.4372978,154.99998,0,5.174272
2021,32.75,1.75,1.5045251,155.54738,0,5.4162903
2021,32.75,2.0,1.5644102,156.48904,0,5.6318765
2021,32.75,2.25,1.5948744,158.0773,0,5.7415476
2021,32.75,2.5,1.6405708,159.64186,0,5.9060545
2021,32.75,2.75,1.6951631,160.53549,0,6.102587
2021,32.75,3.0,1.7620097,159.67496,0,6.343235
2021,32.75,3.25,1.8282932,156.56169,0,6.5818553
2021,32.75,3.5,1.8700763,148.7816,0,6.7322745
2021,32.75,3.75,1.8437009,142.65028,0,6.637323
2021,32.75,4.0,1.8408862,138.96101,0,6.62719
2021,32.75,4.25,1.8589115,136.63043,0,6.6920815
2021,32.75,4.5,1.8905135,134.75934,0,6.8058486
2021,32.75,4.75,1.8946892,133.53491,0,6.820881
2021,32.75,5.0,1.8883052,132.59714,0,6.7978983
2021,32.75,5.25,1.8757223,132.89835,0,6.7526
2021,32.75,5.5,1.8808894,133.7942,0,6.7712016
2021,32.75,5.75,1.9611157,134.94844,0,7.0600166
2021,32.75,6.0,2.0649867,136.344,0,7.433952
2021,32.75,6.25,2.165736,137.96608,0,7.7966495
2021,32.75,6.5,2.2556033,139.91774,0,8.120172
2021,32.75,6.75,2.319609,141.08046,0,8.350592
2021,32.75,7.0,2.350226,141.11206,0,8.4608135
2021,32.75,7.25,2.3763857,140.26808,0,8.554988
2021,32.75,7.5,2.4104533,139.23409,0,8.677631
2021,32.75,7.75,2.4433484,138.26933,0,8.796054
2021,32.75,8.0,2.459329,138.04483,0,8.853583
2021,32.75,8.25,2.4711363,138.25235,0,8.8960905
2021,32.75,8.5,2.4846585,138.78526,0,8.94477
2021,32.75,8.75,2.5079374,139.40105,0,9.028575
2021,32.75,9.0,2.545437,139.7889,0,9.163573
2021,32.75,9.25,2.6109257,140.24828,0,9.399332
2021,32.75,9.5,2.7599905,138.39775,0,9.935966
2021,32.75,9.75,2.8244975,137.41896,0,10.168191
2021,32.75,10.0,2.6932032,137.04732,0,9.695531
2021,32.75,10.25,2.3474157,136.62508,0,8.450696
2021,32.75,10.5,2.130254,129.63464,0,7.6689143
2021,32.75,10.75,2.0875428,154.18945,0,7.515154
2021,32.75,11.0,2.1037157,151.90144,0,7.573376
2021,32.75,11.25,2.133673,121.11048,0,7.6812224
2021,32.75,11.5,2.1330047,120.34443,0,7.678817
2021,32.75,11.75,2.2399518,118.7966,0,8.063827
2021,32.75,12.0,2.279126,117.747215,0,8.204853
2021,32.5,-9.0,2.6235003,83.623116,0,9.444601
2021,32.5,-8.75,2.1615896,86.256996,0,7.7817225
2021,32.5,-8.5,1.9945899,115.57351,0,7.1805234
2021,32.5,-8.25,1.931651,171.89833,0,6.9539433
2021,32.5,-8.0,2.1344826,281.12656,0,7.6841373
2021,32.5,-7.75,2.2627919,304.78622,0,8.14605
2021,32.5,-7.5,2.0713124,308.81808,0,7.4567246
2021,32.5,-7.25,1.6898183,280.4926,0,6.0833454
2021,32.5,-7.0,1.4263315,274.67477,0,5.1347933
2021,32.5,-6.75,1.0699028,269.8508,0,3.85165
2021,32.5,-6.5,0.81996185,264.06464,0,2.9518626
2021,32.5,-6.25,0.7378177,252.18622,0,2.6561437
2021,32.5,-6.0,0.7306297,247.33665,0,2.630267
2021,32.5,-5.75,0.7145707,239.51062,0,2.5724545
2021,32.5,-5.5,0.7416508,232.33485,0,2.6699429
2021,32.5,-5.25,0.8435035,230.10272,0,3.0366125
2021,32.5,-5.0,0.9866745,238.69533,0,3.5520282
2021,32.5,-4.75,1.0375627,246.16118,0,3.7352257
2021,32.5,-4.5,0.80829024,249.65547,0,2.9098449
2021,32.5,-4.25,0.7706404,253.89366,0,2.7743053
2021,32.5,-4.0,0.81579036,259.2379,0,2.9368453
2021,32.5,-3.75,0.91211015,263.18546,0,3.2835965
2021,32.5,-3.5,0.98275906,270.15292,0,3.5379326
2021,32.5,-3.25,0.7912007,227.68367,0,2.8483224
2021,32.5,-3.0,0.7355657,146.3247,0,2.6480365
2021,32.5,-2.75,0.7639241,156.7297,0,2.7501268
2021,32.5,-2.5,0.8122379,149.81348,0,2.9240565
2021,32.5,-2.25,0.7916234,100.519226,0,2.8498442
2021,32.5,-2.0,0.6607865,158.72046,0,2.3788314
2021,32.5,-1.75,0.66491705,169.15904,0,2.3937013
2021,32.5,-1.5,0.7016553,201.78514,0,2.525959
2021,32.5,-1.25,0.75147676,206.06982,0,2.7053163
2021,32.5,-1.0,0.81835,205.87756,0,2.94606
2021,32.5,-0.75,0.75999284,198.99396,0,2.735974
2021,32.5,-0.5,0.790067,199.4394,0,2.8442411
2021,32.5,-0.25,0.89358234,185.7959,0,3.2168963
2021,32.5,0.0,0.97379994,159.91264,0,3.5056796
2021,32.5,0.25,1.0943145,162.0096,0,3.939532
2021,32.5,0.5,1.2524781,162.55351,0,4.508921
2021,32.5,0.75,1.3817471,162.58487,0,4.9742894
2021,32.5,1.0,1.4608331,160.72516,0,5.258999
2021,32.5,1.25,1.5189433,159.66292,0,5.468196
2021,32.5,1.5,1.5463248,158.69269,0,5.566769
2021,32.5,1.75,1.579558,158.2904,0,5.6864085
2021,32.5,2.0,1.5976105,157.82828,0,5.7513976
2021,32.5,2.25,1.6398082,158.19101,0,5.9033093
2021,32.5,2.5,1.70572,159.31815,0,6.1405916
2021,32.5,2.75,1.7593797,160.34506,0,6.333767
2021,32.5,3.0,1.8122944,159.2953,0,6.5242596
2021,32.5,3.25,1.8478304,155.68547,0,6.6521893
2021,32.5,3.5,1.8604465,148.37386,0,6.697607
2021,32.5,3.75,1.8346137,142.92607,0,6.604609
2021,32.5,4.0,1.8270718,139.99226,0,6.5774584
2021,32.5,4.25,1.8511615,138.11696,0,6.664181
2021,32.5,4.5,1.922213,136.90947,0,6.9199667
2021,32.5,4.75,1.9726099,135.94875,0,7.1013956
2021,32.5,5.0,1.9516581,134.48521,0,7.025969
2021,32.5,5.25,1.9148817,134.45839,0,6.8935738
2021,32.5,5.5,1.9094766,135.31822,0,6.874116
2021,32.5,5.75,1.9921495,136.55988,0,7.171738
2021,32.5,6.0,2.089277,137.1513,0,7.521397
2021,32.5,6.25,2.1692493,138.27782,0,7.809297
2021,32.5,6.5,2.2141383,139.26463,0,7.9708977
2021,32.5,6.75,2.2518346,140.01613,0,8.106605
2021,32.5,7.0,2.2839062,140.03146,0,8.222062
2021,32.5,7.25,2.3047256,139.98375,0,8.297012
2021,32.5,7.5,2.3300812,139.53262,0,8.388292
2021,32.5,7.75,2.3576884,139.45772,0,8.487679
2021,32.5,8.0,2.3919077,139.52437,0,8.6108675
2021,32.5,8.25,2.4088323,139.58287,0,8.671796
2021,32.5,8.5,2.4463246,139.6827,0,8.806768
2021,32.5,8.75,2.4899464,139.85518,0,8.963807
2021,32.5,9.0,2.5538695,139.86217,0,9.19393
2021,32.5,9.25,2.598657,139.96614,0,9.355165
2021,32.5,9.5,2.7113972,137.69553,0,9.761029
2021,32.5,9.75,2.7818568,136.47313,0,10.014684
2021,32.5,10.0,2.693414,135.88966,0,9.69629
2021,32.5,10.25,2.4286335,135.56583,0,8.74308
2021,32.5,10.5,2.1664903,130.18883,0,7.799365
2021,32.5,10.75,2.0979917,125.06158,0,7.55277
2021,32.5,11.0,2.0708501,122.76792,0,7.4550605
2021,32.5,11.25,2.0734477,122.05306,0,7.4644117
2021,32.5,11.5,2.0325696,121.366486,0,7.3172507
2021,32.5,11.75,2.0144465,120.42724,0,7.252007
2021,32.5,12.0,2.0049486,119.190254,0,7.217815
2021,32.25,-9.0,2.3315525,83.739174,0,8.393589
2021,32.25,-8.75,2.294214,98.52267,0,8.259171
2021,32.25,-8.5,2.1453197,121.35593,0,7.7231507
2021,32.25,-8.25,2.0302432,119.36032,0,7.308875
2021,32.25,-8.0,2.1481187,229.93018,0,7.7332273
2021,32.25,-7.75,2.101895,306.92914,0,7.566822
2021,32.25,-7.5,1.7952814,322.8014,0,6.4630127
2021,32.25,-7.25,1.4220208,287.592,0,5.1192746
2021,32.25,-7.0,1.0419327,277.95474,0,3.7509577
2021,32.25,-6.75,0.76924133,260.64627,0,2.7692688
2021,32.25,-6.5,0.62927854,248.82417,0,2.2654028
2021,32.25,-6.25,0.5215128,244.65477,0,1.877446
2021,32.25,-6.0,0.5149142,237.87201,0,1.8536911
2021,32.25,-5.75,0.7865028,232.96252,0,2.83141
2021,32.25,-5.5,1.0432104,238.58728,0,3.7555573
2021,32.25,-5.25,0.9565444,238.42796,0,3.4435596
2021,32.25,-5.0,0.7312846,238.45613,0,2.6326246
2021,32.25,-4.75,0.6906934,240.36104,0,2.4864962
2021,32.25,-4.5,0.675672,227.39565,0,2.432419
2021,32.25,-4.25,0.5914506,228.00008,0,2.129222
2021,32.25,-4.0,0.65527755,207.2259,0,2.358999
2021,32.25,-3.75,0.66369313,211.36627,0,2.389295
2021,32.25,-3.5,0.67500806,215.56177,0,2.430029
2021,32.25,-3.25,0.65654415,184.59514,0,2.3635588
2021,32.25,-3.0,0.6837954,172.33052,0,2.4616632
2021,32.25,-2.75,0.76134604,125.01017,0,2.7408457
2021,32.25,-2.5,0.8968523,107.80398,0,3.2286682
2021,32.25,-2.25,1.0587906,95.383934,0,3.811646
2021,32.25,-2.0,0.8552398,125.52071,0,3.0788631
2021,32.25,-1.75,0.8281203,183.37694,0,2.981233
2021,32.25,-1.5,0.88869756,198.46376,0,3.1993113
2021,32.25,-1.25,0.8378083,171.64429,0,3.01611
2021,32.25,-1.0,0.8633675,172.40105,0,3.1081228
2021,32.25,-0.75,0.8873946,168.3457,0,3.1946206
2021,32.25,-0.5,0.9549816,166.09973,0,3.4379337
2021,32.25,-0.25,1.0461394,165.21027,0,3.7661016
2021,32.25,0.0,1.1200143,165.3819,0,4.0320516
2021,32.25,0.25,1.222276,165.76274,0,4.400193
2021,32.25,0.5,1.3295088,166.05557,0,4.7862315
2021,32.25,0.75,1.4531516,165.57596,0,5.2313457
2021,32.25,1.0,1.5351032,162.67952,0,5.5263715
2021,32.25,1.25,1.5712551,161.59254,0,5.656518
2021,32.25,1.5,1.5934433,161.04814,0,5.736396
2021,32.25,1.75,1.6061612,160.85004,0,5.7821803
2021,32.25,2.0,1.6285168,160.44603,0,5.8626604
2021,32.25,2.25,1.6412927,159.8313,0,5.9086537
2021,32.25,2.5,1.6929703,159.81413,0,6.0946927
2021,32.25,2.75,1.761272,160.29974,0,6.340579
2021,32.25,3.0,1.8375459,158.63069,0,6.6151648
2021,32.25,3.25,1.8866673,154.75795,0,6.7920017
2021,32.25,3.5,1.8911086,148.35628,0,6.807991
2021,32.25,3.75,1.8552884,143.32336,0,6.679038
2021,32.25,4.0,1.8568445,140.43864,0,6.6846404
2021,32.25,4.25,1.8963975,139.24185,0,6.8270307
2021,32.25,4.5,1.958083,138.42726,0,7.049099
2021,32.25,4.75,1.9844569,137.49138,0,7.144045
2021,32.25,5.0,1.9517797,136.32822,0,7.026407
2021,32.25,5.25,1.9176217,136.17252,0,6.903438
2021,32.25,5.5,1.9304694,137.0768,0,6.94969
2021,32.25,5.75,2.023742,138.34686,0,7.285471
2021,32.25,6.0,2.103775,138.88554,0,7.57359
2021,32.25,6.25,2.1459563,139.23204,0,7.7254424
2021,32.25,6.5,2.1834643,139.71704,0,7.8604712
2021,32.25,6.75,2.2084754,140.15974,0,7.950511
2021,32.25,7.0,2.218518,140.38731,0,7.986665
2021,32.25,7.25,2.2422783,140.39235,0,8.072202
2021,32.25,7.5,2.2754924,140.64992,0,8.191772
2021,32.25,7.75,2.3083498,140.7382,0,8.31006
2021,32.25,8.0,2.3404264,140.7709,0,8.425535
2021,32.25,8.25,2.3824265,140.5652,0,8.5767355
2021,32.25,8.5,2.4192097,140.43399,0,8.709155
2021,32.25,8.75,2.4616735,139.91371,0,8.862024
2021,32.25,9.0,2.5112228,139.35187,0,9.040402
2021,32.25,9.25,2.5663598,139.08647,0,9.238894
2021,32.25,9.5,2.642789,136.42107,0,9.51404
2021,32.25,9.75,2.7256508,134.50427,0,9.812343
2021,32.25,10.0,2.725476,132.33852,0,9.811713
2021,32.25,10.25,2.5285962,131.40916,0,9.102946
2021,32.25,10.5,2.2119632,129.90883,0,7.963067
2021,32.25,10.75,2.0103667,128.29941,0,7.23732
2021,32.25,11.0,1.9507117,126.56309,0,7.022562
2021,32.25,11.25,1.8545941,126.06366,0,6.6765385
2021,32.25,11.5,1.7869056,152.17732,0,6.4328604
2021,32.25,11.75,1.7711797,142.67717,0,6.3762465
2021,32.25,12.0,1.7170678,143.6327,0,6.181444
2021,32.0,-9.0,2.046396,118.046364,0,7.3670254
2021,32.0,-8.75,2.2480712,150.89827,0,8.093056
2021,32.0,-8.5,2.3799376,127.68024,0,8.567776
2021,32.0,-8.25,2.2373428,156.38518,0,8.054434
2021,32.0,-8.0,2.0681016,182.87517,0,7.4451656
2021,32.0,-7.75,1.6918391,287.8728,0,6.0906205
2021,32.0,-7.5,1.3385891,302.36423,0,4.8189206
2021,32.0,-7.25,1.0227792,286.96823,0,3.6820052
2021,32.0,-7.0,0.7330806,265.42685,0,2.6390903
2021,32.0,-6.75,0.56921726,249.52034,0,2.0491822
2021,32.0,-6.5,0.5443782,249.6863,0,1.9597615
2021,32.0,-6.25,0.44194126,244.20416,0,1.5909885
2021,32.0,-6.0,0.5248212,228.6642,0,1.8893564
2021,32.0,-5.75,0.85101587,232.55464,0,3.063657
2021,32.0,-5.5,1.0881096,238.27,0,3.9171946
2021,32.0,-5.25,0.8066141,233.66638,0,2.9038107
2021,32.0,-5.0,0.6584882,232.00165,0,2.3705575
2021,32.0,-4.75,0.40582323,202.91011,0,1.4609636
2021,32.0,-4.5,0.39330506,190.28099,0,1.4158982
2021,32.0,-4.25,0.44828975,174.68579,0,1.6138431
2021,32.0,-4.0,0.60336804,166.47878,0,2.1721249
2021,32.0,-3.75,0.6951756,126.23315,0,2.5026321
2021,32.0,-3.5,0.71039027,177.32097,0,2.557405
2021,32.0,-3.25,0.7599173,175.35176,0,2.7357023
2021,32.0,-3.0,0.81778985,151.7806,0,2.9440434
2021,32.0,-2.75,0.8798824,121.20301,0,3.1675766
2021,32.0,-2.5,1.1118466,123.03107,0,4.0026474
2021,32.0,-2.25,1.2490865,128.51932,0,4.4967113
2021,32.0,-2.0,0.98986864,123.3537,0,3.563527
2021,32.0,-1.75,0.96092343,176.84967,0,3.4593244
2021,32.0,-1.5,0.9773183,171.6034,0,3.5183458
2021,32.0,-1.25,0.95937425,142.02586,0,3.4537473
2021,32.0,-1.0,1.029544,172.22075,0,3.7063582
2021,32.0,-0.75,1.12946,168.91505,0,4.066056
2021,32.0,-0.5,1.203669,167.5619,0,4.333208
2021,32.0,-0.25,1.2480588,169.20581,0,4.4930115
2021,32.0,0.0,1.3181003,169.49075,0,4.745161
2021,32.0,0.25,1.3596402,168.82387,0,4.894705
2021,32.0,0.5,1.456778,168.9295,0,5.244401
2021,32.0,0.75,1.4985085,167.03644,0,5.3946304
2021,32.0,1.0,1.5561606,164.22293,0,5.602178
2021,32.0,1.25,1.5783018,162.85616,0,5.681886
2021,32.0,1.5,1.6100103,163.06476,0,5.7960367
2021,32.0,1.75,1.629269,162.70042,0,5.8653684
2021,32.0,2.0,1.6713263,162.41309,0,6.0167747
2021,32.0,2.25,1.6996423,161.93027,0,6.118712
2021,32.0,2.5,1.7627081,161.68886,0,6.345749
2021,32.0,2.75,1.8215903,160.2512,0,6.557725
2021,32.0,3.0,1.8942527,158.54576,0,6.819309
2021,32.0,3.25,1.9166688,153.98517,0,6.9000072
2021,32.0,3.5,1.9264718,148.07375,0,6.9352984
2021,32.0,3.75,1.8899845,143.4307,0,6.803944
2021,32.0,4.0,1.8895036,140.66838,0,6.8022127
2021,32.0,4.25,1.9298302,139.46883,0,6.9473886
2021,32.0,4.5,1.9789602,139.36888,0,7.1242566
2021,32.0,4.75,2.0084598,138.80594,0,7.230455
2021,32.0,5.0,1.9762582,137.82414,0,7.114529
2021,32.0,5.25,1.9377142,138.20218,0,6.975771
2021,32.0,5.5,1.9465737,139.14539,0,7.007665
2021,32.0,5.75,2.0435088,140.21704,0,7.3566313
2021,32.0,6.0,2.1045673,140.20137,0,7.5764422
2021,32.0,6.25,2.1409223,140.44737,0,7.70732
2021,32.0,6.5,2.1551316,140.54684,0,7.7584734
2021,32.0,6.75,2.1831908,140.70015,0,7.8594866
2021,32.0,7.0,2.1906803,141.06628,0,7.886449
2021,32.0,7.25,2.2037518,141.36664,0,7.9335065
2021,32.0,7.5,2.2366412,141.56921,0,8.051908
2021,32.0,7.75,2.2754292,141.629,0,8.1915455
2021,32.0,8.0,2.3050435,141.63802,0,8.298156
2021,32.0,8.25,2.3467257,141.3345,0,8.448213
2021,32.0,8.5,2.3957155,140.67334,0,8.624576
2021,32.0,8.75,2.4372451,140.03284,0,8.774082
2021,32.0,9.0,2.4679644,138.73776,0,8.884671
2021,32.0,9.25,2.5089161,137.5762,0,9.032098
2021,32.0,9.5,2.576139,134.58884,0,9.2741
2021,32.0,9.75,2.6324697,131.61769,0,9.476891
2021,32.0,10.0,2.630603,129.92018,0,9.470171
2021,32.0,10.25,2.576537,129.49365,0,9.275533
2021,32.0,10.5,2.2980425,130.28049,0,8.272953
2021,32.0,10.75,2.0652964,131.35576,0,7.4350667
2021,32.0,11.0,1.8536459,133.69731,0,6.6731253
2021,32.0,11.25,1.7408109,136.4304,0,6.266919
2021,32.0,11.5,1.6674587,140.56143,0,6.002851
2021,32.0,11.75,1.6513275,145.46751,0,5.944779
2021,32.0,12.0,1.6055889,148.44388,0,5.78012
2021,31.75,-9.0,1.8155813,118.002045,0,6.5360928
2021,31.75,-8.75,2.134681,180.19055,0,7.684851
2021,31.75,-8.5,2.2727706,153.93571,0,8.181974
2021,31.75,-8.25,1.7292565,156.75685,0,6.225323
2021,31.75,-8.0,1.3580832,158.20323,0,4.8890996
2021,31.75,-7.75,0.94947773,241.89417,0,3.4181197
2021,31.75,-7.5,0.87245375,266.9941,0,3.1408334
2021,31.75,-7.25,0.62138003,276.12326,0,2.236968
2021,31.75,-7.0,0.5203418,266.49207,0,1.8732305
2021,31.75,-6.75,0.37878463,250.2411,0,1.3636246
2021,31.75,-6.5,0.33252183,233.6416,0,1.1970786
2021,31.75,-6.25,0.39831153,231.96498,0,1.4339215
2021,31.75,-6.0,0.6822319,240.48137,0,2.456035
2021,31.75,-5.75,0.91043234,243.84074,0,3.2775564
2021,31.75,-5.5,0.86834794,233.16536,0,3.1260526
2021,31.75,-5.25,0.6368618,229.4327,0,2.2927024
2021,31.75,-5.0,0.46835363,193.39552,0,1.6860731
2021,31.75,-4.75,0.43339226,171.56224,0,1.5602121
2021,31.75,-4.5,0.55130625,139.3993,0,1.9847025
2021,31.75,-4.25,0.7299351,115.42853,0,2.6277664
2021,31.75,-4.0,0.9138756,113.05755,0,3.289952
2021,31.75,-3.75,1.0051506,134.60954,0,3.618542
2021,31.75,-3.5,0.99898666,146.71576,0,3.5963519
2021,31.75,-3.25,0.8750376,146.89696,0,3.1501353
2021,31.75,-3.0,0.8646655,148.67682,0,3.1127958
2021,31.75,-2.75,1.0105506,124.16151,0,3.6379821
2021,31.75,-2.5,1.2548803,125.75665,0,4.517569
2021,31.75,-2.25,1.3397852,125.44608,0,4.8232265
2021,31.75,-2.0,1.0933242,119.95596,0,3.935967
2021,31.75,-1.75,1.0317744,115.06431,0,3.7143877
2021,31.75,-1.5,1.0597339,110.399086,0,3.8150418
2021,31.75,-1.25,1.240037,114.65637,0,4.464133
2021,31.75,-1.0,1.3609605,115.46887,0,4.8994575
2021,31.75,-0.75,1.4286451,142.63406,0,5.143122
2021,31.75,-0.5,1.4176043,170.56657,0,5.1033754
2021,31.75,-0.25,1.459617,111.7425,0,5.254621
2021,31.75,0.0,1.5079188,141.13083,0,5.428508
2021,31.75,0.25,1.532104,170.38934,0,5.5155745
2021,31.75,0.5,1.557083,169.93297,0,5.605499
2021,31.75,0.75,1.5984203,168.15242,0,5.754313
2021,31.75,1.0,1.5884169,166.05316,0,5.718301
2021,31.75,1.25,1.6052192,164.64763,0,5.778789
2021,31.75,1.5,1.6448668,164.76079,0,5.92152
2021,31.75,1.75,1.6935048,164.24828,0,6.096617
2021,31.75,2.0,1.7398106,163.7269,0,6.263318
2021,31.75,2.25,1.7904114,163.36171,0,6.445481
2021,31.75,2.5,1.858501,162.61101,0,6.6906033
2021,31.75,2.75,1.9146792,160.93918,0,6.8928447
2021,31.75,3.0,1.919082,157.12624,0,6.908695
2021,31.75,3.25,1.9355654,152.63292,0,6.968035
2021,31.75,3.5,1.9472858,147.61302,0,7.0102286
2021,31.75,3.75,1.9304518,143.91057,0,6.949626
2021,31.75,4.0,1.9319717,141.27672,0,6.9550977
2021,31.75,4.25,1.9576415,140.08662,0,7.047509
2021,31.75,4.5,2.0010896,140.03748,0,7.2039223
2021,31.75,4.75,2.026508,139.83308,0,7.2954288
2021,31.75,5.0,2.016328,139.80284,0,7.258781
2021,31.75,5.25,1.9772817,140.18626,0,7.118214
2021,31.75,5.5,1.9901026,141.06026,0,7.1643696
2021,31.75,5.75,2.070679,142.18048,0,7.454444
2021,31.75,6.0,2.1183116,141.91457,0,7.6259217
2021,31.75,6.25,2.131685,141.84898,0,7.674066
2021,31.75,6.5,2.1472337,141.86076,0,7.730041
2021,31.75,6.75,2.1615274,141.91037,0,7.7814984
2021,31.75,7.0,2.1661508,142.2015,0,7.798143
2021,31.75,7.25,2.1799095,142.38263,0,7.847674
2021,31.75,7.5,2.2067626,142.3178,0,7.944345
2021,31.75,7.75,2.2435396,142.3478,0,8.076742
2021,31.75,8.0,2.2790687,142.1412,0,8.204647
2021,31.75,8.25,2.3123014,141.7149,0,8.324285
2021,31.75,8.5,2.3578627,140.98558,0,8.488305
2021,31.75,8.75,2.3922994,139.37587,0,8.612278
2021,31.75,9.0,2.4250257,137.80426,0,8.730092
2021,31.75,9.25,2.4472406,136.07294,0,8.810066
2021,31.75,9.5,2.484615,133.35733,0,8.944614
2021,31.75,9.75,2.542478,130.34505,0,9.152921
2021,31.75,10.0,2.5774782,129.09064,0,9.278921
2021,31.75,10.25,2.55361,129.3805,0,9.192996
2021,31.75,10.5,2.367015,130.26988,0,8.521254
2021,31.75,10.75,2.2720993,131.51022,0,8.179557
2021,31.75,11.0,2.0523746,133.7491,0,7.3885484
2021,31.75,11.25,1.9435987,136.44044,0,6.9969554
2021,31.75,11.5,1.8386732,137.38286,0,6.6192236
2021,31.75,11.75,1.7975478,137.85435,0,6.471172
2021,31.75,12.0,1.7173198,136.5683,0,6.182351
2021,31.5,-9.0,1.696817,64.71268,0,6.108541
2021,31.5,-8.75,1.8137363,71.20339,0,6.5294504
2021,31.5,-8.5,1.5638596,208.85663,0,5.6298943
2021,31.5,-8.25,1.0106281,211.20763,0,3.638261
2021,31.5,-8.0,0.5926704,221.23909,0,2.1336133
2021,31.5,-7.75,0.4849346,200.3643,0,1.7457645
2021,31.5,-7.5,0.5262844,272.2923,0,1.8946238
2021,31.5,-7.25,0.39592898,234.57343,0,1.4253442
2021,31.5,-7.0,0.35251442,257.51144,0,1.2690519
2021,31.5,-6.75,0.429319,230.82402,0,1.5455483
2021,31.5,-6.5,0.5143089,210.21204,0,1.8515121
2021,31.5,-6.25,0.74477965,244.88963,0,2.6812067
2021,31.5,-6.0,0.7665232,253.65521,0,2.7594833
2021,31.5,-5.75,0.88551235,256.36404,0,3.1878443
2021,31.5,-5.5,0.7150581,233.79555,0,2.574209
2021,31.5,-5.25,0.59028,198.71234,0,2.1250079
2021,31.5,-5.0,0.48926902,177.77992,0,1.7613684
2021,31.5,-4.75,0.61987346,153.74461,0,2.2315445
2021,31.5,-4.5,0.81767684,147.84517,0,2.9436367
2021,31.5,-4.25,1.0302225,121.87478,0,3.708801
2021,31.5,-4.0,1.3102885,119.529564,0,4.7170386
2021,31.5,-3.75,1.4025587,126.59336,0,5.049211
2021,31.5,-3.5,1.2866751,130.00438,0,4.63203
2021,31.5,-3.25,1.0650853,153.73296,0,3.834307
2021,31.5,-3.0,1.032947,155.0734,0,3.7186089
2021,31.5,-2.75,1.1360427,126.9576,0,4.0897536
2021,31.5,-2.5,1.3836433,128.088,0,4.981116
2021,31.5,-2.25,1.5060043,125.82511,0,5.4216156
2021,31.5,-2.0,1.336443,121.84568,0,4.8111944
2021,31.5,-1.75,1.2833427,118.37002,0,4.6200337
2021,31.5,-1.5,1.320365,116.430016,0,4.7533135
2021,31.5,-1.25,1.5332562,118.39956,0,5.519722
2021,31.5,-1.0,1.6370097,118.05359,0,5.8932347
2021,31.5,-0.75,1.6096659,116.12955,0,5.794797
2021,31.5,-0.5,1.5956511,114.22626,0,5.7443438
2021,31.5,-0.25,1.5853739,112.352684,0,5.707346
2021,31.5,0.0,1.616155,111.084755,0,5.818158
2021,31.5,0.25,1.6349378,110.35195,0,5.8857756
2021,31.5,0.5,1.6566472,139.932,0,5.9639297
2021,31.5,0.75,1.6769716,139.03386,0,6.0370975
2021,31.5,1.0,1.6594461,137.23273,0,5.9740057
2021,31.5,1.25,1.6814305,166.40129,0,6.0531497
2021,31.5,1.5,1.735988,136.34148,0,6.2495565
2021,31.5,1.75,1.790152,165.69324,0,6.4445467
2021,31.5,2.0,1.8298548,163.96977,0,6.587477
2021,31.5,2.25,1.8813549,163.42805,0,6.7728777
2021,31.5,2.5,1.9429841,162.37091,0,6.9947424
2021,31.5,2.75,1.9594744,159.3701,0,7.0541077
2021,31.5,3.0,1.9693555,155.5356,0,7.0896797
2021,31.5,3.25,1.9401946,151.46678,0,6.9847
2021,31.5,3.5,1.9403744,147.09308,0,6.9853477
2021,31.5,3.75,1.9354569,143.773,0,6.9676447
2021,31.5,4.0,1.966168,142.10448,0,7.0782046
2021,31.5,4.25,1.9931874,141.00398,0,7.1754746
2021,31.5,4.5,2.0174625,140.83342,0,7.2628646
2021,31.5,4.75,2.0251653,140.74695,0,7.290595
2021,31.5,5.0,2.0209513,140.88902,0,7.2754245
2021,31.5,5.25,2.0337856,142.09277,0,7.321628
2021,31.5,5.5,2.0528529,142.9045,0,7.39027
2021,31.5,5.75,2.0990255,143.77269,0,7.5564914
2021,31.5,6.0,2.1124938,143.70088,0,7.604977
2021,31.5,6.25,2.1266716,143.51527,0,7.6560173
2021,31.5,6.5,2.1393209,143.18669,0,7.701555
2021,31.5,6.75,2.1483972,143.08672,0,7.7342296
2021,31.5,7.0,2.1474013,143.22028,0,7.7306447
2021,31.5,7.25,2.160763,143.07127,0,7.7787466
2021,31.5,7.5,2.1871817,142.98479,0,7.873854
2021,31.5,7.75,2.2123325,142.83318,0,7.964397
2021,31.5,8.0,2.2472646,142.46893,0,8.090153
2021,31.5,8.25,2.2758596,141.95715,0,8.193094
2021,31.5,8.5,2.3011768,140.78262,0,8.284236
2021,31.5,8.75,2.3344584,138.81487,0,8.40405
2021,31.5,9.0,2.3619952,136.37202,0,8.503182
2021,31.5,9.25,2.3748252,134.7122,0,8.549371
2021,31.5,9.5,2.4090037,132.0902,0,8.672413
2021,31.5,9.75,2.429073,130.30115,0,8.744663
2021,31.5,10.0,2.4624426,129.22133,0,8.864793
2021,31.5,10.25,2.4832559,130.06021,0,8.939721
2021,31.5,10.5,2.4347374,131.1072,0,8.765055
2021,31.5,10.75,2.3527086,132.56696,0,8.46975
2021,31.5,11.0,2.307241,133.53706,0,8.306067
2021,31.5,11.25,2.2044,135.96608,0,7.93584
2021,31.5,11.5,2.0802126,136.85387,0,7.4887652
2021,31.5,11.75,2.0010254,136.22424,0,7.2036915
2021,31.5,12.0,1.9383593,135.6143,0,6.978093
2021,31.25,-9.0,1.5064949,67.3635,0,5.4233813
2021,31.25,-8.75,1.1008885,62.534046,0,3.9631984
2021,31.25,-8.5,0.72543687,109.42092,0,2.6115727
2021,31.25,-8.25,0.5910487,218.07848,0,2.1277754
2021,31.25,-8.0,0.42920375,280.14197,0,1.5451335
2021,31.25,-7.75,0.36641762,274.75296,0,1.3191034
2021,31.25,-7.5,0.37963593,265.16376,0,1.3666893
2021,31.25,-7.25,0.486055,244.93105,0,1.7497979
2021,31.25,-7.0,0.5626374,220.59477,0,2.0254946
2021,31.25,-6.75,0.6308849,253.19197,0,2.2711856
2021,31.25,-6.5,0.7341555,237.63802,0,2.6429596
2021,31.25,-6.25,0.7635707,235.19604,0,2.7488546
2021,31.25,-6.0,0.7963698,238.12029,0,2.8669312
2021,31.25,-5.75,0.8029403,237.52165,0,2.890585
2021,31.25,-5.5,0.75387555,205.2729,0,2.7139518
2021,31.25,-5.25,0.7392861,187.31126,0,2.66143
2021,31.25,-5.0,0.69809526,166.45451,0,2.5131428
2021,31.25,-4.75,0.83337504,159.88878,0,3.00015
2021,31.25,-4.5,0.9980797,128.34448,0,3.593087
2021,31.25,-4.25,1.22816,130.03035,0,4.4213758
2021,31.25,-4.0,1.5166365,125.16453,0,5.4598913
2021,31.25,-3.75,1.6460872,121.956116,0,5.925914
2021,31.25,-3.5,1.5101036,131.40768,0,5.4363728
2021,31.25,-3.25,1.2432526,157.79994,0,4.4757094
2021,31.25,-3.0,1.1532583,155.42516,0,4.15173
2021,31.25,-2.75,1.2494605,126.656395,0,4.4980574
2021,31.25,-2.5,1.4866103,130.53821,0,5.351797
2021,31.25,-2.25,1.716208,127.69651,0,6.1783485
2021,31.25,-2.0,1.6458535,125.060425,0,5.9250727
2021,31.25,-1.75,1.6410064,124.38099,0,5.907623
2021,31.25,-1.5,1.6639737,123.295105,0,5.990305
2021,31.25,-1.25,1.6808211,120.353035,0,6.050956
2021,31.25,-1.0,1.6975526,118.50614,0,6.111189
2021,31.25,-0.75,1.667842,116.98582,0,6.004231
2021,31.25,-0.5,1.6836352,115.62954,0,6.0610867
2021,31.25,-0.25,1.6705742,113.71292,0,6.0140667
2021,31.25,0.0,1.6723857,111.745705,0,6.0205884
2021,31.25,0.25,1.6929073,110.92858,0,6.094466
2021,31.25,0.5,1.704481,109.585686,0,6.1361313
2021,31.25,0.75,1.7242209,138.61237,0,6.207195
2021,31.25,1.0,1.749899,137.75903,0,6.2996364
2021,31.25,1.25,1.7833306,137.60316,0,6.41999
2021,31.25,1.5,1.8473922,137.47868,0,6.650612
2021,31.25,1.75,1.879284,136.14166,0,6.7654223
2021,31.25,2.0,1.9151255,134.30577,0,6.8944516
2021,31.25,2.25,1.9514624,162.49664,0,7.0252643
2021,31.25,2.5,2.0013678,160.89592,0,7.204924
2021,31.25,2.75,2.0151052,158.03282,0,7.254379
2021,31.25,3.0,2.000561,154.39355,0,7.202019
2021,31.25,3.25,1.9672223,150.18408,0,7.0820003
2021,31.25,3.5,1.9401059,146.27425,0,6.984381
2021,31.25,3.75,1.9484459,144.10841,0,7.0144053
2021,31.25,4.0,1.9837202,142.55563,0,7.1413927
2021,31.25,4.25,2.0109653,142.20612,0,7.2394753
2021,31.25,4.5,2.0325758,142.0204,0,7.3172727
2021,31.25,4.75,2.0291362,141.82971,0,7.30489
2021,31.25,5.0,2.0257354,142.91516,0,7.2926474
2021,31.25,5.25,2.0449293,143.96983,0,7.3617454
2021,31.25,5.5,2.0795357,144.62611,0,7.4863286
2021,31.25,5.75,2.1128242,145.06561,0,7.606167
2021,31.25,6.0,2.1165266,145.0598,0,7.6194954
2021,31.25,6.25,2.1246843,144.74898,0,7.6488633
2021,31.25,6.5,2.1383142,144.3184,0,7.6979313
2021,31.25,6.75,2.148504,143.94199,0,7.7346144
2021,31.25,7.0,2.1474833,143.91704,0,7.73094
2021,31.25,7.25,2.1596386,143.59985,0,7.7746987
2021,31.25,7.5,2.168396,143.33195,0,7.8062253
2021,31.25,7.75,2.1913838,143.22557,0,7.888982
2021,31.25,8.0,2.2087426,142.62822,0,7.951473
2021,31.25,8.25,2.2292309,141.77504,0,8.025231
2021,31.25,8.5,2.2523973,140.50005,0,8.10863
2021,31.25,8.75,2.273671,138.64949,0,8.185215
2021,31.25,9.0,2.2965043,135.01277,0,8.267415
2021,31.25,9.25,2.3050175,133.32825,0,8.298062
2021,31.25,9.5,2.3171554,131.096,0,8.341759
2021,31.25,9.75,2.336395,129.16452,0,8.411022
2021,31.25,10.0,2.3468368,128.64557,0,8.448612
2021,31.25,10.25,2.3665717,130.38184,0,8.519658
2021,31.25,10.5,2.3620684,131.8498,0,8.503446
2021,31.25,10.75,2.3623435,133.20413,0,8.5044365
2021,31.25,11.0,2.3147495,134.41484,0,8.333097
2021,31.25,11.25,2.2422926,135.3858,0,8.072253
2021,31.25,11.5,2.1265042,135.9087,0,7.655415
2021,31.25,11.75,2.046548,135.4234,0,7.3675723
2021,31.25,12.0,2.0050755,135.68279,0,7.2182713
2021,31.0,-9.0,0.6623821,73.48974,0,2.3845756
2021,31.0,-8.75,0.35871732,82.03362,0,1.2913823
2021,31.0,-8.5,0.26571414,144.23802,0,0.95657086
2021,31.0,-8.25,0.24776024,177.19197,0,0.89193684
2021,31.0,-8.0,0.35117304,174.93512,0,1.264223
2021,31.0,-7.75,0.6303432,248.91052,0,2.2692354
2021,31.0,-7.5,0.7103426,262.72855,0,2.5572333
2021,31.0,-7.25,0.7010692,271.11404,0,2.523849
2021,31.0,-7.0,0.7011909,263.1958,0,2.5242872
2021,31.0,-6.75,0.66557753,251.18379,0,2.396079
2021,31.0,-6.5,0.57543653,232.92647,0,2.0715714
2021,31.0,-6.25,0.608713,230.39558,0,2.1913667
2021,31.0,-6.0,0.6894602,212.59576,0,2.4820566
2021,31.0,-5.75,0.8461828,202.20161,0,3.046258
2021,31.0,-5.5,0.9490378,197.22571,0,3.4165359
2021,31.0,-5.25,0.85279673,167.11565,0,3.0700681
2021,31.0,-5.0,0.81847554,164.06258,0,2.946512
2021,31.0,-4.75,0.90090156,136.76031,0,3.2432456
2021,31.0,-4.5,1.0898689,137.98871,0,3.923528
2021,31.0,-4.25,1.4100574,138.00073,0,5.0762067
2021,31.0,-4.0,1.6779176,135.06783,0,6.040503
2021,31.0,-3.75,1.7734843,131.05014,0,6.3845434
2021,31.0,-3.5,1.6433588,129.54613,0,5.9160914
2021,31.0,-3.25,1.3845342,128.46631,0,4.984323
2021,31.0,-3.0,1.246277,125.9899,0,4.486597
2021,31.0,-2.75,1.2521013,126.81406,0,4.5075645
2021,31.0,-2.5,1.4704467,129.00833,0,5.293608
2021,31.0,-2.25,1.8339677,126.444855,0,6.6022835
2021,31.0,-2.0,1.9416212,125.30276,0,6.989836
2021,31.0,-1.75,1.90588,126.03412,0,6.861168
2021,31.0,-1.5,1.8162221,125.22098,0,6.538399
2021,31.0,-1.25,1.7377172,121.40466,0,6.2557817
2021,31.0,-1.0,1.6907271,120.051155,0,6.0866175
2021,31.0,-0.75,1.7006954,118.44644,0,6.1225033
2021,31.0,-0.5,1.7291752,117.10602,0,6.2250304
2021,31.0,-0.25,1.7569069,115.79417,0,6.3248644
2021,31.0,0.0,1.7631922,113.80628,0,6.3474917
2021,31.0,0.25,1.7752194,112.00382,0,6.39079
2021,31.0,0.5,1.7806994,110.42242,0,6.4105177
2021,31.0,0.75,1.7989613,108.96455,0,6.4762607
2021,31.0,1.0,1.8381567,108.15155,0,6.617364
2021,31.0,1.25,1.8798122,107.77535,0,6.767324
2021,31.0,1.5,1.9242034,136.67804,0,6.927132
2021,31.0,1.75,1.9521198,135.48303,0,7.0276313
2021,31.0,2.0,1.9761068,133.87163,0,7.113984
2021,31.0,2.25,2.0121667,132.01454,0,7.2438
2021,31.0,2.5,2.0651157,129.82349,0,7.4344163
2021,31.0,2.75,2.078571,127.0004,0,7.482856
2021,31.0,3.0,2.0676768,153.29951,0,7.4436364
2021,31.0,3.25,2.0331833,149.61235,0,7.31946
2021,31.0,3.5,1.9868909,146.06013,0,7.152807
2021,31.0,3.75,1.9989004,144.217,0,7.196041
2021,31.0,4.0,2.0203693,143.32724,0,7.2733293
2021,31.0,4.25,2.0460598,143.0959,0,7.365815
2021,31.0,4.5,2.0506165,143.6281,0,7.3822193
2021,31.0,4.75,2.0446978,143.89569,0,7.360912
2021,31.0,5.0,2.0423677,145.13435,0,7.3525233
2021,31.0,5.25,2.065666,146.00763,0,7.436397
2021,31.0,5.5,2.0997052,146.66072,0,7.5589385
2021,31.0,5.75,2.1257956,146.54341,0,7.652864
2021,31.0,6.0,2.133394,146.01945,0,7.680218
2021,31.0,6.25,2.1365662,145.71198,0,7.691638
2021,31.0,6.5,2.1436262,145.39912,0,7.7170544
2021,31.0,6.75,2.1552718,144.94368,0,7.7589784
2021,31.0,7.0,2.1641188,144.64528,0,7.7908273
2021,31.0,7.25,2.159411,144.24602,0,7.773879
2021,31.0,7.5,2.165314,143.85445,0,7.7951303
2021,31.0,7.75,2.1730855,143.09555,0,7.8231072
2021,31.0,8.0,2.180924,142.13615,0,7.851326
2021,31.0,8.25,2.1904738,140.88159,0,7.8857055
2021,31.0,8.5,2.1972234,139.84245,0,7.910004
2021,31.0,8.75,2.2180183,137.76143,0,7.9848657
2021,31.0,9.0,2.240805,134.62715,0,8.066897
2021,31.0,9.25,2.2483249,132.16243,0,8.093969
2021,31.0,9.5,2.2489765,129.68675,0,8.096315
2021,31.0,9.75,2.2436602,128.69499,0,8.077176
2021,31.0,10.0,2.249008,128.40086,0,8.096428
2021,31.0,10.25,2.2742696,129.24342,0,8.18737
2021,31.0,10.5,2.326382,131.38164,0,8.374974
2021,31.0,10.75,2.338844,133.59013,0,8.419838
2021,31.0,11.0,2.312135,135.80458,0,8.323686
2021,31.0,11.25,2.2339625,137.005,0,8.042265
2021,31.0,11.5,2.1337328,137.17159,0,7.681438
2021,31.0,11.75,2.0843625,137.1502,0,7.503705
2021,31.0,12.0,2.0547934,137.78712,0,7.397256
2021,30.75,-9.0,0.43477508,224.7378,0,1.5651903
2021,30.75,-8.75,0.49221858,219.6427,0,1.7719868
2021,30.75,-8.5,0.5285515,213.14116,0,1.9027854
2021,30.75,-8.25,0.47921762,210.59747,0,1.7251834
2021,30.75,-8.0,0.51303244,186.70496,0,1.8469167
2021,30.75,-7.75,0.9251389,233.1733,0,3.3305
2021,30.75,-7.5,1.2995409,256.51062,0,4.678347
2021,30.75,-7.25,1.4017606,252.20415,0,5.046338
2021,30.75,-7.0,1.2275776,240.64978,0,4.419279
2021,30.75,-6.75,1.157436,225.90034,0,4.1667695
2021,30.75,-6.5,0.88586444,210.90096,0,3.189112
2021,30.75,-6.25,0.7831666,202.53511,0,2.8193996
2021,30.75,-6.0,0.83062506,202.34253,0,2.99025
2021,30.75,-5.75,0.82761645,170.19363,0,2.9794192
2021,30.75,-5.5,0.7892864,167.60834,0,2.841431
2021,30.75,-5.25,0.7149558,162.01955,0,2.5738409
2021,30.75,-5.0,0.7618194,154.21228,0,2.74255
2021,30.75,-4.75,0.9829641,147.25508,0,3.5386708
2021,30.75,-4.5,1.2132887,146.68373,0,4.367839
2021,30.75,-4.25,1.473924,145.27156,0,5.3061266
2021,30.75,-4.0,1.7243751,143.05455,0,6.2077503
2021,30.75,-3.75,1.816619,139.76729,0,6.5398283
2021,30.75,-3.5,1.719268,134.58636,0,6.1893644
2021,30.75,-3.25,1.4884396,133.17784,0,5.358382
2021,30.75,-3.0,1.3855153,131.86188,0,4.987855
2021,30.75,-2.75,1.393299,131.50542,0,5.0158763
2021,30.75,-2.5,1.5357127,133.44849,0,5.5285654
2021,30.75,-2.25,1.8592685,129.96074,0,6.6933665
2021,30.75,-2.0,2.0285766,124.71935,0,7.3028755
2021,30.75,-1.75,2.0204127,125.087,0,7.2734857
2021,30.75,-1.5,1.9293908,126.58963,0,6.9458065
2021,30.75,-1.25,1.8205374,123.20188,0,6.5539346
2021,30.75,-1.0,1.77292,121.39327,0,6.382512
2021,30.75,-0.75,1.7692537,119.24828,0,6.3693132
2021,30.75,-0.5,1.7891884,117.6957,0,6.441078
2021,30.75,-0.25,1.8247356,116.76635,0,6.569048
2021,30.75,0.0,1.8507994,115.542206,0,6.662878
2021,30.75,0.25,1.8668717,113.07394,0,6.720738
2021,30.75,0.5,1.8792561,110.8132,0,6.7653217
2021,30.75,0.75,1.9010158,109.10006,0,6.8436565
2021,30.75,1.0,1.9325961,108.05074,0,6.957346
2021,30.75,1.25,1.9628154,107.188774,0,7.0661354
2021,30.75,1.5,1.9840045,105.54299,0,7.142416
2021,30.75,1.75,2.0083811,103.779396,0,7.2301717
2021,30.75,2.0,2.0438354,131.9959,0,7.357807
2021,30.75,2.25,2.101935,130.33754,0,7.5669656
2021,30.75,2.5,2.1406093,128.17906,0,7.706193
2021,30.75,2.75,2.159373,125.494606,0,7.7737427
2021,30.75,3.0,2.145277,122.64291,0,7.722997
2021,30.75,3.25,2.1067975,149.55907,0,7.5844707
2021,30.75,3.5,2.0441988,146.91328,0,7.359115
2021,30.75,3.75,2.0366652,145.36452,0,7.3319945
2021,30.75,4.0,2.0486767,144.62491,0,7.375236
2021,30.75,4.25,2.061612,144.65242,0,7.4218025
2021,30.75,4.5,2.0704472,145.14223,0,7.45361
2021,30.75,4.75,2.0710285,146.06216,0,7.4557023
2021,30.75,5.0,2.0913122,147.27464,0,7.5287237
2021,30.75,5.25,2.1193724,147.7386,0,7.62974
2021,30.75,5.5,2.1400478,147.38231,0,7.7041717
2021,30.75,5.75,2.135826,147.29541,0,7.688974
2021,30.75,6.0,2.1366842,146.52806,0,7.692063
2021,30.75,6.25,2.1491275,145.97723,0,7.736859
2021,30.75,6.5,2.1617143,145.57004,0,7.7821712
2021,30.75,6.75,2.1640708,145.22765,0,7.7906547
2021,30.75,7.0,2.163314,144.59932,0,7.7879305
2021,30.75,7.25,2.15965,144.0132,0,7.77474
2021,30.75,7.5,2.1629164,142.67804,0,7.786499
2021,30.75,7.75,2.1712115,140.94466,0,7.816361
2021,30.75,8.0,2.1627316,139.75652,0,7.785834
2021,30.75,8.25,2.1369803,139.82396,0,7.693129
2021,30.75,8.5,2.1395497,139.16795,0,7.7023787
2021,30.75,8.75,2.1604292,137.64778,0,7.777545
2021,30.75,9.0,2.1863883,132.70882,0,7.8709974
2021,30.75,9.25,2.2010164,130.0067,0,7.923659
2021,30.75,9.5,2.1891754,128.16968,0,7.881031
2021,30.75,9.75,2.1799803,127.56454,0,7.847929
2021,30.75,10.0,2.191158,127.25833,0,7.888169
2021,30.75,10.25,2.2252142,127.54587,0,8.010771
2021,30.75,10.5,2.3033357,131.05833,0,8.292008
2021,30.75,10.75,2.3401988,135.05028,0,8.424715
2021,30.75,11.0,2.3246114,137.66655,0,8.368601
2021,30.75,11.25,2.2620547,138.99872,0,8.143396
2021,30.75,11.5,2.1865468,139.28453,0,7.871568
2021,30.75,11.75,2.1615722,139.0763,0,7.7816596
2021,30.75,12.0,2.1807244,139.52702,0,7.8506074
2021,30.5,-9.0,0.9104495,205.28142,0,3.2776182
2021,30.5,-8.75,0.85875636,219.1476,0,3.091523
2021,30.5,-8.5,0.88434213,235.81325,0,3.1836317
2021,30.5,-8.25,0.8970582,252.29814,0,3.2294095
2021,30.5,-8.0,0.83798933,268.6232,0,3.0167615
2021,30.5,-7.75,1.0876474,270.39755,0,3.9155307
2021,30.5,-7.5,1.3292902,274.29727,0,4.7854443
2021,30.5,-7.25,1.3504281,257.68924,0,4.8615413
2021,30.5,-7.0,1.0896951,240.7169,0,3.9229023
2021,30.5,-6.75,1.1012586,228.21758,0,3.964531
2021,30.5,-6.5,1.0298299,220.70679,0,3.7073874
2021,30.5,-6.25,0.834225,205.76233,0,3.0032098
2021,30.5,-6.0,0.6577432,188.39522,0,2.3678756
2021,30.5,-5.75,0.5752687,143.3283,0,2.0709672
2021,30.5,-5.5,0.77113533,161.45174,0,2.776087
2021,30.5,-5.25,0.9232144,162.86952,0,3.3235717
2021,30.5,-5.0,1.098718,158.96756,0,3.955385
2021,30.5,-4.75,1.2917975,156.01039,0,4.6504707
2021,30.5,-4.5,1.3800644,151.37439,0,4.9682317
2021,30.5,-4.25,1.6014074,145.9386,0,5.7650666
2021,30.5,-4.0,1.7871723,143.62877,0,6.4338202
2021,30.5,-3.75,1.8271617,142.43192,0,6.5777817
2021,30.5,-3.5,1.6896359,140.61397,0,6.082689
2021,30.5,-3.25,1.5597354,138.52965,0,5.6150475
2021,30.5,-3.0,1.5210718,137.56294,0,5.475858
2021,30.5,-2.75,1.5273072,135.45033,0,5.498306
2021,30.5,-2.5,1.593523,134.74239,0,5.736683
2021,30.5,-2.25,1.8181695,129.3926,0,6.54541
2021,30.5,-2.0,1.989524,121.84644,0,7.1622863
2021,30.5,-1.75,1.9993764,134.71208,0,7.197755
2021,30.5,-1.5,1.9583966,127.98688,0,7.0502276
2021,30.5,-1.25,1.9022042,124.34052,0,6.8479347
2021,30.5,-1.0,1.8683463,121.94171,0,6.7260466
2021,30.5,-0.75,1.8481159,120.06201,0,6.6532173
2021,30.5,-0.5,1.8573432,118.403564,0,6.686435
2021,30.5,-0.25,1.8898435,116.84739,0,6.8034363
2021,30.5,0.0,1.9251808,114.81881,0,6.9306507
2021,30.5,0.25,1.9406275,113.1096,0,6.9862585
2021,30.5,0.5,1.9522988,111.89335,0,7.0282755
2021,30.5,0.75,1.9704102,110.80969,0,7.093477
2021,30.5,1.0,1.9997798,109.48608,0,7.1992073
2021,30.5,1.25,2.0450897,107.10958,0,7.362323
2021,30.5,1.5,2.077116,105.25684,0,7.4776173
2021,30.5,1.75,2.1160011,102.959785,0,7.617604
2021,30.5,2.0,2.1590774,100.78997,0,7.7726784
2021,30.5,2.25,2.1958282,99.15979,0,7.904981
2021,30.5,2.5,2.1963463,127.05148,0,7.9068465
2021,30.5,2.75,2.1718726,124.18207,0,7.8187413
2021,30.5,3.0,2.1389916,121.823944,0,7.7003694
2021,30.5,3.25,2.111713,120.1951,0,7.602166
2021,30.5,3.5,2.114178,118.593544,0,7.6110406
2021,30.5,3.75,2.0871906,146.34087,0,7.513886
2021,30.5,4.0,2.0658534,145.46953,0,7.437072
2021,30.5,4.25,2.0567226,145.62007,0,7.4042015
2021,30.5,4.5,2.0747418,146.28638,0,7.4690704
2021,30.5,4.75,2.1043773,147.30357,0,7.575758
2021,30.5,5.0,2.132738,148.42238,0,7.677857
2021,30.5,5.25,2.152282,148.77855,0,7.748215
2021,30.5,5.5,2.1581388,148.32262,0,7.7692995
2021,30.5,5.75,2.1540189,147.81467,0,7.754468
2021,30.5,6.0,2.1522257,147.42816,0,7.7480125
2021,30.5,6.25,2.1588013,147.03062,0,7.7716846
2021,30.5,6.5,2.166293,146.83795,0,7.798654
2021,30.5,6.75,2.1679423,146.90929,0,7.804592
2021,30.5,7.0,2.1619856,145.86656,0,7.7831483
2021,30.5,7.25,2.1631482,143.52576,0,7.787333
2021,30.5,7.5,2.170179,139.59074,0,7.812644
2021,30.5,7.75,2.167483,138.31523,0,7.802939
2021,30.5,8.0,2.126164,139.53357,0,7.65419
2021,30.5,8.25,2.081246,138.66182,0,7.492485
2021,30.5,8.5,2.0959513,136.28389,0,7.5454245
2021,30.5,8.75,2.1287086,132.82965,0,7.6633506
2021,30.5,9.0,2.1477034,130.9511,0,7.731732
2021,30.5,9.25,2.1285622,132.7806,0,7.6628237
2021,30.5,9.5,2.099411,132.04866,0,7.5578794
2021,30.5,9.75,2.088074,128.97597,0,7.517066
2021,30.5,10.0,2.119139,126.94458,0,7.6289
2021,30.5,10.25,2.2066052,126.61924,0,7.9437785
2021,30.5,10.5,2.2938898,132.0981,0,8.258003
2021,30.5,10.75,2.3144069,136.14516,0,8.331864
2021,30.5,11.0,2.2855456,138.26088,0,8.227963
2021,30.5,11.25,2.229223,139.10516,0,8.025203
2021,30.5,11.5,2.2069535,139.65923,0,7.9450326
2021,30.5,11.75,2.206745,139.19449,0,7.9442816
2021,30.5,12.0,2.2307985,139.11528,0,8.030874
2021,30.25,-9.0,1.3321606,212.80025,0,4.795778
2021,30.25,-8.75,1.1266068,211.27843,0,4.055784
2021,30.25,-8.5,0.8492735,249.77452,0,3.0573845
2021,30.25,-8.25,0.8081193,259.7173,0,2.9092293
2021,30.25,-8.0,0.84199685,257.72604,0,3.0311885
2021,30.25,-7.75,0.9890344,240.4754,0,3.5605237
2021,30.25,-7.5,1.0294827,270.192,0,3.7061377
2021,30.25,-7.25,0.7889843,263.97818,0,2.8403435
2021,30.25,-7.0,0.5922203,232.6097,0,2.131993
2021,30.25,-6.75,0.67025733,195.69708,0,2.4129264
2021,30.25,-6.5,0.84024066,189.65804,0,3.0248663
2021,30.25,-6.25,0.9839924,207.39198,0,3.5423725
2021,30.25,-6.0,0.88090783,195.51118,0,3.1712682
2021,30.25,-5.75,0.8524367,159.05046,0,3.068772
2021,30.25,-5.5,0.9782016,154.86542,0,3.5215259
2021,30.25,-5.25,1.1266626,153.35951,0,4.0559855
2021,30.25,-5.0,1.2408165,154.38863,0,4.466939
2021,30.25,-4.75,1.2935277,153.4464,0,4.6566997
2021,30.25,-4.5,1.3913193,149.26671,0,5.0087495
2021,30.25,-4.25,1.5738349,144.20192,0,5.6658053
2021,30.25,-4.0,1.7801932,140.55208,0,6.408695
2021,30.25,-3.75,1.794582,138.57005,0,6.460495
2021,30.25,-3.5,1.7053442,139.77318,0,6.139239
2021,30.25,-3.25,1.6430202,140.23776,0,5.914872
2021,30.25,-3.0,1.6073321,140.97925,0,5.7863955
2021,30.25,-2.75,1.5904361,139.6781,0,5.7255697
2021,30.25,-2.5,1.6165787,134.98862,0,5.819683
2021,30.25,-2.25,1.8025298,109.66001,0,6.489107
2021,30.25,-2.0,1.976676,108.75802,0,7.1160336
2021,30.25,-1.75,2.0383203,103.76596,0,7.337953
2021,30.25,-1.5,2.020351,98.791405,0,7.273263
2021,30.25,-1.25,1.9731723,95.63599,0,7.1034203
2021,30.25,-1.0,1.9413072,122.41689,0,6.9887056
2021,30.25,-0.75,1.9306903,119.81876,0,6.9504848
2021,30.25,-0.5,1.9395982,117.81714,0,6.9825535
2021,30.25,-0.25,1.9586776,86.261604,0,7.0512395
2021,30.25,0.0,2.0105677,84.3291,0,7.2380433
2021,30.25,0.25,2.0559022,83.364586,0,7.401248
2021,30.25,0.5,2.0800762,80.90682,0,7.488274
2021,30.25,0.75,2.09628,78.275314,0,7.546608
2021,30.25,1.0,2.1155427,75.73783,0,7.6159534
2021,30.25,1.25,2.148023,73.71212,0,7.732882
2021,30.25,1.5,2.187984,72.34723,0,7.8767424
2021,30.25,1.75,2.2218318,102.22997,0,7.9985943
2021,30.25,2.0,2.2376099,102.24887,0,8.055395
2021,30.25,2.25,2.2349603,100.302795,0,8.045856
2021,30.25,2.5,2.2163172,126.874016,0,7.9787416
2021,30.25,2.75,2.1609173,123.55839,0,7.779302
2021,30.25,3.0,2.124637,121.98792,0,7.6486926
2021,30.25,3.25,2.1243243,121.02802,0,7.6475673
2021,30.25,3.5,2.1424792,119.700836,0,7.712925
2021,30.25,3.75,2.116008,147.15819,0,7.6176286
2021,30.25,4.0,2.0841806,145.7914,0,7.50305
2021,30.25,4.25,2.084997,146.28818,0,7.5059886
2021,30.25,4.5,2.1131554,147.30666,0,7.607359
2021,30.25,4.75,2.156376,118.482666,0,7.762953
2021,30.25,5.0,2.1986713,119.63534,0,7.9152164
2021,30.25,5.25,2.1997645,119.80935,0,7.919152
2021,30.25,5.5,2.1761508,148.99788,0,7.8341427
2021,30.25,5.75,2.1595252,148.04414,0,7.7742906
2021,30.25,6.0,2.1587174,147.5779,0,7.7713823
2021,30.25,6.25,2.170344,148.11554,0,7.8132386
2021,30.25,6.5,2.1836607,148.32045,0,7.8611784
2021,30.25,6.75,2.1824195,149.03537,0,7.85671
2021,30.25,7.0,2.1745932,149.94379,0,7.8285356
2021,30.25,7.25,2.1743343,127.81683,0,7.8276033
2021,30.25,7.5,2.2020094,100.594475,0,7.9272337
2021,30.25,7.75,2.1626685,129.09108,0,7.7856064
2021,30.25,8.0,2.101844,137.69182,0,7.5666385
2021,30.25,8.25,2.0699909,135.29,0,7.451967
2021,30.25,8.5,2.0829785,130.14368,0,7.4987226
2021,30.25,8.75,2.096121,128.81677,0,7.546036
2021,30.25,9.0,2.0733464,130.40553,0,7.464047
2021,30.25,9.25,2.0697653,131.34431,0,7.451155
2021,30.25,9.5,2.0591447,131.73834,0,7.412921
2021,30.25,9.75,2.0400677,131.44391,0,7.3442435
2021,30.25,10.0,2.0308847,128.71835,0,7.311185
2021,30.25,10.25,2.1517432,123.76841,0,7.7462754
2021,30.25,10.5,2.2699373,128.7245,0,8.171774
2021,30.25,10.75,2.3293614,133.9972,0,8.385701
2021,30.25,11.0,2.318408,137.481,0,8.346269
2021,30.25,11.25,2.265105,138.80139,0,8.154378
2021,30.25,11.5,2.2604008,139.67212,0,8.137443
2021,30.25,11.75,2.2755654,139.51593,0,8.192035
2021,30.25,12.0,2.2946198,139.1379,0,8.260631
2021,30.0,-9.0,0.76891226,223.86241,0,2.768084
2021,30.0,-8.75,0.91210175,228.53333,0,3.2835662
2021,30.0,-8.5,0.9792397,220.77942,0,3.5252628
2021,30.0,-8.25,0.76930994,209.79431,0,2.7695158
2021,30.0,-8.0,0.85223323,245.90251,0,3.0680397
2021,30.0,-7.75,0.866281,245.26025,0,3.1186113
2021,30.0,-7.5,0.7407918,259.30222,0,2.6668503
2021,30.0,-7.25,0.6077057,209.38515,0,2.1877406
2021,30.0,-7.0,0.6180964,148.65631,0,2.225147
2021,30.0,-6.75,0.7116087,151.5324,0,2.5617912
2021,30.0,-6.5,0.7988946,151.32036,0,2.8760204
2021,30.0,-6.25,0.9307185,176.18333,0,3.3505864
2021,30.0,-6.0,0.92998844,172.12822,0,3.3479583
2021,30.0,-5.75,0.93336874,157.398,0,3.3601274
2021,30.0,-5.5,1.0405955,153.74693,0,3.7461438
2021,30.0,-5.25,1.1953062,154.39197,0,4.303102
2021,30.0,-5.0,1.3056257,158.3863,0,4.7002525
2021,30.0,-4.75,1.325468,156.97346,0,4.7716846
2021,30.0,-4.5,1.4190153,151.41992,0,5.1084547
2021,30.0,-4.25,1.598226,145.01909,0,5.7536135
2021,30.0,-4.0,1.7776299,139.61453,0,6.3994675
2021,30.0,-3.75,1.8244433,135.69122,0,6.567996
2021,30.0,-3.5,1.7727123,135.18651,0,6.3817644
2021,30.0,-3.25,1.7311281,137.23253,0,6.232061
2021,30.0,-3.0,1.6811204,140.43608,0,6.0520334
2021,30.0,-2.75,1.6128267,142.7902,0,5.806176
2021,30.0,-2.5,1.5672756,138.8752,0,5.6421924
2021,30.0,-2.25,1.6864915,137.88557,0,6.071369
2021,30.0,-2.0,1.8726629,107.164894,0,6.741586
2021,30.0,-1.75,1.9742321,103.01899,0,7.1072354
2021,30.0,-1.5,2.0337412,98.688805,0,7.3214684
2021,30.0,-1.25,2.0307596,95.048035,0,7.3107343
2021,30.0,-1.0,2.0114548,91.86375,0,7.241237
2021,30.0,-0.75,1.998515,88.79843,0,7.194654
2021,30.0,-0.5,2.006595,86.54999,0,7.2237415
2021,30.0,-0.25,2.041217,84.18627,0,7.3483815
2021,30.0,0.0,2.100577,80.62006,0,7.5620775
2021,30.0,0.25,2.1651227,77.66725,0,7.7944417
2021,30.0,0.5,2.208249,74.18305,0,7.9496965
2021,30.0,0.75,2.2354596,71.233315,0,8.047654
2021,30.0,1.0,2.2410338,70.87375,0,8.067721
2021,30.0,1.25,2.2648208,71.266846,0,8.153355
2021,30.0,1.5,2.2792666,73.297935,0,8.205359
2021,30.0,1.75,2.2954476,79.58701,0,8.263611
2021,30.0,2.0,2.3169866,84.56687,0,8.341151
2021,30.0,2.25,2.3098838,89.55375,0,8.315581
2021,30.0,2.5,2.265626,125.74719,0,8.156253
2021,30.0,2.75,2.202634,123.48214,0,7.9294825
2021,30.0,3.0,2.175099,122.09069,0,7.8303556
2021,30.0,3.25,2.177529,121.1134,0,7.8391047
2021,30.0,3.5,2.198109,119.61103,0,7.913192
2021,30.0,3.75,2.1828294,117.88272,0,7.858186
2021,30.0,4.0,2.1605494,116.96582,0,7.7779775
2021,30.0,4.25,2.1469846,116.81083,0,7.729144
2021,30.0,4.5,2.1709392,117.46619,0,7.815381
2021,30.0,4.75,2.1968029,118.41238,0,7.90849
2021,30.0,5.0,2.2267396,119.4823,0,8.016262
2021,30.0,5.25,2.229634,119.07575,0,8.026682
2021,30.0,5.5,2.215684,118.405876,0,7.976462
2021,30.0,5.75,2.197878,118.0723,0,7.91236
2021,30.0,6.0,2.1961224,118.03781,0,7.9060407
2021,30.0,6.25,2.2122636,118.86315,0,7.9641485
2021,30.0,6.5,2.2292101,119.66375,0,8.025156
2021,30.0,6.75,2.2369344,121.36138,0,8.052963
2021,30.0,7.0,2.2394767,123.271416,0,8.062116
2021,30.0,7.25,2.2403982,125.12723,0,8.0654335
2021,30.0,7.5,2.2305121,126.15011,0,8.029843
2021,30.0,7.75,2.1601024,124.58743,0,7.776368
2021,30.0,8.0,2.1149714,125.40812,0,7.613897
2021,30.0,8.25,2.081408,127.212166,0,7.4930687
2021,30.0,8.5,2.054393,127.966576,0,7.395815
2021,30.0,8.75,2.029782,132.22202,0,7.307215
2021,30.0,9.0,2.0301564,127.79733,0,7.3085628
2021,30.0,9.25,2.0851421,127.51919,0,7.5065117
2021,30.0,9.5,2.0893304,130.17288,0,7.5215893
2021,30.0,9.75,2.0646155,134.252,0,7.4326158
2021,30.0,10.0,2.0331528,133.9856,0,7.31935
2021,30.0,10.25,2.1623707,129.3844,0,7.7845345
2021,30.0,10.5,2.3086827,129.08888,0,8.311257
2021,30.0,10.75,2.362704,134.07709,0,8.505734
2021,30.0,11.0,2.317734,138.39572,0,8.3438425
2021,30.0,11.25,2.252018,139.44038,0,8.1072645
2021,30.0,11.5,2.2544124,139.85652,0,8.115885
2021,30.0,11.75,2.276869,139.47758,0,8.196729
2021,30.0,12.0,2.293681,138.8682,0,8.257251
2021,29.75,-9.0,0.73426026,224.40565,0,2.6433368
2021,29.75,-8.75,0.9837005,202.17,0,3.5413218
2021,29.75,-8.5,0.8719936,228.82178,0,3.1391768
2021,29.75,-8.25,0.868439,230.40483,0,3.1263804
2021,29.75,-8.0,0.8805936,205.72717,0,3.170137
2021,29.75,-7.75,0.91588974,176.9232,0,3.297203
2021,29.75,-7.5,0.7744438,171.65166,0,2.7879977
2021,29.75,-7.25,0.8429361,146.53046,0,3.03457
2021,29.75,-7.0,0.9291455,150.96074,0,3.3449237
2021,29.75,-6.75,1.0059627,159.3029,0,3.6214657
2021,29.75,-6.5,1.0778747,163.07008,0,3.8803487
2021,29.75,-6.25,1.1882007,167.966,0,4.2775226
2021,29.75,-6.0,1.2673482,169.61552,0,4.5624533
2021,29.75,-5.75,1.2853507,167.00139,0,4.627262
2021,29.75,-5.5,1.2778857,160.8657,0,4.6003885
2021,29.75,-5.25,1.390543,158.2096,0,5.0059547
2021,29.75,-5.0,1.4306489,160.5905,0,5.150336
2021,29.75,-4.75,1.4372822,160.79448,0,5.174216
2021,29.75,-4.5,1.518974,156.1598,0,5.468306
2021,29.75,-4.25,1.6468863,149.69165,0,5.9287906
2021,29.75,-4.0,1.8003435,143.82188,0,6.4812365
2021,29.75,-3.75,1.8016278,137.7409,0,6.48586
2021,29.75,-3.5,1.7884594,131.54729,0,6.4384537
2021,29.75,-3.25,1.7720021,131.35516,0,6.3792076
2021,29.75,-3.0,1.7565113,132.41823,0,6.3234406
2021,29.75,-2.75,1.6741076,138.53087,0,6.026787
2021,29.75,-2.5,1.5476261,143.12413,0,5.571454
2021,29.75,-2.25,1.5204864,137.88176,0,5.4737506
2021,29.75,-2.0,1.671166,107.36216,0,6.016197
2021,29.75,-1.75,1.8608421,102.23202,0,6.6990314
2021,29.75,-1.5,1.9508823,97.0104,0,7.023176
2021,29.75,-1.25,2.06391,92.50468,0,7.4300756
2021,29.75,-1.0,2.0812614,89.99823,0,7.492541
2021,29.75,-0.75,2.0682456,86.74418,0,7.445684
2021,29.75,-0.5,2.082111,83.32455,0,7.495599
2021,29.75,-0.25,2.1283774,80.12405,0,7.6621585
2021,29.75,0.0,2.1664693,73.71636,0,7.799289
2021,29.75,0.25,2.252281,69.307625,0,8.1082115
2021,29.75,0.5,2.3181589,67.18684,0,8.345371
2021,29.75,0.75,2.34699,69.30312,0,8.449164
2021,29.75,1.0,2.3518763,70.11983,0,8.466754
2021,29.75,1.25,2.3417275,72.85212,0,8.430219
2021,29.75,1.5,2.3356597,80.07825,0,8.408375
2021,29.75,1.75,2.382617,86.252525,0,8.577421
2021,29.75,2.0,2.4383814,88.196754,0,8.7781725
2021,29.75,2.25,2.433706,88.856224,0,8.761341
2021,29.75,2.5,2.3428109,118.07334,0,8.434119
2021,29.75,2.75,2.2690554,122.38915,0,8.168599
2021,29.75,3.0,2.2309666,121.99075,0,8.03148
2021,29.75,3.25,2.199532,120.81583,0,7.918315
2021,29.75,3.5,2.206473,119.5931,0,7.943303
2021,29.75,3.75,2.2128336,119.0723,0,7.966201
2021,29.75,4.0,2.236516,116.83378,0,8.051457
2021,29.75,4.25,2.222862,116.45469,0,8.002303
2021,29.75,4.5,2.213861,116.44125,0,7.969899
2021,29.75,4.75,2.2418673,116.59619,0,8.070722
2021,29.75,5.0,2.2579684,116.21961,0,8.128686
2021,29.75,5.25,2.2498894,115.74707,0,8.099602
2021,29.75,5.5,2.2419229,116.33771,0,8.070922
2021,29.75,5.75,2.2509234,116.88479,0,8.103324
2021,29.75,6.0,2.2567694,117.26577,0,8.12437
2021,29.75,6.25,2.2727907,117.85938,0,8.182046
2021,29.75,6.5,2.2913408,118.110085,0,8.248827
2021,29.75,6.75,2.3064795,119.27914,0,8.303326
2021,29.75,7.0,2.3077943,120.53882,0,8.30806
2021,29.75,7.25,2.302669,121.61843,0,8.289608
2021,29.75,7.5,2.2560284,120.693665,0,8.121702
2021,29.75,7.75,2.1902866,120.29193,0,7.8850317
2021,29.75,8.0,2.1459448,120.55313,0,7.7254014
2021,29.75,8.25,2.0971878,121.49777,0,7.5498757
2021,29.75,8.5,2.0524852,120.645874,0,7.3889465
2021,29.75,8.75,2.0358546,119.69092,0,7.3290763
2021,29.75,9.0,2.1396687,120.95825,0,7.702807
2021,29.75,9.25,2.1878755,124.90372,0,7.876352
2021,29.75,9.5,2.1608818,131.05962,0,7.7791743
2021,29.75,9.75,2.1237786,135.72859,0,7.6456027
2021,29.75,10.0,2.109752,137.40538,0,7.5951066
2021,29.75,10.25,2.2135456,134.25517,0,7.968764
2021,29.75,10.5,2.3313766,133.62172,0,8.392956
2021,29.75,10.75,2.3158596,136.22719,0,8.337094
2021,29.75,11.0,2.2660248,139.88857,0,8.157689
2021,29.75,11.25,2.2193694,139.54784,0,7.98973
2021,29.75,11.5,2.2383664,139.52156,0,8.058119
2021,29.75,11.75,2.2603316,139.21277,0,8.137194
2021,29.75,12.0,2.2916486,138.3498,0,8.249935
2021,29.5,-9.0,1.3890415,229.18306,0,5.0005493
2021,29.5,-8.75,1.3891205,219.4929,0,5.0008335
2021,29.5,-8.5,1.100794,268.21375,0,3.9628582
2021,29.5,-8.25,0.9351142,229.03784,0,3.366411
2021,29.5,-8.0,1.0070742,202.27141,0,3.625467
2021,29.5,-7.75,1.026083,176.54161,0,3.6938987
2021,29.5,-7.5,1.0529711,158.28642,0,3.790696
2021,29.5,-7.25,1.2495302,164.17094,0,4.4983087
2021,29.5,-7.0,1.2998857,168.7036,0,4.679589
2021,29.5,-6.75,1.4262818,171.4533,0,5.1346145
2021,29.5,-6.5,1.4827348,175.65822,0,5.3378453
2021,29.5,-6.25,1.5809084,176.49065,0,5.6912704
2021,29.5,-6.0,1.6281942,176.3487,0,5.861499
2021,29.5,-5.75,1.560638,173.41707,0,5.6182966
2021,29.5,-5.5,1.5367489,168.38103,0,5.5322957
2021,29.5,-5.25,1.5136981,161.71584,0,5.449313
2021,29.5,-5.0,1.5302343,161.25285,0,5.5088434
2021,29.5,-4.75,1.5408708,161.34506,0,5.547135
2021,29.5,-4.5,1.5947484,158.39409,0,5.741094
2021,29.5,-4.25,1.716942,151.94048,0,6.1809907
2021,29.5,-4.0,1.7712132,148.51277,0,6.376367
2021,29.5,-3.75,1.7360462,143.47375,0,6.2497663
2021,29.5,-3.5,1.7261286,133.81555,0,6.2140627
2021,29.5,-3.25,1.764269,126.85024,0,6.3513684
2021,29.5,-3.0,1.7479795,126.957436,0,6.292726
2021,29.5,-2.75,1.7273396,123.851036,0,6.2184224
2021,29.5,-2.5,1.6227053,144.7891,0,5.841739
2021,29.5,-2.25,1.5757967,139.9005,0,5.6728683
2021,29.5,-2.0,1.5981011,135.63634,0,5.753164
2021,29.5,-1.75,1.7768549,99.97644,0,6.3966775
2021,29.5,-1.5,1.8669056,94.05091,0,6.72086
2021,29.5,-1.25,2.00972,89.98629,0,7.234992
2021,29.5,-1.0,2.0824368,87.6845,0,7.4967723
2021,29.5,-0.75,2.1170583,84.278175,0,7.6214094
2021,29.5,-0.5,2.137349,80.57344,0,7.6944556
2021,29.5,-0.25,2.1657987,72.05108,0,7.796875
2021,29.5,0.0,2.2291796,62.223583,0,8.025046
2021,29.5,0.25,2.3092601,63.69371,0,8.313336
2021,29.5,0.5,2.356229,68.73535,0,8.482425
2021,29.5,0.75,2.3883991,71.10278,0,8.598237
2021,29.5,1.0,2.3921196,74.69045,0,8.61163
2021,29.5,1.25,2.3970764,78.65786,0,8.629475
2021,29.5,1.5,2.4549696,85.65265,0,8.837891
2021,29.5,1.75,2.5362666,86.20687,0,9.130559
2021,29.5,2.0,2.5928295,87.915016,0,9.334186
2021,29.5,2.25,2.5789032,86.783226,0,9.284051
2021,29.5,2.5,2.492075,84.877785,0,8.97147
2021,29.5,2.75,2.3809006,113.39303,0,8.571242
2021,29.5,3.0,2.2684467,125.50241,0,8.166408
2021,29.5,3.25,2.2409089,122.96585,0,8.067271
2021,29.5,3.5,2.205216,120.41805,0,7.938777
2021,29.5,3.75,2.240167,109.22534,0,8.064601
2021,29.5,4.0,2.3012335,112.332306,0,8.28444
2021,29.5,4.25,2.2706966,113.02891,0,8.174508
2021,29.5,4.5,2.2638967,112.946266,0,8.150028
2021,29.5,4.75,2.2431605,111.49737,0,8.075377
2021,29.5,5.0,2.2697744,110.004036,0,8.171187
2021,29.5,5.25,2.2722924,107.54824,0,8.180252
2021,29.5,5.5,2.2972581,106.7842,0,8.270129
2021,29.5,5.75,2.3046987,106.185524,0,8.296915
2021,29.5,6.0,2.3388221,107.75015,0,8.41976
2021,29.5,6.25,2.3568919,110.69476,0,8.484811
2021,29.5,6.5,2.3855984,112.8562,0,8.588154
2021,29.5,6.75,2.4001577,114.13085,0,8.640568
2021,29.5,7.0,2.402519,85.97308,0,8.649068
2021,29.5,7.25,2.3400452,115.33968,0,8.424163
2021,29.5,7.5,2.2817566,114.04365,0,8.214324
2021,29.5,7.75,2.2335122,114.8826,0,8.040644
2021,29.5,8.0,2.2009885,116.89212,0,7.9235587
2021,29.5,8.25,2.1516612,117.4936,0,7.74598
2021,29.5,8.5,2.104698,116.150185,0,7.5769124
2021,29.5,8.75,2.1479418,112.571655,0,7.73259
2021,29.5,9.0,2.2749724,118.07134,0,8.1899
2021,29.5,9.25,2.29051,124.67657,0,8.245835
2021,29.5,9.5,2.2607577,131.1497,0,8.138727
2021,29.5,9.75,2.1955721,134.49298,0,7.9040594
2021,29.5,10.0,2.1931417,136.85437,0,7.89531
2021,29.5,10.25,2.2672632,135.07156,0,8.1621475
2021,29.5,10.5,2.2598045,135.73012,0,8.135296
2021,29.5,10.75,2.2528312,138.79448,0,8.110192
2021,29.5,11.0,2.2151926,139.12659,0,7.974693
2021,29.5,11.25,2.18065,138.49364,0,7.85034
2021,29.5,11.5,2.1996837,138.66124,0,7.918861
2021,29.5,11.75,2.232025,138.1944,0,8.03529
2021,29.5,12.0,2.2621038,137.43031,0,8.143574
2021,29.25,-9.0,1.9087939,223.2129,0,6.871658
2021,29.25,-8.75,1.5534407,270.8782,0,5.5923862
2021,29.25,-8.5,1.131926,253.34953,0,4.074933
2021,29.25,-8.25,1.1132485,218.4645,0,4.0076942
2021,29.25,-8.0,1.1421298,212.87,0,4.111667
2021,29.25,-7.75,1.2936938,177.32277,0,4.6572976
2021,29.25,-7.5,1.4710511,179.49548,0,5.295784
2021,29.25,-7.25,1.6380378,177.90602,0,5.896936
2021,29.25,-7.0,1.7014455,179.90887,0,6.1252036
2021,29.25,-6.75,1.6378312,179.72954,0,5.896192
2021,29.25,-6.5,1.6991781,182.72375,0,6.117041
2021,29.25,-6.25,1.6785613,181.01727,0,6.0428205
2021,29.25,-6.0,1.650403,178.4907,0,5.9414506
2021,29.25,-5.75,1.5915598,175.81892,0,5.729615
2021,29.25,-5.5,1.5697683,171.5039,0,5.651166
2021,29.25,-5.25,1.5342908,165.6293,0,5.5234466
2021,29.25,-5.0,1.5457531,161.54443,0,5.564711
2021,29.25,-4.75,1.5602703,159.32338,0,5.616973
2021,29.25,-4.5,1.6135763,155.57172,0,5.8088746
2021,29.25,-4.25,1.6660463,152.40456,0,5.9977665
2021,29.25,-4.0,1.7135502,149.06099,0,6.168781
2021,29.25,-3.75,1.6311436,147.15779,0,5.8721166
2021,29.25,-3.5,1.6128416,134.4828,0,5.8062296
2021,29.25,-3.25,1.6476415,126.316895,0,5.9315095
2021,29.25,-3.0,1.6825366,120.35418,0,6.057132
2021,29.25,-2.75,1.6771692,116.92243,0,6.037809
2021,29.25,-2.5,1.708789,112.006714,0,6.1516404
2021,29.25,-2.25,1.6893712,107.22372,0,6.081736
2021,29.25,-2.0,1.7194959,101.79699,0,6.190185
2021,29.25,-1.75,1.7102402,97.33545,0,6.1568646
2021,29.25,-1.5,1.7976904,91.45884,0,6.4716854
2021,29.25,-1.25,1.9042021,88.95325,0,6.8551273
2021,29.25,-1.0,2.0676427,86.693794,0,7.4435134
2021,29.25,-0.75,2.1093495,84.32757,0,7.593658
2021,29.25,-0.5,2.1116905,87.68154,0,7.6020856
2021,29.25,-0.25,2.173086,56.7932,0,7.823109
2021,29.25,0.0,2.247581,59.539074,0,8.091291
2021,29.25,0.25,2.309686,67.616776,0,8.314869
2021,29.25,0.5,2.3651593,72.95628,0,8.514573
2021,29.25,0.75,2.3660183,77.48243,0,8.517666
2021,29.25,1.0,2.3804731,80.86024,0,8.569703
2021,29.25,1.25,2.452614,84.9197,0,8.829411
2021,29.25,1.5,2.584564,86.8673,0,9.30443
2021,29.25,1.75,2.664841,86.85025,0,9.593427
2021,29.25,2.0,2.7255418,87.32965,0,9.811951
2021,29.25,2.25,2.7103202,86.576294,0,9.757153
2021,29.25,2.5,2.6647668,87.33387,0,9.593161
2021,29.25,2.75,2.4930184,81.74659,0,8.974866
2021,29.25,3.0,2.3682525,104.938934,0,8.525709
2021,29.25,3.25,2.2770605,103.581566,0,8.197417
2021,29.25,3.5,2.2453883,105.75179,0,8.083398
2021,29.25,3.75,2.3051577,108.9599,0,8.298568
2021,29.25,4.0,2.3822515,108.83236,0,8.576105
2021,29.25,4.25,2.344618,107.77054,0,8.440625
2021,29.25,4.5,2.2904098,103.73245,0,8.245475
2021,29.25,4.75,2.2703912,102.38782,0,8.1734085
2021,29.25,5.0,2.311777,102.519325,0,8.322397
2021,29.25,5.25,2.3319838,102.62726,0,8.395142
2021,29.25,5.5,2.3608186,103.14028,0,8.498947
2021,29.25,5.75,2.403512,104.32433,0,8.652643
2021,29.25,6.0,2.4395177,105.548546,0,8.782264
2021,29.25,6.25,2.4682212,107.29975,0,8.885596
2021,29.25,6.5,2.4917314,109.39405,0,8.970233
2021,29.25,6.75,2.5048122,80.911736,0,9.0173235
2021,29.25,7.0,2.464196,80.679016,0,8.871105
2021,29.25,7.25,2.398451,109.37036,0,8.634423
2021,29.25,7.5,2.325151,110.21003,0,8.3705435
2021,29.25,7.75,2.307999,113.820885,0,8.308796
2021,29.25,8.0,2.27386,115.713234,0,8.185896
2021,29.25,8.25,2.2269058,115.8375,0,8.016861
2021,29.25,8.5,2.2037253,114.58331,0,7.933411
2021,29.25,8.75,2.28661,111.93561,0,8.231795
2021,29.25,9.0,2.4232094,114.76999,0,8.723554
2021,29.25,9.25,2.4199073,120.96606,0,8.711666
2021,29.25,9.5,2.3435137,127.094696,0,8.436649
2021,29.25,9.75,2.2724214,130.44469,0,8.1807165
2021,29.25,10.0,2.2337272,133.18153,0,8.041418
2021,29.25,10.25,2.2320788,134.1302,0,8.035483
2021,29.25,10.5,2.2232661,135.84447,0,8.003757
2021,29.25,10.75,2.2099502,136.11467,0,7.9558206
2021,29.25,11.0,2.1744685,136.77736,0,7.8280864
2021,29.25,11.25,2.1727715,136.22015,0,7.821977
2021,29.25,11.5,2.1915476,136.28484,0,7.889571
2021,29.25,11.75,2.223871,136.10738,0,8.005936
2021,29.25,12.0,2.234006,135.54192,0,8.042421
2021,29.0,-9.0,1.7786641,268.36255,0,6.4031906
2021,29.0,-8.75,1.4844309,250.92088,0,5.343951
2021,29.0,-8.5,1.3437032,215.98366,0,4.8373313
2021,29.0,-8.25,1.455578,211.00203,0,5.2400804
2021,29.0,-8.0,1.630593,190.68378,0,5.8701344
2021,29.0,-7.75,1.6534433,193.39821,0,5.952396
2021,29.0,-7.5,1.7802687,193.15002,0,6.408967
2021,29.0,-7.25,1.8464456,188.50124,0,6.647204
2021,29.0,-7.0,1.7407266,184.13316,0,6.2666154
2021,29.0,-6.75,1.6944057,184.32484,0,6.09986
2021,29.0,-6.5,1.6412381,183.96674,0,5.908457
2021,29.0,-6.25,1.5698463,182.27293,0,5.6514463
2021,29.0,-6.0,1.5302023,179.50578,0,5.508728
2021,29.0,-5.75,1.5117308,176.06459,0,5.4422307
2021,29.0,-5.5,1.4897329,171.39941,0,5.363038
2021,29.0,-5.25,1.5009753,166.75143,0,5.4035106
2021,29.0,-5.0,1.514144,161.95212,0,5.450918
2021,29.0,-4.75,1.5229982,158.4468,0,5.4827933
2021,29.0,-4.5,1.564979,149.50478,0,5.633924
2021,29.0,-4.25,1.6259695,145.63707,0,5.8534904
2021,29.0,-4.0,1.6231328,142.01514,0,5.843278
2021,29.0,-3.75,1.5286943,132.77065,0,5.503299
2021,29.0,-3.5,1.5290023,128.00429,0,5.5044084
2021,29.0,-3.25,1.5203199,124.49774,0,5.4731517
2021,29.0,-3.0,1.5528955,117.64359,0,5.5904236
2021,29.0,-2.75,1.588647,109.20992,0,5.719129
2021,29.0,-2.5,1.6774288,104.83686,0,6.0387435
2021,29.0,-2.25,1.7115122,100.21334,0,6.1614437
2021,29.0,-2.0,1.7717962,96.443855,0,6.378466
2021,29.0,-1.75,1.7764101,92.82123,0,6.3950763
2021,29.0,-1.5,1.7663046,90.453026,0,6.3586965
2021,29.0,-1.25,1.8257675,88.85248,0,6.572763
2021,29.0,-1.0,2.0035982,88.29243,0,7.2129536
2021,29.0,-0.75,2.0853922,89.42057,0,7.507412
2021,29.0,-0.5,2.117548,87.532005,0,7.6231728
2021,29.0,-0.25,2.102308,58.14676,0,7.568309
2021,29.0,0.0,2.1731699,63.868378,0,7.8234115
2021,29.0,0.25,2.2790349,73.68347,0,8.204525
2021,29.0,0.5,2.3606627,79.13007,0,8.498385
2021,29.0,0.75,2.3748581,83.2055,0,8.549489
2021,29.0,1.0,2.4104984,84.354324,0,8.6777935
2021,29.0,1.25,2.5142286,86.6292,0,9.051223
2021,29.0,1.5,2.6426342,85.70438,0,9.513483
2021,29.0,1.75,2.7133296,86.45682,0,9.767986
2021,29.0,2.0,2.774145,86.95591,0,9.986921
2021,29.0,2.25,2.8276854,88.03875,0,10.179667
2021,29.0,2.5,2.7975276,87.49168,0,10.071099
2021,29.0,2.75,2.5855703,80.46412,0,9.308053
2021,29.0,3.0,2.4384801,106.58645,0,8.778528
2021,29.0,3.25,2.3469832,105.15983,0,8.44914
2021,29.0,3.5,2.3673432,105.48249,0,8.522435
2021,29.0,3.75,2.4250023,107.48467,0,8.730008
2021,29.0,4.0,2.4960165,106.44575,0,8.98566
2021,29.0,4.25,2.4370427,103.41999,0,8.773354
2021,29.0,4.5,2.3888514,100.21488,0,8.599865
2021,29.0,4.75,2.3585837,99.45812,0,8.490901
2021,29.0,5.0,2.3967202,100.7092,0,8.628192
2021,29.0,5.25,2.4092634,101.60447,0,8.673347
2021,29.0,5.5,2.449288,101.66213,0,8.817436
2021,29.0,5.75,2.4914308,102.701866,0,8.969151
2021,29.0,6.0,2.5413477,104.23533,0,9.148851
2021,29.0,6.25,2.5767267,105.850075,0,9.276216
2021,29.0,6.5,2.5889487,107.15905,0,9.320215
2021,29.0,6.75,2.5632722,108.24292,0,9.227779
2021,29.0,7.0,2.5229583,108.00446,0,9.082649
2021,29.0,7.25,2.484831,110.44281,0,8.945392
2021,29.0,7.5,2.4189682,112.652794,0,8.708285
2021,29.0,7.75,2.413958,116.73031,0,8.6902485
2021,29.0,8.0,2.406153,115.310295,0,8.66215
2021,29.0,8.25,2.3860052,113.962036,0,8.589619
2021,29.0,8.5,2.3416219,115.884865,0,8.429838
2021,29.0,8.75,2.4046712,113.072205,0,8.6568165
2021,29.0,9.0,2.5522885,112.91397,0,9.188238
2021,29.0,9.25,2.5364938,115.04815,0,9.131377
2021,29.0,9.5,2.43853,120.03772,0,8.7787075
2021,29.0,9.75,2.3164177,124.60617,0,8.339104
2021,29.0,10.0,2.2377365,127.56977,0,8.055851
2021,29.0,10.25,2.2004397,130.07462,0,7.9215827
2021,29.0,10.5,2.1663558,133.40019,0,7.798881
2021,29.0,10.75,2.1576128,135.12434,0,7.767406
2021,29.0,11.0,2.1424506,136.64964,0,7.712822
2021,29.0,11.25,2.1556075,136.22656,0,7.7601867
2021,29.0,11.5,2.171049,134.97115,0,7.815777
2021,29.0,11.75,2.1718476,134.4599,0,7.818651
2021,29.0,12.0,2.1891422,133.74174,0,7.880912
2021,28.75,-9.0,1.9990444,273.8286,0,7.19656
2021,28.75,-8.75,1.8736081,220.05646,0,6.744989
2021,28.75,-8.5,1.8708304,211.20454,0,6.734989
2021,28.75,-8.25,1.962636,208.32637,0,7.0654893
2021,28.75,-8.0,1.9305758,202.50037,0,6.950073
2021,28.75,-7.75,1.9241766,202.90874,0,6.9270353
2021,28.75,-7.5,1.8612438,198.59425,0,6.7004776
2021,28.75,-7.25,1.7397748,191.76538,0,6.2631893
2021,28.75,-7.0,1.6253284,186.80037,0,5.851182
2021,28.75,-6.75,1.5671916,183.47697,0,5.6418896
2021,28.75,-6.5,1.5136076,184.65613,0,5.4489875
2021,28.75,-6.25,1.4675819,182.28209,0,5.2832947
2021,28.75,-6.0,1.4445788,179.53343,0,5.2004833
2021,28.75,-5.75,1.4375275,176.29451,0,5.175099
2021,28.75,-5.5,1.4490486,172.57777,0,5.216575
2021,28.75,-5.25,1.4731432,167.50761,0,5.3033156
2021,28.75,-5.0,1.4785751,163.25336,0,5.3228703
2021,28.75,-4.75,1.4953895,144.23128,0,5.383402
2021,28.75,-4.5,1.5527601,142.0743,0,5.5899363
2021,28.75,-4.25,1.5810442,138.22969,0,5.691759
2021,28.75,-4.0,1.5898452,134.57224,0,5.7234426
2021,28.75,-3.75,1.5645083,131.06834,0,5.63223
2021,28.75,-3.5,1.5445081,130.29454,0,5.560229
2021,28.75,-3.25,1.5330858,130.24059,0,5.519109
2021,28.75,-3.0,1.5341215,130.71223,0,5.522837
2021,28.75,-2.75,1.5693773,100.59696,0,5.6497583
2021,28.75,-2.5,1.6308993,99.16306,0,5.8712373
2021,28.75,-2.25,1.7329568,95.86191,0,6.238644
2021,28.75,-2.0,1.8259548,93.548645,0,6.573437
2021,28.75,-1.75,1.8613887,91.73629,0,6.7009993
2021,28.75,-1.5,1.8545803,91.114136,0,6.676489
2021,28.75,-1.25,1.8286785,88.98072,0,6.5832424
2021,28.75,-1.0,1.9347433,91.10493,0,6.9650755
2021,28.75,-0.75,2.0483925,90.49286,0,7.3742127
2021,28.75,-0.5,2.0814004,90.82474,0,7.493041
2021,28.75,-0.25,2.0533907,62.446583,0,7.3922067
2021,28.75,0.0,2.0871687,70.55483,0,7.5138073
2021,28.75,0.25,2.2852492,77.96444,0,8.226897
2021,28.75,0.5,2.3920116,82.04091,0,8.611241
2021,28.75,0.75,2.440845,83.07491,0,8.787042
2021,28.75,1.0,2.4797904,83.44082,0,8.927245
2021,28.75,1.25,2.5859196,82.84473,0,9.30931
2021,28.75,1.5,2.6876724,83.45402,0,9.67562
2021,28.75,1.75,2.7637446,85.96497,0,9.94948
2021,28.75,2.0,2.8830717,88.14694,0,10.379058
2021,28.75,2.25,2.949815,89.25501,0,10.619334
2021,28.75,2.5,2.8603137,85.34681,0,10.297129
2021,28.75,2.75,2.6398392,79.82967,0,9.503421
2021,28.75,3.0,2.5107675,77.2593,0,9.038763
2021,28.75,3.25,2.4775069,75.95536,0,8.919024
2021,28.75,3.5,2.519478,105.243004,0,9.070121
2021,28.75,3.75,2.5931444,76.03641,0,9.3353195
2021,28.75,4.0,2.6714103,105.62595,0,9.617077
2021,28.75,4.25,2.5901158,102.48645,0,9.324416
2021,28.75,4.5,2.4913132,99.57987,0,8.968727
2021,28.75,4.75,2.443803,98.92826,0,8.79769
2021,28.75,5.0,2.4949205,101.037254,0,8.981713
2021,28.75,5.25,2.4905822,100.2111,0,8.966096
2021,28.75,5.5,2.535106,99.87475,0,9.126381
2021,28.75,5.75,2.5875018,100.55975,0,9.315006
2021,28.75,6.0,2.6472454,101.99998,0,9.530084
2021,28.75,6.25,2.6817467,104.36078,0,9.654288
2021,28.75,6.5,2.679197,106.60659,0,9.645109
2021,28.75,6.75,2.6443107,108.33134,0,9.519518
2021,28.75,7.0,2.6241355,111.18749,0,9.446888
2021,28.75,7.25,2.6097057,85.04859,0,9.39494
2021,28.75,7.5,2.6012032,117.40354,0,9.364331
2021,28.75,7.75,2.56856,119.345436,0,9.246816
2021,28.75,8.0,2.5751498,108.237915,0,9.270539
2021,28.75,8.25,2.5461657,108.906105,0,9.166196
2021,28.75,8.5,2.4964206,110.56146,0,8.987114
2021,28.75,8.75,2.5068042,109.10572,0,9.024495
2021,28.75,9.0,2.622801,107.9307,0,9.442083
2021,28.75,9.25,2.611075,108.57879,0,9.39987
2021,28.75,9.5,2.509236,109.45455,0,9.03325
2021,28.75,9.75,2.3689475,110.905304,0,8.528211
2021,28.75,10.0,2.2658858,110.162415,0,8.157188
2021,28.75,10.25,2.2100627,106.50443,0,7.956226
2021,28.75,10.5,2.1975188,100.61663,0,7.9110675
2021,28.75,10.75,2.1885397,95.39453,0,7.8787427
2021,28.75,11.0,2.1940835,90.79321,0,7.8987
2021,28.75,11.25,2.1647332,117.26484,0,7.7930393
2021,28.75,11.5,2.1517346,113.439575,0,7.7462444
2021,28.75,11.75,2.1489737,138.78897,0,7.736305
2021,28.75,12.0,2.1311605,135.22173,0,7.672178
2021,28.5,-9.0,2.4766724,258.77548,0,8.91602
2021,28.5,-8.75,2.4278471,238.18396,0,8.74025
2021,28.5,-8.5,2.2830522,224.91357,0,8.218987
2021,28.5,-8.25,2.1610668,221.93651,0,7.77984
2021,28.5,-8.0,2.0617325,207.52455,0,7.422237
2021,28.5,-7.75,1.9542131,204.9392,0,7.035167
2021,28.5,-7.5,1.7674979,199.44173,0,6.3629923
2021,28.5,-7.25,1.5918187,194.08308,0,5.730547
2021,28.5,-7.0,1.5083922,172.39485,0,5.430212
2021,28.5,-6.75,1.48705,168.60942,0,5.35338
2021,28.5,-6.5,1.4789954,163.10127,0,5.3243833
2021,28.5,-6.25,1.4676418,187.5321,0,5.2835107
2021,28.5,-6.0,1.4529629,184.2276,0,5.230666
2021,28.5,-5.75,1.4475433,154.81844,0,5.2111554
2021,28.5,-5.5,1.4597173,155.85193,0,5.254982
2021,28.5,-5.25,1.4678493,151.94148,0,5.2842574
2021,28.5,-5.0,1.4479424,147.29456,0,5.2125926
2021,28.5,-4.75,1.4886924,145.89153,0,5.3592925
2021,28.5,-4.5,1.5249019,142.24931,0,5.4896464
2021,28.5,-4.25,1.5454726,139.00099,0,5.563701
2021,28.5,-4.0,1.5630423,136.58926,0,5.626952
2021,28.5,-3.75,1.6044683,135.50612,0,5.776086
2021,28.5,-3.5,1.5964323,136.1705,0,5.747156
2021,28.5,-3.25,1.5973402,137.66829,0,5.750425
2021,28.5,-3.0,1.6105975,108.41778,0,5.798151
2021,28.5,-2.75,1.6547036,105.21871,0,5.956933
2021,28.5,-2.5,1.7358876,101.83328,0,6.2491956
2021,28.5,-2.25,1.8499066,97.862274,0,6.6596637
2021,28.5,-2.0,1.915826,95.75687,0,6.896973
2021,28.5,-1.75,1.944543,94.40371,0,7.000355
2021,28.5,-1.5,1.9382668,92.92468,0,6.9777603
2021,28.5,-1.25,1.9216523,90.56171,0,6.9179482
2021,28.5,-1.0,1.9765383,61.48348,0,7.1155376
2021,28.5,-0.75,2.0547616,62.36462,0,7.397142
2021,28.5,-0.5,2.0942752,63.57542,0,7.5393906
2021,28.5,-0.25,2.1040206,66.33575,0,7.574474
2021,28.5,0.0,2.1294444,72.39645,0,7.6659994
2021,28.5,0.25,2.3306167,78.00048,0,8.39022
2021,28.5,0.5,2.4533563,80.2978,0,8.832083
2021,28.5,0.75,2.509425,80.52136,0,9.03393
2021,28.5,1.0,2.5290916,80.00595,0,9.10473
2021,28.5,1.25,2.589723,79.717766,0,9.323003
2021,28.5,1.5,2.7050362,83.20005,0,9.73813
2021,28.5,1.75,2.8784292,86.14343,0,10.362345
2021,28.5,2.0,3.0223825,87.210815,0,10.880577
2021,28.5,2.25,3.0723531,85.04095,0,11.060471
2021,28.5,2.5,2.9483788,81.35262,0,10.614163
2021,28.5,2.75,2.7559795,78.10758,0,9.921526
2021,28.5,3.0,2.6834958,76.8237,0,9.660584
2021,28.5,3.25,2.6472874,75.91342,0,9.530234
2021,28.5,3.5,2.6237566,75.87383,0,9.445523
2021,28.5,3.75,2.6793642,77.94011,0,9.645711
2021,28.5,4.0,2.792001,75.85034,0,10.051204
2021,28.5,4.25,2.736088,100.16001,0,9.849916
2021,28.5,4.5,2.642216,97.56439,0,9.511977
2021,28.5,4.75,2.6006122,100.057915,0,9.362204
2021,28.5,5.0,2.6788876,102.39817,0,9.643995
2021,28.5,5.25,2.641809,99.407524,0,9.510512
2021,28.5,5.5,2.6248705,97.74352,0,9.449533
2021,28.5,5.75,2.6667464,98.64451,0,9.6002865
2021,28.5,6.0,2.7393818,101.44036,0,9.861774
2021,28.5,6.25,2.7677562,74.50286,0,9.9639225
2021,28.5,6.5,2.7768867,77.918816,0,9.996792
2021,28.5,6.75,2.7611492,80.718216,0,9.940137
2021,28.5,7.0,2.7561028,83.674225,0,9.921969
2021,28.5,7.25,2.762542,86.1388,0,9.945151
2021,28.5,7.5,2.7751262,86.75289,0,9.990454
2021,28.5,7.75,2.7105525,88.18628,0,9.757989
2021,28.5,8.0,2.689579,88.885216,0,9.682485
2021,28.5,8.25,2.658122,89.453255,0,9.56924
2021,28.5,8.5,2.6342173,92.08099,0,9.483182
2021,28.5,8.75,2.6567543,95.64335,0,9.564315
2021,28.5,9.0,2.7238443,97.73415,0,9.80584
2021,28.5,9.25,2.6720803,98.13285,0,9.619489
2021,28.5,9.5,2.574787,97.55723,0,9.269233
2021,28.5,9.75,2.4822447,95.71656,0,8.936081
2021,28.5,10.0,2.4225824,93.90485,0,8.721296
2021,28.5,10.25,2.3816116,92.59872,0,8.573801
2021,28.5,10.5,2.3522463,91.44595,0,8.468086
2021,28.5,10.75,2.3286846,90.05366,0,8.383265
2021,28.5,11.0,2.2873986,88.87353,0,8.234634
2021,28.5,11.25,2.1995277,85.5462,0,7.9182997
2021,28.5,11.5,2.147087,110.65586,0,7.729513
2021,28.5,11.75,2.091145,107.496124,0,7.528122
2021,28.5,12.0,2.0480373,104.58903,0,7.372934
2021,28.25,-9.0,2.7246618,255.4934,0,9.808783
2021,28.25,-8.75,2.6482677,255.80586,0,9.533764
2021,28.25,-8.5,2.5676003,262.85538,0,9.2433605
2021,28.25,-8.25,2.4069245,237.3528,0,8.6649275
2021,28.25,-8.0,2.2105,238.14644,0,7.9578
2021,28.25,-7.75,1.9938706,205.75085,0,7.177934
2021,28.25,-7.5,1.7699603,203.08473,0,6.3718567
2021,28.25,-7.25,1.5925845,196.51228,0,5.733304
2021,28.25,-7.0,1.5323964,170.3764,0,5.516627
2021,28.25,-6.75,1.5311586,171.32637,0,5.512171
2021,28.25,-6.5,1.5259662,170.86198,0,5.493478
2021,28.25,-6.25,1.4853722,167.08781,0,5.3473396
2021,28.25,-6.0,1.472289,169.27931,0,5.30024
2021,28.25,-5.75,1.4593023,168.68318,0,5.253488
2021,28.25,-5.5,1.4376373,165.6682,0,5.175494
2021,28.25,-5.25,1.4133978,159.12593,0,5.088232
2021,28.25,-5.0,1.4068543,151.76347,0,5.0646753
2021,28.25,-4.75,1.4621986,142.0475,0,5.263915
2021,28.25,-4.5,1.505835,139.76115,0,5.421006
2021,28.25,-4.25,1.5356584,138.57416,0,5.52837
2021,28.25,-4.0,1.5627041,138.44545,0,5.6257343
2021,28.25,-3.75,1.61155,139.44283,0,5.80158
2021,28.25,-3.5,1.6422964,110.31665,0,5.912267
2021,28.25,-3.25,1.6661114,111.81665,0,5.9980006
2021,28.25,-3.0,1.6869259,112.486725,0,6.072933
2021,28.25,-2.75,1.7146469,111.29632,0,6.172729
2021,28.25,-2.5,1.7737995,107.02405,0,6.3856783
2021,28.25,-2.25,1.8371162,103.58548,0,6.6136184
2021,28.25,-2.0,1.8635416,101.73153,0,6.70875
2021,28.25,-1.75,1.8753695,99.242775,0,6.7513304
2021,28.25,-1.5,1.8901926,95.64325,0,6.804693
2021,28.25,-1.25,1.9060296,62.0211,0,6.8617063
2021,28.25,-1.0,1.956581,61.588108,0,7.0436916
2021,28.25,-0.75,2.048906,62.655914,0,7.376062
2021,28.25,-0.5,2.1321309,64.74845,0,7.675671
2021,28.25,-0.25,2.1936119,68.02088,0,7.8970027
2021,28.25,0.0,2.2455814,72.37786,0,8.084093
2021,28.25,0.25,2.3600626,76.12567,0,8.496225
2021,28.25,0.5,2.464338,77.23487,0,8.871616
2021,28.25,0.75,2.5338233,77.28594,0,9.121763
2021,28.25,1.0,2.5718167,77.84885,0,9.25854
2021,28.25,1.25,2.6059496,80.935394,0,9.381418
2021,28.25,1.5,2.7794182,84.98345,0,10.005905
2021,28.25,1.75,2.9485028,84.72782,0,10.61461
2021,28.25,2.0,3.0773966,81.56521,0,11.078628
2021,28.25,2.25,3.1573868,76.88189,0,11.366592
2021,28.25,2.5,3.1700242,73.030945,0,11.4120865
2021,28.25,2.75,3.060484,70.037315,0,11.017742
2021,28.25,3.0,2.9961908,69.92271,0,10.786286
2021,28.25,3.25,2.917257,72.025734,0,10.502125
2021,28.25,3.5,2.8267863,75.3027,0,10.176431
2021,28.25,3.75,2.7821681,76.44981,0,10.015805
2021,28.25,4.0,2.841734,69.56051,0,10.230242
2021,28.25,4.25,2.8683555,65.10366,0,10.326079
2021,28.25,4.5,2.8731196,66.24198,0,10.34323
2021,28.25,4.75,2.8927383,71.67654,0,10.413857
2021,28.25,5.0,2.890403,73.287674,0,10.405451
2021,28.25,5.25,2.7406304,98.686806,0,9.866269
2021,28.25,5.5,2.6961577,97.036354,0,9.706167
2021,28.25,5.75,2.734791,98.35351,0,9.845247
2021,28.25,6.0,2.823846,101.36129,0,10.165846
2021,28.25,6.25,2.9020846,74.032814,0,10.447504
2021,28.25,6.5,2.971218,77.1641,0,10.696385
2021,28.25,6.75,2.948204,79.322174,0,10.613534
2021,28.25,7.0,2.896472,81.18915,0,10.427299
2021,28.25,7.25,2.8500729,82.511604,0,10.2602625
2021,28.25,7.5,2.8257835,82.45983,0,10.17282
2021,28.25,7.75,2.8090208,82.39547,0,10.112474
2021,28.25,8.0,2.8216095,82.436676,0,10.157794
2021,28.25,8.25,2.8057997,83.58936,0,10.100879
2021,28.25,8.5,2.781347,86.97111,0,10.012849
2021,28.25,8.75,2.8413794,92.0859,0,10.228966
2021,28.25,9.0,2.9418876,93.68862,0,10.5907955
2021,28.25,9.25,2.890913,92.903114,0,10.407287
2021,28.25,9.5,2.781768,91.00196,0,10.014365
2021,28.25,9.75,2.6780589,88.77541,0,9.641011
2021,28.25,10.0,2.6151533,87.35561,0,9.414552
2021,28.25,10.25,2.5929842,87.46378,0,9.334743
2021,28.25,10.5,2.5587265,88.46433,0,9.211415
2021,28.25,10.75,2.5281155,89.39987,0,9.101215
2021,28.25,11.0,2.4764535,90.05927,0,8.915233
2021,28.25,11.25,2.3448932,90.1238,0,8.441615
2021,28.25,11.5,2.1451993,89.09304,0,7.7227173
2021,28.25,11.75,2.0203788,122.858894,0,7.2733636
2021,28.25,12.0,1.9659065,126.015656,0,7.0772634
2021,28.0,-9.0,3.1437273,282.23697,0,11.317418
2021,28.0,-8.75,3.00158,282.86765,0,10.805688
2021,28.0,-8.5,2.7375755,251.27327,0,9.855271
2021,28.0,-8.25,2.52002,257.25082,0,9.072072
2021,28.0,-8.0,2.2392728,205.02386,0,8.061382
2021,28.0,-7.75,1.9991994,209.96043,0,7.197118
2021,28.0,-7.5,1.7963334,208.3338,0,6.4668
2021,28.0,-7.25,1.6446203,193.90068,0,5.920633
2021,28.0,-7.0,1.5881644,180.87648,0,5.717392
2021,28.0,-6.75,1.5720091,174.6519,0,5.6592326
2021,28.0,-6.5,1.5539832,169.16338,0,5.5943394
2021,28.0,-6.25,1.5164242,168.17662,0,5.459127
2021,28.0,-6.0,1.5130304,170.53212,0,5.4469094
2021,28.0,-5.75,1.491737,170.36269,0,5.370253
2021,28.0,-5.5,1.4580995,168.67294,0,5.249158
2021,28.0,-5.25,1.4275352,167.91252,0,5.1391263
2021,28.0,-5.0,1.439147,160.03995,0,5.180929
2021,28.0,-4.75,1.4785899,132.42006,0,5.3229237
2021,28.0,-4.5,1.515379,134.62334,0,5.455364
2021,28.0,-4.25,1.5475105,136.9682,0,5.571038
2021,28.0,-4.0,1.5874933,138.97527,0,5.714976
2021,28.0,-3.75,1.6179562,111.355034,0,5.824642
2021,28.0,-3.5,1.6410958,113.23461,0,5.9079447
2021,28.0,-3.25,1.6753777,114.056465,0,6.0313597
2021,28.0,-3.0,1.703611,113.68278,0,6.1329994
2021,28.0,-2.75,1.729715,112.07294,0,6.226974
2021,28.0,-2.5,1.7655945,108.63873,0,6.35614
2021,28.0,-2.25,1.8130709,106.14752,0,6.5270553
2021,28.0,-2.0,1.8437752,104.496155,0,6.6375904
2021,28.0,-1.75,1.8366286,101.34319,0,6.6118627
2021,28.0,-1.5,1.8284434,66.714516,0,6.582396
2021,28.0,-1.25,1.8175365,62.809155,0,6.5431314
2021,28.0,-1.0,1.8859501,60.26068,0,6.78942
2021,28.0,-0.75,2.0054772,61.32851,0,7.2197175
2021,28.0,-0.5,2.1428368,64.30805,0,7.7142124
2021,28.0,-0.25,2.2472749,68.3421,0,8.090189
2021,28.0,0.0,2.3326616,72.25463,0,8.397582
2021,28.0,0.25,2.380747,74.245636,0,8.570689
2021,28.0,0.5,2.4697535,74.878975,0,8.891112
2021,28.0,0.75,2.5550995,75.20454,0,9.198358
2021,28.0,1.0,2.627768,76.39895,0,9.459965
2021,28.0,1.25,2.7545345,80.13328,0,9.916324
2021,28.0,1.5,2.9252186,82.192024,0,10.5307865
2021,28.0,1.75,2.947509,79.69106,0,10.6110325
2021,28.0,2.0,2.9159317,74.09899,0,10.497354
2021,28.0,2.25,2.9748096,69.182175,0,10.709314
2021,28.0,2.5,3.1571968,67.18324,0,11.365908
2021,28.0,2.75,3.1243856,64.34344,0,11.247787
2021,28.0,3.0,3.0833871,64.36916,0,11.100193
2021,28.0,3.25,3.1042898,65.93597,0,11.175443
2021,28.0,3.5,3.1130087,67.700485,0,11.206831
2021,28.0,3.75,3.1155195,65.54359,0,11.21587
2021,28.0,4.0,3.0689166,61.150192,0,11.0480995
2021,28.0,4.25,3.0769775,60.936054,0,11.077119
2021,28.0,4.5,3.131154,65.94169,0,11.272154
2021,28.0,4.75,3.222079,71.23047,0,11.599484
2021,28.0,5.0,3.1781647,70.53535,0,11.441393
2021,28.0,5.25,2.9088628,67.16955,0,10.471906
2021,28.0,5.5,2.8033075,96.61605,0,10.091907
2021,28.0,5.75,2.7795775,98.26882,0,10.006478
2021,28.0,6.0,2.844937,100.60616,0,10.241774
2021,28.0,6.25,2.9177492,101.90757,0,10.503897
2021,28.0,6.5,3.0397797,75.34896,0,10.943207
2021,28.0,6.75,3.064799,77.57521,0,11.033277
2021,28.0,7.0,3.036504,78.99473,0,10.931415
2021,28.0,7.25,2.9713125,79.81227,0,10.696725
2021,28.0,7.5,2.9036853,80.528534,0,10.453267
2021,28.0,7.75,2.8826573,81.32857,0,10.377566
2021,28.0,8.0,2.887553,81.60643,0,10.39519
2021,28.0,8.25,2.9096832,82.98803,0,10.474859
2021,28.0,8.5,2.9345112,85.890564,0,10.56424
2021,28.0,8.75,2.973097,89.044395,0,10.703149
2021,28.0,9.0,2.981489,88.85166,0,10.73336
2021,28.0,9.25,2.9496107,87.63611,0,10.618598
2021,28.0,9.5,2.8866446,86.34762,0,10.39192
2021,28.0,9.75,2.8078,85.57978,0,10.10808
2021,28.0,10.0,2.7154255,86.20374,0,9.775532
2021,28.0,10.25,2.7093801,87.140594,0,9.753768
2021,28.0,10.5,2.7044497,88.16095,0,9.736018
2021,28.0,10.75,2.6832466,88.50446,0,9.659688
2021,28.0,11.0,2.6166923,88.27399,0,9.420092
2021,28.0,11.25,2.5212986,86.91525,0,9.076674
2021,28.0,11.5,2.3801942,86.86857,0,8.568699
2021,28.0,11.75,2.2162821,86.94724,0,7.9786153
2021,28.0,12.0,2.0714605,116.01526,0,7.4572577
2021,27.75,-9.0,3.3378704,294.9837,0,12.016333
2021,27.75,-8.75,3.0759401,264.38754,0,11.073384
2021,27.75,-8.5,2.8251326,263.78824,0,10.170477
2021,27.75,-8.25,2.5640643,264.71304,0,9.230631
2021,27.75,-8.0,2.272549,236.5091,0,8.181176
2021,27.75,-7.75,1.9643167,210.21495,0,7.07154
2021,27.75,-7.5,1.809403,213.50763,0,6.51385
2021,27.75,-7.25,1.7351509,190.7629,0,6.2465434
2021,27.75,-7.0,1.702818,167.71606,0,6.1301446
2021,27.75,-6.75,1.6817702,169.79604,0,6.054373
2021,27.75,-6.5,1.6540308,170.45918,0,5.9545107
2021,27.75,-6.25,1.6085428,172.2627,0,5.790754
2021,27.75,-6.0,1.60135,174.85136,0,5.7648597
2021,27.75,-5.75,1.6036752,175.05269,0,5.7732306
2021,27.75,-5.5,1.592073,175.29655,0,5.7314625
2021,27.75,-5.25,1.5692822,177.5093,0,5.6494155
2021,27.75,-5.0,1.559224,152.43791,0,5.6132064
2021,27.75,-4.75,1.5701737,127.59647,0,5.652625
2021,27.75,-4.5,1.571846,132.26306,0,5.6586456
2021,27.75,-4.25,1.5727898,137.69038,0,5.662043
2021,27.75,-4.0,1.5918244,111.30196,0,5.730568
2021,27.75,-3.75,1.6031666,113.8902,0,5.7713995
2021,27.75,-3.5,1.6109942,115.773735,0,5.799579
2021,27.75,-3.25,1.6279427,116.841545,0,5.8605933
2021,27.75,-3.0,1.6436788,116.44012,0,5.9172435
2021,27.75,-2.75,1.6788377,114.88972,0,6.0438156
2021,27.75,-2.5,1.7213486,111.12922,0,6.196855
2021,27.75,-2.25,1.790939,106.28293,0,6.44738
2021,27.75,-2.0,1.8553642,74.88354,0,6.679311
2021,27.75,-1.75,1.8691788,71.72178,0,6.7290435
2021,27.75,-1.5,1.8203888,65.924904,0,6.5533996
2021,27.75,-1.25,1.8176647,61.618855,0,6.543593
2021,27.75,-1.0,1.8478211,88.45593,0,6.652156
2021,27.75,-0.75,1.9371961,58.893543,0,6.973906
2021,27.75,-0.5,2.068888,62.340332,0,7.4479966
2021,27.75,-0.25,2.2724082,68.14146,0,8.18067
2021,27.75,0.0,2.4017284,72.04037,0,8.646222
2021,27.75,0.25,2.4156032,72.6869,0,8.696171
2021,27.75,0.5,2.4789414,73.26585,0,8.924189
2021,27.75,0.75,2.5680847,74.214775,0,9.245105
2021,27.75,1.0,2.6925278,75.886055,0,9.6931
2021,27.75,1.25,2.8556736,78.245964,0,10.280424
2021,27.75,1.5,3.008302,78.6136,0,10.829886
2021,27.75,1.75,2.88688,72.35458,0,10.392768
2021,27.75,2.0,2.8474486,66.316536,0,10.250814
2021,27.75,2.25,3.0133333,64.448494,0,10.848
2021,27.75,2.5,3.229827,64.31693,0,11.627377
2021,27.75,2.75,3.30177,63.11647,0,11.886372
2021,27.75,3.0,3.291912,63.225933,0,11.8508835
2021,27.75,3.25,3.5429914,64.71624,0,12.754768
2021,27.75,3.5,3.6800277,63.82165,0,13.248099
2021,27.75,3.75,3.6410196,61.737194,0,13.10767
2021,27.75,4.0,3.488726,59.79904,0,12.559413
2021,27.75,4.25,3.3158026,61.627808,0,11.936889
2021,27.75,4.5,3.2987287,67.27253,0,11.875423
2021,27.75,4.75,3.401764,69.99038,0,12.246349
2021,27.75,5.0,3.326806,68.59751,0,11.976501
2021,27.75,5.25,3.1035974,66.60468,0,11.172951
2021,27.75,5.5,2.9189978,66.53048,0,10.508391
2021,27.75,5.75,2.8684294,97.73165,0,10.326345
2021,27.75,6.0,2.8766782,98.044464,0,10.356041
2021,27.75,6.25,2.8902235,100.29163,0,10.404804
2021,27.75,6.5,2.9813497,74.56449,0,10.732859
2021,27.75,6.75,3.0537994,77.621414,0,10.993677
2021,27.75,7.0,3.068135,78.80706,0,11.045286
2021,27.75,7.25,3.0134058,78.40789,0,10.848261
2021,27.75,7.5,2.9650917,77.91613,0,10.67433
2021,27.75,7.75,2.978503,78.00054,0,10.72261
2021,27.75,8.0,2.9225569,78.76318,0,10.521205
2021,27.75,8.25,2.9436083,80.930176,0,10.59699
2021,27.75,8.5,2.9923182,83.749016,0,10.772346
2021,27.75,8.75,3.0202944,86.121086,0,10.873059
2021,27.75,9.0,2.939407,85.94244,0,10.581865
2021,27.75,9.25,2.8813145,85.50506,0,10.372732
2021,27.75,9.5,2.9068258,85.63155,0,10.464573
2021,27.75,9.75,2.8501742,86.190125,0,10.260627
2021,27.75,10.0,2.7554932,87.241455,0,9.919775
2021,27.75,10.25,2.6955013,88.45188,0,9.703805
2021,27.75,10.5,2.749243,89.83008,0,9.897275
2021,27.75,10.75,2.7465508,89.32134,0,9.887583
2021,27.75,11.0,2.6799364,89.03886,0,9.647771
2021,27.75,11.25,2.5965889,89.07401,0,9.347719
2021,27.75,11.5,2.493347,89.8345,0,8.976048
2021,27.75,11.75,2.371283,90.62021,0,8.536619
2021,27.75,12.0,2.2200115,89.45413,0,7.992041
2021,27.5,-9.0,3.3464334,272.92676,0,12.04716
2021,27.5,-8.75,3.1106865,271.6733,0,11.198471
2021,27.5,-8.5,2.8618212,270.6727,0,10.302556
2021,27.5,-8.25,2.5828826,239.7901,0,9.298377
2021,27.5,-8.0,2.2651603,241.45874,0,8.154577
2021,27.5,-7.75,2.0571198,216.02498,0,7.405631
2021,27.5,-7.5,1.9516983,219.9994,0,7.0261135
2021,27.5,-7.25,1.9174646,192.4726,0,6.9028726
2021,27.5,-7.0,1.8946171,166.11473,0,6.8206215
2021,27.5,-6.75,1.8795776,169.11723,0,6.7664795
2021,27.5,-6.5,1.7913761,172.0271,0,6.4489536
2021,27.5,-6.25,1.7328572,174.74303,0,6.238286
2021,27.5,-6.0,1.711326,176.62384,0,6.1607733
2021,27.5,-5.75,1.6927747,176.60637,0,6.0939884
2021,27.5,-5.5,1.6775031,177.12036,0,6.039011
2021,27.5,-5.25,1.6354889,179.87915,0,5.8877597
2021,27.5,-5.0,1.6144825,154.02655,0,5.812137
2021,27.5,-4.75,1.5926242,129.11082,0,5.733447
2021,27.5,-4.5,1.5897087,104.92667,0,5.722951
2021,27.5,-4.25,1.6108422,111.39151,0,5.7990317
2021,27.5,-4.0,1.6205559,115.919716,0,5.834001
2021,27.5,-3.75,1.6217743,118.35897,0,5.8383875
2021,27.5,-3.5,1.5974423,118.29181,0,5.750792
2021,27.5,-3.25,1.6028944,118.63799,0,5.7704196
2021,27.5,-3.0,1.6045256,118.01214,0,5.776292
2021,27.5,-2.75,1.6390041,116.633736,0,5.9004145
2021,27.5,-2.5,1.6901698,109.72445,0,6.084611
2021,27.5,-2.25,1.7828337,75.28309,0,6.418201
2021,27.5,-2.0,1.8623797,74.28765,0,6.7045665
2021,27.5,-1.75,1.8979765,70.547005,0,6.8327155
2021,27.5,-1.5,1.8616209,65.33131,0,6.701835
2021,27.5,-1.25,1.8507318,61.808643,0,6.6626344
2021,27.5,-1.0,1.8013736,87.330574,0,6.484945
2021,27.5,-0.75,1.8676025,87.42337,0,6.7233686
2021,27.5,-0.5,1.9970897,60.839977,0,7.1895227
2021,27.5,-0.25,2.2348688,67.18266,0,8.045527
2021,27.5,0.0,2.4528344,71.73636,0,8.830203
2021,27.5,0.25,2.4470472,72.10657,0,8.80937
2021,27.5,0.5,2.4939988,72.36642,0,8.978395
2021,27.5,0.75,2.5867777,73.0111,0,9.3124
2021,27.5,1.0,2.7258866,74.776764,0,9.813191
2021,27.5,1.25,2.9427626,74.2812,0,10.5939455
2021,27.5,1.5,3.0949228,71.89556,0,11.141722
2021,27.5,1.75,3.0308256,63.843098,0,10.910972
2021,27.5,2.0,3.029157,59.919453,0,10.904964
2021,27.5,2.25,3.1925013,59.65547,0,11.493005
2021,27.5,2.5,3.3580694,62.265606,0,12.089049
2021,27.5,2.75,3.4519517,62.354374,0,12.427026
2021,27.5,3.0,3.4491727,63.26703,0,12.417022
2021,27.5,3.25,3.7190418,65.41428,0,13.38855
2021,27.5,3.5,3.9000342,64.470894,0,14.040123
2021,27.5,3.75,3.9355175,63.907322,0,14.167863
2021,27.5,4.0,3.7523851,63.56718,0,13.508586
2021,27.5,4.25,3.590462,64.912575,0,12.925663
2021,27.5,4.5,3.4984808,68.41978,0,12.59453
2021,27.5,4.75,3.4833305,70.12668,0,12.539989
2021,27.5,5.0,3.3879652,69.91154,0,12.196674
2021,27.5,5.25,3.1994305,68.487305,0,11.517949
2021,27.5,5.5,3.0579855,66.63746,0,11.008748
2021,27.5,5.75,2.9661639,66.26385,0,10.678189
2021,27.5,6.0,2.8207147,95.29086,0,10.1545725
2021,27.5,6.25,2.7908762,68.92607,0,10.047153
2021,27.5,6.5,2.837847,73.74009,0,10.2162485
2021,27.5,6.75,2.816054,76.64872,0,10.1377945
2021,27.5,7.0,2.818387,77.42246,0,10.1461935
2021,27.5,7.25,2.9189389,77.09513,0,10.50818
2021,27.5,7.5,2.8934462,76.22045,0,10.416406
2021,27.5,7.75,2.9052088,76.23431,0,10.458752
2021,27.5,8.0,2.9495802,77.66468,0,10.618488
2021,27.5,8.25,2.9539738,80.02502,0,10.634305
2021,27.5,8.5,3.0188901,82.47809,0,10.868004
2021,27.5,8.75,3.0430586,84.04428,0,10.95501
2021,27.5,9.0,2.912296,83.74532,0,10.484265
2021,27.5,9.25,2.7942836,86.22823,0,10.059421
2021,27.5,9.5,2.8230908,88.2482,0,10.163127
2021,27.5,9.75,2.7775536,88.86655,0,9.999192
2021,27.5,10.0,2.6798937,90.01651,0,9.647617
2021,27.5,10.25,2.6374648,90.30663,0,9.494873
2021,27.5,10.5,2.7518418,92.70026,0,9.9066305
2021,27.5,10.75,2.7425292,93.39093,0,9.873105
2021,27.5,11.0,2.704919,93.86521,0,9.737708
2021,27.5,11.25,2.6371763,94.39019,0,9.4938345
2021,27.5,11.5,2.5766222,93.853096,0,9.27584
2021,27.5,11.75,2.4682095,93.67517,0,8.885554
2021,27.5,12.0,2.3525326,92.908264,0,8.469117
2021,27.25,-9.0,3.30924,279.22696,0,11.913264
2021,27.25,-8.75,3.1004913,248.38457,0,11.161768
2021,27.25,-8.5,2.8903484,247.01488,0,10.405254
2021,27.25,-8.25,2.608421,246.73567,0,9.390316
2021,27.25,-8.0,2.4427214,247.80469,0,8.793797
2021,27.25,-7.75,2.254698,221.58464,0,8.116913
2021,27.25,-7.5,2.1532485,222.41753,0,7.7516947
2021,27.25,-7.25,2.0792253,221.50114,0,7.485211
2021,27.25,-7.0,2.023224,195.23296,0,7.2836065
2021,27.25,-6.75,1.9016966,169.95361,0,6.8461075
2021,27.25,-6.5,1.8114276,173.14558,0,6.521139
2021,27.25,-6.25,1.7902662,175.59486,0,6.444958
2021,27.25,-6.0,1.7735963,177.067,0,6.3849463
2021,27.25,-5.75,1.7498928,177.37334,0,6.299614
2021,27.25,-5.5,1.7023975,178.93587,0,6.1286306
2021,27.25,-5.25,1.6616316,181.52802,0,5.9818735
2021,27.25,-5.0,1.6197878,156.3949,0,5.831236
2021,27.25,-4.75,1.6033087,103.07565,0,5.771911
2021,27.25,-4.5,1.6208242,111.10009,0,5.834967
2021,27.25,-4.25,1.6820264,116.13903,0,6.055295
2021,27.25,-4.0,1.6976594,119.69198,0,6.1115737
2021,27.25,-3.75,1.6570476,119.469055,0,5.965371
2021,27.25,-3.5,1.6382858,119.63813,0,5.8978286
2021,27.25,-3.25,1.616415,119.00741,0,5.8190937
2021,27.25,-3.0,1.6101861,118.60395,0,5.79667
2021,27.25,-2.75,1.6368936,119.27643,0,5.892817
2021,27.25,-2.5,1.7054929,70.99421,0,6.1397743
2021,27.25,-2.25,1.8074455,72.7085,0,6.5068035
2021,27.25,-2.0,1.8936065,72.04511,0,6.816983
2021,27.25,-1.75,1.9350246,69.053894,0,6.9660883
2021,27.25,-1.5,1.9072922,65.198204,0,6.866252
2021,27.25,-1.25,1.8859091,62.518402,0,6.7892723
2021,27.25,-1.0,1.832263,88.07364,0,6.5961466
2021,27.25,-0.75,1.7656475,84.69724,0,6.356331
2021,27.25,-0.5,1.8727833,88.66034,0,6.7420197
2021,27.25,-0.25,2.134823,65.88703,0,7.685363
2021,27.25,0.0,2.4573998,70.70629,0,8.84664
2021,27.25,0.25,2.4885397,71.16589,0,8.958743
2021,27.25,0.5,2.514721,70.77708,0,9.052995
2021,27.25,0.75,2.6108549,71.08516,0,9.399077
2021,27.25,1.0,2.8051007,69.872375,0,10.098362
2021,27.25,1.25,3.0415888,69.005135,0,10.949719
2021,27.25,1.5,3.2098894,64.55835,0,11.555601
2021,27.25,1.75,3.2274094,57.91463,0,11.618673
2021,27.25,2.0,3.2425416,55.079357,0,11.673149
2021,27.25,2.25,3.3350189,57.443787,0,12.006067
2021,27.25,2.5,3.4949834,60.11379,0,12.58194
2021,27.25,2.75,3.565277,60.74085,0,12.834997
2021,27.25,3.0,3.5868464,61.792088,0,12.912646
2021,27.25,3.25,3.760926,63.964905,0,13.539333
2021,27.25,3.5,3.79869,65.17574,0,13.675284
2021,27.25,3.75,3.8462896,64.65509,0,13.8466425
2021,27.25,4.0,3.9634984,65.32765,0,14.268594
2021,27.25,4.25,3.8296258,66.450874,0,13.786653
2021,27.25,4.5,3.6528313,68.024506,0,13.150192
2021,27.25,4.75,3.51806,70.594215,0,12.665015
2021,27.25,5.0,3.3918028,70.91186,0,12.210489
2021,27.25,5.25,3.131451,70.58099,0,11.273223
2021,27.25,5.5,2.9762642,68.78222,0,10.714551
2021,27.25,5.75,2.7369273,66.656136,0,9.852938
2021,27.25,6.0,2.5131137,94.2878,0,9.047209
2021,27.25,6.25,2.5646474,67.52161,0,9.232731
2021,27.25,6.5,2.57559,70.54241,0,9.272123
2021,27.25,6.75,2.5274699,73.75098,0,9.098891
2021,27.25,7.0,2.3936758,105.104614,0,8.617232
2021,27.25,7.25,2.5517948,75.57998,0,9.1864605
2021,27.25,7.5,2.7423658,105.35251,0,9.872517
2021,27.25,7.75,2.7502553,105.42577,0,9.900919
2021,27.25,8.0,2.7985716,76.936485,0,10.074858
2021,27.25,8.25,2.884038,79.18561,0,10.382537
2021,27.25,8.5,2.9487107,81.86322,0,10.615358
2021,27.25,8.75,3.0081851,83.163994,0,10.829466
2021,27.25,9.0,2.9047496,83.40705,0,10.457098
2021,27.25,9.25,2.7834606,87.59051,0,10.020458
2021,27.25,9.5,2.7533038,92.52792,0,9.911893
2021,27.25,9.75,2.706527,93.79359,0,9.743497
2021,27.25,10.0,2.58476,94.99529,0,9.305136
2021,27.25,10.25,2.5542278,95.73246,0,9.19522
2021,27.25,10.5,2.7389686,97.519035,0,9.860287
2021,27.25,10.75,2.7245703,98.15496,0,9.808453
2021,27.25,11.0,2.6963491,98.49365,0,9.706857
2021,27.25,11.25,2.6971457,97.71179,0,9.709724
2021,27.25,11.5,2.6378138,97.3811,0,9.496129
2021,27.25,11.75,2.5458033,95.67844,0,9.164891
2021,27.25,12.0,2.4531076,94.765144,0,8.831187
2021,27.0,-9.0,3.1986744,253.79059,0,11.515227
2021,27.0,-8.75,3.0351918,253.90137,0,10.92669
2021,27.0,-8.5,2.8296318,252.73198,0,10.186674
2021,27.0,-8.25,2.6585941,250.53542,0,9.570939
2021,27.0,-8.0,2.491236,251.59007,0,8.96845
2021,27.0,-7.75,2.3198202,194.11613,0,8.351353
2021,27.0,-7.5,2.2075038,164.8838,0,7.9470134
2021,27.0,-7.25,2.0921652,222.85828,0,7.5317945
2021,27.0,-7.0,1.9562936,194.18245,0,7.042657
2021,27.0,-6.75,1.8344536,169.567,0,6.6040325
2021,27.0,-6.5,1.8138118,173.8061,0,6.529722
2021,27.0,-6.25,1.8081914,176.31856,0,6.509489
2021,27.0,-6.0,1.8032869,177.17625,0,6.4918327
2021,27.0,-5.75,1.7828822,178.78815,0,6.418376
2021,27.0,-5.5,1.7358202,180.48363,0,6.2489524
2021,27.0,-5.25,1.6817499,183.47588,0,6.0543
2021,27.0,-5.0,1.6440277,158.08209,0,5.9184995
2021,27.0,-4.75,1.6536504,108.49044,0,5.953141
2021,27.0,-4.5,1.6982869,114.83308,0,6.1138325
2021,27.0,-4.25,1.765453,117.597404,0,6.3556304
2021,27.0,-4.0,1.7804114,118.48764,0,6.4094806
2021,27.0,-3.75,1.7489586,119.022255,0,6.296251
2021,27.0,-3.5,1.6992898,119.161156,0,6.117443
2021,27.0,-3.25,1.6814471,119.20087,0,6.05321
2021,27.0,-3.0,1.6667427,119.31134,0,6.0002737
2021,27.0,-2.75,1.6615878,92.74383,0,5.981716
2021,27.0,-2.5,1.7447273,68.56837,0,6.281018
2021,27.0,-2.25,1.8477765,70.47054,0,6.651995
2021,27.0,-2.0,1.9388891,70.08488,0,6.980001
2021,27.0,-1.75,1.967702,68.70443,0,7.0837274
2021,27.0,-1.5,1.943057,65.62082,0,6.9950047
2021,27.0,-1.25,1.9267169,63.05696,0,6.9361806
2021,27.0,-1.0,1.8876702,59.288315,0,6.7956123
2021,27.0,-0.75,1.8153304,86.05276,0,6.535189
2021,27.0,-0.5,1.7369677,85.98557,0,6.2530837
2021,27.0,-0.25,1.9372296,63.789185,0,6.9740267
2021,27.0,0.0,2.3525302,68.81927,0,8.469109
2021,27.0,0.25,2.5243742,68.80612,0,9.087747
2021,27.0,0.5,2.553621,67.627754,0,9.193035
2021,27.0,0.75,2.6561563,64.666435,0,9.562162
2021,27.0,1.0,2.8655846,63.56841,0,10.316104
2021,27.0,1.25,3.1260803,61.68736,0,11.253889
2021,27.0,1.5,3.3149803,57.661793,0,11.9339285
2021,27.0,1.75,3.3517325,53.153717,0,12.0662365
2021,27.0,2.0,3.3469627,53.765224,0,12.049066
2021,27.0,2.25,3.4378793,56.121243,0,12.376366
2021,27.0,2.5,3.5146916,58.067806,0,12.652889
2021,27.0,2.75,3.5725365,58.646328,0,12.861131
2021,27.0,3.0,3.6226952,59.629597,0,13.041702
2021,27.0,3.25,3.5649235,61.380295,0,12.833724
2021,27.0,3.5,3.5495641,63.09143,0,12.778431
2021,27.0,3.75,3.7150657,63.93575,0,13.374236
2021,27.0,4.0,3.8330438,64.649635,0,13.798958
2021,27.0,4.25,3.8823168,65.14811,0,13.97634
2021,27.0,4.5,3.6745956,66.765495,0,13.228544
2021,27.0,4.75,3.4509976,70.25913,0,12.423591
2021,27.0,5.0,3.081679,72.92674,0,11.094045
2021,27.0,5.25,2.8196728,72.89668,0,10.150822
2021,27.0,5.5,2.5260134,72.002754,0,9.093648
2021,27.0,5.75,2.2820485,69.09949,0,8.215374
2021,27.0,6.0,2.0333068,93.22732,0,7.3199043
2021,27.0,6.25,2.1781003,94.0061,0,7.8411613
2021,27.0,6.5,2.2009203,66.85501,0,7.923313
2021,27.0,6.75,1.9911312,67.12444,0,7.168072
2021,27.0,7.0,1.8461169,98.07812,0,6.646021
2021,27.0,7.25,2.086086,100.80697,0,7.5099096
2021,27.0,7.5,2.4065547,102.155495,0,8.663597
2021,27.0,7.75,2.4968455,102.61004,0,8.988644
2021,27.0,8.0,2.635712,103.884865,0,9.488563
2021,27.0,8.25,2.7163973,106.43167,0,9.77903
2021,27.0,8.5,2.7973597,81.14163,0,10.070495
2021,27.0,8.75,2.8598473,83.311554,0,10.29545
2021,27.0,9.0,2.8241787,85.86524,0,10.167043
2021,27.0,9.25,2.7831929,91.46246,0,10.019494
2021,27.0,9.5,2.7447345,97.13911,0,9.881044
2021,27.0,9.75,2.6440241,98.98431,0,9.518487
2021,27.0,10.0,2.5268037,100.44921,0,9.096493
2021,27.0,10.25,2.5288296,101.71707,0,9.103786
2021,27.0,10.5,2.6928856,101.65986,0,9.694388
2021,27.0,10.75,2.6779454,101.3187,0,9.640603
2021,27.0,11.0,2.6907938,100.37266,0,9.686857
2021,27.0,11.25,2.691294,99.574196,0,9.688658
2021,27.0,11.5,2.6477876,96.52854,0,9.532035
2021,27.0,11.75,2.560865,94.41062,0,9.219113
2021,27.0,12.0,2.50028,93.21124,0,9.001007
2021,26.75,-9.0,3.031086,257.44608,0,10.911909
2021,26.75,-8.75,2.9026067,227.93425,0,10.449384
2021,26.75,-8.5,2.7473075,256.49066,0,9.890306
2021,26.75,-8.25,2.5676105,254.2419,0,9.243398
2021,26.75,-8.0,2.385031,252.64037,0,8.586111
2021,26.75,-7.75,2.1958108,195.05171,0,7.9049187
2021,26.75,-7.5,2.1372616,166.76831,0,7.694142
2021,26.75,-7.25,2.0442722,165.90779,0,7.35938
2021,26.75,-7.0,1.9199253,166.58885,0,6.9117312
2021,26.75,-6.75,1.8561759,170.08223,0,6.682233
2021,26.75,-6.5,1.837916,174.46191,0,6.6164975
2021,26.75,-6.25,1.8400078,176.68849,0,6.6240277
2021,26.75,-6.0,1.8297065,177.40344,0,6.5869436
2021,26.75,-5.75,1.8057874,179.97243,0,6.5008345
2021,26.75,-5.5,1.7755847,182.98334,0,6.3921046
2021,26.75,-5.25,1.7258267,155.6214,0,6.212976
2021,26.75,-5.0,1.7029854,159.42882,0,6.1307473
2021,26.75,-4.75,1.7240607,111.41406,0,6.2066183
2021,26.75,-4.5,1.782169,114.23307,0,6.415808
2021,26.75,-4.25,1.8408228,115.08109,0,6.626962
2021,26.75,-4.0,1.8609529,116.31672,0,6.69943
2021,26.75,-3.75,1.8332205,117.867744,0,6.5995936
2021,26.75,-3.5,1.7918197,119.07703,0,6.4505506
2021,26.75,-3.25,1.7717005,90.406075,0,6.378122
2021,26.75,-3.0,1.767446,95.06525,0,6.3628054
2021,26.75,-2.75,1.7488853,65.641655,0,6.2959867
2021,26.75,-2.5,1.7853171,66.871376,0,6.427141
2021,26.75,-2.25,1.8903755,68.74889,0,6.8053517
2021,26.75,-2.0,1.9802345,69.55001,0,7.1288443
2021,26.75,-1.75,2.004622,68.42373,0,7.216639
2021,26.75,-1.5,1.987007,66.21778,0,7.153225
2021,26.75,-1.25,1.9687198,63.544353,0,7.0873914
2021,26.75,-1.0,1.9379201,60.22996,0,6.976512
2021,26.75,-0.75,1.8701941,87.749664,0,6.7326984
2021,26.75,-0.5,1.7815396,87.78397,0,6.4135423
2021,26.75,-0.25,1.7753048,61.8521,0,6.391097
2021,26.75,0.0,2.1269863,67.3959,0,7.6571503
2021,26.75,0.25,2.37872,66.46183,0,8.563392
2021,26.75,0.5,2.5163639,60.295376,0,9.058909
2021,26.75,0.75,2.6374438,57.297485,0,9.494798
2021,26.75,1.0,2.8429606,55.364624,0,10.234658
2021,26.75,1.25,3.114502,54.386646,0,11.212207
2021,26.75,1.5,3.3066928,52.224873,0,11.904094
2021,26.75,1.75,3.3348458,51.293,0,12.005445
2021,26.75,2.0,3.3233593,52.57472,0,11.964093
2021,26.75,2.25,3.3708327,54.924683,0,12.134997
2021,26.75,2.5,3.4445145,56.92101,0,12.400252
2021,26.75,2.75,3.4371786,56.95808,0,12.373842
2021,26.75,3.0,3.4734747,58.045868,0,12.504509
2021,26.75,3.25,3.2925723,59.746998,0,11.85326
2021,26.75,3.5,3.0000036,61.31024,0,10.800013
2021,26.75,3.75,3.1867056,62.313995,0,11.472139
2021,26.75,4.0,3.5149326,62.299854,0,12.653757
2021,26.75,4.25,3.643718,62.88153,0,13.117385
2021,26.75,4.5,3.3960092,66.45565,0,12.225633
2021,26.75,4.75,2.986276,70.84994,0,10.750593
2021,26.75,5.0,2.551758,74.57597,0,9.186329
2021,26.75,5.25,2.1971333,74.91265,0,7.90968
2021,26.75,5.5,1.8897061,74.9115,0,6.802942
2021,26.75,5.75,1.8424659,97.42463,0,6.632877
2021,26.75,6.0,1.6187387,89.879616,0,5.827459
2021,26.75,6.25,1.6801499,87.82202,0,6.0485396
2021,26.75,6.5,1.8341899,90.1786,0,6.6030836
2021,26.75,6.75,1.6200814,89.04371,0,5.832293
2021,26.75,7.0,1.4925094,87.76528,0,5.3730335
2021,26.75,7.25,1.655192,91.33664,0,5.958691
2021,26.75,7.5,1.8843584,95.52067,0,6.78369
2021,26.75,7.75,2.1594155,98.02451,0,7.7738957
2021,26.75,8.0,2.314373,99.67165,0,8.331742
2021,26.75,8.25,2.468501,103.520546,0,8.886603
2021,26.75,8.5,2.5491521,108.259865,0,9.176948
2021,26.75,8.75,2.6396296,113.155945,0,9.502666
2021,26.75,9.0,2.6519587,116.14785,0,9.547051
2021,26.75,9.25,2.6640158,96.948906,0,9.590457
2021,26.75,9.5,2.6219504,98.170235,0,9.439021
2021,26.75,9.75,2.5254643,101.81057,0,9.091671
2021,26.75,10.0,2.520132,101.72977,0,9.072475
2021,26.75,10.25,2.5368607,103.47708,0,9.132698
2021,26.75,10.5,2.6132777,102.36845,0,9.4078
2021,26.75,10.75,2.6075025,101.58331,0,9.387009
2021,26.75,11.0,2.6365082,100.53803,0,9.491429
2021,26.75,11.25,2.6048799,96.82967,0,9.377567
2021,26.75,11.5,2.5656245,93.177055,0,9.236248
2021,26.75,11.75,2.5035758,93.0151,0,9.012873
2021,26.75,12.0,2.4527876,94.04775,0,8.830035
2021,26.5,-9.0,2.9874716,231.71416,0,10.754897
2021,26.5,-8.75,2.861433,231.24113,0,10.301159
2021,26.5,-8.5,2.6987479,230.28406,0,9.715492
2021,26.5,-8.25,2.5090022,229.48103,0,9.032408
2021,26.5,-8.0,2.3221834,228.30548,0,8.359859
2021,26.5,-7.75,2.1717508,196.31569,0,7.8183026
2021,26.5,-7.5,2.139312,166.82516,0,7.7015233
2021,26.5,-7.25,2.0544925,167.71442,0,7.3961725
2021,26.5,-7.0,1.9759933,169.12653,0,7.1135755
2021,26.5,-6.75,1.9106146,172.21758,0,6.8782125
2021,26.5,-6.5,1.896706,174.88847,0,6.828141
2021,26.5,-6.25,1.8944422,176.89586,0,6.8199916
2021,26.5,-6.0,1.8667248,178.06459,0,6.720209
2021,26.5,-5.75,1.8305329,181.92316,0,6.589918
2021,26.5,-5.5,1.8149276,155.08809,0,6.533739
2021,26.5,-5.25,1.7989606,157.8975,0,6.476258
2021,26.5,-5.0,1.7869835,161.28365,0,6.4331403
2021,26.5,-4.75,1.787426,107.96472,0,6.4347334
2021,26.5,-4.5,1.8317591,112.49673,0,6.5943327
2021,26.5,-4.25,1.8900694,113.30283,0,6.80425
2021,26.5,-4.0,1.9277414,114.380104,0,6.939869
2021,26.5,-3.75,1.9057474,118.44422,0,6.8606906
2021,26.5,-3.5,1.8841624,98.14266,0,6.7829847
2021,26.5,-3.25,1.8957111,71.43391,0,6.8245597
2021,26.5,-3.0,1.9017819,69.25597,0,6.8464146
2021,26.5,-2.75,1.8621057,66.48015,0,6.7035804
2021,26.5,-2.5,1.8788365,66.68774,0,6.763811
2021,26.5,-2.25,1.9316057,67.95997,0,6.95378
2021,26.5,-2.0,2.0203896,68.792595,0,7.273402
2021,26.5,-1.75,2.069545,68.02952,0,7.4503617
2021,26.5,-1.5,2.0541174,66.48835,0,7.3948226
2021,26.5,-1.25,2.0105286,63.85084,0,7.2379026
2021,26.5,-1.0,1.9820089,61.326313,0,7.135232
2021,26.5,-0.75,1.9263268,59.323444,0,6.9347763
2021,26.5,-0.5,1.8577193,59.391235,0,6.6877894
2021,26.5,-0.25,1.7989111,62.496124,0,6.47608
2021,26.5,0.0,1.9222565,68.02346,0,6.920123
2021,26.5,0.25,2.0978956,69.516655,0,7.552424
2021,26.5,0.5,2.277965,52.07638,0,8.200674
2021,26.5,0.75,2.4235883,50.187958,0,8.724917
2021,26.5,1.0,2.644132,49.275925,0,9.518874
2021,26.5,1.25,2.8835504,49.514664,0,10.380781
2021,26.5,1.5,3.0639133,49.40282,0,11.030087
2021,26.5,1.75,3.1207578,51.089706,0,11.234728
2021,26.5,2.0,3.1310322,53.751465,0,11.271716
2021,26.5,2.25,3.1756966,55.812733,0,11.4325075
2021,26.5,2.5,3.217744,56.029724,0,11.5838785
2021,26.5,2.75,3.209117,55.977753,0,11.55282
2021,26.5,3.0,3.1669855,57.000042,0,11.401148
2021,26.5,3.25,2.9715366,60.149853,0,10.697532
2021,26.5,3.5,2.6238277,61.208084,0,9.44578
2021,26.5,3.75,2.551337,57.80489,0,9.184813
2021,26.5,4.0,2.850847,57.63602,0,10.263049
2021,26.5,4.25,2.9549415,62.414307,0,10.637789
2021,26.5,4.5,2.6878002,69.04212,0,9.676081
2021,26.5,4.75,2.225886,73.51154,0,8.013189
2021,26.5,5.0,1.8830252,74.02366,0,6.7788906
2021,26.5,5.25,1.5686698,74.94338,0,5.647211
2021,26.5,5.5,1.575234,75.7103,0,5.6708426
2021,26.5,5.75,1.6406612,89.54665,0,5.90638
2021,26.5,6.0,1.4337732,84.65712,0,5.1615834
2021,26.5,6.25,1.2092025,71.46584,0,4.353129
2021,26.5,6.5,1.4055449,79.625824,0,5.0599613
2021,26.5,6.75,1.479515,84.99933,0,5.326254
2021,26.5,7.0,1.4471207,85.55582,0,5.2096343
2021,26.5,7.25,1.428659,85.50329,0,5.1431723
2021,26.5,7.5,1.455069,90.73611,0,5.238248
2021,26.5,7.75,1.7205397,95.05106,0,6.1939425
2021,26.5,8.0,1.8609494,98.14193,0,6.6994176
2021,26.5,8.25,2.04267,103.492,0,7.353612
2021,26.5,8.5,2.2135713,109.04957,0,7.9688563
2021,26.5,8.75,2.3639479,115.37536,0,8.510212
2021,26.5,9.0,2.4458609,119.30013,0,8.805099
2021,26.5,9.25,2.3716073,119.69745,0,8.5377865
2021,26.5,9.5,2.3192794,119.85258,0,8.349405
2021,26.5,9.75,2.4154704,106.38082,0,8.695693
2021,26.5,10.0,2.4416943,104.443214,0,8.790099
2021,26.5,10.25,2.4736814,101.54189,0,8.905253
2021,26.5,10.5,2.5500495,100.2677,0,9.180178
2021,26.5,10.75,2.5431955,100.47467,0,9.155503
2021,26.5,11.0,2.543628,98.98025,0,9.157061
2021,26.5,11.25,2.5084074,94.26351,0,9.030266
2021,26.5,11.5,2.424919,92.96329,0,8.729708
2021,26.5,11.75,2.3649576,94.4837,0,8.513847
2021,26.5,12.0,2.322138,103.797585,0,8.359696
2021,26.25,-9.0,3.127516,206.47894,0,11.259057
2021,26.25,-8.75,2.9498818,206.03362,0,10.619575
2021,26.25,-8.5,2.7577713,176.23344,0,9.927977
2021,26.25,-8.25,2.5609179,175.96277,0,9.219304
2021,26.25,-8.0,2.402219,174.41911,0,8.647988
2021,26.25,-7.75,2.2605536,171.43547,0,8.137993
2021,26.25,-7.5,2.1438274,169.61143,0,7.7177787
2021,26.25,-7.25,2.0219843,170.4029,0,7.2791433
2021,26.25,-7.0,1.9618869,171.57713,0,7.062793
2021,26.25,-6.75,1.9246768,173.14838,0,6.9288363
2021,26.25,-6.5,1.9220004,175.26534,0,6.9192014
2021,26.25,-6.25,1.9474626,176.93176,0,7.010865
2021,26.25,-6.0,1.9147983,179.0514,0,6.8932734
2021,26.25,-5.75,1.8875638,153.92653,0,6.7952294
2021,26.25,-5.5,1.8801597,157.47554,0,6.7685747
2021,26.25,-5.25,1.867041,160.16902,0,6.7213473
2021,26.25,-5.0,1.8513345,132.9991,0,6.664804
2021,26.25,-4.75,1.8442792,107.167015,0,6.639405
2021,26.25,-4.5,1.8373324,111.66567,0,6.6143966
2021,26.25,-4.25,1.8943182,113.55256,0,6.8195453
2021,26.25,-4.0,1.9741715,73.42395,0,7.1070175
2021,26.25,-3.75,2.0309112,72.75064,0,7.3112803
2021,26.25,-3.5,2.033055,72.584236,0,7.318998
2021,26.25,-3.25,2.0151665,72.49023,0,7.254599
2021,26.25,-3.0,2.0045278,70.04819,0,7.2163
2021,26.25,-2.75,1.9783994,67.811104,0,7.1222377
2021,26.25,-2.5,1.9647633,67.22469,0,7.073148
2021,26.25,-2.25,1.9917898,67.9538,0,7.170443
2021,26.25,-2.0,2.0414236,68.37665,0,7.3491244
2021,26.25,-1.75,2.0929108,68.019775,0,7.5344787
2021,26.25,-1.5,2.1104324,67.13141,0,7.5975566
2021,26.25,-1.25,2.0843947,64.45785,0,7.503821
2021,26.25,-1.0,2.0428061,62.108997,0,7.354102
2021,26.25,-0.75,2.0002453,61.129818,0,7.200883
2021,26.25,-0.5,1.952827,61.69484,0,7.030177
2021,26.25,-0.25,1.921361,63.93225,0,6.916899
2021,26.25,0.0,1.9660167,68.521904,0,7.0776596
2021,26.25,0.25,2.00269,71.659805,0,7.209684
2021,26.25,0.5,2.0216038,72.793816,0,7.2777734
2021,26.25,0.75,2.1342611,72.687584,0,7.68334
2021,26.25,1.0,2.2919126,72.50247,0,8.250885
2021,26.25,1.25,2.5016532,44.292316,0,9.005951
2021,26.25,1.5,2.6498692,48.12614,0,9.539529
2021,26.25,1.75,2.7856617,53.018997,0,10.028382
2021,26.25,2.0,2.811143,55.274387,0,10.120114
2021,26.25,2.25,2.8372748,55.34903,0,10.214189
2021,26.25,2.5,2.8660042,54.735626,0,10.317615
2021,26.25,2.75,2.8419497,54.6038,0,10.231019
2021,26.25,3.0,2.7638648,55.738953,0,9.949913
2021,26.25,3.25,2.6305285,61.211895,0,9.469902
2021,26.25,3.5,2.19651,60.09631,0,7.907436
2021,26.25,3.75,1.988115,52.744385,0,7.1572137
2021,26.25,4.0,1.970164,51.303448,0,7.09259
2021,26.25,4.25,1.9419497,62.4005,0,6.991019
2021,26.25,4.5,1.818762,85.33896,0,6.547543
2021,26.25,4.75,1.595126,96.25605,0,5.7424536
2021,26.25,5.0,1.3532109,99.95127,0,4.871559
2021,26.25,5.25,1.342477,72.96726,0,4.8329167
2021,26.25,5.5,1.4577837,72.782814,0,5.248021
2021,26.25,5.75,1.615707,93.005455,0,5.816545
2021,26.25,6.0,1.5163645,82.54304,0,5.458912
2021,26.25,6.25,1.2136109,69.6597,0,4.368999
2021,26.25,6.5,1.171426,99.6587,0,4.2171335
2021,26.25,6.75,1.2222756,79.75021,0,4.4001923
2021,26.25,7.0,1.254323,84.48922,0,4.5155625
2021,26.25,7.25,1.2985927,88.17887,0,4.6749334
2021,26.25,7.5,1.4462466,95.51772,0,5.2064877
2021,26.25,7.75,1.4922825,99.927826,0,5.3722167
2021,26.25,8.0,1.5437318,106.60651,0,5.5574346
2021,26.25,8.25,1.687334,113.39701,0,6.074402
2021,26.25,8.5,1.886557,117.321754,0,6.791605
2021,26.25,8.75,1.97971,119.72538,0,7.126956
2021,26.25,9.0,2.0271378,124.775,0,7.2976956
2021,26.25,9.25,1.8289284,124.51798,0,6.5841417
2021,26.25,9.5,1.9816185,121.593445,0,7.1338267
2021,26.25,9.75,2.1762187,115.185974,0,7.8343873
2021,26.25,10.0,2.2711704,105.671165,0,8.176213
2021,26.25,10.25,2.2700121,99.55924,0,8.172044
2021,26.25,10.5,2.4810133,99.46765,0,8.931647
2021,26.25,10.75,2.4645238,100.4885,0,8.872286
2021,26.25,11.0,2.446181,100.18607,0,8.806252
2021,26.25,11.25,2.4541023,100.854195,0,8.834768
2021,26.25,11.5,2.3741739,102.94277,0,8.547026
2021,26.25,11.75,2.2400444,106.47287,0,8.064159
2021,26.25,12.0,2.2103503,112.41978,0,7.9572606
2021,26.0,-9.0,3.1041005,180.68248,0,11.174762
2021,26.0,-8.75,2.9032862,181.12138,0,10.45183
2021,26.0,-8.5,2.7426856,181.67238,0,9.873668
2021,26.0,-8.25,2.606982,181.86015,0,9.385135
2021,26.0,-8.0,2.5031698,180.8881,0,9.011411
2021,26.0,-7.75,2.4065044,178.5384,0,8.663416
2021,26.0,-7.5,2.2334464,175.85132,0,8.040406
2021,26.0,-7.25,2.0895526,175.48174,0,7.5223894
2021,26.0,-7.0,2.0134118,175.19885,0,7.248282
2021,26.0,-6.75,1.9735247,174.94963,0,7.1046886
2021,26.0,-6.5,1.9714451,175.1064,0,7.0972023
2021,26.0,-6.25,1.9951483,176.42769,0,7.1825337
2021,26.0,-6.0,1.9742569,180.71155,0,7.1073246
2021,26.0,-5.75,1.9822482,156.70894,0,7.136093
2021,26.0,-5.5,1.9778847,160.46034,0,7.1203847
2021,26.0,-5.25,1.9625292,163.2889,0,7.065105
2021,26.0,-5.0,1.9415344,135.8777,0,6.989524
2021,26.0,-4.75,1.9151331,138.80095,0,6.8944793
2021,26.0,-4.5,1.8754473,112.13804,0,6.75161
2021,26.0,-4.25,1.9010471,120.57316,0,6.8437696
2021,26.0,-4.0,2.0229168,70.14327,0,7.2825003
2021,26.0,-3.75,2.1352694,71.86628,0,7.6869698
2021,26.0,-3.5,2.1835241,72.69962,0,7.860687
2021,26.0,-3.25,2.1611576,72.90253,0,7.780167
2021,26.0,-3.0,2.0969512,71.088684,0,7.549024
2021,26.0,-2.75,2.0493734,69.71875,0,7.377744
2021,26.0,-2.5,2.0307918,68.49217,0,7.31085
2021,26.0,-2.25,2.0429618,68.029396,0,7.3546624
2021,26.0,-2.0,2.075652,67.8653,0,7.472347
2021,26.0,-1.75,2.1169221,67.45254,0,7.6209197
2021,26.0,-1.5,2.1565077,66.54947,0,7.7634277
2021,26.0,-1.25,2.168523,64.2821,0,7.806683
2021,26.0,-1.0,2.1194308,62.282795,0,7.6299505
2021,26.0,-0.75,2.0665388,61.86313,0,7.4395394
2021,26.0,-0.5,2.0311792,63.22804,0,7.312245
2021,26.0,-0.25,2.0321867,65.74962,0,7.315872
2021,26.0,0.0,2.0988774,69.16218,0,7.5559587
2021,26.0,0.25,2.124118,70.59548,0,7.646825
2021,26.0,0.5,2.0941947,68.05273,0,7.5391006
2021,26.0,0.75,2.0889513,94.79009,0,7.5202246
2021,26.0,1.0,2.1332505,93.95803,0,7.6797013
2021,26.0,1.25,2.231008,67.42555,0,8.031629
2021,26.0,1.5,2.3527853,74.46572,0,8.470027
2021,26.0,1.75,2.5124056,51.405117,0,9.04466
2021,26.0,2.0,2.607368,53.746113,0,9.386524
2021,26.0,2.25,2.6238432,53.09868,0,9.445835
2021,26.0,2.5,2.5888424,51.713276,0,9.319833
2021,26.0,2.75,2.5168073,51.619644,0,9.060506
2021,26.0,3.0,2.405719,53.93765,0,8.660588
2021,26.0,3.25,2.1348639,60.279224,0,7.6855097
2021,26.0,3.5,1.6432261,56.27403,0,5.915614
2021,26.0,3.75,1.3995572,104.30796,0,5.038406
2021,26.0,4.0,1.330223,71.29492,0,4.7888026
2021,26.0,4.25,1.2635086,80.8485,0,4.5486307
2021,26.0,4.5,1.3984371,112.55512,0,5.0343738
2021,26.0,4.75,1.3083241,122.749016,0,4.7099667
2021,26.0,5.0,1.143751,90.79928,0,4.1175036
2021,26.0,5.25,1.3320283,98.35672,0,4.7953014
2021,26.0,5.5,1.7090334,74.71209,0,6.15252
2021,26.0,5.75,1.8947138,69.24795,0,6.8209696
2021,26.0,6.0,1.9125181,64.4864,0,6.885065
2021,26.0,6.25,1.6012272,92.80758,0,5.7644176
2021,26.0,6.5,1.3321261,119.283226,0,4.795654
2021,26.0,6.75,1.1962396,122.36877,0,4.3064623
2021,26.0,7.0,1.1139508,122.8503,0,4.010223
2021,26.0,7.25,1.1158258,96.803856,0,4.0169725
2021,26.0,7.5,1.3348646,101.10911,0,4.8055124
2021,26.0,7.75,1.2489916,116.52158,0,4.49637
2021,26.0,8.0,1.2128252,118.95618,0,4.3661704
2021,26.0,8.25,1.293092,122.04196,0,4.6551313
2021,26.0,8.5,1.3594097,124.256004,0,4.8938746
2021,26.0,8.75,1.3160564,121.50387,0,4.737803
2021,26.0,9.0,1.4110355,119.741356,0,5.0797276
2021,26.0,9.25,1.490316,120.63693,0,5.3651376
2021,26.0,9.5,1.8041462,118.82178,0,6.494926
2021,26.0,9.75,2.033633,118.064445,0,7.321079
2021,26.0,10.0,2.0919611,90.14329,0,7.5310597
2021,26.0,10.25,2.0782366,96.00631,0,7.4816513
2021,26.0,10.5,2.3099,102.92237,0,8.3156395
2021,26.0,10.75,2.3101346,104.51713,0,8.316484
2021,26.0,11.0,2.396186,104.34605,0,8.626269
2021,26.0,11.25,2.5514464,105.24954,0,9.185207
2021,26.0,11.5,2.6324127,107.56139,0,9.476686
2021,26.0,11.75,2.5369217,110.478455,0,9.132918
2021,26.0,12.0,2.3074937,101.28369,0,8.306977
2021,25.75,-9.0,2.9922874,184.65088,0,10.772234
2021,25.75,-8.75,2.804326,155.71611,0,10.095573
2021,25.75,-8.5,2.6515033,155.21858,0,9.545412
2021,25.75,-8.25,2.5622835,154.19917,0,9.22422
2021,25.75,-8.0,2.5071917,153.51324,0,9.025889
2021,25.75,-7.75,2.4941216,153.50177,0,8.978837
2021,25.75,-7.5,2.3997262,152.34297,0,8.639014
2021,25.75,-7.25,2.3206837,152.02454,0,8.354461
2021,25.75,-7.0,2.2547524,151.1274,0,8.117108
2021,25.75,-6.75,2.2053435,179.69704,0,7.939236
2021,25.75,-6.5,2.1583023,177.8716,0,7.769888
2021,25.75,-6.25,2.1148443,178.20386,0,7.6134396
2021,25.75,-6.0,2.0411959,153.2055,0,7.3483047
2021,25.75,-5.75,2.0382218,159.36678,0,7.3375983
2021,25.75,-5.5,2.0386424,163.07996,0,7.3391123
2021,25.75,-5.25,2.0327759,166.66063,0,7.317993
2021,25.75,-5.0,2.0209122,140.63489,0,7.275284
2021,25.75,-4.75,2.0059195,115.18577,0,7.2213097
2021,25.75,-4.5,1.9858946,88.89557,0,7.1492205
2021,25.75,-4.25,1.9661433,92.42872,0,7.0781155
2021,25.75,-4.0,2.012843,66.536156,0,7.2462344
2021,25.75,-3.75,2.135401,69.795395,0,7.6874433
2021,25.75,-3.5,2.2689161,72.36944,0,8.1680975
2021,25.75,-3.25,2.31863,73.26782,0,8.347068
2021,25.75,-3.0,2.2651703,72.72623,0,8.154613
2021,25.75,-2.75,2.1673086,71.56275,0,7.8023105
2021,25.75,-2.5,2.1124542,69.8942,0,7.604835
2021,25.75,-2.25,2.0797992,68.563225,0,7.487277
2021,25.75,-2.0,2.0939462,67.993996,0,7.538206
2021,25.75,-1.75,2.1316688,67.360794,0,7.6740074
2021,25.75,-1.5,2.1748917,66.44756,0,7.82961
2021,25.75,-1.25,2.1960413,64.47309,0,7.905749
2021,25.75,-1.0,2.1676548,63.28182,0,7.803557
2021,25.75,-0.75,2.1240034,63.455307,0,7.646412
2021,25.75,-0.5,2.0950673,65.03074,0,7.542242
2021,25.75,-0.25,2.094497,67.37221,0,7.540189
2021,25.75,0.0,2.1465757,69.87186,0,7.727672
2021,25.75,0.25,2.1802504,70.03001,0,7.8489013
2021,25.75,0.5,2.140011,66.355934,0,7.7040396
2021,25.75,0.75,2.0661762,91.905815,0,7.438234
2021,25.75,1.0,2.0469496,90.223274,0,7.3690186
2021,25.75,1.25,2.0627449,93.26953,0,7.4258814
2021,25.75,1.5,2.175206,71.24416,0,7.8307414
2021,25.75,1.75,2.3560097,77.74091,0,8.481635
2021,25.75,2.0,2.5070179,50.54417,0,9.025264
2021,25.75,2.25,2.4970758,50.257168,0,8.989472
2021,25.75,2.5,2.364908,49.468975,0,8.513668
2021,25.75,2.75,2.2325277,50.174488,0,8.0371
2021,25.75,3.0,2.061375,53.960083,0,7.4209495
2021,25.75,3.25,1.74761,57.196278,0,6.2913957
2021,25.75,3.5,1.4649119,84.83564,0,5.273683
2021,25.75,3.75,1.3393704,110.53068,0,4.821733
2021,25.75,4.0,1.2550167,106.397484,0,4.5180597
2021,25.75,4.25,1.2077585,110.29144,0,4.3479304
2021,25.75,4.5,1.3916794,114.39163,0,5.0100455
2021,25.75,4.75,1.2801903,104.394165,0,4.608685
2021,25.75,5.0,1.1260842,119.5329,0,4.053903
2021,25.75,5.25,1.176633,82.22327,0,4.2358785
2021,25.75,5.5,1.4975299,90.10773,0,5.3911076
2021,25.75,5.75,1.6347939,91.39593,0,5.8852577
2021,25.75,6.0,1.7198609,93.30991,0,6.191499
2021,25.75,6.25,1.7412337,78.9657,0,6.268441
2021,25.75,6.5,1.5265275,95.23065,0,5.495499
2021,25.75,6.75,1.4347997,96.5969,0,5.165279
2021,25.75,7.0,1.3684453,112.152885,0,4.926403
2021,25.75,7.25,1.2597845,120.26304,0,4.535224
2021,25.75,7.5,1.3200208,122.88385,0,4.7520747
2021,25.75,7.75,1.197524,124.83984,0,4.311086
2021,25.75,8.0,1.1702422,125.649254,0,4.2128716
2021,25.75,8.25,1.2071494,156.80615,0,4.3457375
2021,25.75,8.5,1.196797,156.28696,0,4.3084693
2021,25.75,8.75,1.1582302,121.33105,0,4.1696286
2021,25.75,9.0,1.3761973,123.380554,0,4.9543104
2021,25.75,9.25,1.639614,125.167786,0,5.9026103
2021,25.75,9.5,1.8082374,120.40887,0,6.5096545
2021,25.75,9.75,1.8205166,113.22217,0,6.5538597
2021,25.75,10.0,1.8323355,83.709114,0,6.5964074
2021,25.75,10.25,1.9295865,96.7172,0,6.9465113
2021,25.75,10.5,2.0773385,109.3908,0,7.4784184
2021,25.75,10.75,2.1053267,114.96637,0,7.579176
2021,25.75,11.0,2.2597978,110.34786,0,8.135272
2021,25.75,11.25,2.4411738,107.79132,0,8.788225
2021,25.75,11.5,2.6231656,106.085594,0,9.443396
2021,25.75,11.75,2.6643598,104.72657,0,9.591695
2021,25.75,12.0,2.2709816,128.08705,0,8.175533
2021,25.5,-9.0,2.9452522,158.54926,0,10.602907
2021,25.5,-8.75,2.8092015,159.37752,0,10.113125
2021,25.5,-8.5,2.670642,158.14424,0,9.61431
2021,25.5,-8.25,2.5655575,156.45644,0,9.236007
2021,25.5,-8.0,2.4911711,154.46155,0,8.968216
2021,25.5,-7.75,2.4559162,154.10341,0,8.841298
2021,25.5,-7.5,2.4657943,154.37898,0,8.87686
2021,25.5,-7.25,2.4773257,155.1038,0,8.918372
2021,25.5,-7.0,2.432308,154.93141,0,8.756309
2021,25.5,-6.75,2.4160385,154.24815,0,8.697739
2021,25.5,-6.5,2.358262,152.71178,0,8.489743
2021,25.5,-6.25,2.2058947,152.28491,0,7.9412208
2021,25.5,-6.0,2.0983465,156.27992,0,7.554047
2021,25.5,-5.75,2.1014674,161.36107,0,7.5652823
2021,25.5,-5.5,2.1132767,163.81941,0,7.607796
2021,25.5,-5.25,2.1067467,167.45216,0,7.5842876
2021,25.5,-5.0,2.103486,142.98232,0,7.57255
2021,25.5,-4.75,2.1123645,88.524315,0,7.604512
2021,25.5,-4.5,2.1416428,62.625412,0,7.7099137
2021,25.5,-4.25,2.0708506,63.692272,0,7.455062
2021,25.5,-4.0,2.0469508,66.33875,0,7.369023
2021,25.5,-3.75,2.052063,70.58039,0,7.3874264
2021,25.5,-3.5,2.1618252,73.783,0,7.7825704
2021,25.5,-3.25,2.2804868,75.321754,0,8.209752
2021,25.5,-3.0,2.3081872,75.322075,0,8.309474
2021,25.5,-2.75,2.2660024,73.86851,0,8.157608
2021,25.5,-2.5,2.196437,71.301765,0,7.9071727
2021,25.5,-2.25,2.1490006,69.54676,0,7.736402
2021,25.5,-2.0,2.1305935,67.71057,0,7.6701365
2021,25.5,-1.75,2.166556,66.81993,0,7.799601
2021,25.5,-1.5,2.197666,65.95092,0,7.9115973
2021,25.5,-1.25,2.193805,64.99409,0,7.897698
2021,25.5,-1.0,2.1657822,64.41449,0,7.796816
2021,25.5,-0.75,2.1383781,64.85511,0,7.698161
2021,25.5,-0.5,2.1203518,66.255714,0,7.6332664
2021,25.5,-0.25,2.1449056,67.673836,0,7.7216597
2021,25.5,0.0,2.1897829,69.54081,0,7.8832183
2021,25.5,0.25,2.2064848,69.24651,0,7.943345
2021,25.5,0.5,2.1540654,66.01388,0,7.7546353
2021,25.5,0.75,2.0704181,61.808643,0,7.453505
2021,25.5,1.0,1.9504089,89.45815,0,7.021472
2021,25.5,1.25,1.9014977,91.70925,0,6.8453918
2021,25.5,1.5,1.9466534,98.95843,0,7.0079517
2021,25.5,1.75,2.122276,103.13395,0,7.6401935
2021,25.5,2.0,2.2794812,76.9453,0,8.206132
2021,25.5,2.25,2.3120222,78.956764,0,8.323279
2021,25.5,2.5,2.201654,79.19578,0,7.925954
2021,25.5,2.75,2.0254219,80.94285,0,7.2915187
2021,25.5,3.0,1.8190757,113.78213,0,6.548672
2021,25.5,3.25,1.5952026,114.730705,0,5.742729
2021,25.5,3.5,1.5536038,88.81684,0,5.592973
2021,25.5,3.75,1.4478654,87.698326,0,5.212315
2021,25.5,4.0,1.4258367,112.928825,0,5.133012
2021,25.5,4.25,1.443316,113.33618,0,5.1959376
2021,25.5,4.5,1.5144969,107.731804,0,5.452189
2021,25.5,4.75,1.47432,90.63505,0,5.307552
2021,25.5,5.0,1.3092693,80.58469,0,4.7133694
2021,25.5,5.25,1.0967771,93.3301,0,3.9483974
2021,25.5,5.5,1.3056401,106.04183,0,4.700304
2021,25.5,5.75,1.5230498,115.40171,0,5.4829793
2021,25.5,6.0,1.630414,119.86572,0,5.86949
2021,25.5,6.25,1.6919528,96.4563,0,6.09103
2021,25.5,6.5,1.9015809,87.28393,0,6.845691
2021,25.5,6.75,1.8375478,96.74957,0,6.615172
2021,25.5,7.0,1.6898233,109.08584,0,6.0833635
2021,25.5,7.25,1.5311884,120.88766,0,5.512278
2021,25.5,7.5,1.4888731,125.230194,0,5.359943
2021,25.5,7.75,1.4295425,128.59802,0,5.1463532
2021,25.5,8.0,1.4670396,128.4783,0,5.2813425
2021,25.5,8.25,1.5039825,125.444725,0,5.414337
2021,25.5,8.5,1.5001217,153.93828,0,5.400438
2021,25.5,8.75,1.6976055,133.3299,0,6.1113796
2021,25.5,9.0,1.9165941,134.64992,0,6.899739
2021,25.5,9.25,1.9594501,136.21387,0,7.0540204
2021,25.5,9.5,1.78131,136.4327,0,6.412716
2021,25.5,9.75,1.6224052,123.88641,0,5.8406587
2021,25.5,10.0,1.5299891,111.50747,0,5.507961
2021,25.5,10.25,1.7902547,106.38639,0,6.4449167
2021,25.5,10.5,1.9884343,113.8726,0,7.1583633
2021,25.5,10.75,1.9568373,124.48879,0,7.0446143
2021,25.5,11.0,2.1002839,113.62934,0,7.561022
2021,25.5,11.25,2.308182,105.55847,0,8.309455
2021,25.5,11.5,2.5138767,102.48972,0,9.049955
2021,25.5,11.75,2.6545703,101.72632,0,9.556453
2021,25.5,12.0,2.253339,100.26859,0,8.1120205
2021,25.25,-9.0,2.9802659,160.67352,0,10.728957
2021,25.25,-8.75,2.889507,161.81679,0,10.4022255
2021,25.25,-8.5,2.7624366,161.23808,0,9.944772
2021,25.25,-8.25,2.623851,159.2748,0,9.445864
2021,25.25,-8.0,2.5362542,157.32057,0,9.130515
2021,25.25,-7.75,2.4369943,154.54808,0,8.773179
2021,25.25,-7.5,2.4300518,153.61388,0,8.748186
2021,25.25,-7.25,2.4488885,154.51723,0,8.815998
2021,25.25,-7.0,2.4839299,155.99614,0,8.942147
2021,25.25,-6.75,2.4648678,155.8755,0,8.873524
2021,25.25,-6.5,2.4138927,157.2928,0,8.690014
2021,25.25,-6.25,2.2806427,158.05408,0,8.210314
2021,25.25,-6.0,2.195183,159.94908,0,7.902659
2021,25.25,-5.75,2.1829612,161.9171,0,7.85866
2021,25.25,-5.5,2.1795375,164.35072,0,7.846335
2021,25.25,-5.25,2.1135814,168.01917,0,7.608893
2021,25.25,-5.0,2.1006317,113.46069,0,7.562274
2021,25.25,-4.75,2.094914,89.51038,0,7.54169
2021,25.25,-4.5,2.126442,64.12439,0,7.655191
2021,25.25,-4.25,2.0851815,66.27249,0,7.5066533
2021,25.25,-4.0,2.0192091,69.32609,0,7.2691526
2021,25.25,-3.75,2.0153544,73.72491,0,7.2552757
2021,25.25,-3.5,2.0223196,78.25825,0,7.28035
2021,25.25,-3.25,2.11074,79.88077,0,7.598664
2021,25.25,-3.0,2.1926873,79.89117,0,7.893674
2021,25.25,-2.75,2.2390993,76.77238,0,8.060757
2021,25.25,-2.5,2.1912374,73.74061,0,7.8884544
2021,25.25,-2.25,2.16989,70.036674,0,7.8116035
2021,25.25,-2.0,2.157456,68.03778,0,7.766841
2021,25.25,-1.75,2.1690629,66.85583,0,7.808626
2021,25.25,-1.5,2.1924164,66.27057,0,7.892699
2021,25.25,-1.25,2.188699,65.65731,0,7.8793163
2021,25.25,-1.0,2.17848,65.669716,0,7.8425274
2021,25.25,-0.75,2.1546533,66.10511,0,7.7567515
2021,25.25,-0.5,2.1590521,66.86727,0,7.7725873
2021,25.25,-0.25,2.1838338,68.392296,0,7.8618016
2021,25.25,0.0,2.1950243,68.905914,0,7.902087
2021,25.25,0.25,2.20587,68.44131,0,7.9411316
2021,25.25,0.5,2.1662526,65.750465,0,7.798509
2021,25.25,0.75,2.0931532,64.12936,0,7.5353513
2021,25.25,1.0,1.9757265,92.5431,0,7.112615
2021,25.25,1.25,1.823511,93.80291,0,6.5646396
2021,25.25,1.5,1.7953267,99.92666,0,6.463176
2021,25.25,1.75,1.8350314,100.9176,0,6.606113
2021,25.25,2.0,1.8638321,103.15926,0,6.7097955
2021,25.25,2.25,1.9073653,106.40043,0,6.866515
2021,25.25,2.5,1.8618525,81.34226,0,6.702669
2021,25.25,2.75,1.6913313,113.25947,0,6.0887923
2021,25.25,3.0,1.5363561,113.0588,0,5.530882
2021,25.25,3.25,1.5255653,114.368866,0,5.492035
2021,25.25,3.5,1.4992229,120.011116,0,5.397202
2021,25.25,3.75,1.552318,121.78632,0,5.5883446
2021,25.25,4.0,1.5508925,118.67173,0,5.583213
2021,25.25,4.25,1.751428,113.756256,0,6.3051405
2021,25.25,4.5,1.7581328,105.07906,0,6.329278
2021,25.25,4.75,1.6617666,93.948456,0,5.98236
2021,25.25,5.0,1.332851,88.82315,0,4.7982635
2021,25.25,5.25,1.1905305,96.83362,0,4.2859097
2021,25.25,5.5,1.1176146,111.93041,0,4.0234127
2021,25.25,5.75,1.3510981,117.03654,0,4.863953
2021,25.25,6.0,1.6392263,115.478096,0,5.9012146
2021,25.25,6.25,1.6515673,119.10773,0,5.9456425
2021,25.25,6.5,1.8183913,98.575745,0,6.5462084
2021,25.25,6.75,2.0290852,94.49963,0,7.3047066
2021,25.25,7.0,1.8929595,105.35601,0,6.814654
2021,25.25,7.25,1.729273,113.767555,0,6.2253823
2021,25.25,7.5,1.6541314,116.0979,0,5.954873
2021,25.25,7.75,1.5695481,119.72159,0,5.650373
2021,25.25,8.0,1.6280757,122.007225,0,5.8610725
2021,25.25,8.25,1.6391064,119.60087,0,5.900783
2021,25.25,8.5,1.6195351,115.329834,0,5.830326
2021,25.25,8.75,1.7898208,118.80442,0,6.4433546
2021,25.25,9.0,2.0940244,122.92152,0,7.538488
2021,25.25,9.25,2.1322901,130.74677,0,7.6762443
2021,25.25,9.5,1.9724544,153.08047,0,7.100836
2021,25.25,9.75,1.6203337,156.0365,0,5.833201
2021,25.25,10.0,1.3640862,138.06049,0,4.91071
2021,25.25,10.25,1.5551071,112.03591,0,5.5983853
2021,25.25,10.5,1.9774677,112.074486,0,7.1188836
2021,25.25,10.75,1.8702663,123.303734,0,6.732959
2021,25.25,11.0,2.0408437,109.41923,0,7.3470373
2021,25.25,11.25,2.317229,101.950035,0,8.342024
2021,25.25,11.5,2.6473591,99.63564,0,9.530493
2021,25.25,11.75,2.721265,100.05227,0,9.796554
2021,25.25,12.0,2.3119762,99.29415,0,8.323114
2021,25.0,-9.0,3.0204344,161.33037,0,10.873564
2021,25.0,-8.75,2.9280417,163.16388,0,10.54095
2021,25.0,-8.5,2.858609,164.60005,0,10.290992
2021,25.0,-8.25,2.7170172,162.96698,0,9.781261
2021,25.0,-8.0,2.6098561,160.07646,0,9.395482
2021,25.0,-7.75,2.5099857,156.98407,0,9.035948
2021,25.0,-7.5,2.4416764,153.41931,0,8.790034
2021,25.0,-7.25,2.3986235,153.39687,0,8.635044
2021,25.0,-7.0,2.4132795,154.73625,0,8.687806
2021,25.0,-6.75,2.3699918,157.29077,0,8.53197
2021,25.0,-6.5,2.319164,159.06963,0,8.34899
2021,25.0,-6.25,2.3283992,162.17558,0,8.3822365
2021,25.0,-6.0,2.288733,163.02806,0,8.239439
2021,25.0,-5.75,2.2531254,163.59567,0,8.111251
2021,25.0,-5.5,2.1687582,166.30382,0,7.807529
2021,25.0,-5.25,2.10628,140.2137,0,7.582608
2021,25.0,-5.0,1.9790125,115.326485,0,7.124445
2021,25.0,-4.75,1.9502445,91.721794,0,7.02088
2021,25.0,-4.5,1.9301909,67.85757,0,6.948687
2021,25.0,-4.25,1.9282485,71.78718,0,6.9416947
2021,25.0,-4.0,1.8914016,75.90887,0,6.809046
2021,25.0,-3.75,1.9362272,79.32238,0,6.970418
2021,25.0,-3.5,1.9619347,83.87388,0,7.062965
2021,25.0,-3.25,1.9985918,83.813324,0,7.19493
2021,25.0,-3.0,2.067397,82.51316,0,7.4426293
2021,25.0,-2.75,2.1333601,78.41305,0,7.680096
2021,25.0,-2.5,2.169047,74.50713,0,7.8085694
2021,25.0,-2.25,2.14981,70.71499,0,7.739316
2021,25.0,-2.0,2.156931,67.959045,0,7.764951
2021,25.0,-1.75,2.1659906,66.80387,0,7.797566
2021,25.0,-1.5,2.1774218,66.75278,0,7.8387184
2021,25.0,-1.25,2.1687908,66.41329,0,7.8076468
2021,25.0,-1.0,2.1653354,66.488594,0,7.7952075
2021,25.0,-0.75,2.1657279,66.82425,0,7.79662
2021,25.0,-0.5,2.172726,67.52894,0,7.821813
2021,25.0,-0.25,2.176839,68.56973,0,7.836621
2021,25.0,0.0,2.1782265,68.35269,0,7.841615
2021,25.0,0.25,2.1853654,67.90716,0,7.8673153
2021,25.0,0.5,2.156723,66.57661,0,7.7642026
2021,25.0,0.75,2.08881,65.25652,0,7.519716
2021,25.0,1.0,2.0233126,67.04406,0,7.283925
2021,25.0,1.25,1.8950305,99.389366,0,6.8221097
2021,25.0,1.5,1.8114142,103.04438,0,6.521091
2021,25.0,1.75,1.6498308,100.30139,0,5.9393907
2021,25.0,2.0,1.6320721,102.10602,0,5.875459
2021,25.0,2.25,1.5253048,107.53019,0,5.491097
2021,25.0,2.5,1.4716111,112.41641,0,5.2978
2021,25.0,2.75,1.3379999,113.09491,0,4.8167996
2021,25.0,3.0,1.2688509,140.38304,0,4.567863
2021,25.0,3.25,1.3524758,112.75233,0,4.8689127
2021,25.0,3.5,1.520485,124.26664,0,5.473746
2021,25.0,3.75,1.5891476,125.69769,0,5.720931
2021,25.0,4.0,1.8083587,91.76249,0,6.510091
2021,25.0,4.25,2.031911,86.47598,0,7.314879
2021,25.0,4.5,1.9467903,76.30391,0,7.0084453
2021,25.0,4.75,1.6688403,72.3494,0,6.007825
2021,25.0,5.0,1.4043158,85.52735,0,5.0555367
2021,25.0,5.25,1.0183688,100.72129,0,3.6661277
2021,25.0,5.5,0.9506485,146.81268,0,3.4223344
2021,25.0,5.75,1.0715357,115.70696,0,3.8575284
2021,25.0,6.0,1.4659271,114.48456,0,5.2773376
2021,25.0,6.25,1.5383366,115.8325,0,5.5380116
2021,25.0,6.5,1.704876,120.56708,0,6.137553
2021,25.0,6.75,1.868694,113.436485,0,6.7272983
2021,25.0,7.0,2.075416,106.42691,0,7.4714975
2021,25.0,7.25,1.9441634,114.853294,0,6.998988
2021,25.0,7.5,1.8232265,110.91079,0,6.563615
2021,25.0,7.75,1.6959559,111.835785,0,6.105441
2021,25.0,8.0,1.6465286,113.31353,0,5.9275026
2021,25.0,8.25,1.4498492,105.536865,0,5.219457
2021,25.0,8.5,1.4268304,100.858826,0,5.1365895
2021,25.0,8.75,1.6600451,101.02945,0,5.9761624
2021,25.0,9.0,1.9879519,105.84878,0,7.1566267
2021,25.0,9.25,2.0590682,112.71653,0,7.4126453
2021,25.0,9.5,2.1240036,122.747314,0,7.646413
2021,25.0,9.75,1.707192,159.18512,0,6.1458907
2021,25.0,10.0,1.2347937,164.34088,0,4.445257
2021,25.0,10.25,1.1859587,117.412575,0,4.269451
2021,25.0,10.5,1.8282065,106.663155,0,6.5815434
2021,25.0,10.75,1.7845802,97.45829,0,6.4244885
2021,25.0,11.0,1.932295,101.868904,0,6.9562616
2021,25.0,11.25,2.43232,102.2268,0,8.756352
2021,25.0,11.5,2.7755635,100.27067,0,9.992028
2021,25.0,11.75,2.7812595,100.99139,0,10.012534
2021,25.0,12.0,2.3698103,99.456184,0,8.531317
2021,24.75,-9.0,3.0322502,161.82239,0,10.9161005
2021,24.75,-8.75,2.9132833,164.20671,0,10.48782
2021,24.75,-8.5,2.8538158,166.0278,0,10.273737
2021,24.75,-8.25,2.8170118,136.55467,0,10.141242
2021,24.75,-8.0,2.7019815,163.94916,0,9.727134
2021,24.75,-7.75,2.6312382,159.78792,0,9.472457
2021,24.75,-7.5,2.5350256,155.76952,0,9.126092
2021,24.75,-7.25,2.4540021,155.11098,0,8.834408
2021,24.75,-7.0,2.3813155,154.55318,0,8.572736
2021,24.75,-6.75,2.3378994,157.26915,0,8.416438
2021,24.75,-6.5,2.301265,161.1731,0,8.284554
2021,24.75,-6.25,2.3307428,164.78775,0,8.390674
2021,24.75,-6.0,2.2934492,165.15324,0,8.256416
2021,24.75,-5.75,2.170132,135.80971,0,7.8124747
2021,24.75,-5.5,2.0684958,139.33249,0,7.4465847
2021,24.75,-5.25,1.9311746,144.8999,0,6.9522285
2021,24.75,-5.0,1.8238134,91.56252,0,6.565728
2021,24.75,-4.75,1.75923,97.47219,0,6.333228
2021,24.75,-4.5,1.7333635,103.79312,0,6.2401085
2021,24.75,-4.25,1.7457795,77.80764,0,6.2848063
2021,24.75,-4.0,1.7921134,80.965416,0,6.451608
2021,24.75,-3.75,1.8437611,85.23345,0,6.63754
2021,24.75,-3.5,1.9382037,84.609535,0,6.9775333
2021,24.75,-3.25,1.97691,83.89448,0,7.1168756
2021,24.75,-3.0,2.0291145,80.45174,0,7.304812
2021,24.75,-2.75,2.0985262,76.9571,0,7.554694
2021,24.75,-2.5,2.1489646,73.112885,0,7.7362723
2021,24.75,-2.25,2.1644552,70.79895,0,7.7920384
2021,24.75,-2.0,2.1738226,68.002754,0,7.8257613
2021,24.75,-1.75,2.1619208,67.50889,0,7.7829146
2021,24.75,-1.5,2.165651,67.77783,0,7.796344
2021,24.75,-1.25,2.1505003,67.4162,0,7.741801
2021,24.75,-1.0,2.156224,67.49099,0,7.7624063
2021,24.75,-0.75,2.159628,67.63974,0,7.77466
2021,24.75,-0.5,2.154033,68.00608,0,7.7545185
2021,24.75,-0.25,2.1568253,68.88633,0,7.7645707
2021,24.75,0.0,2.1451988,68.12371,0,7.7227154
2021,24.75,0.25,2.1357594,67.09865,0,7.6887336
2021,24.75,0.5,2.1137724,66.08825,0,7.6095805
2021,24.75,0.75,2.0795472,67.39706,0,7.4863696
2021,24.75,1.0,2.0200763,70.25341,0,7.2722745
2021,24.75,1.25,1.9460701,74.2911,0,7.005852
2021,24.75,1.5,1.8751262,107.25101,0,6.7504544
2021,24.75,1.75,1.7060723,105.57241,0,6.14186
2021,24.75,2.0,1.6083449,136.13725,0,5.7900414
2021,24.75,2.25,1.5187196,141.00813,0,5.46739
2021,24.75,2.5,1.3117045,143.60487,0,4.722136
2021,24.75,2.75,1.1642345,143.21516,0,4.191244
2021,24.75,3.0,1.0818334,137.56186,0,3.8946
2021,24.75,3.25,1.145674,138.07367,0,4.1244264
2021,24.75,3.5,1.3309841,125.03678,0,4.7915425
2021,24.75,3.75,1.6595546,127.47483,0,5.974396
2021,24.75,4.0,1.8858613,92.8538,0,6.7891006
2021,24.75,4.25,1.9862543,88.06634,0,7.1505156
2021,24.75,4.5,1.8735965,79.981865,0,6.7449474
2021,24.75,4.75,1.5295523,83.96982,0,5.506388
2021,24.75,5.0,1.3096069,93.311005,0,4.714585
2021,24.75,5.25,0.9676655,138.30556,0,3.4835956
2021,24.75,5.5,0.7577595,145.9545,0,2.7279341
2021,24.75,5.75,0.7859196,144.98746,0,2.8293104
2021,24.75,6.0,1.1635503,142.72603,0,4.188781
2021,24.75,6.25,1.4478172,111.197914,0,5.212142
2021,24.75,6.5,1.5815266,120.77173,0,5.6934958
2021,24.75,6.75,1.8807417,125.83456,0,6.77067
2021,24.75,7.0,2.0634177,124.45923,0,7.4283032
2021,24.75,7.25,2.0476868,124.531456,0,7.371672
2021,24.75,7.5,1.8790241,122.80143,0,6.764487
2021,24.75,7.75,1.7726539,100.569275,0,6.381554
2021,24.75,8.0,1.5414187,89.42931,0,5.549107
2021,24.75,8.25,1.3728057,73.909485,0,4.9421005
2021,24.75,8.5,1.4437431,79.00556,0,5.197475
2021,24.75,8.75,1.7082095,86.6928,0,6.1495543
2021,24.75,9.0,2.0116115,89.8204,0,7.2418013
2021,24.75,9.25,2.0266206,94.44571,0,7.295834
2021,24.75,9.5,1.9977779,104.894005,0,7.1920004
2021,24.75,9.75,1.945262,122.74631,0,7.002943
2021,24.75,10.0,1.432443,160.55037,0,5.1567945
2021,24.75,10.25,1.0260332,112.927895,0,3.6937194
2021,24.75,10.5,1.5889543,102.115295,0,5.7202353
2021,24.75,10.75,1.7421699,123.37854,0,6.2718115
2021,24.75,11.0,1.7961975,99.55847,0,6.466311
2021,24.75,11.25,2.2740698,101.50516,0,8.186651
2021,24.75,11.5,2.803774,101.59668,0,10.093587
2021,24.75,11.75,2.844778,102.40862,0,10.2412
2021,24.75,12.0,2.4139426,99.259254,0,8.690193
2021,24.5,-9.0,3.0168235,132.89627,0,10.860564
2021,24.5,-8.75,2.8912895,135.18524,0,10.408642
2021,24.5,-8.5,2.822545,107.34939,0,10.161162
2021,24.5,-8.25,2.7941236,108.019226,0,10.058845
2021,24.5,-8.0,2.7778256,136.10558,0,10.000172
2021,24.5,-7.75,2.7215722,132.1208,0,9.79766
2021,24.5,-7.5,2.6556053,159.38567,0,9.560179
2021,24.5,-7.25,2.5901623,158.52599,0,9.324584
2021,24.5,-7.0,2.501816,157.65637,0,9.006537
2021,24.5,-6.75,2.4044907,159.57477,0,8.656166
2021,24.5,-6.5,2.3715417,163.58441,0,8.53755
2021,24.5,-6.25,2.2960677,137.30103,0,8.265843
2021,24.5,-6.0,2.2059982,138.44101,0,7.941593
2021,24.5,-5.75,2.0199378,140.46977,0,7.2717757
2021,24.5,-5.5,1.8477129,145.90291,0,6.6517663
2021,24.5,-5.25,1.7431731,124.293976,0,6.275423
2021,24.5,-5.0,1.7273346,128.82265,0,6.2184043
2021,24.5,-4.75,1.6876311,104.6181,0,6.075472
2021,24.5,-4.5,1.6830897,134.18861,0,6.059123
2021,24.5,-4.25,1.6985731,104.01089,0,6.114863
2021,24.5,-4.0,1.7531842,76.9638,0,6.311463
2021,24.5,-3.75,1.8419065,81.38836,0,6.630863
2021,24.5,-3.5,1.9430608,81.91723,0,6.9950185
2021,24.5,-3.25,1.9957,79.79294,0,7.18452
2021,24.5,-3.0,2.0606956,75.82978,0,7.418504
2021,24.5,-2.75,2.1285584,73.77892,0,7.66281
2021,24.5,-2.5,2.1785161,71.49688,0,7.842658
2021,24.5,-2.25,2.1973064,69.4134,0,7.9103026
2021,24.5,-2.0,2.1883757,69.49158,0,7.8781524
2021,24.5,-1.75,2.1720994,69.389015,0,7.8195577
2021,24.5,-1.5,2.1532986,69.61279,0,7.751875
2021,24.5,-1.25,2.135864,68.774315,0,7.6891103
2021,24.5,-1.0,2.1451976,68.47637,0,7.722711
2021,24.5,-0.75,2.1344237,68.31463,0,7.683925
2021,24.5,-0.5,2.1325073,68.46685,0,7.6770263
2021,24.5,-0.25,2.1252086,68.81419,0,7.6507506
2021,24.5,0.0,2.1080503,96.992714,0,7.588981
2021,24.5,0.25,2.0923429,94.75046,0,7.532434
2021,24.5,0.5,2.0668843,93.10293,0,7.440783
2021,24.5,0.75,2.0399797,92.30331,0,7.343927
2021,24.5,1.0,1.9886394,90.44276,0,7.1591015
2021,24.5,1.25,1.9242986,86.87667,0,6.927475
2021,24.5,1.5,1.864377,114.912964,0,6.711757
2021,24.5,1.75,1.8410794,115.33963,0,6.6278853
2021,24.5,2.0,1.7560239,144.31152,0,6.321686
2021,24.5,2.25,1.6354667,143.85838,0,5.88768
2021,24.5,2.5,1.4175177,145.29794,0,5.1030636
2021,24.5,2.75,1.2037982,144.97511,0,4.3336735
2021,24.5,3.0,1.0262091,138.67183,0,3.6943526
2021,24.5,3.25,1.0120494,136.41692,0,3.6433778
2021,24.5,3.5,1.225399,117.43607,0,4.4114366
2021,24.5,3.75,1.547122,123.38745,0,5.569639
2021,24.5,4.0,1.683619,92.29077,0,6.0610285
2021,24.5,4.25,1.7217741,56.48979,0,6.1983867
2021,24.5,4.5,1.6299934,54.916683,0,5.867976
2021,24.5,4.75,1.3900585,61.04427,0,5.0042105
2021,24.5,5.0,1.2164936,101.278595,0,4.379377
2021,24.5,5.25,1.1040692,135.6666,0,3.9746492
2021,24.5,5.5,0.9223137,138.5967,0,3.3203292
2021,24.5,5.75,0.7366438,172.1095,0,2.6519177
2021,24.5,6.0,0.9988441,165.34315,0,3.5958385
2021,24.5,6.25,1.4003516,216.3549,0,5.041266
2021,24.5,6.5,1.4671855,157.60095,0,5.2818675
2021,24.5,6.75,1.775754,137.45796,0,6.392714
2021,24.5,7.0,1.9854487,135.30814,0,7.1476154
2021,24.5,7.25,1.9873823,134.17242,0,7.1545763
2021,24.5,7.5,1.7839246,128.47346,0,6.422128
2021,24.5,7.75,1.7342352,121.701256,0,6.2432466
2021,24.5,8.0,1.4982938,112.57037,0,5.3938575
2021,24.5,8.25,1.4705564,83.32261,0,5.294003
2021,24.5,8.5,1.5597239,85.384636,0,5.6150055
2021,24.5,8.75,1.8191614,88.16339,0,6.5489807
2021,24.5,9.0,2.107529,86.984764,0,7.587104
2021,24.5,9.25,2.0971687,85.997826,0,7.549807
2021,24.5,9.5,1.9920839,90.38064,0,7.171502
2021,24.5,9.75,1.8256742,101.14861,0,6.572427
2021,24.5,10.0,1.8832129,155.75244,0,6.7795663
2021,24.5,10.25,1.4416099,152.6692,0,5.1897955
2021,24.5,10.5,1.5150641,95.88929,0,5.454231
2021,24.5,10.75,1.8160601,93.98764,0,6.537816
2021,24.5,11.0,1.8320099,97.57679,0,6.5952353
2021,24.5,11.25,2.0704818,97.99688,0,7.4537344
2021,24.5,11.5,2.5840418,98.93887,0,9.30255
2021,24.5,11.75,2.8404996,100.69955,0,10.225799
2021,24.5,12.0,2.3878155,96.68131,0,8.596135
2021,24.25,-9.0,2.9792998,134.16447,0,10.725479
2021,24.25,-8.75,2.8923786,106.51182,0,10.412562
2021,24.25,-8.5,2.8112533,108.56537,0,10.120512
2021,24.25,-8.25,2.7692611,108.393394,0,9.969339
2021,24.25,-8.0,2.752013,136.33867,0,9.907247
2021,24.25,-7.75,2.7426555,133.55058,0,9.87356
2021,24.25,-7.5,2.7254999,131.7515,0,9.811799
2021,24.25,-7.25,2.7003663,131.08363,0,9.721318
2021,24.25,-7.0,2.6028988,131.79335,0,9.370436
2021,24.25,-6.75,2.497425,134.0414,0,8.99073
2021,24.25,-6.5,2.377598,138.1322,0,8.559353
2021,24.25,-6.25,2.2645152,142.12929,0,8.152254
2021,24.25,-6.0,2.1250908,145.27728,0,7.6503267
2021,24.25,-5.75,1.9411503,118.87643,0,6.988141
2021,24.25,-5.5,1.8059057,126.51965,0,6.5012603
2021,24.25,-5.25,1.7923203,129.17323,0,6.4523525
2021,24.25,-5.0,1.7914075,131.28642,0,6.4490666
2021,24.25,-4.75,1.7930781,131.03517,0,6.455081
2021,24.25,-4.5,1.8081846,129.16864,0,6.5094643
2021,24.25,-4.25,1.8237672,98.998024,0,6.565562
2021,24.25,-4.0,1.869502,102.18221,0,6.730207
2021,24.25,-3.75,1.9431891,75.43106,0,6.9954805
2021,24.25,-3.5,1.9739094,76.22057,0,7.1060734
2021,24.25,-3.25,2.0172825,73.764565,0,7.2622166
2021,24.25,-3.0,2.0615194,71.24201,0,7.4214697
2021,24.25,-2.75,2.1178172,71.118965,0,7.6241417
2021,24.25,-2.5,2.1774359,69.64217,0,7.838769
2021,24.25,-2.25,2.2360654,70.81997,0,8.049835
2021,24.25,-2.0,2.2306983,71.592224,0,8.030514
2021,24.25,-1.75,2.1737742,71.88226,0,7.8255873
2021,24.25,-1.5,2.1280086,71.32989,0,7.660831
2021,24.25,-1.25,2.120969,68.96453,0,7.6354885
2021,24.25,-1.0,2.1129897,96.84251,0,7.6067624
2021,24.25,-0.75,2.105158,95.86089,0,7.578569
2021,24.25,-0.5,2.100043,95.114105,0,7.560155
2021,24.25,-0.25,2.1014001,93.47596,0,7.56504
2021,24.25,0.0,2.088795,92.224,0,7.5196614
2021,24.25,0.25,2.0701725,92.01111,0,7.452621
2021,24.25,0.5,2.0401542,91.77249,0,7.344555
2021,24.25,0.75,1.9876086,92.398735,0,7.1553907
2021,24.25,1.0,1.9427842,93.43252,0,6.994023
2021,24.25,1.25,1.9110509,94.238075,0,6.879783
2021,24.25,1.5,1.8188928,122.93778,0,6.548014
2021,24.25,1.75,1.8352767,122.34543,0,6.606996
2021,24.25,2.0,1.8333349,150.57599,0,6.6000056
2021,24.25,2.25,1.7078094,149.0993,0,6.1481137
2021,24.25,2.5,1.5538665,147.81046,0,5.5939193
2021,24.25,2.75,1.3585643,147.58545,0,4.890831
2021,24.25,3.0,1.1484121,143.01598,0,4.1342835
2021,24.25,3.25,1.0761899,139.10974,0,3.8742836
2021,24.25,3.5,1.3056785,144.29411,0,4.7004423
2021,24.25,3.75,1.428244,115.80545,0,5.1416783
2021,24.25,4.0,1.5334722,115.439674,0,5.5204997
2021,24.25,4.25,1.4856325,87.15673,0,5.348277
2021,24.25,4.5,1.4253446,92.684204,0,5.1312404
2021,24.25,4.75,1.3929129,96.73864,0,5.0144863
2021,24.25,5.0,1.4333166,95.70099,0,5.15994
2021,24.25,5.25,1.2801479,105.574066,0,4.6085324
2021,24.25,5.5,1.1531781,135.79808,0,4.151441
2021,24.25,5.75,0.9554034,180.10295,0,3.4394522
2021,24.25,6.0,1.0368481,154.39314,0,3.732653
2021,24.25,6.25,1.3420639,199.34065,0,4.83143
2021,24.25,6.5,1.5030204,151.77505,0,5.4108734
2021,24.25,6.75,1.6135942,150.60765,0,5.808939
2021,24.25,7.0,1.7574929,149.15779,0,6.3269744
2021,24.25,7.25,1.8587179,144.01231,0,6.6913843
2021,24.25,7.5,1.7169584,142.59996,0,6.1810503
2021,24.25,7.75,1.7234646,135.9634,0,6.2044725
2021,24.25,8.0,1.7019801,127.17501,0,6.127128
2021,24.25,8.25,1.5866804,111.86401,0,5.7120495
2021,24.25,8.5,1.5463018,100.213135,0,5.5666866
2021,24.25,8.75,1.7258381,96.98896,0,6.213017
2021,24.25,9.0,1.9959201,93.2319,0,7.1853123
2021,24.25,9.25,2.098851,87.88242,0,7.5558634
2021,24.25,9.5,2.0245383,88.65931,0,7.2883377
2021,24.25,9.75,2.1596138,87.14167,0,7.7746096
2021,24.25,10.0,2.174163,91.58616,0,7.826987
2021,24.25,10.25,2.0842836,87.73647,0,7.503421
2021,24.25,10.5,1.8432127,88.88238,0,6.6355658
2021,24.25,10.75,2.0161302,92.541016,0,7.2580686
2021,24.25,11.0,1.8388623,91.45844,0,6.619904
2021,24.25,11.25,1.9889913,93.64323,0,7.1603684
2021,24.25,11.5,2.4166121,91.57781,0,8.699803
2021,24.25,11.75,2.7256477,93.92794,0,9.812331
2021,24.25,12.0,2.3290539,89.188866,0,8.384594
2021,24.0,-9.0,2.931218,104.7633,0,10.552384
2021,24.0,-8.75,2.855981,107.358025,0,10.281531
2021,24.0,-8.5,2.8093917,109.36517,0,10.11381
2021,24.0,-8.25,2.7637243,109.047485,0,9.949408
2021,24.0,-8.0,2.7262106,136.7094,0,9.814358
2021,24.0,-7.75,2.7056282,133.93764,0,9.740261
2021,24.0,-7.5,2.6950681,132.85448,0,9.702245
2021,24.0,-7.25,2.638632,134.33766,0,9.499075
2021,24.0,-7.0,2.5303447,136.84438,0,9.109241
2021,24.0,-6.75,2.4105268,140.62819,0,8.6778965
2021,24.0,-6.5,2.2974699,115.241554,0,8.270891
2021,24.0,-6.25,2.212334,119.389565,0,7.9644017
2021,24.0,-6.0,2.113146,93.518456,0,7.6073256
2021,24.0,-5.75,2.0130599,96.41171,0,7.2470155
2021,24.0,-5.5,1.9993078,126.803185,0,7.197508
2021,24.0,-5.25,2.0116107,126.93394,0,7.2417984
2021,24.0,-5.0,2.0357208,126.87341,0,7.3285947
2021,24.0,-4.75,2.0564497,126.608376,0,7.4032187
2021,24.0,-4.5,2.047199,96.75167,0,7.3699164
2021,24.0,-4.25,2.0136862,97.834755,0,7.24927
2021,24.0,-4.0,2.0404565,100.29154,0,7.3456435
2021,24.0,-3.75,2.0633636,71.90757,0,7.4281087
2021,24.0,-3.5,2.0681098,101.58191,0,7.4451947
2021,24.0,-3.25,2.046643,99.09192,0,7.3679147
2021,24.0,-3.0,2.0522537,96.41227,0,7.388113
2021,24.0,-2.75,2.079688,95.4664,0,7.486877
2021,24.0,-2.5,2.102329,95.483406,0,7.568384
2021,24.0,-2.25,2.191108,70.08695,0,7.8879886
2021,24.0,-2.0,2.280389,76.47062,0,8.2094
2021,24.0,-1.75,2.2371974,79.64056,0,8.05391
2021,24.0,-1.5,2.0972793,88.602776,0,7.550205
2021,24.0,-1.25,2.1031866,92.10502,0,7.5714717
2021,24.0,-1.0,2.108496,92.28686,0,7.590585
2021,24.0,-0.75,2.109272,91.95254,0,7.593379
2021,24.0,-0.5,2.1086318,91.649574,0,7.5910745
2021,24.0,-0.25,2.0990255,91.750145,0,7.5564914
2021,24.0,0.0,2.0745049,92.39792,0,7.4682174
2021,24.0,0.25,2.047207,93.336266,0,7.3699455
2021,24.0,0.5,1.9980372,94.63311,0,7.192934
2021,24.0,0.75,1.945798,96.22222,0,7.004873
2021,24.0,1.0,1.9091066,97.8711,0,6.8727837
2021,24.0,1.25,1.8986584,98.531,0,6.8351703
2021,24.0,1.5,1.8563083,127.73202,0,6.6827097
2021,24.0,1.75,1.8380712,125.975525,0,6.6170564
2021,24.0,2.0,1.8228637,153.77657,0,6.5623093
2021,24.0,2.25,1.7389439,152.07648,0,6.260198
2021,24.0,2.5,1.634483,150.57875,0,5.8841386
2021,24.0,2.75,1.5397549,149.41475,0,5.5431175
2021,24.0,3.0,1.4079698,146.89856,0,5.0686913
2021,24.0,3.25,1.3459252,143.81529,0,4.8453307
2021,24.0,3.5,1.4052343,143.42287,0,5.0588436
2021,24.0,3.75,1.4129435,142.37828,0,5.0865965
2021,24.0,4.0,1.3563218,140.08604,0,4.8827586
2021,24.0,4.25,1.285803,101.48226,0,4.6288905
2021,24.0,4.5,1.2439162,99.99042,0,4.478098
2021,24.0,4.75,1.3060623,94.013855,0,4.701824
2021,24.0,5.0,1.4256754,90.652405,0,5.1324315
2021,24.0,5.25,1.4114636,102.83196,0,5.081269
2021,24.0,5.5,1.3331326,134.31714,0,4.7992773
2021,24.0,5.75,1.3115214,145.13408,0,4.721477
2021,24.0,6.0,1.3824278,152.6046,0,4.97674
2021,24.0,6.25,1.4867926,163.51318,0,5.352453
2021,24.0,6.5,1.5356063,167.04059,0,5.5281825
2021,24.0,6.75,1.6085701,182.85162,0,5.790852
2021,24.0,7.0,1.6340984,181.77162,0,5.8827543
2021,24.0,7.25,1.7008405,177.12434,0,6.1230254
2021,24.0,7.5,1.6952504,140.63795,0,6.1029015
2021,24.0,7.75,1.9113096,141.10652,0,6.8807144
2021,24.0,8.0,1.8754331,136.7459,0,6.751559
2021,24.0,8.25,1.6468042,146.83653,0,5.928495
2021,24.0,8.5,1.5404611,162.39102,0,5.5456595
2021,24.0,8.75,1.6377419,131.57631,0,5.8958707
2021,24.0,9.0,1.947176,102.17618,0,7.0098333
2021,24.0,9.25,2.1121533,93.85571,0,7.6037517
2021,24.0,9.5,2.30455,88.11179,0,8.296379
2021,24.0,9.75,2.5501652,82.28803,0,9.180594
2021,24.0,10.0,2.7854578,77.17086,0,10.027648
2021,24.0,10.25,2.8122694,84.100525,0,10.124169
2021,24.0,10.5,2.5037284,84.98244,0,9.013422
2021,24.0,10.75,2.342415,91.98797,0,8.432694
2021,24.0,11.0,2.0275972,91.07865,0,7.29935
2021,24.0,11.25,1.8476276,89.302666,0,6.651459
2021,24.0,11.5,2.180426,86.52662,0,7.849533
2021,24.0,11.75,2.6735067,82.41654,0,9.624624
2021,24.0,12.0,2.5348687,78.96142,0,9.125527
2021,23.75,-9.0,2.8969848,105.14929,0,10.429145
2021,23.75,-8.75,2.8278415,107.87812,0,10.180229
2021,23.75,-8.5,2.8035164,109.56088,0,10.092659
2021,23.75,-8.25,2.7856877,109.06835,0,10.028476
2021,23.75,-8.0,2.7549589,107.04538,0,9.917851
2021,23.75,-7.75,2.7013311,135.20166,0,9.724792
2021,23.75,-7.5,2.6147568,135.9105,0,9.413124
2021,23.75,-7.25,2.4844494,140.24817,0,8.944017
2021,23.75,-7.0,2.3549135,114.53668,0,8.477688
2021,23.75,-6.75,2.2583349,118.171455,0,8.130005
2021,23.75,-6.5,2.2028706,91.7135,0,7.930334
2021,23.75,-6.25,2.1874268,94.858185,0,7.8747363
2021,23.75,-6.0,2.1941984,96.170525,0,7.899114
2021,23.75,-5.75,2.1982381,95.41654,0,7.913657
2021,23.75,-5.5,2.214821,94.13906,0,7.973356
2021,23.75,-5.25,2.23229,123.73203,0,8.036243
2021,23.75,-5.0,2.2487822,124.309166,0,8.095615
2021,23.75,-4.75,2.258814,95.54148,0,8.13173
2021,23.75,-4.5,2.234472,67.17675,0,8.044099
2021,23.75,-4.25,2.2120984,68.02445,0,7.963554
2021,23.75,-4.0,2.2191172,99.55666,0,7.9888215
2021,23.75,-3.75,2.2325346,71.211,0,8.037125
2021,23.75,-3.5,2.2223651,101.470146,0,8.000514
2021,23.75,-3.25,2.1714628,98.2963,0,7.817266
2021,23.75,-3.0,2.1025288,94.06826,0,7.5691037
2021,23.75,-2.75,2.0405645,90.54532,0,7.346032
2021,23.75,-2.5,1.9875106,88.75887,0,7.155038
2021,23.75,-2.25,2.0678227,89.77195,0,7.4441614
2021,23.75,-2.0,2.2346137,89.22196,0,8.044609
2021,23.75,-1.75,2.3017657,89.913536,0,8.286356
2021,23.75,-1.5,2.1397393,91.43085,0,7.703061
2021,23.75,-1.25,2.1175108,92.4324,0,7.623039
2021,23.75,-1.0,2.122782,92.406334,0,7.642015
2021,23.75,-0.75,2.1197724,92.460594,0,7.631181
2021,23.75,-0.5,2.1099954,92.91532,0,7.595983
2021,23.75,-0.25,2.0994296,93.84143,0,7.557946
2021,23.75,0.0,2.072303,95.19814,0,7.460291
2021,23.75,0.25,2.0284345,96.86914,0,7.302364
2021,23.75,0.5,1.9796953,98.67336,0,7.126903
2021,23.75,0.75,1.9362496,100.44971,0,6.9704986
2021,23.75,1.0,1.8971521,101.49772,0,6.829747
2021,23.75,1.25,1.8678073,101.52865,0,6.724106
2021,23.75,1.5,1.8869714,100.58359,0,6.7930965
2021,23.75,1.75,1.8487344,128.60857,0,6.6554437
2021,23.75,2.0,1.7874794,156.0874,0,6.4349256
2021,23.75,2.25,1.6974868,155.03639,0,6.1109524
2021,23.75,2.5,1.5526434,154.3197,0,5.589516
2021,23.75,2.75,1.3862146,151.31108,0,4.9903727
2021,23.75,3.0,1.3557348,148.309,0,4.8806453
2021,23.75,3.25,1.3313695,146.73201,0,4.79293
2021,23.75,3.5,1.3319527,144.9391,0,4.7950296
2021,23.75,3.75,1.3155566,142.23706,0,4.736004
2021,23.75,4.0,1.2778393,139.22661,0,4.600221
2021,23.75,4.25,1.245861,135.98515,0,4.4851
2021,23.75,4.5,1.2658991,100.8583,0,4.5572367
2021,23.75,4.75,1.3246336,125.58535,0,4.768681
2021,23.75,5.0,1.4852635,98.86691,0,5.346948
2021,23.75,5.25,1.6602416,115.534035,0,5.9768696
2021,23.75,5.5,1.7540787,132.17989,0,6.3146834
2021,23.75,5.75,1.7903714,146.8484,0,6.445337
2021,23.75,6.0,1.715593,158.41287,0,6.1761346
2021,23.75,6.25,1.7034782,163.47194,0,6.1325216
2021,23.75,6.5,1.722366,191.2517,0,6.200517
2021,23.75,6.75,1.6529207,192.19403,0,5.9505143
2021,23.75,7.0,1.5087861,191.78032,0,5.4316297
2021,23.75,7.25,1.4078234,153.62354,0,5.0681643
2021,23.75,7.5,1.5857481,127.555565,0,5.708693
2021,23.75,7.75,1.9635257,129.81726,0,7.068692
2021,23.75,8.0,1.9411513,127.82538,0,6.9881444
2021,23.75,8.25,1.7555275,147.34924,0,6.3198986
2021,23.75,8.5,1.6581469,159.6063,0,5.9693284
2021,23.75,8.75,1.7535762,127.889915,0,6.312874
2021,23.75,9.0,2.017505,104.74003,0,7.2630177
2021,23.75,9.25,2.182261,97.79599,0,7.856139
2021,23.75,9.5,2.3761697,91.53271,0,8.554211
2021,23.75,9.75,2.680111,82.93116,0,9.648399
2021,23.75,10.0,3.0756118,74.579994,0,11.072203
2021,23.75,10.25,3.3662596,71.06125,0,12.118534
2021,23.75,10.5,3.2355912,78.53498,0,11.648128
2021,23.75,10.75,2.9829981,88.12518,0,10.738793
2021,23.75,11.0,2.5185053,92.017006,0,9.066619
2021,23.75,11.25,2.1219234,91.62494,0,7.638924
2021,23.75,11.5,2.1088912,85.62384,0,7.592008
2021,23.75,11.75,2.514634,75.07759,0,9.052682
2021,23.75,12.0,2.7568161,67.72538,0,9.924538
2021,23.5,-9.0,2.8320162,106.1348,0,10.195258
2021,23.5,-8.75,2.7739048,107.951256,0,9.986057
2021,23.5,-8.5,2.7527027,109.04775,0,9.90973
2021,23.5,-8.25,2.7378395,108.76833,0,9.856222
2021,23.5,-8.0,2.7028124,107.80302,0,9.730124
2021,23.5,-7.75,2.622881,108.493835,0,9.442371
2021,23.5,-7.5,2.5074322,112.26064,0,9.026755
2021,23.5,-7.25,2.400519,117.16038,0,8.641868
2021,23.5,-7.0,2.3209283,119.684204,0,8.355342
2021,23.5,-6.75,2.2668717,91.576805,0,8.160738
2021,23.5,-6.5,2.2632828,92.17883,0,8.147818
2021,23.5,-6.25,2.2764783,93.2619,0,8.195322
2021,23.5,-6.0,2.3139515,93.5979,0,8.330225
2021,23.5,-5.75,2.324103,93.06338,0,8.366771
2021,23.5,-5.5,2.3194864,92.57191,0,8.350151
2021,23.5,-5.25,2.312281,123.37286,0,8.324211
2021,23.5,-5.0,2.3162117,124.940216,0,8.338362
2021,23.5,-4.75,2.3094451,67.446465,0,8.314002
2021,23.5,-4.5,2.2888455,69.61907,0,8.239843
2021,23.5,-4.25,2.2695298,70.41254,0,8.170307
2021,23.5,-4.0,2.25807,100.59244,0,8.129052
2021,23.5,-3.75,2.2953255,100.62557,0,8.263171
2021,23.5,-3.5,2.351133,99.01008,0,8.464079
2021,23.5,-3.25,2.347243,95.91095,0,8.450075
2021,23.5,-3.0,2.277863,92.97701,0,8.200307
2021,23.5,-2.75,2.1321597,90.34896,0,7.6757746
2021,23.5,-2.5,1.9817978,89.51868,0,7.134472
2021,23.5,-2.25,1.9622253,93.33627,0,7.064011
2021,23.5,-2.0,2.1225216,96.64572,0,7.6410775
2021,23.5,-1.75,2.2819424,96.20636,0,8.214993
2021,23.5,-1.5,2.17803,93.704956,0,7.840908
2021,23.5,-1.25,2.1395943,94.49966,0,7.7025394
2021,23.5,-1.0,2.154769,94.73151,0,7.757168
2021,23.5,-0.75,2.1563404,95.18582,0,7.762825
2021,23.5,-0.5,2.1377628,96.10736,0,7.6959457
2021,23.5,-0.25,2.115448,97.16746,0,7.6156125
2021,23.5,0.0,2.0735114,98.51847,0,7.4646406
2021,23.5,0.25,2.0360806,100.292336,0,7.32989
2021,23.5,0.5,1.9788014,101.76474,0,7.123685
2021,23.5,0.75,1.9336852,102.86594,0,6.9612665
2021,23.5,1.0,1.9013858,103.4443,0,6.844989
2021,23.5,1.25,1.8777939,103.55143,0,6.760058
2021,23.5,1.5,1.8885201,102.868614,0,6.798672
2021,23.5,1.75,1.8412482,130.75102,0,6.6284933
2021,23.5,2.0,1.802411,128.98059,0,6.4886794
2021,23.5,2.25,1.7043973,128.75658,0,6.1358304
2021,23.5,2.5,1.4821998,128.50664,0,5.335919
2021,23.5,2.75,1.2297752,151.3159,0,4.427191
2021,23.5,3.0,1.3617219,147.49176,0,4.902199
2021,23.5,3.25,1.4208146,147.32712,0,5.1149325
2021,23.5,3.5,1.3783622,146.02705,0,4.962104
2021,23.5,3.75,1.336146,144.17787,0,4.8101254
2021,23.5,4.0,1.2882067,141.76031,0,4.637544
2021,23.5,4.25,1.2198609,138.03166,0,4.391499
2021,23.5,4.5,1.2166748,134.37273,0,4.380029
2021,23.5,4.75,1.267483,133.45538,0,4.5629387
2021,23.5,5.0,1.4203663,116.77537,0,5.1133184
2021,23.5,5.25,1.5936561,126.67756,0,5.7371616
2021,23.5,5.5,1.7309241,136.61821,0,6.2313266
2021,23.5,5.75,1.869423,139.5649,0,6.729923
2021,23.5,6.0,1.8186113,166.02171,0,6.5470004
2021,23.5,6.25,1.8708767,195.27153,0,6.735156
2021,23.5,6.5,1.7495694,194.7541,0,6.2984495
2021,23.5,6.75,1.4113346,192.29248,0,5.0808043
2021,23.5,7.0,1.1952869,182.54027,0,4.3030324
2021,23.5,7.25,1.2443117,113.767,0,4.4795218
2021,23.5,7.5,1.7196163,112.97317,0,6.1906185
2021,23.5,7.75,2.1683,118.947,0,7.8058796
2021,23.5,8.0,2.0941277,124.48666,0,7.5388594
2021,23.5,8.25,1.9398316,125.268684,0,6.9833937
2021,23.5,8.5,1.907642,121.33331,0,6.8675113
2021,23.5,8.75,2.020498,114.180504,0,7.2737927
2021,23.5,9.0,2.1594033,103.18699,0,7.773852
2021,23.5,9.25,2.361431,98.05074,0,8.501151
2021,23.5,9.5,2.564783,94.21848,0,9.233219
2021,23.5,9.75,2.797465,87.9248,0,10.070874
2021,23.5,10.0,3.1324456,79.982704,0,11.276804
2021,23.5,10.25,3.512624,75.3102,0,12.645446
2021,23.5,10.5,3.622297,77.68209,0,13.040269
2021,23.5,10.75,3.5933294,81.58517,0,12.935986
2021,23.5,11.0,3.3023472,84.50117,0,11.88845
2021,23.5,11.25,2.831291,86.231926,0,10.192647
2021,23.5,11.5,2.4137256,85.90866,0,8.689412
2021,23.5,11.75,2.4098155,78.1681,0,8.675336
2021,23.5,12.0,2.7576783,65.60028,0,9.927642
2021,23.25,-9.0,2.7970293,107.60767,0,10.069305
2021,23.25,-8.75,2.7310295,108.653564,0,9.831706
2021,23.25,-8.5,2.6854465,109.30868,0,9.667607
2021,23.25,-8.25,2.6469908,109.4681,0,9.529166
2021,23.25,-8.0,2.5569541,110.31799,0,9.205034
2021,23.25,-7.75,2.4588435,112.12522,0,8.851836
2021,23.25,-7.5,2.4151542,116.93515,0,8.694555
2021,23.25,-7.25,2.4040487,119.15281,0,8.654575
2021,23.25,-7.0,2.3549213,120.434715,0,8.477716
2021,23.25,-6.75,2.33764,90.087715,0,8.4155035
2021,23.25,-6.5,2.3294106,90.42036,0,8.385878
2021,23.25,-6.25,2.3086393,91.115746,0,8.311101
2021,23.25,-6.0,2.3327272,92.400116,0,8.397818
2021,23.25,-5.75,2.3560114,92.68392,0,8.481641
2021,23.25,-5.5,2.3562522,93.00306,0,8.482508
2021,23.25,-5.25,2.3568494,123.960724,0,8.484657
2021,23.25,-5.0,2.379923,96.071205,0,8.567723
2021,23.25,-4.75,2.3950088,68.771095,0,8.622031
2021,23.25,-4.5,2.4257681,69.951515,0,8.732765
2021,23.25,-4.25,2.4347036,71.06356,0,8.764933
2021,23.25,-4.0,2.4009783,100.49136,0,8.643521
2021,23.25,-3.75,2.3602724,95.939156,0,8.496981
2021,23.25,-3.5,2.3844438,93.44037,0,8.583998
2021,23.25,-3.25,2.406134,91.892456,0,8.662082
2021,23.25,-3.0,2.421409,90.89112,0,8.717072
2021,23.25,-2.75,2.3422558,90.384125,0,8.43212
2021,23.25,-2.5,2.1566794,91.729744,0,7.7640457
2021,23.25,-2.25,2.093671,95.79723,0,7.5372157
2021,23.25,-2.0,2.1275778,99.103966,0,7.65928
2021,23.25,-1.75,2.2461433,98.33164,0,8.086116
2021,23.25,-1.5,2.20056,95.392845,0,7.922016
2021,23.25,-1.25,2.1691058,96.23041,0,7.8087807
2021,23.25,-1.0,2.1810958,97.13629,0,7.851945
2021,23.25,-0.75,2.1823642,98.67218,0,7.856511
2021,23.25,-0.5,2.1681354,99.71548,0,7.8052874
2021,23.25,-0.25,2.1448638,100.81434,0,7.7215095
2021,23.25,0.0,2.1025343,102.12064,0,7.5691233
2021,23.25,0.25,2.0759134,103.2046,0,7.473288
2021,23.25,0.5,2.0275404,104.2356,0,7.299145
2021,23.25,0.75,1.9745312,104.964134,0,7.108312
2021,23.25,1.0,1.9174861,105.27524,0,6.90295
2021,23.25,1.25,1.8850994,105.26153,0,6.786358
2021,23.25,1.5,1.8623027,104.44308,0,6.7042894
2021,23.25,1.75,1.8387288,133.16852,0,6.6194234
2021,23.25,2.0,1.7842097,132.38252,0,6.423155
2021,23.25,2.25,1.6493921,132.4862,0,5.9378114
2021,23.25,2.5,1.4342831,133.40312,0,5.1634192
2021,23.25,2.75,1.3022944,139.46461,0,4.6882596
2021,23.25,3.0,1.4810318,145.14119,0,5.331714
2021,23.25,3.25,1.5339537,146.41052,0,5.522233
2021,23.25,3.5,1.4785838,147.3232,0,5.3229017
2021,23.25,3.75,1.4147118,145.89429,0,5.0929623
2021,23.25,4.0,1.3384137,143.32707,0,4.8182893
2021,23.25,4.25,1.2722634,140.15077,0,4.580148
2021,23.25,4.5,1.2861551,138.88881,0,4.6301584
2021,23.25,4.75,1.380817,138.72743,0,4.970941
2021,23.25,5.0,1.4975046,116.22742,0,5.3910165
2021,23.25,5.25,1.4763846,127.615265,0,5.314985
2021,23.25,5.5,1.634121,134.15863,0,5.8828354
2021,23.25,5.75,1.9036456,164.95946,0,6.853124
2021,23.25,6.0,1.654807,159.24939,0,5.957305
2021,23.25,6.25,1.4955026,162.91528,0,5.383809
2021,23.25,6.5,1.3827834,161.57744,0,4.97802
2021,23.25,6.75,1.2000626,148.39262,0,4.3202252
2021,23.25,7.0,1.200313,112.45675,0,4.3211265
2021,23.25,7.25,1.44706,101.52329,0,5.209416
2021,23.25,7.5,2.1710727,106.46008,0,7.8158617
2021,23.25,7.75,2.575476,112.89486,0,9.271713
2021,23.25,8.0,2.4131439,116.90688,0,8.687318
2021,23.25,8.25,2.0641923,115.58555,0,7.4310923
2021,23.25,8.5,1.9799294,110.09924,0,7.1277456
2021,23.25,8.75,2.15612,102.4497,0,7.762032
2021,23.25,9.0,2.3186042,95.89791,0,8.346975
2021,23.25,9.25,2.5268662,92.31785,0,9.096718
2021,23.25,9.5,2.8011496,91.71918,0,10.084138
2021,23.25,9.75,2.9629033,87.99868,0,10.666451
2021,23.25,10.0,3.0364733,84.6554,0,10.931303
2021,23.25,10.25,3.2903712,80.647385,0,11.845336
2021,23.25,10.5,3.772712,79.77773,0,13.581763
2021,23.25,10.75,4.0931916,78.41563,0,14.73549
2021,23.25,11.0,3.8545141,77.935745,0,13.87625
2021,23.25,11.25,3.5124958,77.26713,0,12.644984
2021,23.25,11.5,3.1358585,76.393005,0,11.28909
2021,23.25,11.75,2.8804836,75.80468,0,10.3697405
2021,23.25,12.0,3.0497997,68.37051,0,10.979279
2021,23.0,-9.0,2.8067265,108.59167,0,10.104215
2021,23.0,-8.75,2.7195292,109.760735,0,9.790305
2021,23.0,-8.5,2.6538005,110.67346,0,9.553681
2021,23.0,-8.25,2.565767,111.66363,0,9.236761
2021,23.0,-8.0,2.4753234,112.839325,0,8.911164
2021,23.0,-7.75,2.4016838,114.78603,0,8.646062
2021,23.0,-7.5,2.391077,118.357506,0,8.607877
2021,23.0,-7.25,2.4114263,119.23336,0,8.681134
2021,23.0,-7.0,2.415919,118.84428,0,8.697309
2021,23.0,-6.75,2.3974888,118.743324,0,8.6309595
2021,23.0,-6.5,2.3530617,120.00586,0,8.471022
2021,23.0,-6.25,2.3177273,91.098,0,8.343818
2021,23.0,-6.0,2.306356,122.74735,0,8.302881
2021,23.0,-5.75,2.3262596,123.065254,0,8.374535
2021,23.0,-5.5,2.327185,123.36947,0,8.377866
2021,23.0,-5.25,2.3349257,124.292305,0,8.405732
2021,23.0,-5.0,2.360392,96.26941,0,8.497412
2021,23.0,-4.75,2.3968122,96.88858,0,8.628524
2021,23.0,-4.5,2.4353206,96.42465,0,8.767154
2021,23.0,-4.25,2.5037882,96.40629,0,9.013638
2021,23.0,-4.0,2.5891855,95.4479,0,9.321068
2021,23.0,-3.75,2.5507061,90.11605,0,9.182542
2021,23.0,-3.5,2.457342,89.863075,0,8.846431
2021,23.0,-3.25,2.427869,89.79087,0,8.740329
2021,23.0,-3.0,2.4508877,90.220695,0,8.823195
2021,23.0,-2.75,2.510383,91.68528,0,9.037378
2021,23.0,-2.5,2.3796654,93.88491,0,8.566795
2021,23.0,-2.25,2.2621431,96.66577,0,8.143715
2021,23.0,-2.0,2.278737,99.34832,0,8.203453
2021,23.0,-1.75,2.25873,98.66454,0,8.131428
2021,23.0,-1.5,2.220157,97.24343,0,7.9925647
2021,23.0,-1.25,2.2149374,98.715355,0,7.9737744
2021,23.0,-1.0,2.2308843,100.44396,0,8.031183
2021,23.0,-0.75,2.2346451,101.59134,0,8.044723
2021,23.0,-0.5,2.2162335,102.82023,0,7.9784403
2021,23.0,-0.25,2.1936836,103.622475,0,7.8972607
2021,23.0,0.0,2.1636894,104.519714,0,7.7892814
2021,23.0,0.25,2.1274796,105.04846,0,7.658926
2021,23.0,0.5,2.0866828,75.8758,0,7.512058
2021,23.0,0.75,2.0385373,106.396645,0,7.338734
2021,23.0,1.0,1.9818622,106.654396,0,7.1347036
2021,23.0,1.25,1.9346485,106.34003,0,6.9647346
2021,23.0,1.5,1.8933626,105.59475,0,6.8161054
2021,23.0,1.75,1.8716445,105.72217,0,6.73792
2021,23.0,2.0,1.8000978,135.95987,0,6.480352
2021,23.0,2.25,1.6823655,136.69214,0,6.0565157
2021,23.0,2.5,1.5998615,137.67644,0,5.7595015
2021,23.0,2.75,1.5533913,142.76569,0,5.592209
2021,23.0,3.0,1.6714907,146.26274,0,6.0173664
2021,23.0,3.25,1.6468829,147.72054,0,5.928778
2021,23.0,3.5,1.6037229,148.71771,0,5.773402
2021,23.0,3.75,1.5364169,148.2931,0,5.5311007
2021,23.0,4.0,1.4545876,146.21706,0,5.236515
2021,23.0,4.25,1.4714102,145.211,0,5.297076
2021,23.0,4.5,1.5820923,143.40018,0,5.695532
2021,23.0,4.75,1.7689859,111.66276,0,6.368349
2021,23.0,5.0,1.9569945,104.4129,0,7.0451803
2021,23.0,5.25,1.8627015,134.21297,0,6.705725
2021,23.0,5.5,1.7873088,128.2517,0,6.4343114
2021,23.0,5.75,1.8961142,154.79402,0,6.826011
2021,23.0,6.0,1.4292442,148.70372,0,5.145279
2021,23.0,6.25,1.2467664,145.4969,0,4.488359
2021,23.0,6.5,1.2816206,116.893005,0,4.613834
2021,23.0,6.75,1.345737,113.3468,0,4.844653
2021,23.0,7.0,1.4420751,97.97251,0,5.19147
2021,23.0,7.25,1.8026186,98.81907,0,6.489427
2021,23.0,7.5,2.4613063,105.15511,0,8.8607025
2021,23.0,7.75,2.8248184,108.44022,0,10.169346
2021,23.0,8.0,2.706692,106.50857,0,9.744091
2021,23.0,8.25,2.335275,103.82861,0,8.406989
2021,23.0,8.5,2.1042407,97.86713,0,7.5752664
2021,23.0,8.75,2.2772796,92.35801,0,8.198206
2021,23.0,9.0,2.4422233,89.053185,0,8.792004
2021,23.0,9.25,2.6691802,87.13657,0,9.609048
2021,23.0,9.5,2.9744253,87.14627,0,10.707931
2021,23.0,9.75,3.0607874,87.09763,0,11.018834
2021,23.0,10.0,3.11813,84.10748,0,11.225267
2021,23.0,10.25,3.2244112,82.06634,0,11.607881
2021,23.0,10.5,3.7129328,80.82631,0,13.366558
2021,23.0,10.75,4.0136685,77.74853,0,14.449206
2021,23.0,11.0,3.952893,72.458,0,14.230414
2021,23.0,11.25,3.7290113,70.32154,0,13.42444
2021,23.0,11.5,3.767544,69.49393,0,13.563158
2021,23.0,11.75,3.5663786,69.33415,0,12.838963
2021,23.0,12.0,3.2909558,68.89117,0,11.847441
2021,22.75,-9.0,2.7771482,109.26217,0,9.997733
2021,22.75,-8.75,2.7215624,110.96387,0,9.797625
2021,22.75,-8.5,2.6543665,112.67455,0,9.555719
2021,22.75,-8.25,2.568448,113.50143,0,9.246413
2021,22.75,-8.0,2.4909208,114.28745,0,8.967315
2021,22.75,-7.75,2.4335334,115.486206,0,8.76072
2021,22.75,-7.5,2.4417713,117.333336,0,8.790377
2021,22.75,-7.25,2.465101,117.72244,0,8.874363
2021,22.75,-7.0,2.4603693,117.74543,0,8.857329
2021,22.75,-6.75,2.4217699,119.09338,0,8.718371
2021,22.75,-6.5,2.367523,120.76792,0,8.523083
2021,22.75,-6.25,2.3069866,121.82608,0,8.305151
2021,22.75,-6.0,2.2850468,122.8836,0,8.226169
2021,22.75,-5.75,2.2888439,122.69723,0,8.239838
2021,22.75,-5.5,2.2826724,122.08042,0,8.217621
2021,22.75,-5.25,2.2890804,121.5312,0,8.240689
2021,22.75,-5.0,2.3106484,120.52631,0,8.318335
2021,22.75,-4.75,2.3266902,89.57554,0,8.376084
2021,22.75,-4.5,2.333598,88.49386,0,8.400952
2021,22.75,-4.25,2.4043293,88.22079,0,8.655585
2021,22.75,-4.0,2.4856598,88.41335,0,8.948375
2021,22.75,-3.75,2.5298147,89.093506,0,9.107333
2021,22.75,-3.5,2.5748234,89.68873,0,9.269364
2021,22.75,-3.25,2.5033224,89.98794,0,9.01196
2021,22.75,-3.0,2.4395888,91.445274,0,8.782519
2021,22.75,-2.75,2.5037801,94.26382,0,9.013608
2021,22.75,-2.5,2.4889224,97.1975,0,8.96012
2021,22.75,-2.25,2.4350646,99.7193,0,8.7662325
2021,22.75,-2.0,2.3572574,99.2489,0,8.486126
2021,22.75,-1.75,2.2963612,98.69806,0,8.2669
2021,22.75,-1.5,2.2584348,99.36753,0,8.130365
2021,22.75,-1.25,2.268359,101.130005,0,8.166092
2021,22.75,-1.0,2.28496,102.58982,0,8.225856
2021,22.75,-0.75,2.2834814,103.83053,0,8.220532
2021,22.75,-0.5,2.277447,74.664406,0,8.198809
2021,22.75,-0.25,2.2440321,75.51704,0,8.078515
2021,22.75,0.0,2.2308338,76.113174,0,8.031001
2021,22.75,0.25,2.1976979,76.51203,0,7.911712
2021,22.75,0.5,2.1593087,76.969055,0,7.773511
2021,22.75,0.75,2.1198323,77.27873,0,7.631396
2021,22.75,1.0,2.073468,77.43534,0,7.4644847
2021,22.75,1.25,2.0262568,107.20789,0,7.294524
2021,22.75,1.5,1.9714241,106.62149,0,7.0971265
2021,22.75,1.75,1.9507632,107.378845,0,7.0227475
2021,22.75,2.0,1.9342976,107.544945,0,6.963471
2021,22.75,2.25,1.8687979,137.34023,0,6.727672
2021,22.75,2.5,1.7915382,138.48642,0,6.4495373
2021,22.75,2.75,1.791968,143.16658,0,6.4510846
2021,22.75,3.0,1.84788,117.23034,0,6.652368
2021,22.75,3.25,1.8078327,119.577934,0,6.508198
2021,22.75,3.5,1.7565409,150.85786,0,6.323547
2021,22.75,3.75,1.751589,151.82689,0,6.30572
2021,22.75,4.0,1.7540463,152.15039,0,6.3145666
2021,22.75,4.25,1.8241515,150.38799,0,6.566945
2021,22.75,4.5,2.016143,114.59345,0,7.258115
2021,22.75,4.75,2.2280564,111.94037,0,8.021003
2021,22.75,5.0,2.3688545,105.06952,0,8.527876
2021,22.75,5.25,2.3649747,96.53155,0,8.513908
2021,22.75,5.5,2.2430491,121.80225,0,8.074977
2021,22.75,5.75,2.0293171,106.25904,0,7.3055415
2021,22.75,6.0,1.6075234,122.32401,0,5.787084
2021,22.75,6.25,1.4016088,123.776794,0,5.0457916
2021,22.75,6.5,1.3977065,101.25155,0,5.0317435
2021,22.75,6.75,1.5474987,100.64394,0,5.5709953
2021,22.75,7.0,1.7682204,96.60876,0,6.3655934
2021,22.75,7.25,2.1749375,98.64267,0,7.829775
2021,22.75,7.5,2.7058,101.82194,0,9.74088
2021,22.75,7.75,3.0912848,101.47021,0,11.128625
2021,22.75,8.0,2.9755428,97.93921,0,10.711954
2021,22.75,8.25,2.5702581,93.13736,0,9.252929
2021,22.75,8.5,2.3020177,88.517525,0,8.287264
2021,22.75,8.75,2.4186537,85.84792,0,8.707153
2021,22.75,9.0,2.5565083,84.77184,0,9.203429
2021,22.75,9.25,2.7430942,84.05364,0,9.875139
2021,22.75,9.5,3.1127641,85.09913,0,11.205951
2021,22.75,9.75,3.2583864,84.859184,0,11.73019
2021,22.75,10.0,3.1597722,83.02026,0,11.375179
2021,22.75,10.25,3.1948407,80.819664,0,11.501426
2021,22.75,10.5,3.5912158,78.74843,0,12.928377
2021,22.75,10.75,3.9235115,74.82095,0,14.124641
2021,22.75,11.0,3.925576,69.41886,0,14.132073
2021,22.75,11.25,4.1181054,65.68476,0,14.825179
2021,22.75,11.5,4.283869,64.868126,0,15.421927
2021,22.75,11.75,3.8855789,65.667984,0,13.988084
2021,22.75,12.0,3.4499981,65.521416,0,12.419993
2021,22.5,-9.0,2.6898677,139.76956,0,9.683523
2021,22.5,-8.75,2.673048,111.933266,0,9.6229725
2021,22.5,-8.5,2.6784093,113.497765,0,9.642273
2021,22.5,-8.25,2.6054013,114.24076,0,9.379444
2021,22.5,-8.0,2.544175,114.60117,0,9.159029
2021,22.5,-7.75,2.50996,115.51068,0,9.035855
2021,22.5,-7.5,2.5102696,116.576515,0,9.03697
2021,22.5,-7.25,2.4883509,117.90853,0,8.958063
2021,22.5,-7.0,2.4672139,118.83309,0,8.881969
2021,22.5,-6.75,2.4208386,120.21152,0,8.715018
2021,22.5,-6.5,2.3705459,121.736755,0,8.533965
2021,22.5,-6.25,2.326495,122.18524,0,8.375381
2021,22.5,-6.0,2.309758,121.92843,0,8.315128
2021,22.5,-5.75,2.2996812,120.51548,0,8.278852
2021,22.5,-5.5,2.2810638,118.37495,0,8.211829
2021,22.5,-5.25,2.2894294,117.34495,0,8.241945
2021,22.5,-5.0,2.276038,117.85996,0,8.193736
2021,22.5,-4.75,2.2612667,88.15747,0,8.14056
2021,22.5,-4.5,2.225502,88.15793,0,8.011807
2021,22.5,-4.25,2.1916187,89.15711,0,7.8898273
2021,22.5,-4.0,2.3005574,90.44868,0,8.282006
2021,22.5,-3.75,2.4050865,91.61228,0,8.658311
2021,22.5,-3.5,2.5001237,92.26774,0,9.000445
2021,22.5,-3.25,2.5323837,92.48606,0,9.116581
2021,22.5,-3.0,2.4389627,94.427765,0,8.780266
2021,22.5,-2.75,2.4704115,68.40528,0,8.893481
2021,22.5,-2.5,2.523572,70.58362,0,9.084859
2021,22.5,-2.25,2.4944909,71.41218,0,8.980166
2021,22.5,-2.0,2.4128566,70.161224,0,8.686283
2021,22.5,-1.75,2.342416,70.23942,0,8.432697
2021,22.5,-1.5,2.3237367,71.55695,0,8.365452
2021,22.5,-1.25,2.329242,73.13882,0,8.385271
2021,22.5,-1.0,2.3423548,74.38885,0,8.432477
2021,22.5,-0.75,2.3362162,75.52047,0,8.410378
2021,22.5,-0.5,2.3244305,76.30061,0,8.3679495
2021,22.5,-0.25,2.302089,76.91293,0,8.28752
2021,22.5,0.0,2.2948692,77.283165,0,8.261529
2021,22.5,0.25,2.268224,77.559685,0,8.1656065
2021,22.5,0.5,2.2309372,77.90702,0,8.031374
2021,22.5,0.75,2.1906183,77.93207,0,7.8862257
2021,22.5,1.0,2.1519582,78.00562,0,7.7470493
2021,22.5,1.25,2.1217778,107.770744,0,7.6383996
2021,22.5,1.5,2.071362,107.29728,0,7.456903
2021,22.5,1.75,2.0410767,107.69568,0,7.3478756
2021,22.5,2.0,2.0227683,107.50808,0,7.2819657
2021,22.5,2.25,1.9834641,136.9897,0,7.1404705
2021,22.5,2.5,1.9669749,109.20566,0,7.0811095
2021,22.5,2.75,1.964115,112.99648,0,7.070814
2021,22.5,3.0,1.9691616,117.609924,0,7.0889816
2021,22.5,3.25,1.9431309,120.458855,0,6.9952707
2021,22.5,3.5,1.902469,151.88884,0,6.8488884
2021,22.5,3.75,1.958869,153.33209,0,7.051928
2021,22.5,4.0,2.0343087,154.78775,0,7.323511
2021,22.5,4.25,2.1874979,128.96214,0,7.874992
2021,22.5,4.5,2.3931057,107.68994,0,8.61518
2021,22.5,4.75,2.5751126,106.51099,0,9.270405
2021,22.5,5.0,2.6736782,131.304,0,9.625241
2021,22.5,5.25,2.659285,125.43075,0,9.573426
2021,22.5,5.5,2.5670245,121.61167,0,9.241288
2021,22.5,5.75,2.3058116,110.44116,0,8.300921
2021,22.5,6.0,1.9837824,103.249214,0,7.1416163
2021,22.5,6.25,1.6866926,102.858185,0,6.072093
2021,22.5,6.5,1.5701021,104.911476,0,5.6523676
2021,22.5,6.75,1.8224645,95.55697,0,6.560872
2021,22.5,7.0,2.1454918,96.398384,0,7.7237706
2021,22.5,7.25,2.3942676,96.49479,0,8.619363
2021,22.5,7.5,2.865896,97.17054,0,10.317225
2021,22.5,7.75,3.200576,93.695244,0,11.522074
2021,22.5,8.0,3.1846402,89.29364,0,11.4647045
2021,22.5,8.25,2.8303032,84.348465,0,10.189092
2021,22.5,8.5,2.6669767,82.985405,0,9.601116
2021,22.5,8.75,2.669407,82.63461,0,9.609864
2021,22.5,9.0,2.6627016,84.39826,0,9.585726
2021,22.5,9.25,2.8268616,84.47707,0,10.176702
2021,22.5,9.5,3.1232843,84.66231,0,11.243823
2021,22.5,9.75,3.3407686,83.507126,0,12.026767
2021,22.5,10.0,3.289263,81.22643,0,11.841347
2021,22.5,10.25,3.2762678,78.16747,0,11.794563
2021,22.5,10.5,3.5512455,75.25674,0,12.784483
2021,22.5,10.75,3.8561962,71.96399,0,13.882306
2021,22.5,11.0,4.0032754,67.52416,0,14.411791
2021,22.5,11.25,4.2084203,64.32437,0,15.150312
2021,22.5,11.5,4.327435,63.968548,0,15.578766
2021,22.5,11.75,3.9699752,63.79605,0,14.29191
2021,22.5,12.0,3.6203396,61.17107,0,13.033222
2021,22.25,-9.0,2.6454403,140.68626,0,9.523585
2021,22.25,-8.75,2.6347396,141.66466,0,9.485063
2021,22.25,-8.5,2.6458914,113.19871,0,9.525208
2021,22.25,-8.25,2.6410308,114.22123,0,9.50771
2021,22.25,-8.0,2.5900857,114.68917,0,9.324308
2021,22.25,-7.75,2.5530522,116.04022,0,9.190988
2021,22.25,-7.5,2.5080142,117.430664,0,9.028851
2021,22.25,-7.25,2.484014,118.942894,0,8.942451
2021,22.25,-7.0,2.457412,119.87107,0,8.846683
2021,22.25,-6.75,2.4123185,121.1749,0,8.684346
2021,22.25,-6.5,2.3913925,121.659386,0,8.609013
2021,22.25,-6.25,2.377938,121.41709,0,8.560576
2021,22.25,-6.0,2.3731577,120.267586,0,8.543367
2021,22.25,-5.75,2.3724463,117.91229,0,8.540807
2021,22.25,-5.5,2.3598473,116.329506,0,8.49545
2021,22.25,-5.25,2.350076,117.44019,0,8.460273
2021,22.25,-5.0,2.3235738,88.805885,0,8.364865
2021,22.25,-4.75,2.2539008,89.604065,0,8.114042
2021,22.25,-4.5,2.1853688,90.55313,0,7.867327
2021,22.25,-4.25,2.1303675,92.05604,0,7.669323
2021,22.25,-4.0,2.1089842,93.697754,0,7.592343
2021,22.25,-3.75,2.2063596,95.34562,0,7.9428945
2021,22.25,-3.5,2.2847188,96.981285,0,8.224987
2021,22.25,-3.25,2.3956387,97.54081,0,8.624299
2021,22.25,-3.0,2.385912,99.49642,0,8.589283
2021,22.25,-2.75,2.452562,72.41455,0,8.829224
2021,22.25,-2.5,2.5152168,74.28211,0,9.05478
2021,22.25,-2.25,2.5106876,72.865974,0,9.038475
2021,22.25,-2.0,2.4408278,71.71449,0,8.78698
2021,22.25,-1.75,2.3984594,72.0575,0,8.634454
2021,22.25,-1.5,2.4093618,73.31046,0,8.673702
2021,22.25,-1.25,2.413142,74.65273,0,8.687311
2021,22.25,-1.0,2.3985379,75.72596,0,8.634736
2021,22.25,-0.75,2.3939683,76.716064,0,8.618286
2021,22.25,-0.5,2.3945303,77.37159,0,8.620309
2021,22.25,-0.25,2.3789623,77.86112,0,8.564264
2021,22.25,0.0,2.350106,78.16337,0,8.4603815
2021,22.25,0.25,2.3274333,78.40369,0,8.378759
2021,22.25,0.5,2.3040879,78.65124,0,8.294716
2021,22.25,0.75,2.2626364,78.68965,0,8.145491
2021,22.25,1.0,2.212701,78.37354,0,7.9657235
2021,22.25,1.25,2.1836421,78.08753,0,7.8611116
2021,22.25,1.5,2.1546383,107.84216,0,7.7566977
2021,22.25,1.75,2.1132972,107.83246,0,7.6078696
2021,22.25,2.0,2.0812113,107.629875,0,7.4923606
2021,22.25,2.25,2.0427802,108.44443,0,7.354008
2021,22.25,2.5,2.0281515,110.385315,0,7.3013453
2021,22.25,2.75,2.0445516,114.2211,0,7.3603854
2021,22.25,3.0,2.051976,118.46139,0,7.387113
2021,22.25,3.25,2.0201526,150.91707,0,7.272549
2021,22.25,3.5,2.0189497,152.23668,0,7.268219
2021,22.25,3.75,2.1038606,153.75433,0,7.573898
2021,22.25,4.0,2.2613428,124.37661,0,8.140834
2021,22.25,4.25,2.4415839,130.52376,0,8.789701
2021,22.25,4.5,2.6259224,130.5385,0,9.4533205
2021,22.25,4.75,2.822836,127.79777,0,10.1622095
2021,22.25,5.0,2.8938675,124.11137,0,10.417923
2021,22.25,5.25,2.826062,116.61881,0,10.173822
2021,22.25,5.5,2.7347252,118.556404,0,9.845011
2021,22.25,5.75,2.6633472,114.859566,0,9.58805
2021,22.25,6.0,2.34908,109.2432,0,8.456688
2021,22.25,6.25,2.0848906,107.042694,0,7.505606
2021,22.25,6.5,1.9100264,106.98539,0,6.876095
2021,22.25,6.75,2.2321932,91.65457,0,8.035895
2021,22.25,7.0,2.4649765,92.06238,0,8.873916
2021,22.25,7.25,2.7034166,92.53968,0,9.7323
2021,22.25,7.5,2.8899317,92.170006,0,10.403754
2021,22.25,7.75,3.2139606,88.62454,0,11.570258
2021,22.25,8.0,3.3000395,84.328926,0,11.880142
2021,22.25,8.25,3.1634529,81.62604,0,11.38843
2021,22.25,8.5,2.997278,81.02182,0,10.7902
2021,22.25,8.75,2.8628433,83.76657,0,10.306235
2021,22.25,9.0,2.8515608,85.36326,0,10.265618
2021,22.25,9.25,2.8310173,86.28699,0,10.191662
2021,22.25,9.5,3.037715,85.53306,0,10.935774
2021,22.25,9.75,3.3024788,82.69622,0,11.888924
2021,22.25,10.0,3.363023,79.21002,0,12.106883
2021,22.25,10.25,3.3370714,75.94075,0,12.013456
2021,22.25,10.5,3.4241712,72.71996,0,12.327016
2021,22.25,10.75,3.7137136,69.509895,0,13.369369
2021,22.25,11.0,3.887413,66.668526,0,13.994686
2021,22.25,11.25,4.056153,64.209435,0,14.60215
2021,22.25,11.5,4.1223016,63.90169,0,14.840285
2021,22.25,11.75,4.098907,63.182545,0,14.756064
2021,22.25,12.0,3.7474673,60.351593,0,13.490882
2021,22.0,-9.0,2.6846647,140.7469,0,9.664793
2021,22.0,-8.75,2.6678104,141.37946,0,9.604117
2021,22.0,-8.5,2.6564121,112.63737,0,9.563084
2021,22.0,-8.25,2.668732,114.21226,0,9.607434
2021,22.0,-8.0,2.6192129,115.53467,0,9.429166
2021,22.0,-7.75,2.5585968,117.64689,0,9.210948
2021,22.0,-7.5,2.4921231,119.20951,0,8.971643
2021,22.0,-7.25,2.4364464,120.1105,0,8.771207
2021,22.0,-7.0,2.4130573,120.863014,0,8.687006
2021,22.0,-6.75,2.406353,120.761475,0,8.66287
2021,22.0,-6.5,2.4099734,120.68903,0,8.675904
2021,22.0,-6.25,2.422158,120.08199,0,8.719769
2021,22.0,-6.0,2.444854,118.16996,0,8.801475
2021,22.0,-5.75,2.452617,116.29892,0,8.829421
2021,22.0,-5.5,2.4563792,116.94906,0,8.842965
2021,22.0,-5.25,2.4571984,88.90909,0,8.845914
2021,22.0,-5.0,2.4447062,90.7821,0,8.800942
2021,22.0,-4.75,2.3386123,91.846436,0,8.419004
2021,22.0,-4.5,2.2567136,93.20896,0,8.124168
2021,22.0,-4.25,2.2188509,94.46224,0,7.987863
2021,22.0,-4.0,2.1864936,96.291466,0,7.871377
2021,22.0,-3.75,2.1510494,98.529816,0,7.7437778
2021,22.0,-3.5,2.1533406,100.97646,0,7.752026
2021,22.0,-3.25,2.2004025,103.33491,0,7.9214487
2021,22.0,-3.0,2.3340962,74.99579,0,8.402746
2021,22.0,-2.75,2.4382632,76.28202,0,8.777747
2021,22.0,-2.5,2.5077257,75.07339,0,9.027812
2021,22.0,-2.25,2.5106473,73.78588,0,9.03833
2021,22.0,-2.0,2.4744244,72.962105,0,8.9079275
2021,22.0,-1.75,2.447533,73.02628,0,8.811118
2021,22.0,-1.5,2.4736433,74.51758,0,8.905116
2021,22.0,-1.25,2.4960852,76.10402,0,8.985907
2021,22.0,-1.0,2.478418,76.94632,0,8.922305
2021,22.0,-0.75,2.4501045,77.51057,0,8.820375
2021,22.0,-0.5,2.4487982,78.09427,0,8.815673
2021,22.0,-0.25,2.4445326,78.592476,0,8.800317
2021,22.0,0.0,2.383833,79.09132,0,8.581799
2021,22.0,0.25,2.3550634,79.48789,0,8.478229
2021,22.0,0.5,2.3435884,79.71182,0,8.436918
2021,22.0,0.75,2.3257613,79.5102,0,8.372741
2021,22.0,1.0,2.2724073,79.178444,0,8.180666
2021,22.0,1.25,2.226291,78.8985,0,8.0146475
2021,22.0,1.5,2.2026806,78.887344,0,7.92965
2021,22.0,1.75,2.1697497,108.797386,0,7.811099
2021,22.0,2.0,2.1163905,109.12498,0,7.6190057
2021,22.0,2.25,2.0781038,110.23981,0,7.4811735
2021,22.0,2.5,2.0676792,112.97919,0,7.443645
2021,22.0,2.75,2.1004574,116.77109,0,7.5616465
2021,22.0,3.0,2.1126268,119.27305,0,7.6054564
2021,22.0,3.25,2.0364246,151.19386,0,7.3311286
2021,22.0,3.5,2.0545866,152.47467,0,7.3965116
2021,22.0,3.75,2.203677,152.63893,0,7.9332366
2021,22.0,4.0,2.3730145,124.03707,0,8.542851
2021,22.0,4.25,2.5247803,131.47311,0,9.089209
2021,22.0,4.5,2.716671,128.81956,0,9.780015
2021,22.0,4.75,2.8998907,124.36765,0,10.439606
2021,22.0,5.0,2.96074,118.763,0,10.658664
2021,22.0,5.25,2.8926036,111.73904,0,10.413373
2021,22.0,5.5,2.8542671,106.19747,0,10.275361
2021,22.0,5.75,2.7736242,102.058556,0,9.985046
2021,22.0,6.0,2.7197704,114.132355,0,9.791173
2021,22.0,6.25,2.572353,111.17831,0,9.26047
2021,22.0,6.5,2.4451337,81.615074,0,8.802481
2021,22.0,6.75,2.5523946,85.5889,0,9.188621
2021,22.0,7.0,2.7612293,86.04468,0,9.940425
2021,22.0,7.25,2.939929,85.933624,0,10.583744
2021,22.0,7.5,3.1003764,86.266075,0,11.161355
2021,22.0,7.75,3.313181,86.99429,0,11.927451
2021,22.0,8.0,3.4844344,83.75056,0,12.543963
2021,22.0,8.25,3.434716,81.58312,0,12.364977
2021,22.0,8.5,3.2844431,82.82814,0,11.823995
2021,22.0,8.75,3.1399345,85.90021,0,11.303764
2021,22.0,9.0,3.0313518,88.5662,0,10.912867
2021,22.0,9.25,2.9737604,89.677,0,10.705537
2021,22.0,9.5,2.905959,86.15192,0,10.461452
2021,22.0,9.75,3.146478,81.49711,0,11.32732
2021,22.0,10.0,3.2644536,77.371544,0,11.752033
2021,22.0,10.25,3.330383,73.46285,0,11.989379
2021,22.0,10.5,3.3993247,70.37962,0,12.237569
2021,22.0,10.75,3.4976928,68.33362,0,12.591694
2021,22.0,11.0,3.652058,65.693596,0,13.1474085
2021,22.0,11.25,3.7971735,64.14266,0,13.669825
2021,22.0,11.5,3.8939283,63.682316,0,14.018142
2021,22.0,11.75,3.9693644,63.3181,0,14.289712
2021,22.0,12.0,3.9458191,63.05632,0,14.204948
2021,21.75,-9.0,2.7989721,141.14302,0,10.0763
2021,21.75,-8.75,2.7585595,141.44366,0,9.930814
2021,21.75,-8.5,2.7273436,142.40144,0,9.818437
2021,21.75,-8.25,2.6902797,114.69953,0,9.685007
2021,21.75,-8.0,2.626272,117.29934,0,9.454578
2021,21.75,-7.75,2.5708702,119.778656,0,9.255133
2021,21.75,-7.5,2.4963253,121.13452,0,8.986771
2021,21.75,-7.25,2.4333055,121.59269,0,8.759899
2021,21.75,-7.0,2.383179,121.23822,0,8.579444
2021,21.75,-6.75,2.3723402,120.879326,0,8.540424
2021,21.75,-6.5,2.3957844,120.420265,0,8.624824
2021,21.75,-6.25,2.4230514,119.426674,0,8.722984
2021,21.75,-6.0,2.4408484,117.70303,0,8.787054
2021,21.75,-5.75,2.4186704,117.31192,0,8.707213
2021,21.75,-5.5,2.4267304,88.93795,0,8.736229
2021,21.75,-5.25,2.4762337,91.49154,0,8.914441
2021,21.75,-5.0,2.5076275,93.15385,0,9.027459
2021,21.75,-4.75,2.4636981,93.87563,0,8.869313
2021,21.75,-4.5,2.394435,95.200226,0,8.619966
2021,21.75,-4.25,2.353382,96.7399,0,8.472176
2021,21.75,-4.0,2.3413346,98.76974,0,8.428804
2021,21.75,-3.75,2.3152976,101.030266,0,8.335072
2021,21.75,-3.5,2.263149,102.945274,0,8.147336
2021,21.75,-3.25,2.2009637,75.63715,0,7.923469
2021,21.75,-3.0,2.323115,77.58437,0,8.3632145
2021,21.75,-2.75,2.4325342,77.03843,0,8.757123
2021,21.75,-2.5,2.5011551,75.66512,0,9.004158
2021,21.75,-2.25,2.5142038,74.6348,0,9.051133
2021,21.75,-2.0,2.4901807,73.91987,0,8.96465
2021,21.75,-1.75,2.4562993,73.79985,0,8.842677
2021,21.75,-1.5,2.4854994,75.722206,0,8.947798
2021,21.75,-1.25,2.5299752,77.526436,0,9.10791
2021,21.75,-1.0,2.4930594,77.74917,0,8.975014
2021,21.75,-0.75,2.4524953,78.23199,0,8.828983
2021,21.75,-0.5,2.456546,79.41546,0,8.843566
2021,21.75,-0.25,2.4749057,80.38227,0,8.90966
2021,21.75,0.0,2.3944833,80.55634,0,8.62014
2021,21.75,0.25,2.3355792,80.83509,0,8.408085
2021,21.75,0.5,2.3160076,80.90728,0,8.337627
2021,21.75,0.75,2.3216932,80.61962,0,8.358095
2021,21.75,1.0,2.3182504,80.11442,0,8.345701
2021,21.75,1.25,2.2810838,79.82769,0,8.211902
2021,21.75,1.5,2.2482011,80.146126,0,8.093524
2021,21.75,1.75,2.2225075,80.488525,0,8.001027
2021,21.75,2.0,2.1688693,81.611755,0,7.807929
2021,21.75,2.25,2.119662,113.71079,0,7.630783
2021,21.75,2.5,2.1134498,116.48627,0,7.608419
2021,21.75,2.75,2.1321907,118.495766,0,7.675886
2021,21.75,3.0,2.1464174,119.524086,0,7.7271023
2021,21.75,3.25,2.0220728,150.20216,0,7.279462
2021,21.75,3.5,2.0620916,151.4463,0,7.4235296
2021,21.75,3.75,2.246526,151.384,0,8.087493
2021,21.75,4.0,2.410674,124.275635,0,8.678427
2021,21.75,4.25,2.5514848,131.68782,0,9.185345
2021,21.75,4.5,2.6732824,127.04221,0,9.6238165
2021,21.75,4.75,2.8674355,122.02607,0,10.322767
2021,21.75,5.0,2.9216995,116.84092,0,10.518118
2021,21.75,5.25,2.8812253,112.061424,0,10.372411
2021,21.75,5.5,2.8836012,108.1228,0,10.380964
2021,21.75,5.75,2.8959835,105.517,0,10.42554
2021,21.75,6.0,2.8747597,73.85385,0,10.349134
2021,21.75,6.25,2.8368568,77.88398,0,10.212685
2021,21.75,6.5,2.7397404,80.218895,0,9.863065
2021,21.75,6.75,2.6956494,81.91413,0,9.704337
2021,21.75,7.0,2.83725,81.64034,0,10.2141
2021,21.75,7.25,3.0472186,81.87739,0,10.969987
2021,21.75,7.5,3.2555902,83.789604,0,11.720124
2021,21.75,7.75,3.4316692,85.83999,0,12.354009
2021,21.75,8.0,3.5346863,86.01075,0,12.724871
2021,21.75,8.25,3.5188599,84.869194,0,12.667895
2021,21.75,8.5,3.4660943,86.165215,0,12.477939
2021,21.75,8.75,3.4491541,88.567726,0,12.416955
2021,21.75,9.0,3.3262832,90.63314,0,11.974619
2021,21.75,9.25,3.0548515,89.80732,0,10.997465
2021,21.75,9.5,2.8135536,85.38107,0,10.128793
2021,21.75,9.75,2.9764977,80.49189,0,10.715391
2021,21.75,10.0,3.1370325,75.966255,0,11.293317
2021,21.75,10.25,3.2255993,71.85522,0,11.612157
2021,21.75,10.5,3.2806044,68.99355,0,11.810175
2021,21.75,10.75,3.3500414,67.215416,0,12.060148
2021,21.75,11.0,3.4345353,66.03292,0,12.3643265
2021,21.75,11.25,3.523117,65.060486,0,12.683221
2021,21.75,11.5,3.7338638,64.34565,0,13.44191
2021,21.75,11.75,3.8595734,65.502174,0,13.894464
2021,21.75,12.0,3.8880332,66.06675,0,13.996919
2021,21.5,-9.0,2.819704,141.68355,0,10.150934
2021,21.5,-8.75,2.7856238,142.14609,0,10.028245
2021,21.5,-8.5,2.7610743,142.63927,0,9.939867
2021,21.5,-8.25,2.7306945,114.989746,0,9.8305
2021,21.5,-8.0,2.6719074,118.16272,0,9.618867
2021,21.5,-7.75,2.6207943,121.30115,0,9.434859
2021,21.5,-7.5,2.5595994,122.70217,0,9.214558
2021,21.5,-7.25,2.4858725,122.589264,0,8.949141
2021,21.5,-7.0,2.4113576,121.953186,0,8.680887
2021,21.5,-6.75,2.3615327,121.50533,0,8.501517
2021,21.5,-6.5,2.362123,121.0023,0,8.503643
2021,21.5,-6.25,2.3616955,120.01852,0,8.502104
2021,21.5,-6.0,2.3423185,119.15274,0,8.432346
2021,21.5,-5.75,2.3015935,119.79004,0,8.285736
2021,21.5,-5.5,2.3115783,92.25921,0,8.321682
2021,21.5,-5.25,2.3820689,94.921684,0,8.575448
2021,21.5,-5.0,2.4445827,96.13794,0,8.800497
2021,21.5,-4.75,2.4553182,96.50997,0,8.839146
2021,21.5,-4.5,2.4418015,97.32144,0,8.790485
2021,21.5,-4.25,2.4237072,98.53815,0,8.725346
2021,21.5,-4.0,2.4212754,100.3898,0,8.716591
2021,21.5,-3.75,2.4333923,72.32867,0,8.760212
2021,21.5,-3.5,2.4339302,73.94845,0,8.762148
2021,21.5,-3.25,2.3806791,75.79116,0,8.570445
2021,21.5,-3.0,2.401262,76.86985,0,8.644543
2021,21.5,-2.75,2.4496825,76.180824,0,8.818856
2021,21.5,-2.5,2.4877708,75.37121,0,8.955975
2021,21.5,-2.25,2.5101755,74.869644,0,9.036632
2021,21.5,-2.0,2.502566,74.581535,0,9.009237
2021,21.5,-1.75,2.4533317,74.639275,0,8.831994
2021,21.5,-1.5,2.4651947,77.133705,0,8.874701
2021,21.5,-1.25,2.5266974,78.90226,0,9.09611
2021,21.5,-1.0,2.47174,79.00352,0,8.898264
2021,21.5,-0.75,2.4077485,79.67727,0,8.667894
2021,21.5,-0.5,2.4164324,81.17015,0,8.699157
2021,21.5,-0.25,2.4828951,82.077065,0,8.938422
2021,21.5,0.0,2.435784,81.71082,0,8.768823
2021,21.5,0.25,2.329632,82.21206,0,8.386675
2021,21.5,0.5,2.2749748,82.09693,0,8.189909
2021,21.5,0.75,2.2799451,81.48862,0,8.207802
2021,21.5,1.0,2.3026185,80.83836,0,8.289427
2021,21.5,1.25,2.3064828,80.70571,0,8.303338
2021,21.5,1.5,2.2915483,81.553535,0,8.249574
2021,21.5,1.75,2.2736728,83.212166,0,8.185222
2021,21.5,2.0,2.2230346,85.2724,0,8.002924
2021,21.5,2.25,2.177285,87.6229,0,7.838226
2021,21.5,2.5,2.1529913,89.85531,0,7.7507687
2021,21.5,2.75,2.1395566,90.7215,0,7.7024035
2021,21.5,3.0,2.102238,89.019135,0,7.5680566
2021,21.5,3.25,1.9794372,115.67495,0,7.1259737
2021,21.5,3.5,2.0388734,146.8182,0,7.3399444
2021,21.5,3.75,2.2884328,119.88336,0,8.238358
2021,21.5,4.0,2.466206,123.50159,0,8.878342
2021,21.5,4.25,2.5246317,127.454445,0,9.088674
2021,21.5,4.5,2.5619478,123.178566,0,9.223012
2021,21.5,4.75,2.7459133,116.914085,0,9.885287
2021,21.5,5.0,2.8448942,112.35489,0,10.241619
2021,21.5,5.25,2.8344955,108.7922,0,10.204184
2021,21.5,5.5,2.8637173,106.12457,0,10.309382
2021,21.5,5.75,2.8849564,103.64685,0,10.385842
2021,21.5,6.0,2.853122,101.98142,0,10.271239
2021,21.5,6.25,2.7915325,74.32892,0,10.049517
2021,21.5,6.5,2.741927,80.14733,0,9.870936
2021,21.5,6.75,2.7189963,80.636765,0,9.788386
2021,21.5,7.0,2.826927,79.76606,0,10.176937
2021,21.5,7.25,3.0227299,80.88407,0,10.881827
2021,21.5,7.5,3.2500906,83.94332,0,11.700326
2021,21.5,7.75,3.4373448,87.10727,0,12.374441
2021,21.5,8.0,3.4728076,89.20022,0,12.502108
2021,21.5,8.25,3.4604003,88.75305,0,12.457441
2021,21.5,8.5,3.5654602,88.83932,0,12.835656
2021,21.5,8.75,3.6075993,89.53406,0,12.987357
2021,21.5,9.0,3.468049,89.60925,0,12.484976
2021,21.5,9.25,3.1454732,87.9108,0,11.323704
2021,21.5,9.5,2.7857106,84.276024,0,10.028558
2021,21.5,9.75,2.7823985,79.325096,0,10.016634
2021,21.5,10.0,2.960845,74.888725,0,10.659041
2021,21.5,10.25,3.0844345,71.477486,0,11.103964
2021,21.5,10.5,3.1344798,68.841156,0,11.284127
2021,21.5,10.75,3.1679525,66.82203,0,11.404629
2021,21.5,11.0,3.2401533,65.51475,0,11.664552
2021,21.5,11.25,3.3018217,65.09083,0,11.886558
2021,21.5,11.5,3.504364,65.3577,0,12.61571
2021,21.5,11.75,3.6555774,66.63395,0,13.160078
2021,21.5,12.0,3.7607849,67.124054,0,13.538825
2021,21.25,-9.0,2.825845,112.046936,0,10.173041
2021,21.25,-8.75,2.7864735,141.82062,0,10.031304
2021,21.25,-8.5,2.7424746,141.35948,0,9.872909
2021,21.25,-8.25,2.72215,142.05835,0,9.79974
2021,21.25,-8.0,2.6912153,139.34569,0,9.6883745
2021,21.25,-7.75,2.6369245,129.66005,0,9.492928
2021,21.25,-7.5,2.5961676,125.17045,0,9.346203
2021,21.25,-7.25,2.541645,123.82657,0,9.149922
2021,21.25,-7.0,2.46919,123.06323,0,8.889083
2021,21.25,-6.75,2.3980591,122.410576,0,8.633013
2021,21.25,-6.5,2.3677175,121.55172,0,8.523783
2021,21.25,-6.25,2.3529918,121.101326,0,8.47077
2021,21.25,-6.0,2.3212879,121.69038,0,8.356636
2021,21.25,-5.75,2.268158,93.25745,0,8.165368
2021,21.25,-5.5,2.251809,95.89558,0,8.106512
2021,21.25,-5.25,2.2990246,98.16836,0,8.276488
2021,21.25,-5.0,2.3369918,98.80704,0,8.41317
2021,21.25,-4.75,2.3532305,99.08158,0,8.471629
2021,21.25,-4.5,2.3659775,69.86393,0,8.517519
2021,21.25,-4.25,2.392328,70.90525,0,8.612381
2021,21.25,-4.0,2.4090774,72.44011,0,8.672678
2021,21.25,-3.75,2.435296,73.755135,0,8.767066
2021,21.25,-3.5,2.4549716,75.02035,0,8.837897
2021,21.25,-3.25,2.4726543,75.70966,0,8.901555
2021,21.25,-3.0,2.474118,75.98945,0,8.906824
2021,21.25,-2.75,2.4645035,75.802574,0,8.872212
2021,21.25,-2.5,2.443562,75.844734,0,8.7968235
2021,21.25,-2.25,2.4457424,75.85171,0,8.804672
2021,21.25,-2.0,2.4472063,75.95512,0,8.809942
2021,21.25,-1.75,2.4304516,76.15609,0,8.749625
2021,21.25,-1.5,2.458376,78.176445,0,8.850153
2021,21.25,-1.25,2.5414045,79.24705,0,9.1490555
2021,21.25,-1.0,2.5177343,79.40776,0,9.063843
2021,21.25,-0.75,2.469258,79.998344,0,8.889329
2021,21.25,-0.5,2.4655159,81.13086,0,8.875856
2021,21.25,-0.25,2.510558,81.65075,0,9.038008
2021,21.25,0.0,2.5065327,82.02105,0,9.023518
2021,21.25,0.25,2.4377115,82.84577,0,8.775761
2021,21.25,0.5,2.3420784,81.68604,0,8.431482
2021,21.25,0.75,2.287565,80.60963,0,8.235233
2021,21.25,1.0,2.2953079,80.5631,0,8.263108
2021,21.25,1.25,2.3325272,81.96119,0,8.397098
2021,21.25,1.5,2.3379965,83.96798,0,8.416787
2021,21.25,1.75,2.3251185,86.53539,0,8.370426
2021,21.25,2.0,2.313151,88.67249,0,8.327343
2021,21.25,2.25,2.2680953,90.43874,0,8.165143
2021,21.25,2.5,2.1914554,91.36102,0,7.8892393
2021,21.25,2.75,2.1362324,91.36083,0,7.6904364
2021,21.25,3.0,2.13604,89.074,0,7.6897435
2021,21.25,3.25,2.1918085,84.08075,0,7.89051
2021,21.25,3.5,2.2704115,86.084984,0,8.173481
2021,21.25,3.75,2.4119778,120.2454,0,8.68312
2021,21.25,4.0,2.5009708,120.48336,0,9.003495
2021,21.25,4.25,2.4524963,116.7529,0,8.828986
2021,21.25,4.5,2.4567986,113.78155,0,8.844475
2021,21.25,4.75,2.6708915,109.90924,0,9.61521
2021,21.25,5.0,2.8261592,108.79438,0,10.174173
2021,21.25,5.25,2.7868824,105.88221,0,10.032777
2021,21.25,5.5,2.7793643,103.200645,0,10.005712
2021,21.25,5.75,2.8051045,100.37441,0,10.098376
2021,21.25,6.0,2.8272104,100.26995,0,10.177958
2021,21.25,6.25,2.8289683,73.398834,0,10.184285
2021,21.25,6.5,2.9202473,77.16517,0,10.51289
2021,21.25,6.75,2.9298704,76.100746,0,10.547533
2021,21.25,7.0,2.958188,76.536865,0,10.649477
2021,21.25,7.25,3.0411556,80.0793,0,10.94816
2021,21.25,7.5,3.2222888,84.399635,0,11.60024
2021,21.25,7.75,3.3971987,87.209206,0,12.229915
2021,21.25,8.0,3.4630005,88.40562,0,12.466802
2021,21.25,8.25,3.421542,88.49298,0,12.317551
2021,21.25,8.5,3.5350876,89.009766,0,12.726315
2021,21.25,8.75,3.633111,89.09287,0,13.079199
2021,21.25,9.0,3.568313,88.07615,0,12.845926
2021,21.25,9.25,3.2584813,85.97547,0,11.730533
2021,21.25,9.5,2.802368,82.74545,0,10.088524
2021,21.25,9.75,2.607363,78.15612,0,9.386506
2021,21.25,10.0,2.7396038,74.06769,0,9.862574
2021,21.25,10.25,2.8982875,71.10035,0,10.433835
2021,21.25,10.5,2.9702828,68.816605,0,10.693018
2021,21.25,10.75,2.9748094,67.336754,0,10.709313
2021,21.25,11.0,3.0022964,66.3297,0,10.808267
2021,21.25,11.25,3.0921755,66.02648,0,11.131831
2021,21.25,11.5,3.1863635,66.43167,0,11.470908
2021,21.25,11.75,3.3622735,66.753,0,12.104184
2021,21.25,12.0,3.55111,66.048645,0,12.783996
2021,21.0,-9.0,2.8616,111.560974,0,10.30176
2021,21.0,-8.75,2.7872074,111.06632,0,10.033946
2021,21.0,-8.5,2.7245207,110.44393,0,9.808274
2021,21.0,-8.25,2.689503,109.20633,0,9.68221
2021,21.0,-8.0,2.65334,106.52872,0,9.552024
2021,21.0,-7.75,2.5958862,103.3129,0,9.34519
2021,21.0,-7.5,2.5487223,68.857544,0,9.1754
2021,21.0,-7.25,2.5129635,66.49676,0,9.046668
2021,21.0,-7.0,2.4874434,65.117805,0,8.954796
2021,21.0,-6.75,2.4391959,94.09849,0,8.781105
2021,21.0,-6.5,2.3723695,92.6327,0,8.54053
2021,21.0,-6.25,2.3451543,92.6413,0,8.442555
2021,21.0,-6.0,2.320536,94.058044,0,8.353929
2021,21.0,-5.75,2.2816036,95.75077,0,8.213773
2021,21.0,-5.5,2.2663321,97.940956,0,8.158795
2021,21.0,-5.25,2.281634,99.05114,0,8.213882
2021,21.0,-5.0,2.3098674,69.854866,0,8.315522
2021,21.0,-4.75,2.3192964,70.73287,0,8.349466
2021,21.0,-4.5,2.3179462,71.55233,0,8.344606
2021,21.0,-4.25,2.3500967,72.73861,0,8.460348
2021,21.0,-4.0,2.3969748,73.66182,0,8.629109
2021,21.0,-3.75,2.4371772,74.78422,0,8.773838
2021,21.0,-3.5,2.4773984,75.48706,0,8.918634
2021,21.0,-3.25,2.4985197,76.17568,0,8.994671
2021,21.0,-3.0,2.504925,76.62747,0,9.01773
2021,21.0,-2.75,2.483962,76.84551,0,8.942264
2021,21.0,-2.5,2.4610336,76.941345,0,8.85972
2021,21.0,-2.25,2.4313753,77.098305,0,8.752951
2021,21.0,-2.0,2.4132307,77.22574,0,8.68763
2021,21.0,-1.75,2.385454,77.455055,0,8.587634
2021,21.0,-1.5,2.3961627,79.29705,0,8.626185
2021,21.0,-1.25,2.4799514,80.26132,0,8.927825
2021,21.0,-1.0,2.5036817,80.17383,0,9.013254
2021,21.0,-0.75,2.4743245,80.53392,0,8.907568
2021,21.0,-0.5,2.4790022,81.19612,0,8.924408
2021,21.0,-0.25,2.5144467,81.8812,0,9.052008
2021,21.0,0.0,2.5439055,83.22373,0,9.158059
2021,21.0,0.25,2.513697,83.16511,0,9.049309
2021,21.0,0.5,2.4004128,80.478745,0,8.641486
2021,21.0,0.75,2.3285878,79.76209,0,8.3829155
2021,21.0,1.0,2.3161087,81.650276,0,8.337991
2021,21.0,1.25,2.368316,84.066025,0,8.525937
2021,21.0,1.5,2.3832037,87.046875,0,8.579534
2021,21.0,1.75,2.3729346,89.22346,0,8.542564
2021,21.0,2.0,2.3678753,90.59063,0,8.524351
2021,21.0,2.25,2.3347695,90.85494,0,8.4051695
2021,21.0,2.5,2.257348,91.15952,0,8.126452
2021,21.0,2.75,2.1578443,90.51086,0,7.7682395
2021,21.0,3.0,2.1160798,88.89288,0,7.617887
2021,21.0,3.25,2.1857731,86.85644,0,7.868783
2021,21.0,3.5,2.386834,87.17706,0,8.592602
2021,21.0,3.75,2.5008914,87.40925,0,9.003209
2021,21.0,4.0,2.4264896,110.653755,0,8.735362
2021,21.0,4.25,2.358279,131.82593,0,8.489804
2021,21.0,4.5,2.399731,101.96131,0,8.639031
2021,21.0,4.75,2.6818335,105.13086,0,9.6546
2021,21.0,5.0,2.8480625,105.77237,0,10.253025
2021,21.0,5.25,2.7756155,102.866394,0,9.992215
2021,21.0,5.5,2.7572422,100.44424,0,9.926072
2021,21.0,5.75,2.767895,99.293205,0,9.964421
2021,21.0,6.0,2.7944212,69.21873,0,10.0599165
2021,21.0,6.25,2.912357,70.78017,0,10.484486
2021,21.0,6.5,3.0965865,72.28849,0,11.147711
2021,21.0,6.75,3.1044111,72.475174,0,11.1758795
2021,21.0,7.0,3.0624936,75.74,0,11.024977
2021,21.0,7.25,3.1155388,79.740005,0,11.2159395
2021,21.0,7.5,3.2136242,84.015015,0,11.569047
2021,21.0,7.75,3.3477018,86.72178,0,12.051726
2021,21.0,8.0,3.4706447,88.260445,0,12.494321
2021,21.0,8.25,3.4654758,91.56609,0,12.475713
2021,21.0,8.5,3.5173314,94.176605,0,12.662393
2021,21.0,8.75,3.5552158,95.731255,0,12.798777
2021,21.0,9.0,3.465305,94.24323,0,12.475098
2021,21.0,9.25,3.1506822,88.428856,0,11.342456
2021,21.0,9.5,2.7044992,81.56106,0,9.736197
2021,21.0,9.75,2.4599426,75.97326,0,8.855793
2021,21.0,10.0,2.5005665,73.853874,0,9.002039
2021,21.0,10.25,2.647848,71.052284,0,9.532252
2021,21.0,10.5,2.770054,69.19357,0,9.972195
2021,21.0,10.75,2.8103495,67.699165,0,10.117258
2021,21.0,11.0,2.7883835,67.25833,0,10.03818
2021,21.0,11.25,2.8494396,66.816895,0,10.257982
2021,21.0,11.5,2.9553492,67.6522,0,10.6392565
2021,21.0,11.75,3.1307611,68.09019,0,11.27074
2021,21.0,12.0,3.3277695,67.23456,0,11.97997
2021,20.75,-9.0,2.8935425,81.37519,0,10.416753
2021,20.75,-8.75,2.820851,110.82192,0,10.155064
2021,20.75,-8.5,2.7619517,109.99262,0,9.943026
2021,20.75,-8.25,2.692334,108.23791,0,9.692402
2021,20.75,-8.0,2.6304214,75.44901,0,9.469517
2021,20.75,-7.75,2.5781257,72.501015,0,9.281252
2021,20.75,-7.5,2.5414503,69.446785,0,9.14922
2021,20.75,-7.25,2.509061,67.86298,0,9.032619
2021,20.75,-7.0,2.5005422,66.61572,0,9.001951
2021,20.75,-6.75,2.4746685,65.219025,0,8.908807
2021,20.75,-6.5,2.4067018,64.076485,0,8.664126
2021,20.75,-6.25,2.3601792,64.23174,0,8.496645
2021,20.75,-6.0,2.3308055,65.71078,0,8.3909
2021,20.75,-5.75,2.297191,66.91944,0,8.269887
2021,20.75,-5.5,2.2649136,67.35677,0,8.153688
2021,20.75,-5.25,2.2541506,68.313194,0,8.114942
2021,20.75,-5.0,2.2578766,69.83193,0,8.128356
2021,20.75,-4.75,2.265849,72.60202,0,8.157057
2021,20.75,-4.5,2.280622,74.37774,0,8.210239
2021,20.75,-4.25,2.3166502,75.23169,0,8.33994
2021,20.75,-4.0,2.3623903,75.97811,0,8.504604
2021,20.75,-3.75,2.4250152,76.49941,0,8.730055
2021,20.75,-3.5,2.473296,77.24637,0,8.903865
2021,20.75,-3.25,2.5046575,77.87179,0,9.016767
2021,20.75,-3.0,2.5207694,78.28669,0,9.074769
2021,20.75,-2.75,2.5134637,78.45792,0,9.04847
2021,20.75,-2.5,2.5038843,78.303986,0,9.013984
2021,20.75,-2.25,2.487231,78.201744,0,8.954031
2021,20.75,-2.0,2.4495995,78.71755,0,8.818558
2021,20.75,-1.75,2.4009342,79.60322,0,8.643363
2021,20.75,-1.5,2.3911822,80.843094,0,8.608255
2021,20.75,-1.25,2.443885,81.28108,0,8.797986
2021,20.75,-1.0,2.4701116,80.95924,0,8.892402
2021,20.75,-0.75,2.4644673,80.98426,0,8.872082
2021,20.75,-0.5,2.4840405,81.886696,0,8.942546
2021,20.75,-0.25,2.524081,83.46842,0,9.086691
2021,20.75,0.0,2.5581262,84.54137,0,9.209254
2021,20.75,0.25,2.5367465,83.02119,0,9.132287
2021,20.75,0.5,2.4189107,80.82014,0,8.708078
2021,20.75,0.75,2.335001,81.53863,0,8.406003
2021,20.75,1.0,2.3476713,84.27102,0,8.451616
2021,20.75,1.25,2.4082015,87.190674,0,8.669525
2021,20.75,1.5,2.4275362,89.52889,0,8.73913
2021,20.75,1.75,2.422519,91.029785,0,8.721068
2021,20.75,2.0,2.4226558,91.46749,0,8.7215605
2021,20.75,2.25,2.3587759,91.58294,0,8.491592
2021,20.75,2.5,2.2877057,91.86315,0,8.23574
2021,20.75,2.75,2.2069385,90.29938,0,7.944978
2021,20.75,3.0,2.1466563,88.77734,0,7.7279625
2021,20.75,3.25,2.1974485,87.7087,0,7.9108143
2021,20.75,3.5,2.365694,86.597206,0,8.516499
2021,20.75,3.75,2.514625,82.26527,0,9.05265
2021,20.75,4.0,2.4531887,102.03061,0,8.831479
2021,20.75,4.25,2.2831142,124.55216,0,8.219211
2021,20.75,4.5,2.3873005,98.88264,0,8.594281
2021,20.75,4.75,2.724342,74.84228,0,9.8076315
2021,20.75,5.0,2.8648329,75.07551,0,10.313398
2021,20.75,5.25,2.793438,101.99766,0,10.056376
2021,20.75,5.5,2.749153,99.8455,0,9.89695
2021,20.75,5.75,2.7520962,98.1626,0,9.907546
2021,20.75,6.0,2.7945347,67.24004,0,10.060325
2021,20.75,6.25,2.9025767,68.34031,0,10.449276
2021,20.75,6.5,3.0822372,69.84742,0,11.096054
2021,20.75,6.75,3.1144478,71.67385,0,11.212012
2021,20.75,7.0,3.1160057,75.666954,0,11.21762
2021,20.75,7.25,3.1982348,80.20168,0,11.513645
2021,20.75,7.5,3.3022232,84.83338,0,11.888003
2021,20.75,7.75,3.376973,88.058876,0,12.157103
2021,20.75,8.0,3.4682891,90.950584,0,12.485841
2021,20.75,8.25,3.546178,95.31305,0,12.766241
2021,20.75,8.5,3.6675396,100.75669,0,13.203142
2021,20.75,8.75,3.6417665,104.745636,0,13.110359
2021,20.75,9.0,3.2749712,102.98389,0,11.789896
2021,20.75,9.25,2.8534431,93.51407,0,10.272395
2021,20.75,9.5,2.4716606,83.89652,0,8.897978
2021,20.75,9.75,2.266656,77.21564,0,8.159961
2021,20.75,10.0,2.283652,73.502655,0,8.221148
2021,20.75,10.25,2.3997698,70.530334,0,8.639171
2021,20.75,10.5,2.5118792,68.643135,0,9.042765
2021,20.75,10.75,2.6121242,67.985054,0,9.403646
2021,20.75,11.0,2.6211994,67.98843,0,9.436317
2021,20.75,11.25,2.656369,67.388084,0,9.562928
2021,20.75,11.5,2.7833836,68.33871,0,10.020181
2021,20.75,11.75,2.9389856,69.49356,0,10.580348
2021,20.75,12.0,3.1446826,69.27447,0,11.320857
2021,20.5,-9.0,2.9548595,81.48705,0,10.637494
2021,20.5,-8.75,2.9004624,80.32923,0,10.441665
2021,20.5,-8.5,2.879802,79.38347,0,10.367287
2021,20.5,-8.25,2.791789,77.52658,0,10.050441
2021,20.5,-8.0,2.6758525,74.44205,0,9.633069
2021,20.5,-7.75,2.6314938,71.63673,0,9.473377
2021,20.5,-7.5,2.5832164,69.28206,0,9.299579
2021,20.5,-7.25,2.557168,68.23173,0,9.205805
2021,20.5,-7.0,2.5403852,66.76518,0,9.145387
2021,20.5,-6.75,2.5278628,65.41744,0,9.100306
2021,20.5,-6.5,2.488042,95.08286,0,8.956951
2021,20.5,-6.25,2.416786,95.114136,0,8.700429
2021,20.5,-6.0,2.3753664,95.83561,0,8.551319
2021,20.5,-5.75,2.3337286,95.53242,0,8.4014225
2021,20.5,-5.5,2.301635,95.35779,0,8.285886
2021,20.5,-5.25,2.2698066,94.814766,0,8.171304
2021,20.5,-5.0,2.254062,92.729195,0,8.114623
2021,20.5,-4.75,2.2630715,83.65127,0,8.147058
2021,20.5,-4.5,2.2902508,80.72927,0,8.244903
2021,20.5,-4.25,2.3229654,80.2562,0,8.362675
2021,20.5,-4.0,2.3541753,80.35764,0,8.475031
2021,20.5,-3.75,2.4100547,80.25297,0,8.676197
2021,20.5,-3.5,2.461782,80.118095,0,8.862415
2021,20.5,-3.25,2.4995863,80.48289,0,8.99851
2021,20.5,-3.0,2.534814,80.49817,0,9.12533
2021,20.5,-2.75,2.5412443,80.39109,0,9.148479
2021,20.5,-2.5,2.5350382,80.13384,0,9.126138
2021,20.5,-2.25,2.5215244,79.84596,0,9.077488
2021,20.5,-2.0,2.5019722,80.66798,0,9.0071
2021,20.5,-1.75,2.4723735,81.92338,0,8.900544
2021,20.5,-1.5,2.436064,82.412994,0,8.76983
2021,20.5,-1.25,2.434616,81.79088,0,8.764618
2021,20.5,-1.0,2.4637656,81.38321,0,8.869556
2021,20.5,-0.75,2.4847147,82.20306,0,8.944973
2021,20.5,-0.5,2.4970217,83.3662,0,8.989278
2021,20.5,-0.25,2.5336046,85.073494,0,9.120976
2021,20.5,0.0,2.5754743,85.74807,0,9.271708
2021,20.5,0.25,2.5312293,83.79808,0,9.112425
2021,20.5,0.5,2.4424381,82.570946,0,8.792777
2021,20.5,0.75,2.3837006,83.85606,0,8.581322
2021,20.5,1.0,2.4338467,86.684074,0,8.7618475
2021,20.5,1.25,2.503556,89.66775,0,9.012801
2021,20.5,1.5,2.4804056,90.970436,0,8.92946
2021,20.5,1.75,2.4693608,91.8691,0,8.889699
2021,20.5,2.0,2.4822478,91.995445,0,8.936092
2021,20.5,2.25,2.420223,91.49644,0,8.712803
2021,20.5,2.5,2.3143775,91.379265,0,8.3317585
2021,20.5,2.75,2.2321026,88.91764,0,8.035569
2021,20.5,3.0,2.2146347,85.72927,0,7.9726844
2021,20.5,3.25,2.2956424,81.31368,0,8.264313
2021,20.5,3.5,2.4534652,79.434364,0,8.832475
2021,20.5,3.75,2.4670374,74.5068,0,8.881334
2021,20.5,4.0,2.4173539,96.070656,0,8.702474
2021,20.5,4.25,2.2753754,92.77357,0,8.191351
2021,20.5,4.5,2.4051735,68.90122,0,8.658625
2021,20.5,4.75,2.7509613,74.18239,0,9.9034605
2021,20.5,5.0,2.8489294,72.91425,0,10.2561455
2021,20.5,5.25,2.7849066,69.94462,0,10.025663
2021,20.5,5.5,2.7538035,68.25912,0,9.913692
2021,20.5,5.75,2.7619514,66.52582,0,9.943025
2021,20.5,6.0,2.7368805,65.93189,0,9.85277
2021,20.5,6.25,2.8115075,66.473755,0,10.121427
2021,20.5,6.5,2.9701602,68.93014,0,10.692576
2021,20.5,6.75,3.0699036,71.97144,0,11.051653
2021,20.5,7.0,3.1206608,75.80076,0,11.234379
2021,20.5,7.25,3.210811,79.600624,0,11.558919
2021,20.5,7.5,3.3128746,83.633385,0,11.926348
2021,20.5,7.75,3.327441,86.819275,0,11.978787
2021,20.5,8.0,3.3843944,90.680504,0,12.18382
2021,20.5,8.25,3.5220938,97.42785,0,12.679537
2021,20.5,8.5,3.6538703,103.87417,0,13.153933
2021,20.5,8.75,3.4638655,110.6442,0,12.469915
2021,20.5,9.0,2.9173348,110.03983,0,10.502405
2021,20.5,9.25,2.4090269,96.68405,0,8.672497
2021,20.5,9.5,2.2572272,84.81244,0,8.126018
2021,20.5,9.75,2.0964153,77.465904,0,7.547095
2021,20.5,10.0,2.051992,73.12301,0,7.387171
2021,20.5,10.25,2.1506913,70.125305,0,7.7424884
2021,20.5,10.5,2.2859437,68.210884,0,8.229397
2021,20.5,10.75,2.402139,67.537544,0,8.6477
2021,20.5,11.0,2.4699292,67.979195,0,8.891745
2021,20.5,11.25,2.516162,67.81194,0,9.058183
2021,20.5,11.5,2.652228,68.76261,0,9.548021
2021,20.5,11.75,2.8440344,70.224884,0,10.2385235
2021,20.5,12.0,3.0377064,70.34713,0,10.935742
2021,20.25,-9.0,3.0250895,81.59054,0,10.890322
2021,20.25,-8.75,2.9468982,79.120476,0,10.608833
2021,20.25,-8.5,2.9280024,78.084816,0,10.540809
2021,20.25,-8.25,2.8819668,77.316,0,10.37508
2021,20.25,-8.0,2.77219,74.30024,0,9.979884
2021,20.25,-7.75,2.6769602,71.07774,0,9.637056
2021,20.25,-7.5,2.6324217,69.39808,0,9.476718
2021,20.25,-7.25,2.60307,97.980064,0,9.371052
2021,20.25,-7.0,2.56766,96.26212,0,9.243576
2021,20.25,-6.75,2.5415356,95.0754,0,9.149528
2021,20.25,-6.5,2.563412,95.90316,0,9.228283
2021,20.25,-6.25,2.5028176,95.82369,0,9.010143
2021,20.25,-6.0,2.4525294,94.73215,0,8.829105
2021,20.25,-5.75,2.412854,93.94794,0,8.686274
2021,20.25,-5.5,2.375802,92.775566,0,8.552887
2021,20.25,-5.25,2.3505507,91.189766,0,8.461982
2021,20.25,-5.0,2.3288205,88.79217,0,8.383754
2021,20.25,-4.75,2.3381646,85.95727,0,8.417392
2021,20.25,-4.5,2.3604887,84.143684,0,8.497759
2021,20.25,-4.25,2.383095,83.243935,0,8.579142
2021,20.25,-4.0,2.4073374,83.08709,0,8.666414
2021,20.25,-3.75,2.428764,82.69523,0,8.74355
2021,20.25,-3.5,2.4784431,82.50244,0,8.922395
2021,20.25,-3.25,2.5174577,82.500984,0,9.062847
2021,20.25,-3.0,2.552303,82.360085,0,9.188291
2021,20.25,-2.75,2.558246,82.26915,0,9.209685
2021,20.25,-2.5,2.5485332,82.07252,0,9.174719
2021,20.25,-2.25,2.5207925,82.11788,0,9.074853
2021,20.25,-2.0,2.5341694,83.41269,0,9.12301
2021,20.25,-1.75,2.5307791,84.54697,0,9.110805
2021,20.25,-1.5,2.4780998,83.482704,0,8.921159
2021,20.25,-1.25,2.4737859,82.72834,0,8.905629
2021,20.25,-1.0,2.504094,83.38939,0,9.014738
2021,20.25,-0.75,2.525173,83.99015,0,9.090622
2021,20.25,-0.5,2.4999864,85.31435,0,8.99995
2021,20.25,-0.25,2.521941,86.93961,0,9.078987
2021,20.25,0.0,2.5644898,87.00448,0,9.232163
2021,20.25,0.25,2.4879906,85.05033,0,8.956766
2021,20.25,0.5,2.4395409,84.55152,0,8.782347
2021,20.25,0.75,2.5139334,86.42684,0,9.05016
2021,20.25,1.0,2.5783012,89.07019,0,9.281884
2021,20.25,1.25,2.583738,91.251076,0,9.301456
2021,20.25,1.5,2.5629811,92.47946,0,9.226732
2021,20.25,1.75,2.5378933,92.69784,0,9.1364155
2021,20.25,2.0,2.559368,92.35735,0,9.213724
2021,20.25,2.25,2.5345051,90.56036,0,9.124218
2021,20.25,2.5,2.3910134,88.16343,0,8.607648
2021,20.25,2.75,2.2829933,84.95611,0,8.218776
2021,20.25,3.0,2.272829,79.888245,0,8.182184
2021,20.25,3.25,2.368944,75.48034,0,8.528198
2021,20.25,3.5,2.471749,71.62736,0,8.898296
2021,20.25,3.75,2.514799,66.94311,0,9.053277
2021,20.25,4.0,2.4608967,64.69576,0,8.859228
2021,20.25,4.25,2.342264,63.701324,0,8.43215
2021,20.25,4.5,2.4443254,70.07852,0,8.799571
2021,20.25,4.75,2.7346647,72.627495,0,9.844792
2021,20.25,5.0,2.818283,70.7519,0,10.145819
2021,20.25,5.25,2.761855,68.05797,0,9.9426775
2021,20.25,5.5,2.7367246,66.00359,0,9.852208
2021,20.25,5.75,2.7281234,65.71958,0,9.821244
2021,20.25,6.0,2.7080908,65.11643,0,9.749126
2021,20.25,6.25,2.670758,66.30474,0,9.614729
2021,20.25,6.5,2.8028717,69.26803,0,10.090338
2021,20.25,6.75,2.938113,73.15737,0,10.577207
2021,20.25,7.0,3.027892,76.26117,0,10.900412
2021,20.25,7.25,3.0957096,79.507805,0,11.144554
2021,20.25,7.5,3.1209223,81.695496,0,11.23532
2021,20.25,7.75,3.1283,84.89887,0,11.26188
2021,20.25,8.0,3.1840632,89.361565,0,11.462627
2021,20.25,8.25,3.3161564,96.599495,0,11.938163
2021,20.25,8.5,3.159919,100.91396,0,11.375709
2021,20.25,8.75,2.841505,108.309105,0,10.229418
2021,20.25,9.0,2.2810457,106.64408,0,8.211764
2021,20.25,9.25,2.013699,92.00529,0,7.249316
2021,20.25,9.5,1.9998375,80.219734,0,7.1994147
2021,20.25,9.75,1.9903431,75.88431,0,7.165235
2021,20.25,10.0,1.9514341,71.48425,0,7.0251627
2021,20.25,10.25,1.9539658,69.05394,0,7.0342765
2021,20.25,10.5,2.0812266,67.1412,0,7.4924154
2021,20.25,10.75,2.2158616,66.11449,0,7.9771013
2021,20.25,11.0,2.31702,66.814,0,8.341271
2021,20.25,11.25,2.422124,67.58307,0,8.7196455
2021,20.25,11.5,2.5498884,68.896065,0,9.179598
2021,20.25,11.75,2.7555583,70.582436,0,9.92001
2021,20.25,12.0,2.933193,71.157906,0,10.559494
2021,20.0,-9.0,3.063405,81.694664,0,11.028257
2021,20.0,-8.75,2.928799,78.30129,0,10.543675
2021,20.0,-8.5,2.8571947,76.79424,0,10.2859
2021,20.0,-8.25,2.846919,76.006294,0,10.248908
2021,20.0,-8.0,2.8188477,74.002754,0,10.147851
2021,20.0,-7.75,2.7287462,101.429565,0,9.823486
2021,20.0,-7.5,2.6869571,99.59557,0,9.673045
2021,20.0,-7.25,2.6604273,98.15244,0,9.5775385
2021,20.0,-7.0,2.5801048,95.98763,0,9.288377
2021,20.0,-6.75,2.5241241,94.79641,0,9.086846
2021,20.0,-6.5,2.57037,96.33875,0,9.253331
2021,20.0,-6.25,2.5822566,96.18762,0,9.2961235
2021,20.0,-6.0,2.533208,94.44924,0,9.119548
2021,20.0,-5.75,2.5020962,92.40924,0,9.007546
2021,20.0,-5.5,2.4702816,90.96458,0,8.893014
2021,20.0,-5.25,2.4584138,89.8632,0,8.850289
2021,20.0,-5.0,2.43717,88.450066,0,8.773812
2021,20.0,-4.75,2.4354415,86.73004,0,8.76759
2021,20.0,-4.5,2.4558213,85.36056,0,8.840957
2021,20.0,-4.25,2.4751234,84.31776,0,8.910444
2021,20.0,-4.0,2.4914634,83.54841,0,8.969268
2021,20.0,-3.75,2.5026925,83.26036,0,9.009692
2021,20.0,-3.5,2.5163386,83.38746,0,9.058819
2021,20.0,-3.25,2.5537994,83.463005,0,9.193678
2021,20.0,-3.0,2.5811443,83.962685,0,9.292119
2021,20.0,-2.75,2.5854895,83.956505,0,9.307762
2021,20.0,-2.5,2.5627832,84.21537,0,9.22602
2021,20.0,-2.25,2.5172236,84.97556,0,9.062005
2021,20.0,-2.0,2.5346487,86.70496,0,9.124735
2021,20.0,-1.75,2.587413,87.52008,0,9.314687
2021,20.0,-1.5,2.5226314,86.111946,0,9.081472
2021,20.0,-1.25,2.4296045,84.94149,0,8.746576
2021,20.0,-1.0,2.4533765,85.2864,0,8.832155
2021,20.0,-0.75,2.5443602,86.791664,0,9.159697
2021,20.0,-0.5,2.5202243,88.039246,0,9.072807
2021,20.0,-0.25,2.4788444,88.79421,0,8.92384
2021,20.0,0.0,2.5030591,88.38858,0,9.011013
2021,20.0,0.25,2.419636,86.4573,0,8.71069
2021,20.0,0.5,2.444648,86.80839,0,8.800733
2021,20.0,0.75,2.5463128,88.51151,0,9.166726
2021,20.0,1.0,2.6563966,91.13282,0,9.563027
2021,20.0,1.25,2.6675959,93.238914,0,9.603345
2021,20.0,1.5,2.6208785,94.30012,0,9.435163
2021,20.0,1.75,2.5933447,94.44933,0,9.3360405
2021,20.0,2.0,2.624608,92.76978,0,9.448588
2021,20.0,2.25,2.635782,90.18586,0,9.488815
2021,20.0,2.5,2.4961953,85.68463,0,8.986303
2021,20.0,2.75,2.309051,80.32801,0,8.312584
2021,20.0,3.0,2.3031704,75.06388,0,8.291413
2021,20.0,3.25,2.3707607,71.23541,0,8.534739
2021,20.0,3.5,2.4883835,67.10437,0,8.95818
2021,20.0,3.75,2.5614622,66.40937,0,9.221264
2021,20.0,4.0,2.5153968,65.15251,0,9.0554285
2021,20.0,4.25,2.4554613,66.88065,0,8.839661
2021,20.0,4.5,2.5024655,71.55662,0,9.008876
2021,20.0,4.75,2.706416,72.33008,0,9.743097
2021,20.0,5.0,2.732221,70.272705,0,9.835995
2021,20.0,5.25,2.691603,67.5825,0,9.689771
2021,20.0,5.5,2.683979,67.579865,0,9.662324
2021,20.0,5.75,2.6785727,67.07449,0,9.642861
2021,20.0,6.0,2.6170824,66.805046,0,9.421496
2021,20.0,6.25,2.566964,67.89264,0,9.24107
2021,20.0,6.5,2.6152992,72.04954,0,9.415077
2021,20.0,6.75,2.7201579,75.83716,0,9.792568
2021,20.0,7.0,2.8140223,78.42907,0,10.13048
2021,20.0,7.25,2.8725631,80.4913,0,10.341227
2021,20.0,7.5,2.8819363,82.426445,0,10.37497
2021,20.0,7.75,3.0466814,86.524536,0,10.968053
2021,20.0,8.0,3.112714,90.92487,0,11.2057705
2021,20.0,8.25,3.3294022,92.03622,0,11.985847
2021,20.0,8.5,3.0736713,94.49875,0,11.065216
2021,20.0,8.75,2.4415963,93.48934,0,8.789746
2021,20.0,9.0,1.929876,85.7182,0,6.947553
2021,20.0,9.25,1.875275,78.09894,0,6.75099
2021,20.0,9.5,1.8583864,75.9146,0,6.690191
2021,20.0,9.75,1.8835591,71.71378,0,6.7808127
2021,20.0,10.0,1.8702847,68.95808,0,6.7330246
2021,20.0,10.25,1.8748165,66.63845,0,6.7493396
2021,20.0,10.5,1.917378,64.648994,0,6.90256
2021,20.0,10.75,2.0410683,63.38129,0,7.3478456
2021,20.0,11.0,2.1814232,65.100975,0,7.853123
2021,20.0,11.25,2.3362205,66.63004,0,8.410394
2021,20.0,11.5,2.4625652,68.585014,0,8.865234
2021,20.0,11.75,2.662293,70.855,0,9.584254
2021,20.0,12.0,2.8306444,71.43615,0,10.190319
2021,19.75,-9.0,3.0814064,81.6403,0,11.093062
2021,19.75,-8.75,2.9264152,78.08134,0,10.535094
2021,19.75,-8.5,2.8311415,76.182686,0,10.192109
2021,19.75,-8.25,2.7925904,75.03525,0,10.053325
2021,19.75,-8.0,2.7879903,103.56562,0,10.036765
2021,19.75,-7.75,2.78004,101.8891,0,10.008143
2021,19.75,-7.5,2.757409,100.207146,0,9.926673
2021,19.75,-7.25,2.7270195,98.53646,0,9.81727
2021,19.75,-7.0,2.642688,96.11758,0,9.513677
2021,19.75,-6.75,2.5525334,93.77247,0,9.18912
2021,19.75,-6.5,2.5604947,94.98806,0,9.21778
2021,19.75,-6.25,2.6024733,96.71964,0,9.368903
2021,19.75,-6.0,2.603213,92.98734,0,9.371567
2021,19.75,-5.75,2.5800889,88.357155,0,9.28832
2021,19.75,-5.5,2.5634034,90.63319,0,9.228251
2021,19.75,-5.25,2.557378,91.941536,0,9.206561
2021,19.75,-5.0,2.5504801,91.07609,0,9.181728
2021,19.75,-4.75,2.5514958,89.23342,0,9.185385
2021,19.75,-4.5,2.557048,86.58093,0,9.205373
2021,19.75,-4.25,2.562703,82.91904,0,9.22573
2021,19.75,-4.0,2.5723677,81.26162,0,9.260524
2021,19.75,-3.75,2.575525,81.43139,0,9.27189
2021,19.75,-3.5,2.5835588,82.91262,0,9.300812
2021,19.75,-3.25,2.5922163,84.65393,0,9.331978
2021,19.75,-3.0,2.614309,85.70908,0,9.411512
2021,19.75,-2.75,2.6197612,86.78358,0,9.43114
2021,19.75,-2.5,2.5989964,87.522156,0,9.356387
2021,19.75,-2.25,2.5403762,89.09142,0,9.145354
2021,19.75,-2.0,2.5244155,90.73563,0,9.087895
2021,19.75,-1.75,2.5891287,90.868164,0,9.320863
2021,19.75,-1.5,2.535423,89.397896,0,9.127522
2021,19.75,-1.25,2.4190662,88.26654,0,8.708638
2021,19.75,-1.0,2.3953083,89.138756,0,8.62311
2021,19.75,-0.75,2.4918268,90.56722,0,8.970576
2021,19.75,-0.5,2.5240488,90.45862,0,9.0865755
2021,19.75,-0.25,2.45238,90.59324,0,8.8285675
2021,19.75,0.0,2.4234354,89.62338,0,8.724367
2021,19.75,0.25,2.353089,87.785576,0,8.471121
2021,19.75,0.5,2.3894289,88.416374,0,8.601944
2021,19.75,0.75,2.5496523,91.338646,0,9.178748
2021,19.75,1.0,2.6752596,94.05326,0,9.630935
2021,19.75,1.25,2.7116086,95.70817,0,9.761791
2021,19.75,1.5,2.663808,96.76986,0,9.589709
2021,19.75,1.75,2.614184,96.24994,0,9.411062
2021,19.75,2.0,2.6379545,94.164215,0,9.496635
2021,19.75,2.25,2.662472,91.68449,0,9.584899
2021,19.75,2.5,2.5254567,86.851074,0,9.091643
2021,19.75,2.75,2.3218067,81.48396,0,8.358503
2021,19.75,3.0,2.2421284,76.16247,0,8.071662
2021,19.75,3.25,2.3054476,71.85595,0,8.299611
2021,19.75,3.5,2.380463,71.2766,0,8.569666
2021,19.75,3.75,2.4557593,70.719795,0,8.840734
2021,19.75,4.0,2.5348432,71.4362,0,9.125435
2021,19.75,4.25,2.5352194,73.23774,0,9.12679
2021,19.75,4.5,2.547678,74.5812,0,9.17164
2021,19.75,4.75,2.6348164,74.98875,0,9.485339
2021,19.75,5.0,2.6439784,74.27218,0,9.518322
2021,19.75,5.25,2.639415,74.71928,0,9.501894
2021,19.75,5.5,2.6168377,75.11148,0,9.420615
2021,19.75,5.75,2.5567648,74.43389,0,9.204353
2021,19.75,6.0,2.4890704,73.54484,0,8.960653
2021,19.75,6.25,2.4397707,75.15692,0,8.7831745
2021,19.75,6.5,2.4609,77.80567,0,8.85924
2021,19.75,6.75,2.512572,79.88067,0,9.045259
2021,19.75,7.0,2.61009,81.39477,0,9.396324
2021,19.75,7.25,2.6855247,82.64494,0,9.667889
2021,19.75,7.5,2.9175465,85.56158,0,10.503167
2021,19.75,7.75,3.1590996,89.46627,0,11.372758
2021,19.75,8.0,3.4980533,90.782074,0,12.592992
2021,19.75,8.25,3.7736228,91.18527,0,13.585042
2021,19.75,8.5,3.8013515,91.463005,0,13.684865
2021,19.75,8.75,3.101865,86.10177,0,11.166714
2021,19.75,9.0,2.099333,73.79727,0,7.5575986
2021,19.75,9.25,1.8610615,68.70623,0,6.699821
2021,19.75,9.5,1.7404689,70.04726,0,6.265688
2021,19.75,9.75,1.7689565,67.60621,0,6.368243
2021,19.75,10.0,1.7782232,64.851204,0,6.401603
2021,19.75,10.25,1.8045651,62.298016,0,6.496434
2021,19.75,10.5,1.8355945,59.815556,0,6.60814
2021,19.75,10.75,1.9089742,60.260345,0,6.872307
2021,19.75,11.0,2.029755,62.92242,0,7.3071184
2021,19.75,11.25,2.2206318,65.698906,0,7.9942746
2021,19.75,11.5,2.3824346,68.63436,0,8.576764
2021,19.75,11.75,2.5732245,71.13435,0,9.263608
2021,19.75,12.0,2.6931002,72.01519,0,9.695161
2021,19.5,-9.0,3.1352196,81.168945,0,11.28679
2021,19.5,-8.75,3.0156238,78.11777,0,10.856245
2021,19.5,-8.5,2.9060094,75.493774,0,10.461634
2021,19.5,-8.25,2.8537495,104.048706,0,10.273498
2021,19.5,-8.0,2.8436613,102.92147,0,10.237181
2021,19.5,-7.75,2.8468497,101.697395,0,10.248658
2021,19.5,-7.5,2.8252265,100.3545,0,10.170815
2021,19.5,-7.25,2.7863095,98.55783,0,10.030714
2021,19.5,-7.0,2.740837,95.84309,0,9.867013
2021,19.5,-6.75,2.6518023,120.027466,0,9.546488
2021,19.5,-6.5,2.647864,111.316795,0,9.5323105
2021,19.5,-6.25,2.6818705,109.740685,0,9.654734
2021,19.5,-6.0,2.685933,109.22413,0,9.669359
2021,19.5,-5.75,2.6819277,107.91892,0,9.65494
2021,19.5,-5.5,2.6724827,105.142525,0,9.620937
2021,19.5,-5.25,2.6630123,102.46558,0,9.5868435
2021,19.5,-5.0,2.654498,100.89893,0,9.556193
2021,19.5,-4.75,2.6499283,100.584076,0,9.5397415
2021,19.5,-4.5,2.647687,100.67332,0,9.5316725
2021,19.5,-4.25,2.6566458,101.41538,0,9.563925
2021,19.5,-4.0,2.656728,101.782036,0,9.56422
2021,19.5,-3.75,2.6595972,102.0474,0,9.57455
2021,19.5,-3.5,2.6528814,101.23382,0,9.550373
2021,19.5,-3.25,2.646735,98.36658,0,9.528246
2021,19.5,-3.0,2.6446679,92.351074,0,9.520804
2021,19.5,-2.75,2.6408722,91.47727,0,9.50714
2021,19.5,-2.5,2.628646,91.76025,0,9.463125
2021,19.5,-2.25,2.5919874,93.02129,0,9.331154
2021,19.5,-2.0,2.5550873,93.999306,0,9.198314
2021,19.5,-1.75,2.57214,94.1184,0,9.259704
2021,19.5,-1.5,2.5342653,92.920586,0,9.123355
2021,19.5,-1.25,2.424798,92.388306,0,8.729273
2021,19.5,-1.0,2.386132,93.03532,0,8.590075
2021,19.5,-0.75,2.4649665,93.93821,0,8.873879
2021,19.5,-0.5,2.5286424,93.319214,0,9.103112
2021,19.5,-0.25,2.4567873,92.23812,0,8.844434
2021,19.5,0.0,2.369356,90.548,0,8.529681
2021,19.5,0.25,2.302469,88.86789,0,8.288888
2021,19.5,0.5,2.3554008,90.483986,0,8.479443
2021,19.5,0.75,2.532942,93.86976,0,9.118591
2021,19.5,1.0,2.718624,96.342186,0,9.787046
2021,19.5,1.25,2.7671397,97.42155,0,9.961702
2021,19.5,1.5,2.7043517,97.01461,0,9.735665
2021,19.5,1.75,2.6460345,96.537025,0,9.525723
2021,19.5,2.0,2.655904,96.05302,0,9.5612545
2021,19.5,2.25,2.6608315,94.973015,0,9.578993
2021,19.5,2.5,2.4955199,92.62427,0,8.983871
2021,19.5,2.75,2.3115745,90.234,0,8.321668
2021,19.5,3.0,2.2335546,87.62203,0,8.040796
2021,19.5,3.25,2.2375515,85.14435,0,8.055185
2021,19.5,3.5,2.2772837,82.464294,0,8.198221
2021,19.5,3.75,2.339667,82.22459,0,8.422801
2021,19.5,4.0,2.4357648,82.365654,0,8.768753
2021,19.5,4.25,2.4939525,82.16076,0,8.978229
2021,19.5,4.5,2.5202603,82.14753,0,9.072937
2021,19.5,4.75,2.555412,82.129036,0,9.199483
2021,19.5,5.0,2.5415933,82.82155,0,9.149735
2021,19.5,5.25,2.5588553,83.499466,0,9.211879
2021,19.5,5.5,2.5346,83.35096,0,9.124559
2021,19.5,5.75,2.470641,82.84372,0,8.894307
2021,19.5,6.0,2.40569,83.48703,0,8.660483
2021,19.5,6.25,2.3550017,85.30953,0,8.478005
2021,19.5,6.5,2.3238504,85.46734,0,8.365861
2021,19.5,6.75,2.3310626,84.92685,0,8.391825
2021,19.5,7.0,2.4207907,84.29202,0,8.714847
2021,19.5,7.25,2.599174,84.178154,0,9.357026
2021,19.5,7.5,2.9456108,86.326355,0,10.604198
2021,19.5,7.75,3.3232634,86.625305,0,11.963748
2021,19.5,8.0,3.6853297,86.83402,0,13.267186
2021,19.5,8.25,3.9266758,87.831566,0,14.136032
2021,19.5,8.5,4.0297103,89.61967,0,14.506957
2021,19.5,8.75,3.3603554,91.39985,0,12.097279
2021,19.5,9.0,1.7992135,81.22525,0,6.4771686
2021,19.5,9.25,1.4830574,124.984375,0,5.3390064
2021,19.5,9.5,1.6284856,62.337208,0,5.862548
2021,19.5,9.75,1.6389794,60.833008,0,5.900326
2021,19.5,10.0,1.7043315,59.41585,0,6.1355934
2021,19.5,10.25,1.7408415,57.458935,0,6.2670293
2021,19.5,10.5,1.7806457,56.3002,0,6.4103246
2021,19.5,10.75,1.8504649,57.733902,0,6.6616735
2021,19.5,11.0,1.913918,61.303875,0,6.890105
2021,19.5,11.25,2.095032,65.434715,0,7.5421147
2021,19.5,11.5,2.275649,69.377365,0,8.192336
2021,19.5,11.75,2.4268577,72.39566,0,8.736688
2021,19.5,12.0,2.5494115,73.45273,0,9.177881
2021,19.25,-9.0,3.1400177,79.95852,0,11.304064
2021,19.25,-8.75,3.1072557,77.12411,0,11.18612
2021,19.25,-8.5,3.0283983,105.00057,0,10.902233
2021,19.25,-8.25,2.962473,103.505775,0,10.664903
2021,19.25,-8.0,2.9196272,102.59277,0,10.510657
2021,19.25,-7.75,2.893091,101.88598,0,10.415127
2021,19.25,-7.5,2.8692086,100.71011,0,10.32915
2021,19.25,-7.25,2.836212,98.51178,0,10.210362
2021,19.25,-7.0,2.792619,123.78129,0,10.053428
2021,19.25,-6.75,2.7544844,112.74487,0,9.916143
2021,19.25,-6.5,2.7535203,109.824486,0,9.912673
2021,19.25,-6.25,2.7694356,108.79888,0,9.969968
2021,19.25,-6.0,2.7747068,107.59327,0,9.988944
2021,19.25,-5.75,2.7777674,105.97138,0,9.999963
2021,19.25,-5.5,2.7799537,104.34609,0,10.0078335
2021,19.25,-5.25,2.7807388,103.277275,0,10.010659
2021,19.25,-5.0,2.780118,102.68264,0,10.008425
2021,19.25,-4.75,2.7720454,102.29368,0,9.979363
2021,19.25,-4.5,2.755005,101.915535,0,9.918017
2021,19.25,-4.25,2.7474163,101.71631,0,9.890698
2021,19.25,-4.0,2.7323186,101.53824,0,9.836347
2021,19.25,-3.75,2.7217577,101.52416,0,9.798327
2021,19.25,-3.5,2.7063217,100.99409,0,9.742758
2021,19.25,-3.25,2.6928475,99.71111,0,9.694251
2021,19.25,-3.0,2.6848564,97.62268,0,9.6654825
2021,19.25,-2.75,2.6763675,95.85844,0,9.634923
2021,19.25,-2.5,2.671897,95.18476,0,9.618829
2021,19.25,-2.25,2.670531,95.31736,0,9.613912
2021,19.25,-2.0,2.6280642,95.56772,0,9.461031
2021,19.25,-1.75,2.608567,95.9256,0,9.390841
2021,19.25,-1.5,2.574824,95.78873,0,9.269366
2021,19.25,-1.25,2.4861853,95.42462,0,8.950267
2021,19.25,-1.0,2.4224763,95.79644,0,8.720915
2021,19.25,-0.75,2.45521,96.60226,0,8.838756
2021,19.25,-0.5,2.5137506,96.16989,0,9.049501
2021,19.25,-0.25,2.4636817,94.5106,0,8.869254
2021,19.25,0.0,2.3284547,92.04641,0,8.382437
2021,19.25,0.25,2.2360368,91.27765,0,8.049732
2021,19.25,0.5,2.3125784,93.81931,0,8.325282
2021,19.25,0.75,2.5498822,97.14524,0,9.179576
2021,19.25,1.0,2.7675936,98.438805,0,9.963337
2021,19.25,1.25,2.8228471,97.81954,0,10.16225
2021,19.25,1.5,2.7579215,96.65632,0,9.928517
2021,19.25,1.75,2.7130287,96.2712,0,9.766903
2021,19.25,2.0,2.743642,96.38886,0,9.877111
2021,19.25,2.25,2.7124913,96.92179,0,9.764968
2021,19.25,2.5,2.4645245,95.85116,0,8.872288
2021,19.25,2.75,2.2981489,91.90136,0,8.273335
2021,19.25,3.0,2.2729561,88.95868,0,8.182642
2021,19.25,3.25,2.3009808,88.98214,0,8.28353
2021,19.25,3.5,2.334289,90.34793,0,8.40344
2021,19.25,3.75,2.3586218,91.085365,0,8.491038
2021,19.25,4.0,2.3808622,90.61086,0,8.571104
2021,19.25,4.25,2.4215767,89.8382,0,8.717676
2021,19.25,4.5,2.4776208,89.3207,0,8.919435
2021,19.25,4.75,2.5015275,89.28314,0,9.005499
2021,19.25,5.0,2.4880002,89.70994,0,8.9568
2021,19.25,5.25,2.4704807,90.11871,0,8.89373
2021,19.25,5.5,2.431046,90.06763,0,8.751765
2021,19.25,5.75,2.387989,90.145226,0,8.596761
2021,19.25,6.0,2.3542118,90.72449,0,8.4751625
2021,19.25,6.25,2.317639,91.31588,0,8.3435
2021,19.25,6.5,2.2631464,91.075935,0,8.147326
2021,19.25,6.75,2.175317,90.19944,0,7.831141
2021,19.25,7.0,2.2275949,88.12356,0,8.019341
2021,19.25,7.25,2.3724864,86.27157,0,8.540951
2021,19.25,7.5,2.5768225,85.15474,0,9.276561
2021,19.25,7.75,2.824475,83.19604,0,10.16811
2021,19.25,8.0,2.9898233,83.08038,0,10.763364
2021,19.25,8.25,3.022237,84.378,0,10.8800535
2021,19.25,8.5,2.9283905,84.664764,0,10.542206
2021,19.25,8.75,2.4528518,88.32157,0,8.830266
2021,19.25,9.0,1.1334027,101.14004,0,4.08025
2021,19.25,9.25,0.7065007,159.29689,0,2.5434024
2021,19.25,9.5,1.1006693,173.13635,0,3.9624093
2021,19.25,9.75,1.4049994,109.547935,0,5.0579977
2021,19.25,10.0,1.5929217,110.73846,0,5.734518
2021,19.25,10.25,1.700571,51.367573,0,6.122055
2021,19.25,10.5,1.7390188,52.2858,0,6.2604675
2021,19.25,10.75,1.788819,55.593506,0,6.4397483
2021,19.25,11.0,1.8556167,60.80696,0,6.68022
2021,19.25,11.25,1.9716552,66.014366,0,7.0979586
2021,19.25,11.5,2.1842191,71.079346,0,7.8631887
2021,19.25,11.75,2.3135133,75.06252,0,8.328648
2021,19.25,12.0,2.4257793,76.49006,0,8.732805
2021,19.0,-9.0,3.211623,78.62951,0,11.561842
2021,19.0,-8.75,3.1566918,76.14758,0,11.36409
2021,19.0,-8.5,3.1201098,104.36752,0,11.232395
2021,19.0,-8.25,3.069916,103.2911,0,11.051698
2021,19.0,-8.0,3.0051262,102.396965,0,10.818454
2021,19.0,-7.75,2.9559517,101.43467,0,10.641426
2021,19.0,-7.5,2.929369,100.010925,0,10.545728
2021,19.0,-7.25,2.8786948,121.81357,0,10.363301
2021,19.0,-7.0,2.8370464,111.8873,0,10.2133665
2021,19.0,-6.75,2.8528283,109.73136,0,10.270182
2021,19.0,-6.5,2.8696473,108.297905,0,10.3307295
2021,19.0,-6.25,2.876974,107.334045,0,10.357106
2021,19.0,-6.0,2.8915493,106.38461,0,10.409577
2021,19.0,-5.75,2.8912878,105.22149,0,10.408636
2021,19.0,-5.5,2.8854408,104.10432,0,10.387587
2021,19.0,-5.25,2.8839815,103.270935,0,10.382333
2021,19.0,-5.0,2.8744173,102.862206,0,10.347902
2021,19.0,-4.75,2.8584528,102.41028,0,10.29043
2021,19.0,-4.5,2.8389342,101.88032,0,10.220162
2021,19.0,-4.25,2.8201416,101.38406,0,10.15251
2021,19.0,-4.0,2.8119555,101.13946,0,10.123039
2021,19.0,-3.75,2.8085911,100.88975,0,10.110928
2021,19.0,-3.5,2.7857704,100.523506,0,10.028773
2021,19.0,-3.25,2.7497196,99.841034,0,9.898991
2021,19.0,-3.0,2.724758,98.88513,0,9.809128
2021,19.0,-2.75,2.706123,98.04569,0,9.742043
2021,19.0,-2.5,2.697633,97.43377,0,9.711478
2021,19.0,-2.25,2.6944396,97.28626,0,9.699983
2021,19.0,-2.0,2.6876137,97.6225,0,9.675409
2021,19.0,-1.75,2.6720765,97.91257,0,9.619475
2021,19.0,-1.5,2.6406431,98.03588,0,9.506315
2021,19.0,-1.25,2.580568,97.895905,0,9.290045
2021,19.0,-1.0,2.5331483,98.2295,0,9.119333
2021,19.0,-0.75,2.5306447,98.62257,0,9.11032
2021,19.0,-0.5,2.5102522,97.72138,0,9.036908
2021,19.0,-0.25,2.4245255,95.74479,0,8.7282915
2021,19.0,0.0,2.3213875,94.364815,0,8.356995
2021,19.0,0.25,2.2315276,94.2308,0,8.033499
2021,19.0,0.5,2.2783334,95.967445,0,8.202
2021,19.0,0.75,2.4960582,98.328224,0,8.985809
2021,19.0,1.0,2.7111976,99.09808,0,9.760311
2021,19.0,1.25,2.7790687,98.60644,0,10.004647
2021,19.0,1.5,2.7378197,98.04287,0,9.856151
2021,19.0,1.75,2.746812,98.41265,0,9.888523
2021,19.0,2.0,2.8277805,98.77374,0,10.18001
2021,19.0,2.25,2.8136082,98.37533,0,10.128989
2021,19.0,2.5,2.5342128,95.642555,0,9.123166
2021,19.0,2.75,2.3419406,91.81686,0,8.430986
2021,19.0,3.0,2.3173914,90.92252,0,8.342608
2021,19.0,3.25,2.3628144,91.88928,0,8.506132
2021,19.0,3.5,2.4012423,92.55869,0,8.644472
2021,19.0,3.75,2.4140346,92.339195,0,8.690524
2021,19.0,4.0,2.418272,91.502174,0,8.705779
2021,19.0,4.25,2.425198,90.75568,0,8.730713
2021,19.0,4.5,2.4512653,90.836235,0,8.824555
2021,19.0,4.75,2.477826,91.542595,0,8.920174
2021,19.0,5.0,2.4563324,91.875374,0,8.842796
2021,19.0,5.25,2.414572,92.18363,0,8.692459
2021,19.0,5.5,2.3691316,92.23435,0,8.528873
2021,19.0,5.75,2.3208566,92.607735,0,8.355083
2021,19.0,6.0,2.2818005,93.28243,0,8.214481
2021,19.0,6.25,2.2431846,93.532234,0,8.075464
2021,19.0,6.5,2.1773915,93.24131,0,7.838609
2021,19.0,6.75,2.0525653,91.66632,0,7.389235
2021,19.0,7.0,2.0067422,90.48374,0,7.224272
2021,19.0,7.25,1.981476,89.29483,0,7.133313
2021,19.0,7.5,2.0216343,88.53396,0,7.2778835
2021,19.0,7.75,2.1256177,87.879036,0,7.6522236
2021,19.0,8.0,2.135556,90.46372,0,7.688001
2021,19.0,8.25,2.1312387,93.11032,0,7.672459
2021,19.0,8.5,2.167412,89.55358,0,7.8026834
2021,19.0,8.75,2.0552588,85.97201,0,7.3989315
2021,19.0,9.0,1.4970511,72.26242,0,5.389384
2021,19.0,9.25,1.0517455,63.287647,0,3.7862837
2021,19.0,9.5,1.176323,112.68668,0,4.2347627
2021,19.0,9.75,1.3260837,132.03603,0,4.773901
2021,19.0,10.0,1.4773102,105.752235,0,5.3183165
2021,19.0,10.25,1.6044832,49.94624,0,5.7761397
2021,19.0,10.5,1.6680226,51.83141,0,6.0048814
2021,19.0,10.75,1.7497498,53.418102,0,6.299099
2021,19.0,11.0,1.8750224,60.704258,0,6.7500806
2021,19.0,11.25,1.905743,68.480835,0,6.860675
2021,19.0,11.5,2.1387947,75.59077,0,7.699661
2021,19.0,11.75,2.2658794,79.95838,0,8.157166
2021,19.0,12.0,2.3529065,82.509476,0,8.470463
2021,18.75,-9.0,3.4004364,76.33426,0,12.24157
2021,18.75,-8.75,3.2918932,104.30056,0,11.850816
2021,18.75,-8.5,3.2199278,102.6712,0,11.59174
2021,18.75,-8.25,3.179531,102.41178,0,11.446312
2021,18.75,-8.0,3.0967357,102.65342,0,11.148249
2021,18.75,-7.75,3.0244486,102.42135,0,10.888015
2021,18.75,-7.5,2.9820473,114.24714,0,10.73537
2021,18.75,-7.25,2.976635,112.76302,0,10.715886
2021,18.75,-7.0,2.9772282,110.8149,0,10.718021
2021,18.75,-6.75,2.9569995,108.92719,0,10.645198
2021,18.75,-6.5,2.9658623,107.764626,0,10.677104
2021,18.75,-6.25,2.9709349,106.818886,0,10.695365
2021,18.75,-6.0,2.975786,105.86814,0,10.71283
2021,18.75,-5.75,2.9779809,104.749855,0,10.720731
2021,18.75,-5.5,2.9807518,103.74947,0,10.730706
2021,18.75,-5.25,2.980219,102.982704,0,10.728787
2021,18.75,-5.0,2.961662,102.50353,0,10.6619835
2021,18.75,-4.75,2.9519062,102.14807,0,10.626863
2021,18.75,-4.5,2.9384792,101.91723,0,10.578525
2021,18.75,-4.25,2.918126,101.343666,0,10.505254
2021,18.75,-4.0,2.8884926,100.92751,0,10.398573
2021,18.75,-3.75,2.8714144,100.67402,0,10.337091
2021,18.75,-3.5,2.8483446,100.256035,0,10.25404
2021,18.75,-3.25,2.8199644,99.80389,0,10.151872
2021,18.75,-3.0,2.7946663,99.46717,0,10.060799
2021,18.75,-2.75,2.7718327,99.09479,0,9.978598
2021,18.75,-2.5,2.7376606,99.25654,0,9.855578
2021,18.75,-2.25,2.712552,99.83948,0,9.765187
2021,18.75,-2.0,2.7060115,100.17706,0,9.741641
2021,18.75,-1.75,2.7115517,99.91604,0,9.761586
2021,18.75,-1.5,2.6933365,99.766365,0,9.696012
2021,18.75,-1.25,2.6722147,99.45826,0,9.619973
2021,18.75,-1.0,2.6355422,99.46857,0,9.487951
2021,18.75,-0.75,2.615655,99.052155,0,9.416358
2021,18.75,-0.5,2.5824761,97.74474,0,9.296914
2021,18.75,-0.25,2.48709,96.64978,0,8.953525
2021,18.75,0.0,2.4033797,96.234566,0,8.652166
2021,18.75,0.25,2.2994983,95.84012,0,8.278193
2021,18.75,0.5,2.2875948,96.822365,0,8.235341
2021,18.75,0.75,2.4749281,99.2796,0,8.909741
2021,18.75,1.0,2.6528757,100.662926,0,9.550352
2021,18.75,1.25,2.7262871,100.58212,0,9.814633
2021,18.75,1.5,2.7398846,100.98092,0,9.8635845
2021,18.75,1.75,2.7683175,101.42324,0,9.965942
2021,18.75,2.0,2.841697,101.13395,0,10.230109
2021,18.75,2.25,2.8391886,99.57459,0,10.221079
2021,18.75,2.5,2.6148982,95.72479,0,9.413633
2021,18.75,2.75,2.4405937,92.83826,0,8.786138
2021,18.75,3.0,2.4142258,92.390045,0,8.691213
2021,18.75,3.25,2.4375565,93.10581,0,8.775203
2021,18.75,3.5,2.4554822,93.138725,0,8.839736
2021,18.75,3.75,2.4458954,91.79547,0,8.805223
2021,18.75,4.0,2.4543514,90.94964,0,8.835665
2021,18.75,4.25,2.418847,91.10263,0,8.7078495
2021,18.75,4.5,2.4222782,92.41312,0,8.7202015
2021,18.75,4.75,2.4313414,93.73694,0,8.752829
2021,18.75,5.0,2.373525,93.8212,0,8.544689
2021,18.75,5.25,2.3348484,93.98626,0,8.405454
2021,18.75,5.5,2.2907646,94.16843,0,8.246752
2021,18.75,5.75,2.2355225,94.45286,0,8.047881
2021,18.75,6.0,2.1790164,94.90899,0,7.8444586
2021,18.75,6.25,2.1466713,95.298805,0,7.7280164
2021,18.75,6.5,2.0896835,94.596405,0,7.5228605
2021,18.75,6.75,1.9640303,92.675865,0,7.070509
2021,18.75,7.0,1.8597771,92.223045,0,6.6951976
2021,18.75,7.25,1.7042316,92.96753,0,6.135234
2021,18.75,7.5,1.7717891,97.13543,0,6.3784404
2021,18.75,7.75,1.95973,103.30591,0,7.055028
2021,18.75,8.0,2.0510654,104.58248,0,7.3838353
2021,18.75,8.25,2.2776537,99.53601,0,8.1995535
2021,18.75,8.5,2.5056014,93.1683,0,9.0201645
2021,18.75,8.75,2.6977446,83.297264,0,9.711881
2021,18.75,9.0,2.354874,68.307594,0,8.477546
2021,18.75,9.25,2.0306349,61.19054,0,7.3102856
2021,18.75,9.5,1.7501668,57.7677,0,6.3006
2021,18.75,9.75,1.6333228,105.71218,0,5.879962
2021,18.75,10.0,1.6017894,100.93276,0,5.7664413
2021,18.75,10.25,1.6839534,44.20064,0,6.062232
2021,18.75,10.5,1.6757854,47.190845,0,6.0328274
2021,18.75,10.75,1.7110295,50.43639,0,6.159706
2021,18.75,11.0,1.8867971,64.363365,0,6.7924695
2021,18.75,11.25,1.9544665,72.92675,0,7.036079
2021,18.75,11.5,2.1899252,79.4211,0,7.8837304
2021,18.75,11.75,2.3280861,83.53494,0,8.38111
2021,18.75,12.0,2.410826,86.01583,0,8.678973
2021,18.5,-9.0,3.3824089,104.50412,0,12.176672
2021,18.5,-8.75,3.3901455,102.76819,0,12.204524
2021,18.5,-8.5,3.310084,101.16089,0,11.916303
2021,18.5,-8.25,3.3029032,102.89878,0,11.890451
2021,18.5,-8.0,3.2442045,104.96549,0,11.679136
2021,18.5,-7.75,3.1538277,112.17524,0,11.353779
2021,18.5,-7.5,3.1115315,113.131195,0,11.201513
2021,18.5,-7.25,3.0646057,111.78339,0,11.03258
2021,18.5,-7.0,3.0726194,110.16624,0,11.06143
2021,18.5,-6.75,3.06279,108.88645,0,11.026043
2021,18.5,-6.5,3.0744674,107.87998,0,11.068083
2021,18.5,-6.25,3.075245,106.95953,0,11.070881
2021,18.5,-6.0,3.0710394,105.872925,0,11.055741
2021,18.5,-5.75,3.0697024,104.85193,0,11.050928
2021,18.5,-5.5,3.0578537,103.744286,0,11.008273
2021,18.5,-5.25,3.050742,103.015114,0,10.982671
2021,18.5,-5.0,3.0454175,102.63088,0,10.963503
2021,18.5,-4.75,3.0422614,102.25112,0,10.952141
2021,18.5,-4.5,3.0223255,102.00891,0,10.880371
2021,18.5,-4.25,3.0080054,101.32212,0,10.828819
2021,18.5,-4.0,2.9841995,100.79653,0,10.743118
2021,18.5,-3.75,2.9547327,100.48218,0,10.637037
2021,18.5,-3.5,2.9264581,100.17109,0,10.535249
2021,18.5,-3.25,2.8814023,100.10635,0,10.373048
2021,18.5,-3.0,2.84911,99.943146,0,10.256795
2021,18.5,-2.75,2.808776,100.2515,0,10.111593
2021,18.5,-2.5,2.7699049,100.65747,0,9.971657
2021,18.5,-2.25,2.7451966,101.56433,0,9.882708
2021,18.5,-2.0,2.728264,101.88787,0,9.821751
2021,18.5,-1.75,2.724311,101.638466,0,9.80752
2021,18.5,-1.5,2.7219687,101.238106,0,9.799087
2021,18.5,-1.25,2.7036448,100.98504,0,9.733121
2021,18.5,-1.0,2.698177,101.0921,0,9.713437
2021,18.5,-0.75,2.6769655,100.5741,0,9.637075
2021,18.5,-0.5,2.6385114,99.585976,0,9.498641
2021,18.5,-0.25,2.559772,98.76882,0,9.215179
2021,18.5,0.0,2.5013835,98.240425,0,9.00498
2021,18.5,0.25,2.3657887,97.2717,0,8.516839
2021,18.5,0.5,2.3247423,98.26587,0,8.369072
2021,18.5,0.75,2.451809,101.07694,0,8.826512
2021,18.5,1.0,2.626721,102.38931,0,9.456195
2021,18.5,1.25,2.721669,103.364586,0,9.798008
2021,18.5,1.5,2.740284,103.75219,0,9.865022
2021,18.5,1.75,2.756367,103.85354,0,9.922921
2021,18.5,2.0,2.817359,103.113365,0,10.142492
2021,18.5,2.25,2.8278034,100.47522,0,10.180092
2021,18.5,2.5,2.6637022,96.64893,0,9.589328
2021,18.5,2.75,2.514364,94.34951,0,9.05171
2021,18.5,3.0,2.4885895,94.11816,0,8.958922
2021,18.5,3.25,2.4984515,94.42098,0,8.994425
2021,18.5,3.5,2.45454,93.23179,0,8.836344
2021,18.5,3.75,2.436263,91.605194,0,8.770547
2021,18.5,4.0,2.4425633,92.28815,0,8.793227
2021,18.5,4.25,2.4293187,93.266396,0,8.745547
2021,18.5,4.5,2.426265,95.26133,0,8.734553
2021,18.5,4.75,2.3943017,95.940125,0,8.619486
2021,18.5,5.0,2.3239,95.831825,0,8.366039
2021,18.5,5.25,2.238735,96.20254,0,8.059445
2021,18.5,5.5,2.1932523,96.48597,0,7.895708
2021,18.5,5.75,2.1357522,97.05489,0,7.688708
2021,18.5,6.0,2.0841954,97.3494,0,7.5031033
2021,18.5,6.25,2.0388477,97.09713,0,7.3398514
2021,18.5,6.5,1.9781953,95.88501,0,7.121503
2021,18.5,6.75,1.8733335,93.86492,0,6.7440004
2021,18.5,7.0,1.7815746,94.82339,0,6.4136686
2021,18.5,7.25,1.6719931,97.93732,0,6.019175
2021,18.5,7.5,1.8827082,105.44215,0,6.7777495
2021,18.5,7.75,2.183624,109.14384,0,7.8610463
2021,18.5,8.0,2.6452906,103.76715,0,9.523046
2021,18.5,8.25,2.9275215,100.34186,0,10.539077
2021,18.5,8.5,3.016534,93.4327,0,10.859523
2021,18.5,8.75,3.010679,85.65018,0,10.838444
2021,18.5,9.0,2.4177418,78.01716,0,8.70387
2021,18.5,9.25,2.1454678,63.911022,0,7.723684
2021,18.5,9.5,2.0837653,56.866547,0,7.501555
2021,18.5,9.75,1.9740987,42.376637,0,7.1067553
2021,18.5,10.0,1.9154073,35.81025,0,6.8954663
2021,18.5,10.25,1.8224574,39.27672,0,6.560847
2021,18.5,10.5,1.7951292,44.453053,0,6.462465
2021,18.5,10.75,1.7784472,58.898113,0,6.4024096
2021,18.5,11.0,1.9675316,69.55624,0,7.0831137
2021,18.5,11.25,2.0665448,75.34481,0,7.439561
2021,18.5,11.5,2.2849324,81.37886,0,8.225757
2021,18.5,11.75,2.4360206,85.226524,0,8.769674
2021,18.5,12.0,2.5215077,87.59666,0,9.077428
2021,18.25,-9.0,3.324729,102.66859,0,11.969024
2021,18.25,-8.75,3.365669,100.45504,0,12.116408
2021,18.25,-8.5,3.3120668,127.63052,0,11.92344
2021,18.25,-8.25,3.3221607,110.96114,0,11.959778
2021,18.25,-8.0,3.3686502,109.3728,0,12.12714
2021,18.25,-7.75,3.2952664,112.55188,0,11.862959
2021,18.25,-7.5,3.259961,112.13856,0,11.735859
2021,18.25,-7.25,3.2090454,110.81769,0,11.552563
2021,18.25,-7.0,3.156026,109.874275,0,11.361692
2021,18.25,-6.75,3.161832,109.13288,0,11.382595
2021,18.25,-6.5,3.1642191,108.34312,0,11.391189
2021,18.25,-6.25,3.147248,107.394936,0,11.330092
2021,18.25,-6.0,3.147466,106.32056,0,11.330877
2021,18.25,-5.75,3.147252,105.03699,0,11.330107
2021,18.25,-5.5,3.135212,104.054375,0,11.286762
2021,18.25,-5.25,3.14949,103.23645,0,11.338164
2021,18.25,-5.0,3.1484954,102.7808,0,11.334583
2021,18.25,-4.75,3.1399357,102.41267,0,11.303768
2021,18.25,-4.5,3.1260176,101.958244,0,11.253663
2021,18.25,-4.25,3.1071813,101.22968,0,11.185852
2021,18.25,-4.0,3.0644283,100.636345,0,11.031941
2021,18.25,-3.75,3.0320787,100.29081,0,10.915483
2021,18.25,-3.5,2.989247,100.20187,0,10.76129
2021,18.25,-3.25,2.9442093,100.165306,0,10.5991535
2021,18.25,-3.0,2.9103239,100.45154,0,10.477165
2021,18.25,-2.75,2.870537,100.80701,0,10.333933
2021,18.25,-2.5,2.8142443,101.47937,0,10.131279
2021,18.25,-2.25,2.793519,102.42472,0,10.056668
2021,18.25,-2.0,2.770751,102.69221,0,9.974704
2021,18.25,-1.75,2.741645,102.51544,0,9.869922
2021,18.25,-1.5,2.7301724,102.35621,0,9.82862
2021,18.25,-1.25,2.7154438,102.76819,0,9.775598
2021,18.25,-1.0,2.7064354,102.950035,0,9.743167
2021,18.25,-0.75,2.698579,103.008026,0,9.714885
2021,18.25,-0.5,2.6566818,102.20294,0,9.5640545
2021,18.25,-0.25,2.6140144,101.75116,0,9.410452
2021,18.25,0.0,2.569308,100.818115,0,9.249509
2021,18.25,0.25,2.4251268,99.73215,0,8.730456
2021,18.25,0.5,2.341396,101.36858,0,8.429026
2021,18.25,0.75,2.4553242,103.88332,0,8.839167
2021,18.25,1.0,2.6075318,105.81716,0,9.387115
2021,18.25,1.25,2.6985772,106.447426,0,9.714877
2021,18.25,1.5,2.7467759,106.58545,0,9.888392
2021,18.25,1.75,2.7683823,106.40679,0,9.966176
2021,18.25,2.0,2.7976081,104.86997,0,10.071389
2021,18.25,2.25,2.793351,101.95147,0,10.056063
2021,18.25,2.5,2.6718671,98.8689,0,9.618721
2021,18.25,2.75,2.5930336,97.440315,0,9.334921
2021,18.25,3.0,2.558438,97.49731,0,9.210377
2021,18.25,3.25,2.5077379,97.36947,0,9.027856
2021,18.25,3.5,2.4593923,96.04606,0,8.853812
2021,18.25,3.75,2.4007523,96.37687,0,8.642708
2021,18.25,4.0,2.399217,97.1094,0,8.63718
2021,18.25,4.25,2.412342,98.645,0,8.684431
2021,18.25,4.5,2.4077888,99.702675,0,8.668039
2021,18.25,4.75,2.3625584,99.50251,0,8.50521
2021,18.25,5.0,2.289348,99.57904,0,8.2416525
2021,18.25,5.25,2.202014,100.373924,0,7.92725
2021,18.25,5.5,2.1096597,102.00181,0,7.5947747
2021,18.25,5.75,2.0514784,102.403534,0,7.385322
2021,18.25,6.0,1.9605365,102.33579,0,7.057931
2021,18.25,6.25,1.9054033,101.56875,0,6.859452
2021,18.25,6.5,1.8676543,100.42991,0,6.7235556
2021,18.25,6.75,1.7735897,98.915016,0,6.384923
2021,18.25,7.0,1.683762,99.67397,0,6.061543
2021,18.25,7.25,1.661451,102.85085,0,5.9812236
2021,18.25,7.5,1.8500977,109.01928,0,6.6603513
2021,18.25,7.75,2.1498644,106.08682,0,7.739512
2021,18.25,8.0,2.5948253,102.39248,0,9.341371
2021,18.25,8.25,2.6336353,98.55353,0,9.481087
2021,18.25,8.5,2.6201203,87.88328,0,9.432433
2021,18.25,8.75,2.6584246,89.05581,0,9.570329
2021,18.25,9.0,2.1200407,85.70032,0,7.6321464
2021,18.25,9.25,1.7911137,63.574184,0,6.4480095
2021,18.25,9.5,2.076728,50.87994,0,7.476221
2021,18.25,9.75,2.0641263,36.878304,0,7.4308543
2021,18.25,10.0,2.074364,35.713547,0,7.46771
2021,18.25,10.25,1.9933838,41.540527,0,7.1761813
2021,18.25,10.5,1.8972877,54.758198,0,6.8302355
2021,18.25,10.75,1.9343699,65.84943,0,6.963732
2021,18.25,11.0,2.0596778,73.136536,0,7.41484
2021,18.25,11.25,2.182544,77.91766,0,7.857158
2021,18.25,11.5,2.4015338,83.02884,0,8.645521
2021,18.25,11.75,2.546646,85.73019,0,9.167926
2021,18.25,12.0,2.6419299,87.77134,0,9.510947
2021,18.0,-9.0,3.3331816,120.82778,0,11.999454
2021,18.0,-8.75,3.346323,119.26645,0,12.046762
2021,18.0,-8.5,3.3231266,117.08728,0,11.963255
2021,18.0,-8.25,3.2703388,115.2663,0,11.773219
2021,18.0,-8.0,3.3051538,113.74841,0,11.898554
2021,18.0,-7.75,3.373185,111.85874,0,12.143465
2021,18.0,-7.5,3.343086,110.996635,0,12.0351095
2021,18.0,-7.25,3.3900506,110.31769,0,12.204182
2021,18.0,-7.0,3.298667,109.59515,0,11.8752
2021,18.0,-6.75,3.2477605,109.17527,0,11.691937
2021,18.0,-6.5,3.2315805,108.584076,0,11.63369
2021,18.0,-6.25,3.216253,107.67691,0,11.57851
2021,18.0,-6.0,3.2087414,106.51926,0,11.551469
2021,18.0,-5.75,3.2079039,105.29596,0,11.548453
2021,18.0,-5.5,3.2202032,104.21439,0,11.592731
2021,18.0,-5.25,3.2343833,103.42156,0,11.64378
2021,18.0,-5.0,3.2387962,102.934975,0,11.659666
2021,18.0,-4.75,3.233075,102.529564,0,11.63907
2021,18.0,-4.5,3.2238638,101.86896,0,11.605909
2021,18.0,-4.25,3.1883357,101.08616,0,11.478008
2021,18.0,-4.0,3.140764,100.49634,0,11.30675
2021,18.0,-3.75,3.0972912,100.011375,0,11.150249
2021,18.0,-3.5,3.0543158,99.92932,0,10.995537
2021,18.0,-3.25,3.0043905,100.14392,0,10.815805
2021,18.0,-3.0,2.9705913,100.4092,0,10.694128
2021,18.0,-2.75,2.9080322,100.996704,0,10.468916
2021,18.0,-2.5,2.847463,101.666046,0,10.250866
2021,18.0,-2.25,2.834853,102.45928,0,10.20547
2021,18.0,-2.0,2.804281,102.586,0,10.095411
2021,18.0,-1.75,2.7692854,102.608955,0,9.969427
2021,18.0,-1.5,2.7450244,103.11148,0,9.882088
2021,18.0,-1.25,2.7291858,103.6652,0,9.825068
2021,18.0,-1.0,2.7133806,104.590706,0,9.768169
2021,18.0,-0.75,2.7026358,104.83935,0,9.729488
2021,18.0,-0.5,2.6763604,104.847466,0,9.634897
2021,18.0,-0.25,2.641433,104.64206,0,9.509158
2021,18.0,0.0,2.6064634,103.68201,0,9.383268
2021,18.0,0.25,2.4895937,102.8219,0,8.962537
2021,18.0,0.5,2.4082057,104.73916,0,8.66954
2021,18.0,0.75,2.4784033,107.448845,0,8.922252
2021,18.0,1.0,2.6273127,108.9954,0,9.458325
2021,18.0,1.25,2.7153366,110.4097,0,9.775211
2021,18.0,1.5,2.7585526,110.30536,0,9.930789
2021,18.0,1.75,2.7749732,109.03894,0,9.989903
2021,18.0,2.0,2.7843018,107.08335,0,10.023486
2021,18.0,2.25,2.7677975,104.46094,0,9.96407
2021,18.0,2.5,2.7018986,102.74475,0,9.726834
2021,18.0,2.75,2.6363742,102.12141,0,9.490947
2021,18.0,3.0,2.5882757,103.26581,0,9.317792
2021,18.0,3.25,2.5365264,103.56046,0,9.1314945
2021,18.0,3.5,2.4591587,103.540565,0,8.852971
2021,18.0,3.75,2.402087,104.187195,0,8.647512
2021,18.0,4.0,2.3896084,105.531166,0,8.60259
2021,18.0,4.25,2.4073622,106.71847,0,8.666504
2021,18.0,4.5,2.3914742,107.03497,0,8.609307
2021,18.0,4.75,2.3434038,107.03369,0,8.436254
2021,18.0,5.0,2.2773755,107.65146,0,8.198551
2021,18.0,5.25,2.2069128,108.98643,0,7.9448857
2021,18.0,5.5,2.1201508,110.84438,0,7.6325426
2021,18.0,5.75,1.9917068,112.06933,0,7.1701446
2021,18.0,6.0,1.8978448,112.11236,0,6.832241
2021,18.0,6.25,1.8236051,111.70005,0,6.564978
2021,18.0,6.5,1.7759461,110.10192,0,6.393406
2021,18.0,6.75,1.6834583,109.37516,0,6.0604496
2021,18.0,7.0,1.576399,108.95031,0,5.675036
2021,18.0,7.25,1.5697056,111.15225,0,5.65094
2021,18.0,7.5,1.6367149,110.11504,0,5.892174
2021,18.0,7.75,1.9172597,108.54029,0,6.902135
2021,18.0,8.0,2.131872,107.030975,0,7.674739
2021,18.0,8.25,2.1575034,103.66568,0,7.767012
2021,18.0,8.5,2.2092574,79.72408,0,7.953326
2021,18.0,8.75,2.3509197,85.618835,0,8.463311
2021,18.0,9.0,2.0139692,74.36259,0,7.250289
2021,18.0,9.25,1.7394981,53.50069,0,6.262193
2021,18.0,9.5,2.0390375,44.326336,0,7.3405347
2021,18.0,9.75,2.081331,40.046677,0,7.4927917
2021,18.0,10.0,2.0841525,39.83075,0,7.5029488
2021,18.0,10.25,2.1001005,54.22349,0,7.560362
2021,18.0,10.5,2.0592484,66.11747,0,7.4132943
2021,18.0,10.75,2.1092398,72.00095,0,7.593263
2021,18.0,11.0,2.2056234,75.42832,0,7.940244
2021,18.0,11.25,2.3250399,79.60748,0,8.370143
2021,18.0,11.5,2.5111744,83.74927,0,9.040228
2021,18.0,11.75,2.6506515,86.09696,0,9.542345
2021,18.0,12.0,2.7585413,88.004005,0,9.930749
