year,latitude,longitude,wspd,wdir,number,wspd_kmh
2023,37.0,-9.0,3.9985988,281.03897,0,14.394956
2023,37.0,-8.75,3.266901,274.05374,0,11.760843
2023,37.0,-8.5,2.858473,268.38672,0,10.290503
2023,37.0,-8.25,2.6376774,265.64478,0,9.495639
2023,37.0,-8.0,2.4414787,263.34134,0,8.789323
2023,37.0,-7.75,2.2052372,257.24326,0,7.9388537
2023,37.0,-7.5,2.1602602,251.9275,0,7.7769365
2023,37.0,-7.25,2.2034743,246.89467,0,7.932507
2023,37.0,-7.0,2.2792974,241.90898,0,8.20547
2023,37.0,-6.75,2.171561,237.95471,0,7.8176193
2023,37.0,-6.5,1.7218181,233.68481,0,6.198545
2023,37.0,-6.25,1.3786577,228.89038,0,4.9631677
2023,37.0,-6.0,1.0575088,224.30603,0,3.8070316
2023,37.0,-5.75,0.9233368,187.27516,0,3.3240125
2023,37.0,-5.5,0.93510795,208.24266,0,3.3663886
2023,37.0,-5.25,0.98729604,204.49171,0,3.5542657
2023,37.0,-5.0,1.0886134,217.89403,0,3.919008
2023,37.0,-4.75,0.8191853,229.82985,0,2.949067
2023,37.0,-4.5,0.76769775,213.0533,0,2.763712
2023,37.0,-4.25,0.73927164,222.00764,0,2.661378
2023,37.0,-4.0,0.76264113,263.09113,0,2.745508
2023,37.0,-3.75,0.7317602,243.4882,0,2.6343367
2023,37.0,-3.5,0.7171052,242.16032,0,2.5815787
2023,37.0,-3.25,0.6747219,260.03137,0,2.4289987
2023,37.0,-3.0,0.6076408,241.95122,0,2.187507
2023,37.0,-2.75,0.5514669,221.52946,0,1.9852808
2023,37.0,-2.5,0.6154188,176.0846,0,2.2155075
2023,37.0,-2.25,0.7453062,163.57843,0,2.6831021
2023,37.0,-2.0,1.081525,146.88069,0,3.8934898
2023,37.0,-1.75,1.6439935,142.87416,0,5.9183764
2023,37.0,-1.5,1.9512396,141.57347,0,7.024462
2023,37.0,-1.25,2.038173,142.60155,0,7.3374224
2023,37.0,-1.0,2.0868378,143.75519,0,7.5126157
2023,37.0,-0.75,2.1993723,145.40614,0,7.91774
2023,37.0,-0.5,2.2951612,145.52061,0,8.26258
2023,37.0,-0.25,2.3770227,145.67786,0,8.5572815
2023,37.0,0.0,2.47457,146.27058,0,8.908452
2023,37.0,0.25,2.523268,146.69128,0,9.083764
2023,37.0,0.5,2.5912516,146.93782,0,9.3285055
2023,37.0,0.75,2.657904,147.05719,0,9.568454
2023,37.0,1.0,2.7057984,147.24579,0,9.740874
2023,37.0,1.25,2.6952436,147.18091,0,9.702877
2023,37.0,1.5,2.6596935,147.33195,0,9.574896
2023,37.0,1.75,2.6426249,147.50616,0,9.51345
2023,37.0,2.0,2.6322243,148.13402,0,9.476007
2023,37.0,2.25,2.6027296,147.63759,0,9.369826
2023,37.0,2.5,2.5915632,146.70274,0,9.329627
2023,37.0,2.75,2.5510418,144.7299,0,9.18375
2023,37.0,3.0,2.4875243,144.33842,0,8.955087
2023,37.0,3.25,2.43894,143.90569,0,8.780184
2023,37.0,3.5,2.3619401,143.21977,0,8.502984
2023,37.0,3.75,2.2934897,143.43718,0,8.256562
2023,37.0,4.0,2.1358624,146.22209,0,7.689104
2023,37.0,4.25,2.1258855,152.11156,0,7.6531878
2023,37.0,4.5,2.054296,155.9502,0,7.3954654
2023,37.0,4.75,1.9555054,151.87239,0,7.0398192
2023,37.0,5.0,1.9808832,200.59387,0,7.1311793
2023,37.0,5.25,2.0432162,196.85637,0,7.3555784
2023,37.0,5.5,1.9997689,192.1407,0,7.1991677
2023,37.0,5.75,1.919911,215.05171,0,6.9116797
2023,37.0,6.0,1.7212092,208.06288,0,6.196353
2023,37.0,6.25,1.3157853,205.57045,0,4.736827
2023,37.0,6.5,1.3044618,203.87044,0,4.6960626
2023,37.0,6.75,1.4984354,201.2701,0,5.394367
2023,37.0,7.0,1.8114576,202.26372,0,6.5212474
2023,37.0,7.25,1.572976,231.32988,0,5.6627135
2023,37.0,7.5,1.4914004,230.59308,0,5.369041
2023,37.0,7.75,1.5993094,231.15894,0,5.757514
2023,37.0,8.0,1.9717449,230.73926,0,7.0982814
2023,37.0,8.25,2.188149,253.05719,0,7.877336
2023,37.0,8.5,2.1938403,245.92357,0,7.897825
2023,37.0,8.75,2.0373418,271.03433,0,7.33443
2023,37.0,9.0,1.7306247,295.83658,0,6.2302485
2023,37.0,9.25,1.5750127,294.93698,0,5.6700454
2023,37.0,9.5,1.5437475,298.52258,0,5.557491
2023,37.0,9.75,1.6269846,305.43622,0,5.8571444
2023,37.0,10.0,1.6822501,224.54059,0,6.0561004
2023,37.0,10.25,2.1990933,234.43959,0,7.9167356
2023,37.0,10.5,2.3319013,261.1907,0,8.394844
2023,37.0,10.75,2.2541738,275.22287,0,8.1150255
2023,37.0,11.0,1.9641377,271.13687,0,7.0708957
2023,37.0,11.25,2.2490592,275.29858,0,8.096613
2023,37.0,11.5,2.5612905,278.87778,0,9.220646
2023,37.0,11.75,2.6861258,281.69043,0,9.670053
2023,37.0,12.0,2.687542,283.2363,0,9.675151
2023,36.75,-9.0,4.194248,283.61676,0,15.099293
2023,36.75,-8.75,3.8823726,278.87283,0,13.9765415
2023,36.75,-8.5,3.4357264,274.19672,0,12.368615
2023,36.75,-8.25,3.0829,269.89212,0,11.09844
2023,36.75,-8.0,2.8026345,266.9153,0,10.089484
2023,36.75,-7.75,2.579621,262.948,0,9.286635
2023,36.75,-7.5,2.426779,260.1716,0,8.736404
2023,36.75,-7.25,2.404281,256.01392,0,8.655411
2023,36.75,-7.0,2.3870468,251.00941,0,8.593369
2023,36.75,-6.75,2.2400062,243.50603,0,8.064022
2023,36.75,-6.5,1.7452226,238.66725,0,6.282801
2023,36.75,-6.25,1.2047526,203.33258,0,4.337109
2023,36.75,-6.0,1.0185069,194.75523,0,3.6666248
2023,36.75,-5.75,0.96237165,162.76747,0,3.4645379
2023,36.75,-5.5,0.80844945,172.80855,0,2.910418
2023,36.75,-5.25,0.7889104,197.4474,0,2.8400774
2023,36.75,-5.0,0.6890951,234.22597,0,2.4807422
2023,36.75,-4.75,0.6572974,230.6242,0,2.3662705
2023,36.75,-4.5,0.77933663,231.41014,0,2.8056118
2023,36.75,-4.25,1.0399642,232.09828,0,3.743871
2023,36.75,-4.0,1.2100872,264.95676,0,4.3563137
2023,36.75,-3.75,1.1364485,270.23605,0,4.0912147
2023,36.75,-3.5,1.0927224,230.65063,0,3.9338007
2023,36.75,-3.25,1.1476829,223.79073,0,4.1316586
2023,36.75,-3.0,1.1897364,205.87483,0,4.283051
2023,36.75,-2.75,1.2595628,178.18965,0,4.534426
2023,36.75,-2.5,1.3637589,165.72606,0,4.909532
2023,36.75,-2.25,1.5189098,155.38637,0,5.4680753
2023,36.75,-2.0,1.7409905,148.06853,0,6.2675657
2023,36.75,-1.75,1.9953891,144.21588,0,7.1834006
2023,36.75,-1.5,2.001778,142.30095,0,7.2064004
2023,36.75,-1.25,2.0510428,142.33524,0,7.383754
2023,36.75,-1.0,2.1110322,143.90141,0,7.5997157
2023,36.75,-0.75,2.1735432,142.5908,0,7.824755
2023,36.75,-0.5,2.2666287,142.44261,0,8.159863
2023,36.75,-0.25,2.3466356,141.89775,0,8.447887
2023,36.75,0.0,2.4339027,142.15639,0,8.76205
2023,36.75,0.25,2.5041852,141.09747,0,9.015066
2023,36.75,0.5,2.5667713,140.12642,0,9.240376
2023,36.75,0.75,2.6272585,140.21773,0,9.458131
2023,36.75,1.0,2.4867635,142.87524,0,8.952349
2023,36.75,1.25,2.3635733,143.42421,0,8.508863
2023,36.75,1.5,2.3023098,144.11848,0,8.288315
2023,36.75,1.75,2.1831753,146.76767,0,7.859431
2023,36.75,2.0,2.1075413,149.03645,0,7.5871487
2023,36.75,2.25,1.9947753,146.37732,0,7.181191
2023,36.75,2.5,1.752957,141.2874,0,6.310645
2023,36.75,2.75,1.6382447,137.39935,0,5.8976808
2023,36.75,3.0,1.3013849,136.38263,0,4.6849856
2023,36.75,3.25,1.2033439,135.96687,0,4.332038
2023,36.75,3.5,1.1540146,136.1776,0,4.1544523
2023,36.75,3.75,1.1000196,134.96852,0,3.9600704
2023,36.75,4.0,0.97282195,139.58429,0,3.5021589
2023,36.75,4.25,0.9794626,148.75185,0,3.5260653
2023,36.75,4.5,0.9828878,153.19226,0,3.5383961
2023,36.75,4.75,0.9240108,153.31233,0,3.326439
2023,36.75,5.0,0.91682094,180.24646,0,3.3005552
2023,36.75,5.25,1.0418684,176.02531,0,3.7507262
2023,36.75,5.5,1.0212351,202.1132,0,3.6764462
2023,36.75,5.75,0.97957164,206.07214,0,3.5264578
2023,36.75,6.0,0.9185338,204.122,0,3.3067217
2023,36.75,6.25,0.75060415,197.27759,0,2.702175
2023,36.75,6.5,0.78668255,193.51985,0,2.832057
2023,36.75,6.75,0.95585984,191.1831,0,3.4410954
2023,36.75,7.0,1.1648451,192.27087,0,4.1934423
2023,36.75,7.25,1.124217,248.07314,0,4.047181
2023,36.75,7.5,1.00231,246.28462,0,3.608316
2023,36.75,7.75,0.9361376,183.34813,0,3.3700953
2023,36.75,8.0,1.1002737,181.59181,0,3.9609854
2023,36.75,8.25,1.2815315,241.83192,0,4.613513
2023,36.75,8.5,1.4355983,273.18503,0,5.168154
2023,36.75,8.75,1.3576654,299.785,0,4.887595
2023,36.75,9.0,1.4143671,304.68433,0,5.0917215
2023,36.75,9.25,1.5568105,305.4733,0,5.6045175
2023,36.75,9.5,1.5045424,306.91132,0,5.4163523
2023,36.75,9.75,1.3502504,304.55484,0,4.8609014
2023,36.75,10.0,1.2284881,243.9558,0,4.422557
2023,36.75,10.25,1.4329411,236.77467,0,5.158588
2023,36.75,10.5,1.5559474,273.55936,0,5.6014104
2023,36.75,10.75,1.5180331,272.3778,0,5.464919
2023,36.75,11.0,1.7563905,273.52264,0,6.3230057
2023,36.75,11.25,2.1854072,280.08783,0,7.8674655
2023,36.75,11.5,2.448561,282.88895,0,8.814819
2023,36.75,11.75,2.570824,284.8398,0,9.254966
2023,36.75,12.0,2.6395524,285.3859,0,9.502388
2023,36.5,-9.0,4.30919,256.14743,0,15.5130825
2023,36.5,-8.75,3.9988356,252.81343,0,14.395807
2023,36.5,-8.5,3.6921942,249.89801,0,13.291899
2023,36.5,-8.25,3.326863,246.37671,0,11.9767065
2023,36.5,-8.0,3.0089529,213.20988,0,10.83223
2023,36.5,-7.75,2.7456615,210.92662,0,9.884381
2023,36.5,-7.5,2.5645492,208.72173,0,9.232377
2023,36.5,-7.25,2.3587189,205.22961,0,8.491387
2023,36.5,-7.0,2.2381203,199.823,0,8.057233
2023,36.5,-6.75,2.060742,221.22925,0,7.4186707
2023,36.5,-6.5,1.798501,208.89708,0,6.4746037
2023,36.5,-6.25,1.5110139,194.83868,0,5.4396496
2023,36.5,-6.0,1.3087864,163.30653,0,4.711631
2023,36.5,-5.75,1.0745119,161.38885,0,3.8682427
2023,36.5,-5.5,0.9839713,186.32567,0,3.5422966
2023,36.5,-5.25,0.89813536,171.65039,0,3.2332873
2023,36.5,-5.0,1.0277725,240.26086,0,3.699981
2023,36.5,-4.75,0.99609715,276.06033,0,3.5859497
2023,36.5,-4.5,1.3184868,241.51518,0,4.7465525
2023,36.5,-4.25,1.6180725,242.59908,0,5.825061
2023,36.5,-4.0,1.8829883,234.77802,0,6.778758
2023,36.5,-3.75,1.8777028,224.08423,0,6.75973
2023,36.5,-3.5,1.9676375,217.15442,0,7.083495
2023,36.5,-3.25,1.8731631,205.70995,0,6.743387
2023,36.5,-3.0,1.9106842,192.32112,0,6.8784633
2023,36.5,-2.75,1.9059211,175.92915,0,6.8613157
2023,36.5,-2.5,1.8505193,161.00307,0,6.6618695
2023,36.5,-2.25,2.0448575,156.24564,0,7.361487
2023,36.5,-2.0,2.1156867,154.05313,0,7.616472
2023,36.5,-1.75,2.1347725,155.33482,0,7.685181
2023,36.5,-1.5,2.1559715,156.57216,0,7.7614975
2023,36.5,-1.25,2.0875964,155.96767,0,7.515347
2023,36.5,-1.0,2.087722,156.55487,0,7.515799
2023,36.5,-0.75,2.1209097,160.89867,0,7.635275
2023,36.5,-0.5,2.2147002,134.80548,0,7.9729204
2023,36.5,-0.25,2.2927914,136.46996,0,8.254048
2023,36.5,0.0,2.3251805,134.22897,0,8.370649
2023,36.5,0.25,2.2113974,132.72632,0,7.9610305
2023,36.5,0.5,2.2198586,132.01695,0,7.991491
2023,36.5,0.75,1.9018435,131.42694,0,6.846637
2023,36.5,1.0,1.5998725,133.21883,0,5.7595406
2023,36.5,1.25,1.4520658,132.20294,0,5.227437
2023,36.5,1.5,1.3920673,132.8483,0,5.011442
2023,36.5,1.75,1.2811549,136.27876,0,4.6121573
2023,36.5,2.0,1.2238961,140.62434,0,4.406026
2023,36.5,2.25,1.1150187,136.27849,0,4.014067
2023,36.5,2.5,0.9543596,127.735374,0,3.4356945
2023,36.5,2.75,0.876476,129.59615,0,3.1553135
2023,36.5,3.0,0.7348631,130.23839,0,2.645507
2023,36.5,3.25,0.7289799,248.45955,0,2.6243274
2023,36.5,3.5,0.7010522,219.81018,0,2.5237877
2023,36.5,3.75,0.64053875,219.76312,0,2.3059394
2023,36.5,4.0,0.55828387,237.84479,0,2.009822
2023,36.5,4.25,0.54304856,236.2253,0,1.9549748
2023,36.5,4.5,0.5639686,210.65625,0,2.0302868
2023,36.5,4.75,0.5812096,150.2407,0,2.0923545
2023,36.5,5.0,0.56851065,149.95921,0,2.0466383
2023,36.5,5.25,0.65685534,208.01128,0,2.364679
2023,36.5,5.5,0.71074086,240.5645,0,2.558667
2023,36.5,5.75,0.74134207,264.78906,0,2.6688313
2023,36.5,6.0,0.7722717,270.4625,0,2.780178
2023,36.5,6.25,0.7197122,193.52844,0,2.5909638
2023,36.5,6.5,0.7526993,191.32655,0,2.7097175
2023,36.5,6.75,0.81279826,191.70929,0,2.9260736
2023,36.5,7.0,0.97347265,219.44862,0,3.5045016
2023,36.5,7.25,0.94007033,272.1357,0,3.384253
2023,36.5,7.5,0.86698174,240.89977,0,3.1211343
2023,36.5,7.75,0.8044792,182.95604,0,2.896125
2023,36.5,8.0,0.92608744,214.93439,0,3.3339148
2023,36.5,8.25,1.0836681,305.799,0,3.901205
2023,36.5,8.5,1.2456511,305.59143,0,4.484344
2023,36.5,8.75,1.208618,305.38712,0,4.3510246
2023,36.5,9.0,1.2554516,306.4593,0,4.5196257
2023,36.5,9.25,1.3305379,305.5986,0,4.7899365
2023,36.5,9.5,1.2936097,307.0009,0,4.656995
2023,36.5,9.75,1.1687778,236.6748,0,4.2076
2023,36.5,10.0,1.1771108,271.65848,0,4.237599
2023,36.5,10.25,1.1831179,271.3696,0,4.2592244
2023,36.5,10.5,1.3156649,278.15305,0,4.7363935
2023,36.5,10.75,1.6011767,237.3134,0,5.764236
2023,36.5,11.0,1.9137144,238.37764,0,6.889372
2023,36.5,11.25,2.1793582,259.4766,0,7.8456893
2023,36.5,11.5,2.2648964,258.071,0,8.153626
2023,36.5,11.75,2.366607,288.9162,0,8.519785
2023,36.5,12.0,2.531883,288.28253,0,9.1147785
2023,36.25,-9.0,4.3477883,229.34587,0,15.652038
2023,36.25,-8.75,4.0946736,227.72786,0,14.740825
2023,36.25,-8.5,3.7688572,225.22888,0,13.567885
2023,36.25,-8.25,3.4816067,221.92094,0,12.533784
2023,36.25,-8.0,3.1695147,217.89435,0,11.410253
2023,36.25,-7.75,2.9167395,216.92413,0,10.500262
2023,36.25,-7.5,2.705238,218.39185,0,9.738857
2023,36.25,-7.25,2.5007353,191.40192,0,9.002646
2023,36.25,-7.0,2.3478613,145.03099,0,8.4523
2023,36.25,-6.75,2.2190933,152.21657,0,7.9887357
2023,36.25,-6.5,2.0005133,156.76768,0,7.2018476
2023,36.25,-6.25,1.9851751,156.7372,0,7.1466303
2023,36.25,-6.0,1.8032027,124.73264,0,6.49153
2023,36.25,-5.75,1.4173449,149.66728,0,5.102442
2023,36.25,-5.5,1.2472314,201.5743,0,4.4900327
2023,36.25,-5.25,1.1995382,197.43266,0,4.3183374
2023,36.25,-5.0,1.5037245,250.12682,0,5.413408
2023,36.25,-4.75,1.7742872,263.2206,0,6.387434
2023,36.25,-4.5,2.1059427,248.28748,0,7.5813937
2023,36.25,-4.25,2.1018748,246.80647,0,7.566749
2023,36.25,-4.0,2.2016368,238.70483,0,7.9258924
2023,36.25,-3.75,2.1389332,228.11133,0,7.700159
2023,36.25,-3.5,1.9982635,212.79248,0,7.1937485
2023,36.25,-3.25,1.957069,195.20746,0,7.0454483
2023,36.25,-3.0,1.9310223,176.98091,0,6.95168
2023,36.25,-2.75,1.9563824,165.58437,0,7.0429764
2023,36.25,-2.5,2.0697644,160.80067,0,7.4511514
2023,36.25,-2.25,2.1357348,158.35268,0,7.688645
2023,36.25,-2.0,2.2116866,158.52327,0,7.9620714
2023,36.25,-1.75,2.1972735,157.72273,0,7.9101844
2023,36.25,-1.5,2.111047,156.33266,0,7.599769
2023,36.25,-1.25,2.03813,156.00655,0,7.337268
2023,36.25,-1.0,2.0175061,155.88722,0,7.263022
2023,36.25,-0.75,2.0352652,156.42036,0,7.3269544
2023,36.25,-0.5,2.1151607,158.71318,0,7.6145782
2023,36.25,-0.25,2.0369895,155.3118,0,7.333162
2023,36.25,0.0,1.9983377,152.66489,0,7.1940155
2023,36.25,0.25,1.7176453,150.66335,0,6.1835227
2023,36.25,0.5,1.4559388,150.6194,0,5.2413797
2023,36.25,0.75,1.1493739,146.65712,0,4.137746
2023,36.25,1.0,0.97810936,142.68944,0,3.5211935
2023,36.25,1.25,0.90996623,143.11162,0,3.2758784
2023,36.25,1.5,0.8496935,143.48448,0,3.0588965
2023,36.25,1.75,0.84626764,119.7243,0,3.0465634
2023,36.25,2.0,0.8216719,125.11921,0,2.9580188
2023,36.25,2.25,0.7839594,212.32735,0,2.8222537
2023,36.25,2.5,0.74516267,218.28137,0,2.6825855
2023,36.25,2.75,0.68095714,221.44435,0,2.4514456
2023,36.25,3.0,0.7763314,223.8393,0,2.7947931
2023,36.25,3.25,0.8196419,246.66547,0,2.9507108
2023,36.25,3.5,0.80883145,245.77563,0,2.9117932
2023,36.25,3.75,0.78117007,246.06654,0,2.8122122
2023,36.25,4.0,0.71674806,249.74951,0,2.580293
2023,36.25,4.25,0.6576388,250.24146,0,2.3674996
2023,36.25,4.5,0.605345,189.33354,0,2.179242
2023,36.25,4.75,0.6117304,157.05373,0,2.2022293
2023,36.25,5.0,0.71729755,192.32582,0,2.582271
2023,36.25,5.25,0.83290344,259.1275,0,2.9984524
2023,36.25,5.5,0.95107293,267.50247,0,3.4238625
2023,36.25,5.75,0.98391485,278.49228,0,3.5420933
2023,36.25,6.0,0.9848284,264.71307,0,3.5453823
2023,36.25,6.25,0.88591224,241.8882,0,3.189284
2023,36.25,6.5,0.86177176,201.17114,0,3.1023784
2023,36.25,6.75,0.9225836,201.4587,0,3.3213007
2023,36.25,7.0,1.0404724,226.53432,0,3.7457006
2023,36.25,7.25,0.9907163,278.3912,0,3.5665786
2023,36.25,7.5,0.9186917,249.92468,0,3.30729
2023,36.25,7.75,1.0596863,310.94077,0,3.8148706
2023,36.25,8.0,1.2514031,312.09113,0,4.505051
2023,36.25,8.25,1.2979622,309.7344,0,4.6726637
2023,36.25,8.5,1.0397389,303.16922,0,3.7430599
2023,36.25,8.75,1.0129395,304.11978,0,3.646582
2023,36.25,9.0,1.083172,304.18832,0,3.899419
2023,36.25,9.25,1.173865,300.0391,0,4.2259135
2023,36.25,9.5,1.1546679,275.90323,0,4.156804
2023,36.25,9.75,1.1771506,266.18063,0,4.237742
2023,36.25,10.0,1.2145349,272.0777,0,4.3723254
2023,36.25,10.25,1.2361113,257.52594,0,4.4500003
2023,36.25,10.5,1.5666927,181.09174,0,5.640094
2023,36.25,10.75,1.8920788,184.94313,0,6.8114834
2023,36.25,11.0,2.0787144,185.36131,0,7.4833717
2023,36.25,11.25,2.052529,239.05742,0,7.3891044
2023,36.25,11.5,2.1086142,264.19882,0,7.591011
2023,36.25,11.75,2.2259743,261.52597,0,8.013507
2023,36.25,12.0,2.3590837,261.00955,0,8.492701
2023,36.0,-9.0,4.358482,232.98387,0,15.690535
2023,36.0,-8.75,4.1311154,232.19615,0,14.872015
2023,36.0,-8.5,3.883438,232.0742,0,13.980377
2023,36.0,-8.25,3.5783396,232.91241,0,12.882022
2023,36.0,-8.0,3.3289063,216.5803,0,11.984062
2023,36.0,-7.75,3.1383753,218.81166,0,11.298151
2023,36.0,-7.5,2.942667,192.19514,0,10.593601
2023,36.0,-7.25,2.7841866,136.73763,0,10.023071
2023,36.0,-7.0,2.6638093,144.10313,0,9.589713
2023,36.0,-6.75,2.517179,149.73293,0,9.061844
2023,36.0,-6.5,2.4593463,122.93978,0,8.853646
2023,36.0,-6.25,2.3725684,125.220634,0,8.541245
2023,36.0,-6.0,2.105773,125.48168,0,7.5807824
2023,36.0,-5.75,1.4994231,139.8983,0,5.397923
2023,36.0,-5.5,1.3236849,185.90045,0,4.7652655
2023,36.0,-5.25,1.5089134,195.46587,0,5.432088
2023,36.0,-5.0,1.7339817,249.74525,0,6.242334
2023,36.0,-4.75,2.0066757,260.6815,0,7.2240324
2023,36.0,-4.5,2.147415,267.67282,0,7.7306933
2023,36.0,-4.25,2.1513114,268.9807,0,7.744721
2023,36.0,-4.0,2.0140557,269.8183,0,7.2506003
2023,36.0,-3.75,1.8529979,216.55482,0,6.670792
2023,36.0,-3.5,1.7799783,198.68474,0,6.407922
2023,36.0,-3.25,1.8054773,166.01791,0,6.499718
2023,36.0,-3.0,1.8799509,165.65662,0,6.767823
2023,36.0,-2.75,1.9678802,163.89868,0,7.0843687
2023,36.0,-2.5,2.0488374,162.06111,0,7.3758144
2023,36.0,-2.25,2.1258376,160.15604,0,7.653015
2023,36.0,-2.0,2.1434557,159.53639,0,7.7164407
2023,36.0,-1.75,2.0787594,157.69043,0,7.483534
2023,36.0,-1.5,1.9913087,156.28957,0,7.168711
2023,36.0,-1.25,1.8986802,153.25438,0,6.8352485
2023,36.0,-1.0,1.8756185,152.27748,0,6.7522264
2023,36.0,-0.75,1.8838258,151.0836,0,6.7817726
2023,36.0,-0.5,1.6928983,147.88556,0,6.094434
2023,36.0,-0.25,1.6592594,143.70976,0,5.973334
2023,36.0,0.0,1.4953173,229.28253,0,5.3831425
2023,36.0,0.25,1.2179807,255.25964,0,4.3847303
2023,36.0,0.5,0.9685319,281.70206,0,3.4867148
2023,36.0,0.75,0.87570554,252.29512,0,3.15254
2023,36.0,1.0,0.82197446,249.13762,0,2.9591079
2023,36.0,1.25,0.7767563,251.53719,0,2.7963226
2023,36.0,1.5,0.73952955,228.54417,0,2.6623063
2023,36.0,1.75,0.7563403,233.53076,0,2.722825
2023,36.0,2.0,0.84654015,238.90471,0,3.0475445
2023,36.0,2.25,0.87699705,243.93237,0,3.1571894
2023,36.0,2.5,0.85406905,251.01482,0,3.0746486
2023,36.0,2.75,0.83155304,230.7972,0,2.9935908
2023,36.0,3.0,0.9641357,245.08614,0,3.4708884
2023,36.0,3.25,1.020884,254.57423,0,3.6751823
2023,36.0,3.5,1.1925122,257.59756,0,4.2930436
2023,36.0,3.75,1.2112364,234.24762,0,4.3604507
2023,36.0,4.0,1.1570439,238.6067,0,4.165358
2023,36.0,4.25,0.89799637,190.48163,0,3.232787
2023,36.0,4.5,0.80427533,166.75392,0,2.8953912
2023,36.0,4.75,0.7165027,171.9948,0,2.5794098
2023,36.0,5.0,0.8276313,202.54112,0,2.9794726
2023,36.0,5.25,0.9487737,235.75636,0,3.4155853
2023,36.0,5.5,0.9652048,235.07935,0,3.4747372
2023,36.0,5.75,0.9764512,268.42407,0,3.5152242
2023,36.0,6.0,1.0438228,262.85706,0,3.757762
2023,36.0,6.25,0.9869347,243.01689,0,3.552965
2023,36.0,6.5,0.9519475,219.50072,0,3.427011
2023,36.0,6.75,0.96939546,220.20363,0,3.4898236
2023,36.0,7.0,1.0618967,256.08044,0,3.822828
2023,36.0,7.25,1.0387526,249.11101,0,3.739509
2023,36.0,7.5,1.1577963,276.43924,0,4.1680665
2023,36.0,7.75,1.3064154,309.18405,0,4.7030954
2023,36.0,8.0,1.336352,310.10443,0,4.810867
2023,36.0,8.25,1.1047729,309.25375,0,3.9771824
2023,36.0,8.5,0.86882025,275.27408,0,3.1277528
2023,36.0,8.75,0.9301739,303.4236,0,3.348626
2023,36.0,9.0,1.0484196,299.95908,0,3.7743104
2023,36.0,9.25,1.1962805,290.61313,0,4.3066096
2023,36.0,9.5,1.1588718,296.0071,0,4.1719384
2023,36.0,9.75,1.203309,269.87766,0,4.3319125
2023,36.0,10.0,1.1704477,207.86328,0,4.2136116
2023,36.0,10.25,1.1725603,212.03412,0,4.221217
2023,36.0,10.5,1.5340728,157.40086,0,5.5226617
2023,36.0,10.75,1.8604803,129.53023,0,6.697729
2023,36.0,11.0,2.0200727,131.05421,0,7.2722616
2023,36.0,11.25,1.9664356,156.52405,0,7.079168
2023,36.0,11.5,2.0151384,211.26955,0,7.254498
2023,36.0,11.75,2.1074584,233.1006,0,7.5868497
2023,36.0,12.0,2.180664,231.62947,0,7.8503904
2023,35.75,-9.0,4.3741946,235.77538,0,15.7471
2023,35.75,-8.75,4.1942396,235.53044,0,15.099262
2023,35.75,-8.5,3.946907,236.35146,0,14.208865
2023,35.75,-8.25,3.7237194,238.2378,0,13.40539
2023,35.75,-8.0,3.4926271,213.15405,0,12.573458
2023,35.75,-7.75,3.311369,218.14073,0,11.920928
2023,35.75,-7.5,3.1272533,220.16518,0,11.258112
2023,35.75,-7.25,2.9569438,134.00299,0,10.644998
2023,35.75,-7.0,2.8389368,138.22058,0,10.220172
2023,35.75,-6.75,2.665396,112.5026,0,9.595426
2023,35.75,-6.5,2.5595949,116.479454,0,9.214541
2023,35.75,-6.25,2.1964352,121.50235,0,7.9071665
2023,35.75,-6.0,1.8306369,125.48417,0,6.5902925
2023,35.75,-5.75,1.2194266,94.16299,0,4.389936
2023,35.75,-5.5,1.1210617,146.82085,0,4.035822
2023,35.75,-5.25,1.2752198,173.26665,0,4.590791
2023,35.75,-5.0,1.5314126,202.14014,0,5.5130854
2023,35.75,-4.75,1.7545687,191.71837,0,6.3164473
2023,35.75,-4.5,1.9129301,187.52454,0,6.8865485
2023,35.75,-4.25,2.019613,187.02827,0,7.2706065
2023,35.75,-4.0,1.8992671,190.82239,0,6.8373613
2023,35.75,-3.75,1.7842007,170.31825,0,6.4231224
2023,35.75,-3.5,1.7417879,192.30171,0,6.2704363
2023,35.75,-3.25,1.7689792,165.22333,0,6.3683248
2023,35.75,-3.0,1.8232101,162.53809,0,6.563556
2023,35.75,-2.75,1.9331703,160.61458,0,6.959413
2023,35.75,-2.5,2.0163505,159.86952,0,7.2588615
2023,35.75,-2.25,2.028466,159.05486,0,7.3024774
2023,35.75,-2.0,2.0341485,158.72237,0,7.322934
2023,35.75,-1.75,1.9646826,156.85286,0,7.072857
2023,35.75,-1.5,1.771438,151.48404,0,6.377177
2023,35.75,-1.25,1.6911174,147.1119,0,6.0880227
2023,35.75,-1.0,1.5349776,143.03203,0,5.525919
2023,35.75,-0.75,1.5288442,200.2008,0,5.503839
2023,35.75,-0.5,1.3518873,284.8829,0,4.866794
2023,35.75,-0.25,1.2047083,282.84006,0,4.33695
2023,35.75,0.0,1.0464791,277.33063,0,3.7673247
2023,35.75,0.25,0.9987788,273.28284,0,3.5956037
2023,35.75,0.5,0.9897456,274.81967,0,3.5630841
2023,35.75,0.75,0.88738394,275.64005,0,3.194582
2023,35.75,1.0,0.8061711,274.24582,0,2.902216
2023,35.75,1.25,0.7976639,274.42328,0,2.8715901
2023,35.75,1.5,0.8103451,261.57318,0,2.9172423
2023,35.75,1.75,0.88243836,267.6198,0,3.176778
2023,35.75,2.0,1.050232,245.12032,0,3.7808354
2023,35.75,2.25,1.1157751,250.1654,0,4.0167904
2023,35.75,2.5,1.0748297,247.52867,0,3.869387
2023,35.75,2.75,1.057542,238.45964,0,3.807151
2023,35.75,3.0,1.1018049,239.62334,0,3.9664974
2023,35.75,3.25,1.1920946,235.05309,0,4.29154
2023,35.75,3.5,1.3845576,231.52858,0,4.9844074
2023,35.75,3.75,1.5618067,257.43747,0,5.6225038
2023,35.75,4.0,1.5276886,230.22734,0,5.499679
2023,35.75,4.25,1.2273376,205.94006,0,4.418415
2023,35.75,4.5,1.0893714,216.23128,0,3.9217372
2023,35.75,4.75,0.94000465,192.36964,0,3.3840168
2023,35.75,5.0,0.91736346,169.15454,0,3.3025084
2023,35.75,5.25,0.80991286,179.4403,0,2.9156861
2023,35.75,5.5,0.7456735,211.80011,0,2.6844244
2023,35.75,5.75,0.7127103,235.8009,0,2.565757
2023,35.75,6.0,0.8097375,233.90015,0,2.915055
2023,35.75,6.25,0.8191035,215.03546,0,2.9487724
2023,35.75,6.5,0.94353956,272.3552,0,3.3967423
2023,35.75,6.75,0.9511203,248.70702,0,3.4240332
2023,35.75,7.0,0.9593403,250.14111,0,3.453625
2023,35.75,7.25,1.0272301,273.94327,0,3.6980283
2023,35.75,7.5,1.1481754,268.69736,0,4.133431
2023,35.75,7.75,1.1739845,298.91257,0,4.226344
2023,35.75,8.0,1.0470437,298.57733,0,3.7693572
2023,35.75,8.25,0.83935,237.25752,0,3.0216599
2023,35.75,8.5,0.95278144,238.43329,0,3.4300132
2023,35.75,8.75,1.0853547,268.51282,0,3.9072769
2023,35.75,9.0,1.2312403,300.06955,0,4.432465
2023,35.75,9.25,1.2359115,300.24612,0,4.449281
2023,35.75,9.5,1.1852205,272.79092,0,4.2667937
2023,35.75,9.75,1.0680763,245.46375,0,3.8450744
2023,35.75,10.0,1.0400895,217.93152,0,3.744322
2023,35.75,10.25,1.0150827,159.32086,0,3.6542976
2023,35.75,10.5,1.0752832,159.40456,0,3.8710194
2023,35.75,10.75,1.3579383,131.33534,0,4.888578
2023,35.75,11.0,1.690629,133.73608,0,6.086264
2023,35.75,11.25,1.9652691,133.7246,0,7.0749683
2023,35.75,11.5,1.9541956,160.81282,0,7.0351043
2023,35.75,11.75,2.005157,222.56062,0,7.218565
2023,35.75,12.0,2.0648305,228.75923,0,7.4333897
2023,35.5,-9.0,4.360771,237.6168,0,15.698776
2023,35.5,-8.75,4.214502,237.4373,0,15.172206
2023,35.5,-8.5,4.021186,237.85059,0,14.476269
2023,35.5,-8.25,3.8093445,239.04869,0,13.71364
2023,35.5,-8.0,3.5970423,210.31041,0,12.949352
2023,35.5,-7.75,3.3781788,213.62111,0,12.161444
2023,35.5,-7.5,3.1812582,216.45363,0,11.452529
2023,35.5,-7.25,2.9808035,217.56273,0,10.730892
2023,35.5,-7.0,2.8374748,219.4796,0,10.21491
2023,35.5,-6.75,2.5991144,131.4497,0,9.356812
2023,35.5,-6.5,2.1823063,131.07965,0,7.8563023
2023,35.5,-6.25,1.6331159,104.79276,0,5.879217
2023,35.5,-6.0,1.0783039,116.25541,0,3.881894
2023,35.5,-5.75,0.8117459,135.07793,0,2.922285
2023,35.5,-5.5,0.6560046,134.08427,0,2.3616166
2023,35.5,-5.25,0.7017719,150.17725,0,2.5263789
2023,35.5,-5.0,1.0706378,141.65312,0,3.854296
2023,35.5,-4.75,1.5739399,132.60393,0,5.6661835
2023,35.5,-4.5,1.885449,130.43695,0,6.7876163
2023,35.5,-4.25,1.9932746,157.10551,0,7.1757884
2023,35.5,-4.0,1.9108528,154.73386,0,6.87907
2023,35.5,-3.75,1.8365283,145.64897,0,6.6115017
2023,35.5,-3.5,1.7598168,165.33833,0,6.33534
2023,35.5,-3.25,1.7170404,158.24138,0,6.1813455
2023,35.5,-3.0,1.6695162,125.74714,0,6.010258
2023,35.5,-2.75,1.8569838,127.69926,0,6.6851416
2023,35.5,-2.5,1.9857608,159.55096,0,7.148739
2023,35.5,-2.25,1.979386,159.88637,0,7.125789
2023,35.5,-2.0,1.8913141,156.29834,0,6.8087306
2023,35.5,-1.75,1.8243538,149.49184,0,6.5676737
2023,35.5,-1.5,1.5724641,172.23419,0,5.6608706
2023,35.5,-1.25,1.2583886,225.50171,0,4.530199
2023,35.5,-1.0,0.98119074,275.2764,0,3.5322866
2023,35.5,-0.75,1.0739869,275.8496,0,3.8663528
2023,35.5,-0.5,1.1032783,277.94437,0,3.9718018
2023,35.5,-0.25,1.0231286,278.96268,0,3.683263
2023,35.5,0.0,0.87298757,276.07816,0,3.1427553
2023,35.5,0.25,0.9998989,277.21054,0,3.599636
2023,35.5,0.5,1.011429,278.22287,0,3.641144
2023,35.5,0.75,0.95778656,277.65802,0,3.4480314
2023,35.5,1.0,0.8875248,275.61655,0,3.195089
2023,35.5,1.25,0.9808114,275.34024,0,3.530921
2023,35.5,1.5,1.1125735,272.92294,0,4.0052643
2023,35.5,1.75,1.2128779,271.33426,0,4.36636
2023,35.5,2.0,1.3023778,240.722,0,4.68856
2023,35.5,2.25,1.2795434,236.27666,0,4.606356
2023,35.5,2.5,1.2542545,233.54433,0,4.515316
2023,35.5,2.75,1.2221445,234.40698,0,4.39972
2023,35.5,3.0,1.2030735,236.89043,0,4.3310647
2023,35.5,3.25,1.2481405,232.95135,0,4.4933057
2023,35.5,3.5,1.3617511,254.0144,0,4.9023037
2023,35.5,3.75,1.5342897,248.79039,0,5.5234427
2023,35.5,4.0,1.5920566,247.01472,0,5.731404
2023,35.5,4.25,1.5403447,247.6902,0,5.545241
2023,35.5,4.5,1.3056821,225.76172,0,4.700455
2023,35.5,4.75,1.2044073,210.06566,0,4.3358665
2023,35.5,5.0,1.1489013,222.29836,0,4.1360445
2023,35.5,5.25,0.9121527,173.62758,0,3.2837496
2023,35.5,5.5,0.7971485,96.59293,0,2.8697345
2023,35.5,5.75,0.6117017,129.72063,0,2.2021263
2023,35.5,6.0,0.56058615,205.24298,0,2.01811
2023,35.5,6.25,0.7593933,267.99265,0,2.7338157
2023,35.5,6.5,0.88941693,282.01422,0,3.201901
2023,35.5,6.75,0.93038756,258.06955,0,3.349395
2023,35.5,7.0,0.8833036,260.35913,0,3.1798928
2023,35.5,7.25,0.94261914,258.107,0,3.3934288
2023,35.5,7.5,1.007737,259.40063,0,3.6278532
2023,35.5,7.75,0.98723406,286.64444,0,3.5540426
2023,35.5,8.0,0.937541,291.93866,0,3.3751476
2023,35.5,8.25,1.0858977,296.35562,0,3.9092317
2023,35.5,8.5,1.2372396,298.96848,0,4.4540625
2023,35.5,8.75,1.2560347,300.96957,0,4.5217247
2023,35.5,9.0,1.2716246,305.3,0,4.5778484
2023,35.5,9.25,1.1563739,277.6249,0,4.1629457
2023,35.5,9.5,0.99632245,221.20872,0,3.5867608
2023,35.5,9.75,0.90075463,223.34283,0,3.2427166
2023,35.5,10.0,0.9214661,162.96289,0,3.317278
2023,35.5,10.25,0.9283178,164.1575,0,3.341944
2023,35.5,10.5,0.92446774,162.78535,0,3.3280838
2023,35.5,10.75,0.9914004,162.64264,0,3.5690415
2023,35.5,11.0,1.2064234,166.16809,0,4.343124
2023,35.5,11.25,1.675999,139.31725,0,6.0335965
2023,35.5,11.5,1.9066454,137.48796,0,6.8639235
2023,35.5,11.75,1.973498,164.69359,0,7.104593
2023,35.5,12.0,2.011089,194.18797,0,7.2399206
2023,35.25,-9.0,4.3839564,238.29173,0,15.782243
2023,35.25,-8.75,4.2276087,237.95293,0,15.219391
2023,35.25,-8.5,4.0261893,238.04938,0,14.494281
2023,35.25,-8.25,3.8114388,238.0569,0,13.721179
2023,35.25,-8.0,3.5957718,237.67003,0,12.944778
2023,35.25,-7.75,3.3711872,237.86076,0,12.136273
2023,35.25,-7.5,3.155018,236.94519,0,11.358065
2023,35.25,-7.25,2.9305794,235.66435,0,10.550086
2023,35.25,-7.0,2.6541483,234.40155,0,9.554934
2023,35.25,-6.75,2.3976476,228.92622,0,8.631531
2023,35.25,-6.5,1.9956784,220.13243,0,7.184442
2023,35.25,-6.25,1.4490128,212.59013,0,5.216446
2023,35.25,-6.0,0.72599626,171.45056,0,2.6135864
2023,35.25,-5.75,0.5819224,138.5932,0,2.0949206
2023,35.25,-5.5,0.46365538,123.55545,0,1.6691593
2023,35.25,-5.25,0.3999844,127.5778,0,1.4399438
2023,35.25,-5.0,0.5136105,119.74311,0,1.8489977
2023,35.25,-4.75,0.77685183,114.67606,0,2.7966666
2023,35.25,-4.5,1.0668824,111.89999,0,3.8407764
2023,35.25,-4.25,1.2021437,138.96222,0,4.3277173
2023,35.25,-4.0,1.2252446,137.36559,0,4.4108806
2023,35.25,-3.75,1.2215296,203.2981,0,4.397506
2023,35.25,-3.5,1.2809632,216.48755,0,4.6114674
2023,35.25,-3.25,1.2653086,213.26161,0,4.555111
2023,35.25,-3.0,1.1712943,190.11412,0,4.2166595
2023,35.25,-2.75,1.4777814,134.22755,0,5.320013
2023,35.25,-2.5,1.6442496,134.7967,0,5.919298
2023,35.25,-2.25,1.651841,131.94356,0,5.9466276
2023,35.25,-2.0,1.5756673,153.45071,0,5.672402
2023,35.25,-1.75,1.5100054,292.7744,0,5.436019
2023,35.25,-1.5,1.2626059,285.54117,0,4.545381
2023,35.25,-1.25,0.9545528,279.64923,0,3.4363902
2023,35.25,-1.0,0.8280274,279.22165,0,2.9808986
2023,35.25,-0.75,0.9911452,281.92392,0,3.5681226
2023,35.25,-0.5,1.073998,284.09555,0,3.8663926
2023,35.25,-0.25,1.0316377,284.98645,0,3.7138956
2023,35.25,0.0,0.8434937,284.89813,0,3.0365772
2023,35.25,0.25,0.92738223,284.392,0,3.3385758
2023,35.25,0.5,0.9274251,282.6245,0,3.3387303
2023,35.25,0.75,0.8805838,279.10672,0,3.1701016
2023,35.25,1.0,0.8496406,274.57248,0,3.058706
2023,35.25,1.25,1.0755264,271.9613,0,3.8718948
2023,35.25,1.5,1.2513074,270.0483,0,4.5047064
2023,35.25,1.75,1.342074,269.11954,0,4.831466
2023,35.25,2.0,1.2800566,270.20316,0,4.6082034
2023,35.25,2.25,1.2229457,254.00102,0,4.4026046
2023,35.25,2.5,1.2115834,252.6251,0,4.3617
2023,35.25,2.75,1.2038813,251.53119,0,4.3339725
2023,35.25,3.0,1.1414212,251.22536,0,4.109116
2023,35.25,3.25,1.1665001,251.75008,0,4.1994004
2023,35.25,3.5,1.2254627,253.5904,0,4.4116654
2023,35.25,3.75,1.2986895,256.3876,0,4.675282
2023,35.25,4.0,1.358816,259.0888,0,4.8917375
2023,35.25,4.25,1.3789477,256.18668,0,4.964212
2023,35.25,4.5,1.4671425,251.46075,0,5.2817125
2023,35.25,4.75,1.4950482,232.42604,0,5.382173
2023,35.25,5.0,1.3873186,233.90321,0,4.994347
2023,35.25,5.25,1.2143749,248.833,0,4.3717494
2023,35.25,5.5,1.067284,199.6339,0,3.8422222
2023,35.25,5.75,0.85212415,134.30913,0,3.067647
2023,35.25,6.0,0.6922827,182.03282,0,2.4922175
2023,35.25,6.25,0.7745587,249.04236,0,2.7884114
2023,35.25,6.5,0.8645105,276.39874,0,3.1122377
2023,35.25,6.75,0.86190814,275.7133,0,3.1028693
2023,35.25,7.0,0.80594486,278.23593,0,2.9014015
2023,35.25,7.25,1.0336314,286.01605,0,3.7210732
2023,35.25,7.5,1.1360253,291.27942,0,4.089691
2023,35.25,7.75,1.1708999,296.20703,0,4.2152395
2023,35.25,8.0,1.1681476,298.86276,0,4.2053313
2023,35.25,8.25,1.3017384,301.38412,0,4.686258
2023,35.25,8.5,1.2829174,304.62827,0,4.6185026
2023,35.25,8.75,1.1914731,306.92844,0,4.2893033
2023,35.25,9.0,1.0782076,277.94592,0,3.8815472
2023,35.25,9.25,0.97399616,224.85704,0,3.506386
2023,35.25,9.5,0.8838134,196.85156,0,3.1817281
2023,35.25,9.75,0.8381719,166.14438,0,3.0174189
2023,35.25,10.0,0.85023254,165.30995,0,3.060837
2023,35.25,10.25,0.89932925,166.7821,0,3.2375853
2023,35.25,10.5,0.9963999,167.43852,0,3.5870395
2023,35.25,10.75,1.0941902,167.79483,0,3.9390848
2023,35.25,11.0,1.2222947,169.80115,0,4.400261
2023,35.25,11.25,1.6517333,143.05183,0,5.9462395
2023,35.25,11.5,1.9095016,141.08794,0,6.8742056
2023,35.25,11.75,1.9903034,138.10944,0,7.165092
2023,35.25,12.0,1.9505335,135.87453,0,7.0219207
2023,35.0,-9.0,4.3355927,208.28967,0,15.608133
2023,35.0,-8.75,4.1896634,207.68065,0,15.0827875
2023,35.0,-8.5,4.022181,206.95398,0,14.479852
2023,35.0,-8.25,3.8373039,236.08986,0,13.814294
2023,35.0,-8.0,3.6272218,235.27455,0,13.057999
2023,35.0,-7.75,3.3741026,233.56708,0,12.146769
2023,35.0,-7.5,3.137668,231.37059,0,11.295604
2023,35.0,-7.25,2.8785534,228.70978,0,10.362792
2023,35.0,-7.0,2.5382376,225.06197,0,9.137655
2023,35.0,-6.75,2.263514,219.75188,0,8.14865
2023,35.0,-6.5,1.8695197,244.09705,0,6.730271
2023,35.0,-6.25,1.375024,239.50511,0,4.950086
2023,35.0,-6.0,0.7701625,211.88237,0,2.772585
2023,35.0,-5.75,0.6643589,160.01616,0,2.391692
2023,35.0,-5.5,0.6161968,131.29076,0,2.2183084
2023,35.0,-5.25,0.4974983,159.03978,0,1.7909938
2023,35.0,-5.0,0.3806682,118.676125,0,1.3704054
2023,35.0,-4.75,0.46765372,101.60926,0,1.6835533
2023,35.0,-4.5,0.48921922,105.85977,0,1.7611891
2023,35.0,-4.25,0.49399313,170.88463,0,1.7783753
2023,35.0,-4.0,0.50150996,179.43965,0,1.8054358
2023,35.0,-3.75,0.5402891,181.14923,0,1.9450407
2023,35.0,-3.5,0.67871493,195.7384,0,2.4433737
2023,35.0,-3.25,0.84769565,222.12683,0,3.0517042
2023,35.0,-3.0,0.9560759,160.14601,0,3.441873
2023,35.0,-2.75,0.94064087,127.89188,0,3.386307
2023,35.0,-2.5,0.899314,96.493034,0,3.2375302
2023,35.0,-2.25,0.83484,154.0525,0,3.005424
2023,35.0,-2.0,0.85583144,211.34985,0,3.0809932
2023,35.0,-1.75,0.8282204,294.80518,0,2.9815934
2023,35.0,-1.5,0.79139495,288.52365,0,2.8490217
2023,35.0,-1.25,0.7835243,283.53055,0,2.8206873
2023,35.0,-1.0,0.90396804,284.9233,0,3.2542849
2023,35.0,-0.75,0.97776455,289.0773,0,3.5199523
2023,35.0,-0.5,0.96813184,289.3311,0,3.4852746
2023,35.0,-0.25,0.8860889,287.73694,0,3.18992
2023,35.0,0.0,0.7840763,286.0286,0,2.8226745
2023,35.0,0.25,0.93719465,285.15585,0,3.3739007
2023,35.0,0.5,0.99166733,282.31735,0,3.5700023
2023,35.0,0.75,0.9830816,272.0154,0,3.5390935
2023,35.0,1.0,0.95675486,272.01016,0,3.4443173
2023,35.0,1.25,1.1692139,277.34293,0,4.20917
2023,35.0,1.5,1.3639913,280.36414,0,4.9103684
2023,35.0,1.75,1.4951105,282.6979,0,5.3823977
2023,35.0,2.0,1.4922649,283.93896,0,5.3721533
2023,35.0,2.25,1.4118472,260.14633,0,5.0826497
2023,35.0,2.5,1.3576552,257.72025,0,4.8875585
2023,35.0,2.75,1.2931582,255.10606,0,4.6553693
2023,35.0,3.0,1.1730043,252.83504,0,4.222815
2023,35.0,3.25,1.153531,252.15984,0,4.1527114
2023,35.0,3.5,1.2250047,253.42003,0,4.4100165
2023,35.0,3.75,1.3330933,256.73367,0,4.7991357
2023,35.0,4.0,1.433261,262.11966,0,5.1597395
2023,35.0,4.25,1.462829,264.70474,0,5.2661843
2023,35.0,4.5,1.5612445,265.31863,0,5.62048
2023,35.0,4.75,1.6588812,246.01794,0,5.971972
2023,35.0,5.0,1.7435365,246.3785,0,6.276731
2023,35.0,5.25,1.6723537,245.24585,0,6.0204735
2023,35.0,5.5,1.579079,217.92206,0,5.6846843
2023,35.0,5.75,1.3011606,194.28937,0,4.684178
2023,35.0,6.0,0.7053185,183.27882,0,2.5391467
2023,35.0,6.25,0.61236364,215.3387,0,2.204509
2023,35.0,6.5,0.6518032,246.14824,0,2.3464913
2023,35.0,6.75,0.7291889,250.10437,0,2.62508
2023,35.0,7.0,0.8209035,288.4552,0,2.9552524
2023,35.0,7.25,1.0954305,294.9479,0,3.9435496
2023,35.0,7.5,1.2473956,300.58395,0,4.490624
2023,35.0,7.75,1.3100276,306.05875,0,4.7160993
2023,35.0,8.0,1.3157929,308.3579,0,4.7368546
2023,35.0,8.25,1.4024025,249.23473,0,5.048649
2023,35.0,8.5,1.3525842,222.54797,0,4.869303
2023,35.0,8.75,1.2257499,227.12218,0,4.412699
2023,35.0,9.0,1.0921267,200.72234,0,3.9316561
2023,35.0,9.25,1.0394142,202.01744,0,3.741891
2023,35.0,9.5,1.0195341,171.89769,0,3.6703227
2023,35.0,9.75,1.007029,171.39636,0,3.6253045
2023,35.0,10.0,0.98510504,170.54007,0,3.5463781
2023,35.0,10.25,1.0834566,170.92833,0,3.9004438
2023,35.0,10.5,1.285724,171.48814,0,4.6286063
2023,35.0,10.75,1.531742,172.9851,0,5.514271
2023,35.0,11.0,1.8304211,148.24083,0,6.5895157
2023,35.0,11.25,1.9379991,146.06108,0,6.9767966
2023,35.0,11.5,1.975471,143.30315,0,7.1116953
2023,35.0,11.75,1.9583826,140.50124,0,7.050177
2023,35.0,12.0,1.9642954,138.99055,0,7.071463
2023,34.75,-9.0,4.3445325,178.94771,0,15.640317
2023,34.75,-8.75,4.1893735,178.21086,0,15.081744
2023,34.75,-8.5,3.998833,206.94069,0,14.395799
2023,34.75,-8.25,3.7943814,205.69518,0,13.659773
2023,34.75,-8.0,3.5670223,204.44395,0,12.84128
2023,34.75,-7.75,3.3594067,201.6299,0,12.0938635
2023,34.75,-7.5,3.100888,199.3601,0,11.163197
2023,34.75,-7.25,2.797532,226.56519,0,10.0711155
2023,34.75,-7.0,2.4745815,222.72151,0,8.908493
2023,34.75,-6.75,2.1053154,247.51405,0,7.5791354
2023,34.75,-6.5,1.5812184,244.44868,0,5.692386
2023,34.75,-6.25,1.071345,242.05525,0,3.8568418
2023,34.75,-6.0,0.8727257,240.08339,0,3.1418126
2023,34.75,-5.75,0.91067696,240.22945,0,3.278437
2023,34.75,-5.5,0.8430569,272.83206,0,3.0350049
2023,34.75,-5.25,0.759475,272.78293,0,2.7341099
2023,34.75,-5.0,0.5974112,243.49461,0,2.1506803
2023,34.75,-4.75,0.45445213,234.063,0,1.6360276
2023,34.75,-4.5,0.4301783,231.75334,0,1.5486419
2023,34.75,-4.25,0.5006434,223.80492,0,1.8023161
2023,34.75,-4.0,0.61683697,176.94566,0,2.220613
2023,34.75,-3.75,0.6540709,159.62932,0,2.3546553
2023,34.75,-3.5,0.7991057,157.21422,0,2.8767805
2023,34.75,-3.25,0.9486215,130.87209,0,3.4150374
2023,34.75,-3.0,1.0849385,63.259884,0,3.9057786
2023,34.75,-2.75,0.93527883,124.164665,0,3.3670037
2023,34.75,-2.5,0.83016783,150.29352,0,2.988604
2023,34.75,-2.25,0.8201075,178.65625,0,2.952387
2023,34.75,-2.0,0.7879997,175.63203,0,2.836799
2023,34.75,-1.75,0.66304654,171.30139,0,2.3869674
2023,34.75,-1.5,0.64847535,231.1046,0,2.3345113
2023,34.75,-1.25,0.7407119,262.98856,0,2.6665628
2023,34.75,-1.0,0.9279704,283.6721,0,3.3406935
2023,34.75,-0.75,0.96561414,246.95752,0,3.4762108
2023,34.75,-0.5,0.9545805,274.76965,0,3.4364896
2023,34.75,-0.25,0.9262852,273.5037,0,3.3346267
2023,34.75,0.0,1.0034517,274.29996,0,3.612426
2023,34.75,0.25,1.158792,279.0662,0,4.1716514
2023,34.75,0.5,1.2235711,280.62616,0,4.4048557
2023,34.75,0.75,1.1910605,280.1961,0,4.287818
2023,34.75,1.0,1.1272477,249.0219,0,4.0580916
2023,34.75,1.25,1.2286884,250.6565,0,4.423278
2023,34.75,1.5,1.3445805,255.54112,0,4.84049
2023,34.75,1.75,1.4864527,261.34915,0,5.3512297
2023,34.75,2.0,1.6541706,260.12344,0,5.955014
2023,34.75,2.25,1.533405,254.46489,0,5.5202575
2023,34.75,2.5,1.4072057,251.36128,0,5.0659404
2023,34.75,2.75,1.2616619,250.40088,0,4.5419827
2023,34.75,3.0,1.229008,250.57129,0,4.4244285
2023,34.75,3.25,1.3129416,255.09491,0,4.7265897
2023,34.75,3.5,1.4772488,260.5135,0,5.3180957
2023,34.75,3.75,1.6314181,264.07407,0,5.873105
2023,34.75,4.0,1.7320601,266.5405,0,6.235416
2023,34.75,4.25,1.5562278,271.56506,0,5.60242
2023,34.75,4.5,1.5958266,246.914,0,5.7449756
2023,34.75,4.75,1.6247282,246.34644,0,5.8490214
2023,34.75,5.0,1.6447225,241.68611,0,5.9210005
2023,34.75,5.25,1.6185595,238.86163,0,5.826814
2023,34.75,5.5,1.685335,209.1491,0,6.067206
2023,34.75,5.75,1.5229028,180.35323,0,5.48245
2023,34.75,6.0,1.1048418,178.09288,0,3.9774306
2023,34.75,6.25,0.9668594,151.11584,0,3.4806938
2023,34.75,6.5,0.8507461,122.37363,0,3.062686
2023,34.75,6.75,0.7873691,96.73263,0,2.8345287
2023,34.75,7.0,0.84448665,159.79951,0,3.0401518
2023,34.75,7.25,0.94960594,191.94771,0,3.4185812
2023,34.75,7.5,1.0053881,185.38454,0,3.6193972
2023,34.75,7.75,1.0666732,210.31606,0,3.8400233
2023,34.75,8.0,1.222457,230.36507,0,4.400845
2023,34.75,8.25,1.3926243,224.91296,0,5.0134473
2023,34.75,8.5,1.3890766,215.83478,0,5.0006757
2023,34.75,8.75,1.2995863,213.64528,0,4.6785107
2023,34.75,9.0,1.1828111,177.53798,0,4.25812
2023,34.75,9.25,1.2249473,174.21953,0,4.40981
2023,34.75,9.5,1.2977949,174.29988,0,4.6720614
2023,34.75,9.75,1.3393549,174.76025,0,4.821677
2023,34.75,10.0,1.4234458,175.36565,0,5.124405
2023,34.75,10.25,1.4898704,175.69197,0,5.3635335
2023,34.75,10.5,1.6823616,147.83911,0,6.0565014
2023,34.75,10.75,1.9175695,151.26974,0,6.90325
2023,34.75,11.0,2.1566179,152.68768,0,7.763824
2023,34.75,11.25,2.1606243,150.08826,0,7.7782474
2023,34.75,11.5,2.131006,146.9829,0,7.6716213
2023,34.75,11.75,2.0951402,144.17613,0,7.542505
2023,34.75,12.0,2.053377,141.2321,0,7.3921566
2023,34.5,-9.0,4.2985487,150.74954,0,15.474775
2023,34.5,-8.75,4.1460295,149.90907,0,14.925706
2023,34.5,-8.5,3.9558961,178.80876,0,14.241226
2023,34.5,-8.25,3.7412176,177.31934,0,13.468383
2023,34.5,-8.0,3.4974883,175.3723,0,12.590958
2023,34.5,-7.75,3.2570248,172.34221,0,11.725288
2023,34.5,-7.5,2.9393053,169.32452,0,10.581499
2023,34.5,-7.25,2.6195896,166.3875,0,9.430522
2023,34.5,-7.0,2.4047163,251.93707,0,8.656979
2023,34.5,-6.75,1.9829141,245.59102,0,7.1384907
2023,34.5,-6.5,1.4370497,241.1446,0,5.173379
2023,34.5,-6.25,0.95530295,265.21518,0,3.4390905
2023,34.5,-6.0,0.84899855,259.19656,0,3.0563946
2023,34.5,-5.75,0.95013785,260.67166,0,3.4204962
2023,34.5,-5.5,1.0108325,259.81345,0,3.638997
2023,34.5,-5.25,0.9354627,259.77554,0,3.3676658
2023,34.5,-5.0,0.8978259,266.76804,0,3.2321732
2023,34.5,-4.75,0.6934378,187.41795,0,2.496376
2023,34.5,-4.5,0.5393833,201.761,0,1.9417799
2023,34.5,-4.25,0.53581524,213.1659,0,1.9289348
2023,34.5,-4.0,0.7311267,197.33698,0,2.6320562
2023,34.5,-3.75,0.75747734,179.29253,0,2.7269185
2023,34.5,-3.5,1.0454727,161.31096,0,3.7637017
2023,34.5,-3.25,1.2122856,160.83827,0,4.3642282
2023,34.5,-3.0,1.1045493,87.283264,0,3.9763772
2023,34.5,-2.75,0.89672375,146.3729,0,3.2282054
2023,34.5,-2.5,0.8521755,147.0951,0,3.0678315
2023,34.5,-2.25,0.876276,238.56108,0,3.1545935
2023,34.5,-2.0,0.83340096,238.27824,0,3.0002434
2023,34.5,-1.75,0.7490289,214.388,0,2.696504
2023,34.5,-1.5,0.89964753,238.10277,0,3.2387311
2023,34.5,-1.25,1.104386,246.6628,0,3.9757893
2023,34.5,-1.0,1.2191416,248.43501,0,4.38891
2023,34.5,-0.75,1.2289206,249.67969,0,4.4241138
2023,34.5,-0.5,1.2201831,250.13438,0,4.392659
2023,34.5,-0.25,1.2107077,252.29211,0,4.3585477
2023,34.5,0.0,1.2804005,253.68303,0,4.6094418
2023,34.5,0.25,1.3952413,255.43382,0,5.0228686
2023,34.5,0.5,1.4060291,256.3486,0,5.0617046
2023,34.5,0.75,1.3709093,256.8997,0,4.9352736
2023,34.5,1.0,1.3336779,252.01367,0,4.8012404
2023,34.5,1.25,1.2475191,248.68085,0,4.491069
2023,34.5,1.5,1.3225306,251.6959,0,4.7611103
2023,34.5,1.75,1.3411356,252.47298,0,4.8280883
2023,34.5,2.0,1.4594375,252.33337,0,5.253975
2023,34.5,2.25,1.4453031,251.23238,0,5.203091
2023,34.5,2.5,1.4611455,255.43703,0,5.2601237
2023,34.5,2.75,1.4180737,256.6373,0,5.105065
2023,34.5,3.0,1.4864994,262.38046,0,5.351398
2023,34.5,3.25,1.5521946,270.23672,0,5.5879
2023,34.5,3.5,1.6770416,271.91046,0,6.0373497
2023,34.5,3.75,1.621066,271.4445,0,5.8358374
2023,34.5,4.0,1.6291293,241.98845,0,5.8648653
2023,34.5,4.25,1.5584761,246.3686,0,5.6105137
2023,34.5,4.5,1.5446285,185.80762,0,5.5606623
2023,34.5,4.75,1.5832802,185.04552,0,5.6998086
2023,34.5,5.0,1.5454506,179.86047,0,5.563622
2023,34.5,5.25,1.7021452,180.7241,0,6.1277227
2023,34.5,5.5,1.7596269,178.92157,0,6.3346567
2023,34.5,5.75,1.7598125,178.82878,0,6.335325
2023,34.5,6.0,1.4876412,179.86029,0,5.3555083
2023,34.5,6.25,1.2649082,154.76012,0,4.5536695
2023,34.5,6.5,1.1249148,150.72388,0,4.049693
2023,34.5,6.75,1.0657864,109.12844,0,3.8368309
2023,34.5,7.0,1.2281193,97.674095,0,4.4212294
2023,34.5,7.25,1.3661757,90.97974,0,4.9182324
2023,34.5,7.5,1.2528337,86.34841,0,4.5102015
2023,34.5,7.75,1.1439883,134.49445,0,4.1183577
2023,34.5,8.0,1.1856672,172.03972,0,4.2684016
2023,34.5,8.25,1.2285007,194.41644,0,4.4226027
2023,34.5,8.5,1.1240674,187.34785,0,4.046643
2023,34.5,8.75,1.0420951,182.5577,0,3.751542
2023,34.5,9.0,1.0907354,178.28615,0,3.9266474
2023,34.5,9.25,1.1965537,175.70927,0,4.3075933
2023,34.5,9.5,1.2786621,174.3675,0,4.6031833
2023,34.5,9.75,1.4511613,173.9464,0,5.22418
2023,34.5,10.0,1.6777667,147.2874,0,6.03996
2023,34.5,10.25,1.881986,152.86195,0,6.7751493
2023,34.5,10.5,2.1868908,157.16318,0,7.872807
2023,34.5,10.75,2.464805,129.40157,0,8.873298
2023,34.5,11.0,2.5190647,128.66264,0,9.068632
2023,34.5,11.25,2.3350995,125.2016,0,8.406358
2023,34.5,11.5,2.2882438,122.08318,0,8.237678
2023,34.5,11.75,2.2254508,118.27212,0,8.011622
2023,34.5,12.0,2.1647594,145.0937,0,7.7931337
2023,34.25,-9.0,4.2945476,152.6252,0,15.460371
2023,34.25,-8.75,4.119602,151.6645,0,14.830567
2023,34.25,-8.5,3.909455,150.55536,0,14.074038
2023,34.25,-8.25,3.6526566,178.9209,0,13.149563
2023,34.25,-8.0,3.3142853,176.8413,0,11.931427
2023,34.25,-7.75,3.0121472,174.39984,0,10.84373
2023,34.25,-7.5,2.7488995,170.89313,0,9.896038
2023,34.25,-7.25,2.3625422,167.9847,0,8.505152
2023,34.25,-7.0,2.0171878,193.94678,0,7.261876
2023,34.25,-6.75,1.538397,248.8756,0,5.538229
2023,34.25,-6.5,1.1954461,269.18356,0,4.303606
2023,34.25,-6.25,0.8592774,255.857,0,3.0933986
2023,34.25,-6.0,0.8332262,257.0343,0,2.9996142
2023,34.25,-5.75,0.9209569,260.39838,0,3.3154447
2023,34.25,-5.5,0.9373889,263.19424,0,3.3746
2023,34.25,-5.25,1.0114092,264.56345,0,3.641073
2023,34.25,-5.0,0.97281986,266.97293,0,3.5021515
2023,34.25,-4.75,0.80087614,210.00035,0,2.883154
2023,34.25,-4.5,0.6320729,209.4582,0,2.2754624
2023,34.25,-4.25,0.5586254,201.90436,0,2.0110514
2023,34.25,-4.0,0.6984024,194.66377,0,2.5142486
2023,34.25,-3.75,0.8180838,191.37878,0,2.9451017
2023,34.25,-3.5,1.022958,160.04533,0,3.682649
2023,34.25,-3.25,1.1001672,143.14943,0,3.9606016
2023,34.25,-3.0,1.0118804,185.85869,0,3.6427693
2023,34.25,-2.75,0.93761736,297.9433,0,3.3754225
2023,34.25,-2.5,0.991689,293.55353,0,3.5700805
2023,34.25,-2.25,1.0648562,300.4415,0,3.833482
2023,34.25,-2.0,1.0162958,278.01642,0,3.6586647
2023,34.25,-1.75,1.0081478,210.9862,0,3.629332
2023,34.25,-1.5,1.1643624,248.7216,0,4.1917048
2023,34.25,-1.25,1.3856273,251.2592,0,4.988258
2023,34.25,-1.0,1.5049204,251.43459,0,5.417713
2023,34.25,-0.75,1.5288199,251.4845,0,5.5037518
2023,34.25,-0.5,1.5043626,252.06618,0,5.415705
2023,34.25,-0.25,1.4317994,223.23302,0,5.1544776
2023,34.25,0.0,1.3330876,223.12611,0,4.799115
2023,34.25,0.25,1.3603343,222.63263,0,4.8972034
2023,34.25,0.5,1.4149698,222.65938,0,5.093891
2023,34.25,0.75,1.3889652,222.70699,0,5.0002747
2023,34.25,1.0,1.3621782,251.49638,0,4.9038415
2023,34.25,1.25,1.2522,251.83012,0,4.50792
2023,34.25,1.5,1.2566457,250.87335,0,4.5239244
2023,34.25,1.75,1.2928364,252.39494,0,4.654211
2023,34.25,2.0,1.3927072,254.722,0,5.013746
2023,34.25,2.25,1.5310093,258.79053,0,5.5116334
2023,34.25,2.5,1.6663932,262.84213,0,5.9990153
2023,34.25,2.75,1.6427069,268.6,0,5.9137444
2023,34.25,3.0,1.7007948,270.4374,0,6.1228614
2023,34.25,3.25,1.7695125,272.34567,0,6.370245
2023,34.25,3.5,1.704969,275.78088,0,6.1378884
2023,34.25,3.75,1.5389456,215.63326,0,5.540204
2023,34.25,4.0,1.5148935,185.75224,0,5.4536166
2023,34.25,4.25,1.5223082,185.59059,0,5.4803095
2023,34.25,4.5,1.5311728,185.09618,0,5.512222
2023,34.25,4.75,1.5836058,185.77972,0,5.7009807
2023,34.25,5.0,1.5983186,185.6801,0,5.753947
2023,34.25,5.25,1.7220663,185.84804,0,6.1994386
2023,34.25,5.5,1.8073031,184.66023,0,6.506291
2023,34.25,5.75,1.7792522,183.03252,0,6.405308
2023,34.25,6.0,1.6159307,186.17847,0,5.8173504
2023,34.25,6.25,1.4795585,160.44044,0,5.3264103
2023,34.25,6.5,1.4571592,161.59593,0,5.245773
2023,34.25,6.75,1.5144773,152.10176,0,5.452118
2023,34.25,7.0,1.6270179,111.020454,0,5.857264
2023,34.25,7.25,1.6805738,101.70502,0,6.0500655
2023,34.25,7.5,1.6130718,122.5313,0,5.8070583
2023,34.25,7.75,1.5806174,140.5378,0,5.6902227
2023,34.25,8.0,1.4978055,132.22346,0,5.3920994
2023,34.25,8.25,1.3768321,128.84027,0,4.9565954
2023,34.25,8.5,1.3166584,124.4541,0,4.73997
2023,34.25,8.75,1.280854,120.16553,0,4.6110744
2023,34.25,9.0,1.3504319,175.1841,0,4.8615546
2023,34.25,9.25,1.5008498,171.3999,0,5.4030595
2023,34.25,9.5,1.623201,172.24414,0,5.8435235
2023,34.25,9.75,1.8068978,146.86613,0,6.504832
2023,34.25,10.0,2.13471,153.53053,0,7.684956
2023,34.25,10.25,2.5457618,158.44492,0,9.164742
2023,34.25,10.5,2.6538618,129.58241,0,9.553902
2023,34.25,10.75,2.6929152,129.37929,0,9.694494
2023,34.25,11.0,2.6933782,128.72162,0,9.696161
2023,34.25,11.25,2.6053264,127.898285,0,9.379175
2023,34.25,11.5,2.4765177,126.30033,0,8.915463
2023,34.25,11.75,2.3715732,122.71747,0,8.537663
2023,34.25,12.0,2.2865212,119.57552,0,8.231476
2023,34.0,-9.0,4.23709,154.6433,0,15.253524
2023,34.0,-8.75,4.0034833,153.5219,0,14.4125395
2023,34.0,-8.5,3.7641895,152.29478,0,13.551082
2023,34.0,-8.25,3.4892168,150.52913,0,12.56118
2023,34.0,-8.0,3.137707,148.56294,0,11.295745
2023,34.0,-7.75,2.7799718,176.56024,0,10.007898
2023,34.0,-7.5,2.3373497,173.48145,0,8.414458
2023,34.0,-7.25,1.9840746,200.13808,0,7.1426682
2023,34.0,-7.0,1.4017922,198.20473,0,5.0464516
2023,34.0,-6.75,1.037074,197.88783,0,3.7334661
2023,34.0,-6.5,0.8050716,267.50967,0,2.8982577
2023,34.0,-6.25,0.8387807,267.4512,0,3.0196104
2023,34.0,-6.0,0.8380752,268.4501,0,3.0170708
2023,34.0,-5.75,0.8490057,271.05737,0,3.0564203
2023,34.0,-5.5,0.7771285,272.2135,0,2.7976625
2023,34.0,-5.25,0.84208995,275.79895,0,3.0315237
2023,34.0,-5.0,0.87081844,283.52185,0,3.1349463
2023,34.0,-4.75,0.74805623,281.38126,0,2.6930025
2023,34.0,-4.5,0.58167666,222.29846,0,2.0940359
2023,34.0,-4.25,0.55817217,243.87463,0,2.0094197
2023,34.0,-4.0,0.62854195,184.30132,0,2.2627509
2023,34.0,-3.75,0.66859704,192.9759,0,2.4069493
2023,34.0,-3.5,0.818999,143.53206,0,2.9483962
2023,34.0,-3.25,0.9086799,133.58112,0,3.2712476
2023,34.0,-3.0,1.0929174,278.8997,0,3.9345026
2023,34.0,-2.75,1.177472,295.9551,0,4.238899
2023,34.0,-2.5,1.2774191,293.52515,0,4.5987086
2023,34.0,-2.25,1.3872215,298.1544,0,4.993997
2023,34.0,-2.0,1.2995135,273.90872,0,4.6782484
2023,34.0,-1.75,1.161244,181.99377,0,4.1804786
2023,34.0,-1.5,1.2941965,191.81587,0,4.659107
2023,34.0,-1.25,1.4631066,194.08391,0,5.267184
2023,34.0,-1.0,1.5525535,193.57771,0,5.5891924
2023,34.0,-0.75,1.5616225,192.9084,0,5.621841
2023,34.0,-0.5,1.4936038,221.77155,0,5.3769736
2023,34.0,-0.25,1.3858967,221.4328,0,4.989228
2023,34.0,0.0,1.3260291,220.04565,0,4.7737045
2023,34.0,0.25,1.3381062,220.7024,0,4.817182
2023,34.0,0.5,1.3804865,222.26965,0,4.9697514
2023,34.0,0.75,1.4083943,222.9124,0,5.0702195
2023,34.0,1.0,1.3304719,255.6552,0,4.7896986
2023,34.0,1.25,1.2512554,256.71402,0,4.5045195
2023,34.0,1.5,1.3029238,256.8378,0,4.6905255
2023,34.0,1.75,1.4230696,259.3979,0,5.12305
2023,34.0,2.0,1.5672712,263.48544,0,5.642176
2023,34.0,2.25,1.6008797,268.99478,0,5.7631664
2023,34.0,2.5,1.7304353,270.27966,0,6.2295666
2023,34.0,2.75,1.7350327,269.94788,0,6.2461176
2023,34.0,3.0,1.5948857,268.63663,0,5.7415886
2023,34.0,3.25,1.5783209,270.65662,0,5.681955
2023,34.0,3.5,1.5709299,214.00026,0,5.6553473
2023,34.0,3.75,1.5335059,216.48698,0,5.5206213
2023,34.0,4.0,1.5103292,184.64995,0,5.4371853
2023,34.0,4.25,1.57122,186.51225,0,5.656392
2023,34.0,4.5,1.5869919,187.04926,0,5.7131705
2023,34.0,4.75,1.6507133,188.87659,0,5.942568
2023,34.0,5.0,1.6773068,189.22154,0,6.0383043
2023,34.0,5.25,1.7567016,189.1927,0,6.324126
2023,34.0,5.5,1.741793,187.95306,0,6.270455
2023,34.0,5.75,1.7111543,188.45915,0,6.1601553
2023,34.0,6.0,1.57785,189.27293,0,5.6802597
2023,34.0,6.25,1.592852,190.24535,0,5.734267
2023,34.0,6.5,1.6695229,166.54623,0,6.010282
2023,34.0,6.75,1.7940928,160.55525,0,6.458734
2023,34.0,7.0,1.8461428,152.98547,0,6.646114
2023,34.0,7.25,1.8564979,151.8592,0,6.683392
2023,34.0,7.5,1.8623633,149.52914,0,6.704508
2023,34.0,7.75,1.7646642,144.96523,0,6.352791
2023,34.0,8.0,1.6779681,138.77748,0,6.040685
2023,34.0,8.25,1.7486163,135.5448,0,6.2950187
2023,34.0,8.5,1.7036829,132.42781,0,6.1332583
2023,34.0,8.75,1.8200455,127.2246,0,6.5521636
2023,34.0,9.0,1.8907369,120.10566,0,6.806653
2023,34.0,9.25,1.9779973,114.60807,0,7.12079
2023,34.0,9.5,1.9687324,145.19873,0,7.087436
2023,34.0,9.75,2.1942835,148.34741,0,7.8994203
2023,34.0,10.0,2.3531916,152.91412,0,8.47149
2023,34.0,10.25,2.8094804,158.01776,0,10.114129
2023,34.0,10.5,2.791578,128.55275,0,10.049681
2023,34.0,10.75,2.653509,129.3501,0,9.552631
2023,34.0,11.0,2.581734,128.60707,0,9.294242
2023,34.0,11.25,2.7435381,129.72932,0,9.876737
2023,34.0,11.5,2.6313965,128.25072,0,9.473027
2023,34.0,11.75,2.5035894,125.394295,0,9.012921
2023,34.0,12.0,2.4150736,122.85911,0,8.694264
2023,33.75,-9.0,4.1557627,127.984566,0,14.960745
2023,33.75,-8.75,3.9091358,126.96233,0,14.072888
2023,33.75,-8.5,3.5209596,155.59941,0,12.675454
2023,33.75,-8.25,3.2475376,153.85031,0,11.691135
2023,33.75,-8.0,2.8060923,150.81728,0,10.101932
2023,33.75,-7.75,2.2561083,148.5479,0,8.121989
2023,33.75,-7.5,1.801011,175.50505,0,6.4836392
2023,33.75,-7.25,1.5241693,175.12758,0,5.4870095
2023,33.75,-7.0,0.943079,180.3137,0,3.3950844
2023,33.75,-6.75,0.8019275,216.93604,0,2.886939
2023,33.75,-6.5,0.8430879,214.67049,0,3.0351164
2023,33.75,-6.25,0.8613079,286.58243,0,3.1007085
2023,33.75,-6.0,0.79491234,286.15866,0,2.8616843
2023,33.75,-5.75,0.80235386,285.5123,0,2.8884737
2023,33.75,-5.5,0.69297266,252.49898,0,2.4947016
2023,33.75,-5.25,0.7416375,225.52672,0,2.669895
2023,33.75,-5.0,0.78203225,288.3373,0,2.815316
2023,33.75,-4.75,0.7309539,287.02835,0,2.631434
2023,33.75,-4.5,0.44421872,239.31804,0,1.5991874
2023,33.75,-4.25,0.45845115,197.51091,0,1.6504241
2023,33.75,-4.0,0.515186,176.1164,0,1.8546696
2023,33.75,-3.75,0.6105887,225.21895,0,2.1981194
2023,33.75,-3.5,0.8833818,77.76495,0,3.1801744
2023,33.75,-3.25,1.0434136,72.08093,0,3.756289
2023,33.75,-3.0,1.1686773,310.60574,0,4.207238
2023,33.75,-2.75,1.3460865,300.66925,0,4.8459115
2023,33.75,-2.5,1.4520606,298.7352,0,5.227418
2023,33.75,-2.25,1.4896349,268.31454,0,5.362685
2023,33.75,-2.0,1.4268918,267.0883,0,5.1368103
2023,33.75,-1.75,1.2714427,200.60591,0,4.5771933
2023,33.75,-1.5,1.2255911,194.01048,0,4.4121275
2023,33.75,-1.25,1.3519154,195.22112,0,4.866895
2023,33.75,-1.0,1.3999138,194.18628,0,5.0396895
2023,33.75,-0.75,1.3964425,193.29652,0,5.027193
2023,33.75,-0.5,1.3442103,191.25401,0,4.8391566
2023,33.75,-0.25,1.326507,222.93054,0,4.775425
2023,33.75,0.0,1.3412695,222.74779,0,4.82857
2023,33.75,0.25,1.4495564,228.68408,0,5.218403
2023,33.75,0.5,1.5098945,229.71698,0,5.43562
2023,33.75,0.75,1.4786091,232.4741,0,5.322993
2023,33.75,1.0,1.4298077,264.20444,0,5.1473074
2023,33.75,1.25,1.4098295,263.25186,0,5.075386
2023,33.75,1.5,1.4854673,262.41074,0,5.347682
2023,33.75,1.75,1.637427,271.25845,0,5.894737
2023,33.75,2.0,1.6382502,273.4703,0,5.897701
2023,33.75,2.25,1.6086655,272.76694,0,5.7911954
2023,33.75,2.5,1.6731029,271.1523,0,6.02317
2023,33.75,2.75,1.5949026,269.87885,0,5.741649
2023,33.75,3.0,1.466061,267.82117,0,5.2778196
2023,33.75,3.25,1.4763356,237.16364,0,5.3148084
2023,33.75,3.5,1.5307561,240.75336,0,5.5107217
2023,33.75,3.75,1.5800146,191.29126,0,5.688052
2023,33.75,4.0,1.6459244,191.43042,0,5.925328
2023,33.75,4.25,1.7065951,191.91167,0,6.143742
2023,33.75,4.5,1.7069632,191.6711,0,6.145067
2023,33.75,4.75,1.7417606,191.82262,0,6.270338
2023,33.75,5.0,1.7565523,191.7639,0,6.3235884
2023,33.75,5.25,1.7378653,191.29553,0,6.256315
2023,33.75,5.5,1.71376,189.72424,0,6.169536
2023,33.75,5.75,1.6190671,188.3028,0,5.8286414
2023,33.75,6.0,1.465221,187.95259,0,5.2747955
2023,33.75,6.25,1.5227607,165.29387,0,5.4819384
2023,33.75,6.5,1.7806859,164.76898,0,6.410469
2023,33.75,6.75,1.9254379,160.39311,0,6.9315763
2023,33.75,7.0,1.9686798,154.89052,0,7.087247
2023,33.75,7.25,1.9845277,151.9687,0,7.1442995
2023,33.75,7.5,1.9803756,149.58978,0,7.129352
2023,33.75,7.75,1.9682847,146.96516,0,7.085825
2023,33.75,8.0,1.8753632,140.26723,0,6.7513075
2023,33.75,8.25,1.9807311,135.14761,0,7.130632
2023,33.75,8.5,2.0734143,131.61536,0,7.4642916
2023,33.75,8.75,2.182307,127.558716,0,7.856305
2023,33.75,9.0,2.1513746,123.727,0,7.7449484
2023,33.75,9.25,2.202501,121.07444,0,7.9290037
2023,33.75,9.5,2.1873758,125.36587,0,7.8745527
2023,33.75,9.75,2.14407,144.01651,0,7.7186513
2023,33.75,10.0,2.2848494,152.94843,0,8.225457
2023,33.75,10.25,2.4077666,155.62404,0,8.667959
2023,33.75,10.5,2.4332721,157.03326,0,8.759779
2023,33.75,10.75,2.290393,128.21422,0,8.245415
2023,33.75,11.0,2.63577,129.9985,0,9.488772
2023,33.75,11.25,2.83369,130.88123,0,10.201283
2023,33.75,11.5,2.729111,128.32222,0,9.8248
2023,33.75,11.75,2.6263719,126.07666,0,9.454939
2023,33.75,12.0,2.5337675,123.877495,0,9.121563
2023,33.5,-9.0,4.1321616,132.4262,0,14.875781
2023,33.5,-8.75,3.70689,131.75983,0,13.344804
2023,33.5,-8.5,3.308602,130.61194,0,11.910967
2023,33.5,-8.25,2.774174,128.4291,0,9.987026
2023,33.5,-8.0,2.2506802,124.60806,0,8.102448
2023,33.5,-7.75,1.6261077,152.51561,0,5.8539877
2023,33.5,-7.5,1.3856105,151.62096,0,4.9881973
2023,33.5,-7.25,1.1134919,185.67772,0,4.0085707
2023,33.5,-7.0,0.9620769,192.71295,0,3.4634767
2023,33.5,-6.75,0.90082556,195.4149,0,3.242972
2023,33.5,-6.5,0.9283919,191.06519,0,3.3422108
2023,33.5,-6.25,0.8620927,161.23738,0,3.1035335
2023,33.5,-6.0,0.7588801,206.66542,0,2.7319682
2023,33.5,-5.75,0.7433173,291.81387,0,2.6759422
2023,33.5,-5.5,0.6271723,213.58447,0,2.2578201
2023,33.5,-5.25,0.68550545,193.56847,0,2.4678195
2023,33.5,-5.0,0.77500075,257.26678,0,2.7900026
2023,33.5,-4.75,0.79926485,275.67953,0,2.8773534
2023,33.5,-4.5,0.4401543,276.7505,0,1.5845555
2023,33.5,-4.25,0.4661877,257.31497,0,1.6782756
2023,33.5,-4.0,0.5872142,278.82303,0,2.113971
2023,33.5,-3.75,0.6013391,147.78072,0,2.1648207
2023,33.5,-3.5,1.1630257,65.07788,0,4.1868925
2023,33.5,-3.25,1.2562557,85.74838,0,4.5225205
2023,33.5,-3.0,1.2563478,216.06781,0,4.522852
2023,33.5,-2.75,1.4586755,234.9806,0,5.2512317
2023,33.5,-2.5,1.3923765,232.48169,0,5.0125556
2023,33.5,-2.25,1.3249055,199.9281,0,4.7696595
2023,33.5,-2.0,1.3491415,197.1192,0,4.8569093
2023,33.5,-1.75,1.3633035,226.48444,0,4.9078927
2023,33.5,-1.5,1.3072178,195.39014,0,4.705984
2023,33.5,-1.25,1.2202336,194.76184,0,4.392841
2023,33.5,-1.0,1.2243832,193.18996,0,4.4077797
2023,33.5,-0.75,1.2663487,192.47774,0,4.558855
2023,33.5,-0.5,1.3224983,224.1529,0,4.760994
2023,33.5,-0.25,1.3171045,227.67793,0,4.7415757
2023,33.5,0.0,1.4113826,231.66649,0,5.080977
2023,33.5,0.25,1.6508561,234.90709,0,5.943082
2023,33.5,0.5,1.7257134,235.60506,0,6.212568
2023,33.5,0.75,1.7204247,266.0508,0,6.1935287
2023,33.5,1.0,1.6717383,264.14737,0,6.0182576
2023,33.5,1.25,1.663992,256.30637,0,5.990371
2023,33.5,1.5,1.7108126,249.58484,0,6.158925
2023,33.5,1.75,1.6253322,277.03622,0,5.851196
2023,33.5,2.0,1.6274859,274.85898,0,5.858949
2023,33.5,2.25,1.5724908,244.68127,0,5.660967
2023,33.5,2.5,1.5599576,214.33803,0,5.615847
2023,33.5,2.75,1.5273027,213.3767,0,5.4982896
2023,33.5,3.0,1.5551387,181.99217,0,5.5984993
2023,33.5,3.25,1.6062549,180.3449,0,5.7825174
2023,33.5,3.5,1.6744218,203.43398,0,6.0279183
2023,33.5,3.75,1.7488531,198.09094,0,6.295871
2023,33.5,4.0,1.8088683,166.9246,0,6.5119257
2023,33.5,4.25,1.8097042,195.7834,0,6.514935
2023,33.5,4.5,1.7969152,194.46594,0,6.4688945
2023,33.5,4.75,1.8042802,192.90654,0,6.4954085
2023,33.5,5.0,1.767241,191.9777,0,6.362067
2023,33.5,5.25,1.7557154,190.58228,0,6.320575
2023,33.5,5.5,1.7058653,159.42339,0,6.1411147
2023,33.5,5.75,1.5622344,158.1705,0,5.6240435
2023,33.5,6.0,1.4238797,158.68312,0,5.125967
2023,33.5,6.25,1.5730737,158.28084,0,5.6630654
2023,33.5,6.5,1.8290254,157.97804,0,6.5844913
2023,33.5,6.75,1.957903,156.91469,0,7.048451
2023,33.5,7.0,1.9973449,153.49652,0,7.190441
2023,33.5,7.25,2.0047598,150.72472,0,7.217135
2023,33.5,7.5,1.999782,148.26039,0,7.199215
2023,33.5,7.75,1.9997386,144.86908,0,7.1990585
2023,33.5,8.0,2.0194032,140.88348,0,7.269851
2023,33.5,8.25,2.0870228,137.63193,0,7.513282
2023,33.5,8.5,2.1650355,133.17021,0,7.7941275
2023,33.5,8.75,2.1867254,131.16463,0,7.872211
2023,33.5,9.0,2.1609123,127.89273,0,7.779284
2023,33.5,9.25,2.1755679,125.612434,0,7.832044
2023,33.5,9.5,2.2243977,125.7595,0,8.007832
2023,33.5,9.75,2.1644347,131.15591,0,7.7919645
2023,33.5,10.0,2.0119333,143.7426,0,7.24296
2023,33.5,10.25,1.8530426,150.53091,0,6.6709533
2023,33.5,10.5,2.0028963,154.16664,0,7.2104263
2023,33.5,10.75,2.2586186,127.34623,0,8.131026
2023,33.5,11.0,2.5990603,129.754,0,9.356617
2023,33.5,11.25,2.885831,128.48314,0,10.388991
2023,33.5,11.5,2.794906,125.694214,0,10.061661
2023,33.5,11.75,2.7150831,123.911354,0,9.774299
2023,33.5,12.0,2.6867075,123.56393,0,9.672147
2023,33.25,-9.0,4.014515,106.158745,0,14.452253
2023,33.25,-8.75,3.425163,135.52652,0,12.330586
2023,33.25,-8.5,2.7386866,133.57423,0,9.859271
2023,33.25,-8.25,2.1121566,131.60168,0,7.6037636
2023,33.25,-8.0,1.8149887,129.19145,0,6.5339594
2023,33.25,-7.75,1.5877215,129.13667,0,5.715797
2023,33.25,-7.5,1.3892592,128.77588,0,5.001333
2023,33.25,-7.25,1.2741147,157.5009,0,4.586813
2023,33.25,-7.0,1.1895868,157.14806,0,4.282512
2023,33.25,-6.75,1.0846137,153.69608,0,3.9046092
2023,33.25,-6.5,1.0139111,153.51599,0,3.65008
2023,33.25,-6.25,0.9728847,156.23747,0,3.502385
2023,33.25,-6.0,0.8285265,131.007,0,2.9826953
2023,33.25,-5.75,0.7327328,189.77234,0,2.637838
2023,33.25,-5.5,0.5914901,196.61174,0,2.1293643
2023,33.25,-5.25,0.56650335,190.5169,0,2.039412
2023,33.25,-5.0,0.7557222,278.26987,0,2.7206
2023,33.25,-4.75,0.9925707,267.26913,0,3.5732543
2023,33.25,-4.5,0.8009081,264.68893,0,2.883269
2023,33.25,-4.25,0.752948,273.73953,0,2.7106128
2023,33.25,-4.0,0.6462444,194.42181,0,2.32648
2023,33.25,-3.75,0.7268571,104.90736,0,2.6166856
2023,33.25,-3.5,1.3727765,85.15299,0,4.941995
2023,33.25,-3.25,1.2496833,125.16444,0,4.4988594
2023,33.25,-3.0,1.417707,187.30144,0,5.103745
2023,33.25,-2.75,1.4499846,191.78406,0,5.2199445
2023,33.25,-2.5,1.3355123,162.06763,0,4.807844
2023,33.25,-2.25,1.3163033,192.30461,0,4.738692
2023,33.25,-2.0,1.3959333,194.86006,0,5.0253596
2023,33.25,-1.75,1.4269887,226.49129,0,5.1371593
2023,33.25,-1.5,1.3650589,227.1545,0,4.9142118
2023,33.25,-1.25,1.2592584,228.01909,0,4.53333
2023,33.25,-1.0,1.2170559,227.64545,0,4.381401
2023,33.25,-0.75,1.2455024,225.99657,0,4.4838085
2023,33.25,-0.5,1.3411828,227.58037,0,4.828258
2023,33.25,-0.25,1.4417266,230.5801,0,5.1902156
2023,33.25,0.0,1.5344976,234.38005,0,5.5241914
2023,33.25,0.25,1.7034893,234.35695,0,6.132561
2023,33.25,0.5,1.7907633,261.86093,0,6.446748
2023,33.25,0.75,1.820299,255.96545,0,6.5530763
2023,33.25,1.0,1.8446819,252.73094,0,6.6408544
2023,33.25,1.25,1.8102862,252.15874,0,6.5170302
2023,33.25,1.5,1.6597754,250.55513,0,5.975191
2023,33.25,1.75,1.5490226,218.60045,0,5.576481
2023,33.25,2.0,1.5237128,188.97359,0,5.485366
2023,33.25,2.25,1.521103,191.00389,0,5.4759707
2023,33.25,2.5,1.5874368,191.63245,0,5.714772
2023,33.25,2.75,1.6114583,191.24083,0,5.8012495
2023,33.25,3.0,1.6407361,162.25359,0,5.9066496
2023,33.25,3.25,1.6974269,170.63591,0,6.110737
2023,33.25,3.5,1.7796116,168.51082,0,6.4066014
2023,33.25,3.75,1.832542,166.93932,0,6.597151
2023,33.25,4.0,1.8416501,165.72766,0,6.6299405
2023,33.25,4.25,1.8378245,164.48454,0,6.616168
2023,33.25,4.5,1.8397504,162.21893,0,6.623101
2023,33.25,4.75,1.8326992,159.39659,0,6.597717
2023,33.25,5.0,1.7840716,156.1385,0,6.4226575
2023,33.25,5.25,1.7181978,155.12938,0,6.185512
2023,33.25,5.5,1.6616526,156.07549,0,5.981949
2023,33.25,5.75,1.5745878,157.56519,0,5.668516
2023,33.25,6.0,1.5926276,150.3636,0,5.7334595
2023,33.25,6.25,1.726954,151.45752,0,6.2170343
2023,33.25,6.5,1.8478869,151.46397,0,6.652393
2023,33.25,6.75,1.9280581,150.84663,0,6.941009
2023,33.25,7.0,1.9695063,147.94206,0,7.0902224
2023,33.25,7.25,1.9761667,145.20107,0,7.1142
2023,33.25,7.5,1.9771343,142.08363,0,7.1176834
2023,33.25,7.75,1.9763303,139.72481,0,7.114789
2023,33.25,8.0,2.0136046,137.29695,0,7.2489767
2023,33.25,8.25,2.0368798,136.5799,0,7.332767
2023,33.25,8.5,2.044195,136.15619,0,7.359102
2023,33.25,8.75,2.0604932,134.5606,0,7.4177756
2023,33.25,9.0,2.1061723,133.3849,0,7.58222
2023,33.25,9.25,2.1261492,131.12758,0,7.6541367
2023,33.25,9.5,2.2042067,128.90675,0,7.935144
2023,33.25,9.75,2.2197535,129.87312,0,7.991112
2023,33.25,10.0,2.0744808,132.66426,0,7.4681306
2023,33.25,10.25,1.8082052,177.56958,0,6.5095387
2023,33.25,10.5,1.80506,174.51324,0,6.498216
2023,33.25,10.75,2.009393,148.68414,0,7.2338147
2023,33.25,11.0,2.2310932,121.06193,0,8.031935
2023,33.25,11.25,2.5613682,121.16993,0,9.220925
2023,33.25,11.5,2.6754076,120.53924,0,9.631467
2023,33.25,11.75,2.7188194,120.52612,0,9.787749
2023,33.25,12.0,2.7103786,120.41294,0,9.757363
2023,33.0,-9.0,3.7083101,107.2577,0,13.349916
2023,33.0,-8.75,2.8841908,133.24416,0,10.383086
2023,33.0,-8.5,2.239543,129.39055,0,8.062354
2023,33.0,-8.25,1.8966771,127.19222,0,6.8280377
2023,33.0,-8.0,1.7967013,129.64171,0,6.4681244
2023,33.0,-7.75,1.7571093,131.28888,0,6.3255935
2023,33.0,-7.5,1.6779016,131.15999,0,6.040446
2023,33.0,-7.25,1.5731553,129.45517,0,5.6633587
2023,33.0,-7.0,1.5093699,125.90745,0,5.433731
2023,33.0,-6.75,1.5669384,149.04076,0,5.640978
2023,33.0,-6.5,1.4895676,172.57002,0,5.3624434
2023,33.0,-6.25,1.1899842,202.86931,0,4.283943
2023,33.0,-6.0,0.87885386,178.51154,0,3.163874
2023,33.0,-5.75,0.6564691,185.85875,0,2.3632886
2023,33.0,-5.5,0.53161424,175.40009,0,1.9138112
2023,33.0,-5.25,0.62818426,231.03798,0,2.2614632
2023,33.0,-5.0,0.8414214,283.45038,0,3.029117
2023,33.0,-4.75,0.99068326,274.17615,0,3.5664597
2023,33.0,-4.5,0.86833787,271.42752,0,3.1260161
2023,33.0,-4.25,0.8811279,237.50305,0,3.1720603
2023,33.0,-4.0,0.9074982,170.66606,0,3.2669933
2023,33.0,-3.75,1.0532484,128.28423,0,3.7916942
2023,33.0,-3.5,1.2545795,125.50989,0,4.516486
2023,33.0,-3.25,1.3571414,187.36098,0,4.885709
2023,33.0,-3.0,1.475119,167.9782,0,5.310428
2023,33.0,-2.75,1.4555932,172.20073,0,5.2401357
2023,33.0,-2.5,1.3687062,174.21053,0,4.9273424
2023,33.0,-2.25,1.4236894,174.3232,0,5.125282
2023,33.0,-2.0,1.5277852,204.42351,0,5.5000267
2023,33.0,-1.75,1.476381,235.2104,0,5.3149714
2023,33.0,-1.5,1.387886,237.1606,0,4.99639
2023,33.0,-1.25,1.3698997,237.19508,0,4.931639
2023,33.0,-1.0,1.3029101,235.91266,0,4.6904764
2023,33.0,-0.75,1.1816391,233.21715,0,4.2539005
2023,33.0,-0.5,1.1733084,262.60693,0,4.22391
2023,33.0,-0.25,1.3021971,263.20193,0,4.6879096
2023,33.0,0.0,1.439139,261.41016,0,5.1809
2023,33.0,0.25,1.5577275,255.11076,0,5.6078186
2023,33.0,0.5,1.6384873,252.87434,0,5.8985543
2023,33.0,0.75,1.6775174,250.74916,0,6.0390625
2023,33.0,1.0,1.6925454,249.15855,0,6.0931635
2023,33.0,1.25,1.6066133,188.84221,0,5.7838078
2023,33.0,1.5,1.4998199,160.30547,0,5.3993516
2023,33.0,1.75,1.4906272,163.14088,0,5.3662577
2023,33.0,2.0,1.5289503,166.15092,0,5.504221
2023,33.0,2.25,1.5540262,168.55243,0,5.5944943
2023,33.0,2.5,1.6067138,168.20721,0,5.784169
2023,33.0,2.75,1.6196622,169.0023,0,5.830784
2023,33.0,3.0,1.6422825,169.37578,0,5.9122167
2023,33.0,3.25,1.6914297,168.50548,0,6.089147
2023,33.0,3.5,1.7939066,165.42236,0,6.4580636
2023,33.0,3.75,1.8249869,163.04915,0,6.569953
2023,33.0,4.0,1.8576938,160.43483,0,6.6876974
2023,33.0,4.25,1.8886415,158.07863,0,6.799109
2023,33.0,4.5,1.9081422,156.27252,0,6.869312
2023,33.0,4.75,1.8653196,153.45766,0,6.7151504
2023,33.0,5.0,1.7939447,151.99113,0,6.458201
2023,33.0,5.25,1.7106992,152.68445,0,6.158517
2023,33.0,5.5,1.6437749,156.37018,0,5.917589
2023,33.0,5.75,1.6232929,134.27654,0,5.8438544
2023,33.0,6.0,1.6778163,142.89806,0,6.0401382
2023,33.0,6.25,1.773929,144.57765,0,6.386144
2023,33.0,6.5,1.8684793,144.4938,0,6.7265253
2023,33.0,6.75,1.9231877,143.45734,0,6.9234757
2023,33.0,7.0,1.9492184,140.50255,0,7.017186
2023,33.0,7.25,1.9675747,137.42882,0,7.0832686
2023,33.0,7.5,1.972539,135.34575,0,7.10114
2023,33.0,7.75,1.9666171,133.98601,0,7.0798216
2023,33.0,8.0,1.963037,133.0689,0,7.066933
2023,33.0,8.25,1.9913486,133.83391,0,7.1688547
2023,33.0,8.5,2.0045562,134.48213,0,7.216402
2023,33.0,8.75,2.0330193,134.67406,0,7.318869
2023,33.0,9.0,2.0900877,134.15936,0,7.5243154
2023,33.0,9.25,2.1337097,134.0414,0,7.6813545
2023,33.0,9.5,2.2093308,131.50624,0,7.953591
2023,33.0,9.75,2.235096,131.0777,0,8.046346
2023,33.0,10.0,2.1477506,131.63625,0,7.731902
2023,33.0,10.25,1.9383126,123.81918,0,6.9779253
2023,33.0,10.5,1.8166618,172.7552,0,6.5399823
2023,33.0,10.75,1.766174,170.26634,0,6.3582263
2023,33.0,11.0,1.8212394,141.47453,0,6.5564613
2023,33.0,11.25,1.9781837,113.58407,0,7.1214614
2023,33.0,11.5,2.1422234,114.66683,0,7.7120037
2023,33.0,11.75,2.312022,115.38092,0,8.323278
2023,33.0,12.0,2.5083268,115.743286,0,9.029976
2023,32.75,-9.0,2.9721916,107.79242,0,10.699889
2023,32.75,-8.75,2.3265374,133.26561,0,8.375534
2023,32.75,-8.5,1.9574866,128.41833,0,7.046952
2023,32.75,-8.25,1.8280364,154.22972,0,6.580931
2023,32.75,-8.0,1.7838837,180.13525,0,6.4219813
2023,32.75,-7.75,1.9213458,181.0279,0,6.916845
2023,32.75,-7.5,1.9942536,154.04668,0,7.1793127
2023,32.75,-7.25,1.9763994,154.21461,0,7.115038
2023,32.75,-7.0,1.8753101,149.74437,0,6.7511163
2023,32.75,-6.75,1.7110478,142.00197,0,6.159772
2023,32.75,-6.5,1.3600054,227.79457,0,4.8960195
2023,32.75,-6.25,0.8912122,226.72986,0,3.208364
2023,32.75,-6.0,0.57715946,204.90163,0,2.077774
2023,32.75,-5.75,0.47336745,217.29797,0,1.7041228
2023,32.75,-5.5,0.46339846,203.84166,0,1.6682343
2023,32.75,-5.25,0.6815965,236.29442,0,2.4537475
2023,32.75,-5.0,0.89197445,253.73523,0,3.211108
2023,32.75,-4.75,0.97408205,257.56546,0,3.5066953
2023,32.75,-4.5,0.8935101,262.42606,0,3.2166362
2023,32.75,-4.25,0.852562,262.65945,0,3.0692232
2023,32.75,-4.0,0.86811304,235.42302,0,3.125207
2023,32.75,-3.75,0.98329145,243.06303,0,3.539849
2023,32.75,-3.5,1.2538198,250.33282,0,4.513751
2023,32.75,-3.25,1.4212284,201.8986,0,5.116422
2023,32.75,-3.0,1.3940037,180.07167,0,5.0184135
2023,32.75,-2.75,1.3708373,185.50908,0,4.9350142
2023,32.75,-2.5,1.3662628,187.5613,0,4.9185457
2023,32.75,-2.25,1.358785,188.14832,0,4.891626
2023,32.75,-2.0,1.4477547,184.50752,0,5.211917
2023,32.75,-1.75,1.4189715,183.98401,0,5.1082973
2023,32.75,-1.5,1.3802872,185.26363,0,4.9690337
2023,32.75,-1.25,1.4027237,215.1361,0,5.049805
2023,32.75,-1.0,1.3681426,238.80829,0,4.9253135
2023,32.75,-0.75,1.194178,263.3513,0,4.299041
2023,32.75,-0.5,1.0844499,259.2118,0,3.9040196
2023,32.75,-0.25,1.1063664,254.6898,0,3.982919
2023,32.75,0.0,1.1965295,254.0664,0,4.307506
2023,32.75,0.25,1.3419552,252.61662,0,4.8310385
2023,32.75,0.5,1.4857796,193.44025,0,5.3488064
2023,32.75,0.75,1.5711821,163.8857,0,5.6562557
2023,32.75,1.0,1.5906216,163.56277,0,5.726238
2023,32.75,1.25,1.5682626,164.7636,0,5.6457453
2023,32.75,1.5,1.5439949,166.84949,0,5.5583816
2023,32.75,1.75,1.5708427,168.30315,0,5.6550336
2023,32.75,2.0,1.6137705,169.58632,0,5.8095737
2023,32.75,2.25,1.6342055,141.35329,0,5.8831396
2023,32.75,2.5,1.6652561,142.00243,0,5.994922
2023,32.75,2.75,1.6863004,142.69931,0,6.070681
2023,32.75,3.0,1.7267133,171.65327,0,6.216168
2023,32.75,3.25,1.7950066,168.39682,0,6.4620237
2023,32.75,3.5,1.8705746,163.09682,0,6.7340684
2023,32.75,3.75,1.8575964,159.2459,0,6.687347
2023,32.75,4.0,1.8637427,156.46008,0,6.7094736
2023,32.75,4.25,1.8746153,155.85475,0,6.748615
2023,32.75,4.5,1.8758945,155.59605,0,6.75322
2023,32.75,4.75,1.8305917,154.81105,0,6.59013
2023,32.75,5.0,1.7851992,153.0096,0,6.426717
2023,32.75,5.25,1.7262224,153.42354,0,6.2144003
2023,32.75,5.5,1.676827,128.0372,0,6.0365767
2023,32.75,5.75,1.7083215,135.88667,0,6.149957
2023,32.75,6.0,1.7765988,140.18266,0,6.395756
2023,32.75,6.25,1.8492241,141.3012,0,6.6572065
2023,32.75,6.5,1.9047643,140.68767,0,6.8571515
2023,32.75,6.75,1.9344848,138.86827,0,6.964145
2023,32.75,7.0,1.9357823,136.99884,0,6.9688163
2023,32.75,7.25,1.9409556,134.99745,0,6.98744
2023,32.75,7.5,1.9539714,133.41974,0,7.034297
2023,32.75,7.75,1.9696903,132.42943,0,7.090885
2023,32.75,8.0,1.9802195,132.30365,0,7.12879
2023,32.75,8.25,1.9902781,132.589,0,7.165001
2023,32.75,8.5,2.0044358,133.22017,0,7.2159686
2023,32.75,8.75,2.026923,133.76115,0,7.296922
2023,32.75,9.0,2.061618,133.93402,0,7.421825
2023,32.75,9.25,2.1182919,134.35162,0,7.6258507
2023,32.75,9.5,2.2367706,132.71658,0,8.052374
2023,32.75,9.75,2.281894,132.33984,0,8.214818
2023,32.75,10.0,2.1772478,132.1566,0,7.838092
2023,32.75,10.25,1.9309765,124.49766,0,6.951515
2023,32.75,10.5,1.8008815,173.37361,0,6.4831734
2023,32.75,10.75,1.7768817,169.38145,0,6.396774
2023,32.75,11.0,1.7745142,137.81445,0,6.388251
2023,32.75,11.25,1.7846618,137.40927,0,6.4247823
2023,32.75,11.5,1.7832106,138.3865,0,6.419558
2023,32.75,11.75,1.8815731,113.30438,0,6.773663
2023,32.75,12.0,1.9321141,114.96081,0,6.9556108
2023,32.5,-9.0,2.7166874,110.04667,0,9.780074
2023,32.5,-8.75,2.2569187,136.60793,0,8.124907
2023,32.5,-8.5,2.0662792,132.53638,0,7.438605
2023,32.5,-8.25,1.9732143,127.207924,0,7.1035714
2023,32.5,-8.0,2.093972,202.72345,0,7.538299
2023,32.5,-7.75,2.2338471,284.9144,0,8.041849
2023,32.5,-7.5,2.1051793,227.38521,0,7.578645
2023,32.5,-7.25,1.775031,197.68938,0,6.3901114
2023,32.5,-7.0,1.5181586,192.59221,0,5.4653707
2023,32.5,-6.75,1.1527085,192.13026,0,4.1497507
2023,32.5,-6.5,0.81861037,227.2382,0,2.9469972
2023,32.5,-6.25,0.6384915,262.5859,0,2.2985694
2023,32.5,-6.0,0.61899716,258.48654,0,2.2283897
2023,32.5,-5.75,0.57347053,250.17369,0,2.064494
2023,32.5,-5.5,0.5652149,239.07161,0,2.0347736
2023,32.5,-5.25,0.63379747,233.48393,0,2.2816708
2023,32.5,-5.0,0.76842564,241.59972,0,2.7663321
2023,32.5,-4.75,0.8794088,238.22365,0,3.1658716
2023,32.5,-4.5,0.8434686,244.09328,0,3.0364869
2023,32.5,-4.25,0.90557843,246.25359,0,3.2600822
2023,32.5,-4.0,0.9849333,250.7303,0,3.54576
2023,32.5,-3.75,1.1162424,253.98535,0,4.0184727
2023,32.5,-3.5,1.2116648,259.13452,0,4.3619933
2023,32.5,-3.25,1.114165,206.69434,0,4.0109935
2023,32.5,-3.0,1.1171691,184.47795,0,4.0218086
2023,32.5,-2.75,1.174183,158.44986,0,4.227059
2023,32.5,-2.5,1.2476591,100.68365,0,4.4915724
2023,32.5,-2.25,1.256853,76.90543,0,4.5246706
2023,32.5,-2.0,1.1072739,70.94086,0,3.986186
2023,32.5,-1.75,1.1280969,183.39772,0,4.0611486
2023,32.5,-1.5,1.2125568,178.64563,0,4.3652043
2023,32.5,-1.25,1.2391773,238.3065,0,4.461038
2023,32.5,-1.0,1.1653023,233.41356,0,4.195088
2023,32.5,-0.75,0.96534437,229.98854,0,3.4752398
2023,32.5,-0.5,0.94451445,198.06865,0,3.4002519
2023,32.5,-0.25,1.1018559,197.39027,0,3.966681
2023,32.5,0.0,1.2196075,195.20222,0,4.390587
2023,32.5,0.25,1.3935213,166.86499,0,5.0166764
2023,32.5,0.5,1.5481535,169.15013,0,5.5733523
2023,32.5,0.75,1.6409756,170.8264,0,5.907512
2023,32.5,1.0,1.6623033,170.57889,0,5.984292
2023,32.5,1.25,1.6618468,170.39076,0,5.9826484
2023,32.5,1.5,1.6196002,140.12114,0,5.8305607
2023,32.5,1.75,1.6087103,140.5649,0,5.791357
2023,32.5,2.0,1.602346,140.97581,0,5.768445
2023,32.5,2.25,1.6382155,142.70552,0,5.897576
2023,32.5,2.5,1.7039808,144.22572,0,6.1343307
2023,32.5,2.75,1.7430123,146.15312,0,6.274844
2023,32.5,3.0,1.7690295,145.05682,0,6.368506
2023,32.5,3.25,1.7879753,139.40123,0,6.436711
2023,32.5,3.5,1.8234354,161.26341,0,6.5643673
2023,32.5,3.75,1.8180684,157.57066,0,6.545046
2023,32.5,4.0,1.8231095,156.7675,0,6.5631943
2023,32.5,4.25,1.843873,157.44545,0,6.637943
2023,32.5,4.5,1.8919681,128.2149,0,6.811085
2023,32.5,4.75,1.9091206,128.21303,0,6.8728337
2023,32.5,5.0,1.8594218,126.52494,0,6.6939187
2023,32.5,5.25,1.7857695,127.51096,0,6.42877
2023,32.5,5.5,1.7316151,132.01744,0,6.2338142
2023,32.5,5.75,1.7611709,137.69444,0,6.3402147
2023,32.5,6.0,1.827702,138.47533,0,6.579727
2023,32.5,6.25,1.8830975,138.98631,0,6.779151
2023,32.5,6.5,1.9095888,138.23915,0,6.8745193
2023,32.5,6.75,1.9248701,136.75546,0,6.9295325
2023,32.5,7.0,1.939784,135.20622,0,6.9832225
2023,32.5,7.25,1.9359908,134.11104,0,6.969567
2023,32.5,7.5,1.9375392,132.93193,0,6.975141
2023,32.5,7.75,1.9447764,132.30312,0,7.001195
2023,32.5,8.0,1.9670953,132.15553,0,7.081543
2023,32.5,8.25,1.9748276,132.0475,0,7.1093793
2023,32.5,8.5,2.0056145,132.31697,0,7.220212
2023,32.5,8.75,2.0432227,132.64891,0,7.3556013
2023,32.5,9.0,2.0969255,132.73512,0,7.5489316
2023,32.5,9.25,2.1380417,132.58385,0,7.69695
2023,32.5,9.5,2.2372465,130.66878,0,8.054088
2023,32.5,9.75,2.2992518,130.67316,0,8.277307
2023,32.5,10.0,2.2366943,130.54944,0,8.052099
2023,32.5,10.25,2.0387778,123.256966,0,7.3396
2023,32.5,10.5,1.8484998,143.57895,0,6.654599
2023,32.5,10.75,1.8071388,139.70876,0,6.5056996
2023,32.5,11.0,1.7802964,137.39268,0,6.409067
2023,32.5,11.25,1.7752743,136.53078,0,6.3909874
2023,32.5,11.5,1.7237816,132.26595,0,6.2056136
2023,32.5,11.75,1.69169,123.00043,0,6.0900836
2023,32.5,12.0,1.6898829,119.20338,0,6.083578
2023,32.25,-9.0,2.403149,109.8178,0,8.651336
2023,32.25,-8.75,2.3699768,105.431274,0,8.531916
2023,32.25,-8.5,2.2033305,132.26418,0,7.9319897
2023,32.25,-8.25,2.0820243,129.61823,0,7.4952874
2023,32.25,-8.0,2.168104,149.00331,0,7.805174
2023,32.25,-7.75,2.1023042,285.13358,0,7.568295
2023,32.25,-7.5,1.7892112,330.55148,0,6.44116
2023,32.25,-7.25,1.4424449,296.14722,0,5.1928015
2023,32.25,-7.0,1.0509726,263.13528,0,3.7835011
2023,32.25,-6.75,0.7324911,257.54495,0,2.636968
2023,32.25,-6.5,0.55262077,260.4008,0,1.9894347
2023,32.25,-6.25,0.46018377,259.7512,0,1.6566615
2023,32.25,-6.0,0.45028389,256.66037,0,1.621022
2023,32.25,-5.75,0.58866143,247.55347,0,2.1191812
2023,32.25,-5.5,0.84341,243.80884,0,3.0362759
2023,32.25,-5.25,0.8157943,241.30202,0,2.9368594
2023,32.25,-5.0,0.6870479,243.34424,0,2.4733725
2023,32.25,-4.75,0.68375397,247.56836,0,2.4615142
2023,32.25,-4.5,0.66000634,248.92383,0,2.3760228
2023,32.25,-4.25,0.7270624,231.58759,0,2.6174245
2023,32.25,-4.0,0.8352484,237.37303,0,3.006894
2023,32.25,-3.75,0.9122434,210.97406,0,3.2840762
2023,32.25,-3.5,0.9521789,183.60576,0,3.427844
2023,32.25,-3.25,1.0051068,187.88123,0,3.6183844
2023,32.25,-3.0,1.072021,161.72728,0,3.8592756
2023,32.25,-2.75,1.1768699,72.071754,0,4.2367315
2023,32.25,-2.5,1.3438191,74.36137,0,4.837749
2023,32.25,-2.25,1.453517,80.15207,0,5.232661
2023,32.25,-2.0,1.1574601,74.85855,0,4.1668563
2023,32.25,-1.75,1.0741338,181.67,0,3.8668814
2023,32.25,-1.5,1.1482843,206.28735,0,4.1338234
2023,32.25,-1.25,1.0657482,202.96358,0,3.8366935
2023,32.25,-1.0,1.0086348,201.59497,0,3.6310852
2023,32.25,-0.75,0.987451,201.48627,0,3.5548236
2023,32.25,-0.5,1.1038771,143.50526,0,3.9739573
2023,32.25,-0.25,1.2532269,142.8538,0,4.5116167
2023,32.25,0.0,1.3550884,142.62276,0,4.878318
2023,32.25,0.25,1.4744669,143.87639,0,5.3080807
2023,32.25,0.5,1.5638376,143.99812,0,5.6298156
2023,32.25,0.75,1.6522657,144.2612,0,5.9481564
2023,32.25,1.0,1.7198755,142.15184,0,6.1915517
2023,32.25,1.25,1.7249475,142.19539,0,6.2098107
2023,32.25,1.5,1.6931452,142.76192,0,6.0953226
2023,32.25,1.75,1.6528274,143.50415,0,5.9501786
2023,32.25,2.0,1.6448679,144.31776,0,5.921524
2023,32.25,2.25,1.6076416,145.05286,0,5.7875094
2023,32.25,2.5,1.623387,146.95163,0,5.844193
2023,32.25,2.75,1.6854178,149.05061,0,6.067504
2023,32.25,3.0,1.7651519,147.18468,0,6.3545465
2023,32.25,3.25,1.8119574,140.86766,0,6.5230465
2023,32.25,3.5,1.8358511,132.63797,0,6.6090636
2023,32.25,3.75,1.8185016,129.30777,0,6.5466056
2023,32.25,4.0,1.8341136,128.97258,0,6.602809
2023,32.25,4.25,1.8730651,130.09737,0,6.7430344
2023,32.25,4.5,1.9199443,131.0501,0,6.9117994
2023,32.25,4.75,1.9270364,131.18703,0,6.9373307
2023,32.25,5.0,1.871694,129.83281,0,6.738098
2023,32.25,5.25,1.8042058,130.50725,0,6.4951406
2023,32.25,5.5,1.7699686,133.49094,0,6.3718867
2023,32.25,5.75,1.8150793,137.62852,0,6.5342855
2023,32.25,6.0,1.8677677,137.76091,0,6.7239637
2023,32.25,6.25,1.8967136,137.4707,0,6.828169
2023,32.25,6.5,1.9176394,136.8318,0,6.9035015
2023,32.25,6.75,1.9292215,135.69237,0,6.945197
2023,32.25,7.0,1.9221781,134.5849,0,6.9198413
2023,32.25,7.25,1.9231893,133.62257,0,6.9234815
2023,32.25,7.5,1.934113,132.96596,0,6.9628067
2023,32.25,7.75,1.9464397,132.23741,0,7.007183
2023,32.25,8.0,1.9614868,131.91222,0,7.0613523
2023,32.25,8.25,1.9820838,132.2809,0,7.1355014
2023,32.25,8.5,2.010748,132.54091,0,7.2386923
2023,32.25,8.75,2.0494063,132.45872,0,7.3778625
2023,32.25,9.0,2.095465,132.01776,0,7.5436735
2023,32.25,9.25,2.146926,131.77974,0,7.7289333
2023,32.25,9.5,2.2178173,129.84283,0,7.9841423
2023,32.25,9.75,2.2952974,129.08531,0,8.26307
2023,32.25,10.0,2.2970743,127.19813,0,8.269467
2023,32.25,10.25,2.1326387,123.243385,0,7.6774993
2023,32.25,10.5,1.8414106,116.92037,0,6.629078
2023,32.25,10.75,1.6537014,114.05625,0,5.953325
2023,32.25,11.0,1.6147846,120.05427,0,5.8132243
2023,32.25,11.25,1.551415,120.83076,0,5.5850935
2023,32.25,11.5,1.4882469,120.81747,0,5.357689
2023,32.25,11.75,1.4349185,151.43271,0,5.1657066
2023,32.25,12.0,1.3815295,140.92805,0,4.973506
2023,32.0,-9.0,2.0685441,132.02122,0,7.4467587
2023,32.0,-8.75,2.263165,127.912254,0,8.147394
2023,32.0,-8.5,2.3999848,129.77814,0,8.639945
2023,32.0,-8.25,2.2608747,128.50679,0,8.139149
2023,32.0,-8.0,2.107486,156.668,0,7.5869493
2023,32.0,-7.75,1.7265455,208.37416,0,6.2155633
2023,32.0,-7.5,1.4034384,269.976,0,5.052378
2023,32.0,-7.25,1.0375192,261.69836,0,3.735069
2023,32.0,-7.0,0.68904346,233.69255,0,2.4805565
2023,32.0,-6.75,0.49531963,235.04903,0,1.7831507
2023,32.0,-6.5,0.46914423,267.1698,0,1.6889192
2023,32.0,-6.25,0.3886704,267.5813,0,1.3992134
2023,32.0,-6.0,0.45324352,254.57304,0,1.6316767
2023,32.0,-5.75,0.70232105,241.0749,0,2.5283558
2023,32.0,-5.5,0.9226262,241.34627,0,3.3214543
2023,32.0,-5.25,0.69753045,239.29344,0,2.5111096
2023,32.0,-5.0,0.60299677,242.29846,0,2.1707883
2023,32.0,-4.75,0.47198495,216.82701,0,1.6991458
2023,32.0,-4.5,0.46351933,222.777,0,1.6686696
2023,32.0,-4.25,0.5940144,196.94397,0,2.1384518
2023,32.0,-4.0,0.80501384,172.99994,0,2.8980498
2023,32.0,-3.75,0.9251763,144.3949,0,3.3306346
2023,32.0,-3.5,0.92704195,152.48083,0,3.3373508
2023,32.0,-3.25,1.0110432,154.2624,0,3.6397555
2023,32.0,-3.0,1.1256655,156.29274,0,4.052396
2023,32.0,-2.75,1.2775478,70.2539,0,4.599172
2023,32.0,-2.5,1.4671192,76.19022,0,5.281629
2023,32.0,-2.25,1.4387922,79.6991,0,5.1796517
2023,32.0,-2.0,1.0893688,73.30451,0,3.9217277
2023,32.0,-1.75,1.0328463,181.29796,0,3.7182467
2023,32.0,-1.5,1.0783268,177.17053,0,3.8819764
2023,32.0,-1.25,1.0549189,117.323364,0,3.7977078
2023,32.0,-1.0,1.0824944,146.76631,0,3.8969796
2023,32.0,-0.75,1.2142076,147.33772,0,4.3711476
2023,32.0,-0.5,1.3447713,149.06125,0,4.8411765
2023,32.0,-0.25,1.4558128,150.85468,0,5.240926
2023,32.0,0.0,1.5442833,149.44165,0,5.5594196
2023,32.0,0.25,1.568092,147.63889,0,5.645131
2023,32.0,0.5,1.6437831,147.42712,0,5.9176188
2023,32.0,0.75,1.6650168,145.33438,0,5.99406
2023,32.0,1.0,1.7115937,143.07109,0,6.1617374
2023,32.0,1.25,1.7165896,143.9388,0,6.1797223
2023,32.0,1.5,1.719467,147.01222,0,6.190081
2023,32.0,1.75,1.6847878,147.93633,0,6.0652356
2023,32.0,2.0,1.668935,148.3405,0,6.008166
2023,32.0,2.25,1.6483021,149.0745,0,5.9338875
2023,32.0,2.5,1.6626276,150.71207,0,5.9854593
2023,32.0,2.75,1.6974264,149.90135,0,6.110735
2023,32.0,3.0,1.7743073,147.7912,0,6.387506
2023,32.0,3.25,1.8452458,141.51321,0,6.6428847
2023,32.0,3.5,1.8866163,134.72589,0,6.7918186
2023,32.0,3.75,1.86872,131.71913,0,6.727392
2023,32.0,4.0,1.8769766,131.31226,0,6.757116
2023,32.0,4.25,1.9181181,132.26656,0,6.9052253
2023,32.0,4.5,1.9584111,133.13255,0,7.0502796
2023,32.0,4.75,1.9760336,132.946,0,7.113721
2023,32.0,5.0,1.919885,131.774,0,6.911586
2023,32.0,5.25,1.843551,132.46587,0,6.6367836
2023,32.0,5.5,1.8042425,135.21796,0,6.4952726
2023,32.0,5.75,1.8580297,137.71771,0,6.6889067
2023,32.0,6.0,1.8942786,136.36333,0,6.819403
2023,32.0,6.25,1.9177555,136.16158,0,6.9039197
2023,32.0,6.5,1.9304909,135.79465,0,6.949767
2023,32.0,6.75,1.9496627,134.95987,0,7.0187855
2023,32.0,7.0,1.9401783,134.24156,0,6.9846416
2023,32.0,7.25,1.9336357,133.47597,0,6.961088
2023,32.0,7.5,1.9442066,132.58005,0,6.9991436
2023,32.0,7.75,1.9609896,132.13402,0,7.059562
2023,32.0,8.0,1.9744657,131.99048,0,7.1080766
2023,32.0,8.25,1.9966545,132.4026,0,7.187956
2023,32.0,8.5,2.030011,132.64122,0,7.308039
2023,32.0,8.75,2.0689852,132.6617,0,7.4483466
2023,32.0,9.0,2.099887,131.94847,0,7.5595927
2023,32.0,9.25,2.1376207,131.02434,0,7.695434
2023,32.0,9.5,2.199372,128.94984,0,7.9177394
2023,32.0,9.75,2.2441716,126.898796,0,8.079018
2023,32.0,10.0,2.2374492,125.119354,0,8.054817
2023,32.0,10.25,2.1726382,123.56237,0,7.8214974
2023,32.0,10.5,1.8978254,121.57577,0,6.832171
2023,32.0,10.75,1.6699805,120.57261,0,6.0119295
2023,32.0,11.0,1.4894208,145.04016,0,5.3619146
2023,32.0,11.25,1.4198074,143.21712,0,5.1113067
2023,32.0,11.5,1.3573046,143.58281,0,4.8862963
2023,32.0,11.75,1.3112425,143.73015,0,4.720473
2023,32.0,12.0,1.2554449,143.37605,0,4.5196013
2023,31.75,-9.0,1.7653655,156.65736,0,6.3553157
2023,31.75,-8.75,2.0646882,150.14775,0,7.4328775
2023,31.75,-8.5,2.1948254,152.76616,0,7.9013715
2023,31.75,-8.25,1.6839808,154.99535,0,6.0623307
2023,31.75,-8.0,1.3571819,159.93024,0,4.8858547
2023,31.75,-7.75,1.0490334,218.36395,0,3.7765203
2023,31.75,-7.5,0.9925005,248.49196,0,3.5730016
2023,31.75,-7.25,0.6304686,250.50774,0,2.269687
2023,31.75,-7.0,0.51615936,244.85667,0,1.8581736
2023,31.75,-6.75,0.38286492,244.08815,0,1.3783137
2023,31.75,-6.5,0.33127087,269.5413,0,1.1925751
2023,31.75,-6.25,0.39496478,250.9825,0,1.4218732
2023,31.75,-6.0,0.634488,242.96405,0,2.2841568
2023,31.75,-5.75,0.75849634,242.58253,0,2.7305868
2023,31.75,-5.5,0.6960254,236.6144,0,2.5056913
2023,31.75,-5.25,0.5143465,232.94112,0,1.8516473
2023,31.75,-5.0,0.45090643,225.48741,0,1.6232631
2023,31.75,-4.75,0.47379577,205.15205,0,1.7056648
2023,31.75,-4.5,0.63083565,118.405945,0,2.2710083
2023,31.75,-4.25,0.78627294,81.433304,0,2.8305826
2023,31.75,-4.0,1.0272685,78.836,0,3.6981666
2023,31.75,-3.75,1.1473473,104.215355,0,4.1304502
2023,31.75,-3.5,1.1419815,159.22765,0,4.111133
2023,31.75,-3.25,1.1117667,157.46623,0,4.00236
2023,31.75,-3.0,1.1417197,158.34651,0,4.110191
2023,31.75,-2.75,1.2910572,73.366646,0,4.6478057
2023,31.75,-2.5,1.4492573,75.56538,0,5.217326
2023,31.75,-2.25,1.3751928,77.25867,0,4.9506936
2023,31.75,-2.0,1.0569927,101.22303,0,3.8051734
2023,31.75,-1.75,1.0230137,68.92743,0,3.6828492
2023,31.75,-1.5,1.0807179,94.042946,0,3.8905845
2023,31.75,-1.25,1.2968804,68.328896,0,4.6687694
2023,31.75,-1.0,1.3913159,98.551384,0,5.008737
2023,31.75,-0.75,1.4886929,126.997,0,5.3592944
2023,31.75,-0.5,1.5383977,124.13644,0,5.5382314
2023,31.75,-0.25,1.6494207,94.9365,0,5.9379144
2023,31.75,0.0,1.7421198,122.527534,0,6.2716312
2023,31.75,0.25,1.748402,150.66096,0,6.294247
2023,31.75,0.5,1.7521147,149.72826,0,6.3076124
2023,31.75,0.75,1.7735604,147.7516,0,6.384817
2023,31.75,1.0,1.7227672,146.10449,0,6.201962
2023,31.75,1.25,1.7088615,147.48625,0,6.1519012
2023,31.75,1.5,1.720837,151.04482,0,6.195013
2023,31.75,1.75,1.7252392,152.61475,0,6.2108607
2023,31.75,2.0,1.712735,152.9698,0,6.165846
2023,31.75,2.25,1.7386022,153.06615,0,6.2589674
2023,31.75,2.5,1.7745657,153.01184,0,6.3884363
2023,31.75,2.75,1.8076733,151.73906,0,6.5076237
2023,31.75,3.0,1.82278,146.9918,0,6.562008
2023,31.75,3.25,1.884151,141.11247,0,6.7829432
2023,31.75,3.5,1.9421692,136.52261,0,6.991809
2023,31.75,3.75,1.9532348,134.15993,0,7.0316453
2023,31.75,4.0,1.9627002,133.6938,0,7.0657206
2023,31.75,4.25,1.9772854,133.65431,0,7.118227
2023,31.75,4.5,2.0070913,134.38403,0,7.2255282
2023,31.75,4.75,2.0229614,134.22827,0,7.282661
2023,31.75,5.0,1.9933754,133.95442,0,7.1761513
2023,31.75,5.25,1.915896,134.66493,0,6.897226
2023,31.75,5.5,1.8750986,136.28984,0,6.750355
2023,31.75,5.75,1.9137172,138.0558,0,6.8893814
2023,31.75,6.0,1.9389068,136.503,0,6.9800644
2023,31.75,6.25,1.9386638,136.00774,0,6.97919
2023,31.75,6.5,1.9510342,135.67815,0,7.023723
2023,31.75,6.75,1.9615378,135.22087,0,7.061536
2023,31.75,7.0,1.953239,134.54799,0,7.03166
2023,31.75,7.25,1.9484367,133.50969,0,7.014372
2023,31.75,7.5,1.9596747,132.2832,0,7.0548286
2023,31.75,7.75,1.9778103,131.76735,0,7.1201167
2023,31.75,8.0,1.9983631,132.01323,0,7.194107
2023,31.75,8.25,2.0141551,132.58456,0,7.2509584
2023,31.75,8.5,2.0464396,132.87552,0,7.3671827
2023,31.75,8.75,2.06893,132.3857,0,7.4481473
2023,31.75,9.0,2.0993366,131.60005,0,7.5576115
2023,31.75,9.25,2.1146436,130.56108,0,7.6127167
2023,31.75,9.5,2.1438277,128.88182,0,7.7177796
2023,31.75,9.75,2.188174,126.62058,0,7.877426
2023,31.75,10.0,2.2037728,125.23309,0,7.933582
2023,31.75,10.25,2.157159,124.713745,0,7.7657723
2023,31.75,10.5,1.9627652,124.225395,0,7.0659547
2023,31.75,10.75,1.8467484,124.40818,0,6.648294
2023,31.75,11.0,1.646626,135.97366,0,5.9278536
2023,31.75,11.25,1.552936,139.02869,0,5.5905695
2023,31.75,11.5,1.4529791,139.1021,0,5.230725
2023,31.75,11.75,1.3899018,138.75478,0,5.0036464
2023,31.75,12.0,1.3364903,139.201,0,4.8113647
2023,31.5,-9.0,1.6058601,50.08714,0,5.7810965
2023,31.5,-8.75,1.7253681,129.01418,0,6.211325
2023,31.5,-8.5,1.4983176,175.43083,0,5.3939433
2023,31.5,-8.25,0.97176415,203.60033,0,3.4983509
2023,31.5,-8.0,0.643322,223.93738,0,2.3159592
2023,31.5,-7.75,0.5570498,254.16296,0,2.0053792
2023,31.5,-7.5,0.54994565,230.89183,0,1.9798043
2023,31.5,-7.25,0.5334847,215.7094,0,1.9205449
2023,31.5,-7.0,0.4983333,268.93332,0,1.7939999
2023,31.5,-6.75,0.48102072,269.83334,0,1.7316746
2023,31.5,-6.5,0.47992203,233.5626,0,1.7277193
2023,31.5,-6.25,0.6595645,227.46014,0,2.374432
2023,31.5,-6.0,0.6349482,230.78284,0,2.2858133
2023,31.5,-5.75,0.7437094,272.68378,0,2.6773536
2023,31.5,-5.5,0.57555133,207.55208,0,2.0719848
2023,31.5,-5.25,0.49015728,195.49944,0,1.7645662
2023,31.5,-5.0,0.49560872,198.14502,0,1.7841914
2023,31.5,-4.75,0.6530577,120.416466,0,2.3510077
2023,31.5,-4.5,0.9163335,102.73429,0,3.2988005
2023,31.5,-4.25,1.1023043,91.97851,0,3.9682956
2023,31.5,-4.0,1.3905493,92.7878,0,5.005977
2023,31.5,-3.75,1.4829017,92.19698,0,5.338446
2023,31.5,-3.5,1.3646959,142.7959,0,4.912905
2023,31.5,-3.25,1.1924733,162.94728,0,4.292904
2023,31.5,-3.0,1.2023923,163.95122,0,4.3286123
2023,31.5,-2.75,1.2596391,106.19387,0,4.534701
2023,31.5,-2.5,1.435195,77.67996,0,5.166702
2023,31.5,-2.25,1.4514422,80.529915,0,5.225192
2023,31.5,-2.0,1.2547606,82.32085,0,4.517138
2023,31.5,-1.75,1.2224325,80.519295,0,4.400757
2023,31.5,-1.5,1.3082131,75.75231,0,4.709567
2023,31.5,-1.25,1.5654374,76.29308,0,5.635575
2023,31.5,-1.0,1.6714225,74.47341,0,6.017121
2023,31.5,-0.75,1.6701266,71.21124,0,6.0124555
2023,31.5,-0.5,1.7157751,68.27619,0,6.17679
2023,31.5,-0.25,1.760468,66.195045,0,6.3376846
2023,31.5,0.0,1.8467706,63.792316,0,6.648374
2023,31.5,0.25,1.8752527,63.00346,0,6.75091
2023,31.5,0.5,1.8773512,62.23891,0,6.758464
2023,31.5,0.75,1.879365,91.69068,0,6.7657137
2023,31.5,1.0,1.81505,120.53705,0,6.5341797
2023,31.5,1.25,1.7805449,122.45325,0,6.409961
2023,31.5,1.5,1.7897445,125.55166,0,6.44308
2023,31.5,1.75,1.7991339,127.192085,0,6.476882
2023,31.5,2.0,1.8165592,155.59492,0,6.539613
2023,31.5,2.25,1.8546225,155.30154,0,6.676641
2023,31.5,2.5,1.9049574,154.4838,0,6.8578467
2023,31.5,2.75,1.9267105,151.0832,0,6.9361577
2023,31.5,3.0,1.9451736,146.5175,0,7.002625
2023,31.5,3.25,1.928967,141.79851,0,6.944281
2023,31.5,3.5,1.9729925,138.1134,0,7.102773
2023,31.5,3.75,1.9985648,135.86603,0,7.1948333
2023,31.5,4.0,2.0449502,135.06941,0,7.3618207
2023,31.5,4.25,2.0593069,135.02159,0,7.4135046
2023,31.5,4.5,2.0625196,135.40442,0,7.4250703
2023,31.5,4.75,2.055772,135.2746,0,7.4007792
2023,31.5,5.0,2.0310223,135.24463,0,7.3116803
2023,31.5,5.25,2.0010984,136.83098,0,7.203954
2023,31.5,5.5,1.9639368,138.48158,0,7.0701723
2023,31.5,5.75,1.9658507,138.79373,0,7.0770626
2023,31.5,6.0,1.9553887,137.50648,0,7.039399
2023,31.5,6.25,1.9536047,136.93504,0,7.0329766
2023,31.5,6.5,1.9614649,136.27007,0,7.0612736
2023,31.5,6.75,1.965655,135.64049,0,7.076358
2023,31.5,7.0,1.9552876,134.75145,0,7.0390353
2023,31.5,7.25,1.9584422,133.27022,0,7.0503917
2023,31.5,7.5,1.9726496,131.91713,0,7.101538
2023,31.5,7.75,1.9900845,131.83417,0,7.1643043
2023,31.5,8.0,2.0128946,132.20427,0,7.2464204
2023,31.5,8.25,2.0278733,132.86255,0,7.3003435
2023,31.5,8.5,2.0416498,132.79697,0,7.3499393
2023,31.5,8.75,2.0643237,132.29185,0,7.431565
2023,31.5,9.0,2.0780628,131.381,0,7.4810257
2023,31.5,9.25,2.0813732,130.68494,0,7.4929433
2023,31.5,9.5,2.1065037,129.20502,0,7.583413
2023,31.5,9.75,2.1228783,128.23393,0,7.6423616
2023,31.5,10.0,2.1356971,126.67511,0,7.6885095
2023,31.5,10.25,2.1291454,126.89691,0,7.664923
2023,31.5,10.5,2.0500176,127.30837,0,7.380063
2023,31.5,10.75,1.9446206,129.01909,0,7.000634
2023,31.5,11.0,1.8762654,136.9593,0,6.754555
2023,31.5,11.25,1.7830344,140.3218,0,6.418924
2023,31.5,11.5,1.6683302,140.2776,0,6.0059886
2023,31.5,11.75,1.5933062,140.66576,0,5.7359023
2023,31.5,12.0,1.5715913,141.39842,0,5.657728
2023,31.25,-9.0,1.3942107,74.00349,0,5.0191584
2023,31.25,-8.75,1.0330712,73.45327,0,3.7190561
2023,31.25,-8.5,0.71327394,125.12951,0,2.5677862
2023,31.25,-8.25,0.6148212,232.35162,0,2.2133563
2023,31.25,-8.0,0.44678688,247.10187,0,1.6084328
2023,31.25,-7.75,0.43585074,295.03592,0,1.5690626
2023,31.25,-7.5,0.50098747,307.1316,0,1.8035549
2023,31.25,-7.25,0.603428,274.66156,0,2.1723409
2023,31.25,-7.0,0.66785645,236.53935,0,2.4042833
2023,31.25,-6.75,0.6258859,234.82826,0,2.253189
2023,31.25,-6.5,0.6725188,227.3313,0,2.4210675
2023,31.25,-6.25,0.6475963,209.99767,0,2.3313465
2023,31.25,-6.0,0.6831898,184.42625,0,2.4594831
2023,31.25,-5.75,0.72005224,215.21643,0,2.5921881
2023,31.25,-5.5,0.6542278,203.19592,0,2.35522
2023,31.25,-5.25,0.64816076,193.0498,0,2.3333786
2023,31.25,-5.0,0.6199284,136.92593,0,2.2317421
2023,31.25,-4.75,0.83852005,106.325356,0,3.018672
2023,31.25,-4.5,1.0826887,89.40859,0,3.897679
2023,31.25,-4.25,1.2824376,100.77283,0,4.616775
2023,31.25,-4.0,1.5863537,99.0637,0,5.710873
2023,31.25,-3.75,1.7539431,94.71497,0,6.314195
2023,31.25,-3.5,1.592646,89.527435,0,5.7335253
2023,31.25,-3.25,1.3179296,139.60036,0,4.7445464
2023,31.25,-3.0,1.2099079,166.59618,0,4.355668
2023,31.25,-2.75,1.2629843,138.80528,0,4.5467434
2023,31.25,-2.5,1.4764644,84.53485,0,5.315272
2023,31.25,-2.25,1.6539116,91.08368,0,5.9540815
2023,31.25,-2.0,1.5708423,94.57351,0,5.655032
2023,31.25,-1.75,1.5909659,90.016266,0,5.727477
2023,31.25,-1.5,1.6532278,85.367195,0,5.95162
2023,31.25,-1.25,1.7004571,78.60828,0,6.1216455
2023,31.25,-1.0,1.7414813,75.13833,0,6.2693324
2023,31.25,-0.75,1.7441939,72.164375,0,6.279098
2023,31.25,-0.5,1.8100966,70.2279,0,6.516348
2023,31.25,-0.25,1.8409014,68.18702,0,6.627245
2023,31.25,0.0,1.880257,66.21136,0,6.768925
2023,31.25,0.25,1.922011,65.87359,0,6.9192395
2023,31.25,0.5,1.9338198,65.20995,0,6.961751
2023,31.25,0.75,1.9365683,64.66988,0,6.9716454
2023,31.25,1.0,1.942461,64.80456,0,6.9928594
2023,31.25,1.25,1.9218844,66.93861,0,6.9187837
2023,31.25,1.5,1.9385858,69.54679,0,6.9789085
2023,31.25,1.75,1.9615732,68.319786,0,7.0616636
2023,31.25,2.0,1.9763908,96.637856,0,7.115007
2023,31.25,2.25,1.9953283,125.496155,0,7.183182
2023,31.25,2.5,2.041375,124.39175,0,7.3489494
2023,31.25,2.75,2.0612094,121.288765,0,7.420354
2023,31.25,3.0,2.0540245,147.2438,0,7.394488
2023,31.25,3.25,2.021923,142.52083,0,7.278923
2023,31.25,3.5,2.0205376,138.92491,0,7.2739353
2023,31.25,3.75,2.0517135,137.34723,0,7.3861685
2023,31.25,4.0,2.1020138,136.58102,0,7.56725
2023,31.25,4.25,2.123018,136.63637,0,7.6428647
2023,31.25,4.5,2.1243012,136.95389,0,7.6474843
2023,31.25,4.75,2.0961492,136.68423,0,7.546137
2023,31.25,5.0,2.0520358,137.9199,0,7.3873286
2023,31.25,5.25,2.0252023,139.69911,0,7.290728
2023,31.25,5.5,2.0157154,140.60103,0,7.256575
2023,31.25,5.75,2.0007517,139.76753,0,7.202706
2023,31.25,6.0,1.973681,138.60707,0,7.1052513
2023,31.25,6.25,1.9622545,137.91095,0,7.064116
2023,31.25,6.5,1.9704914,137.17357,0,7.093769
2023,31.25,6.75,1.9728597,136.39185,0,7.102295
2023,31.25,7.0,1.9604973,134.92467,0,7.05779
2023,31.25,7.25,1.9676443,132.85043,0,7.0835195
2023,31.25,7.5,1.9811112,132.42578,0,7.132
2023,31.25,7.75,1.9990864,132.64677,0,7.1967106
2023,31.25,8.0,2.0127394,132.7066,0,7.2458615
2023,31.25,8.25,2.027984,132.86247,0,7.3007417
2023,31.25,8.5,2.04088,132.70555,0,7.3471675
2023,31.25,8.75,2.0497994,132.4946,0,7.3792777
2023,31.25,9.0,2.0574043,131.6161,0,7.4066553
2023,31.25,9.25,2.0563636,131.34068,0,7.402909
2023,31.25,9.5,2.0636642,130.28107,0,7.429191
2023,31.25,9.75,2.07936,129.53519,0,7.485696
2023,31.25,10.0,2.0889742,130.01567,0,7.520307
2023,31.25,10.25,2.0853965,129.73613,0,7.507427
2023,31.25,10.5,2.0335817,129.74113,0,7.3208942
2023,31.25,10.75,1.9833393,131.3073,0,7.1400213
2023,31.25,11.0,1.9123238,138.78458,0,6.8843656
2023,31.25,11.25,1.8530526,142.97208,0,6.670989
2023,31.25,11.5,1.7544141,142.3288,0,6.3158903
2023,31.25,11.75,1.6793838,142.55836,0,6.045781
2023,31.25,12.0,1.6407375,142.31956,0,5.906655
2023,31.0,-9.0,0.66652715,91.30152,0,2.3994977
2023,31.0,-8.75,0.4284719,92.58773,0,1.5424988
2023,31.0,-8.5,0.37150916,142.20871,0,1.337433
2023,31.0,-8.25,0.38229963,190.84853,0,1.3762786
2023,31.0,-8.0,0.41612414,189.60225,0,1.4980469
2023,31.0,-7.75,0.6142816,263.79016,0,2.2114136
2023,31.0,-7.5,0.66087437,266.9017,0,2.3791478
2023,31.0,-7.25,0.6873271,267.01022,0,2.4743774
2023,31.0,-7.0,0.7585678,248.24889,0,2.730844
2023,31.0,-6.75,0.6770241,252.2782,0,2.4372869
2023,31.0,-6.5,0.5677572,221.10887,0,2.0439258
2023,31.0,-6.25,0.5623638,187.54665,0,2.0245097
2023,31.0,-6.0,0.59341836,183.5891,0,2.136306
2023,31.0,-5.75,0.71553135,186.78607,0,2.5759127
2023,31.0,-5.5,0.832191,182.07915,0,2.9958875
2023,31.0,-5.25,0.7915773,173.30804,0,2.849678
2023,31.0,-5.0,0.82547927,142.28673,0,2.9717252
2023,31.0,-4.75,0.9602177,99.61137,0,3.4567838
2023,31.0,-4.5,1.1673509,102.42907,0,4.202463
2023,31.0,-4.25,1.4295729,110.847435,0,5.1464624
2023,31.0,-4.0,1.6626958,109.9282,0,5.9857044
2023,31.0,-3.75,1.7784952,104.7703,0,6.4025826
2023,31.0,-3.5,1.7108248,94.671486,0,6.1589694
2023,31.0,-3.25,1.4333881,114.280556,0,5.1601973
2023,31.0,-3.0,1.2543187,141.08398,0,4.5155473
2023,31.0,-2.75,1.2118126,142.93977,0,4.3625255
2023,31.0,-2.5,1.4143857,91.37322,0,5.0917883
2023,31.0,-2.25,1.7784872,100.37726,0,6.4025536
2023,31.0,-2.0,1.9231853,98.99115,0,6.923467
2023,31.0,-1.75,1.9140359,93.64059,0,6.890529
2023,31.0,-1.5,1.8471032,86.29052,0,6.6495714
2023,31.0,-1.25,1.7804149,79.24906,0,6.4094934
2023,31.0,-1.0,1.7465758,77.31922,0,6.287673
2023,31.0,-0.75,1.8017063,75.08606,0,6.4861426
2023,31.0,-0.5,1.8817884,72.96312,0,6.774438
2023,31.0,-0.25,1.9525722,71.1435,0,7.0292597
2023,31.0,0.0,1.9815321,69.23024,0,7.1335154
2023,31.0,0.25,1.9929428,68.53689,0,7.174594
2023,31.0,0.5,1.9976859,67.86234,0,7.191669
2023,31.0,0.75,2.0221121,67.59971,0,7.2796035
2023,31.0,1.0,2.0559797,68.03848,0,7.401527
2023,31.0,1.25,2.0842803,68.926796,0,7.503409
2023,31.0,1.5,2.1295316,68.19916,0,7.6663136
2023,31.0,1.75,2.1504722,67.23649,0,7.7416997
2023,31.0,2.0,2.157159,66.04301,0,7.7657723
2023,31.0,2.25,2.1615698,95.20578,0,7.781651
2023,31.0,2.5,2.1950963,93.60596,0,7.902346
2023,31.0,2.75,2.2092283,90.92417,0,7.953222
2023,31.0,3.0,2.204958,117.15909,0,7.9378486
2023,31.0,3.25,2.1775076,143.49298,0,7.8390274
2023,31.0,3.5,2.1403632,140.32329,0,7.7053075
2023,31.0,3.75,2.1583674,138.97964,0,7.7701225
2023,31.0,4.0,2.1717548,138.22957,0,7.8183174
2023,31.0,4.25,2.189667,138.39299,0,7.882801
2023,31.0,4.5,2.1743991,139.18149,0,7.8278365
2023,31.0,4.75,2.138169,139.35695,0,7.697408
2023,31.0,5.0,2.087834,140.92789,0,7.516202
2023,31.0,5.25,2.061723,142.30824,0,7.4222026
2023,31.0,5.5,2.0569525,143.3043,0,7.405029
2023,31.0,5.75,2.0451648,141.7431,0,7.362593
2023,31.0,6.0,2.0195177,140.54976,0,7.270263
2023,31.0,6.25,2.000618,140.10423,0,7.2022247
2023,31.0,6.5,1.9868193,139.80188,0,7.1525493
2023,31.0,6.75,1.9795132,139.52464,0,7.1262474
2023,31.0,7.0,1.9718546,135.9589,0,7.098676
2023,31.0,7.25,1.97584,134.30183,0,7.1130238
2023,31.0,7.5,1.9896646,134.01338,0,7.162792
2023,31.0,7.75,2.0001752,133.38867,0,7.2006307
2023,31.0,8.0,2.0081284,132.7035,0,7.229262
2023,31.0,8.25,2.0161285,132.45952,0,7.2580624
2023,31.0,8.5,2.0260222,132.45604,0,7.2936797
2023,31.0,8.75,2.0360534,132.32237,0,7.329792
2023,31.0,9.0,2.0411513,132.18758,0,7.3481445
2023,31.0,9.25,2.0340574,132.26537,0,7.3226066
2023,31.0,9.5,2.0304987,131.03374,0,7.3097954
2023,31.0,9.75,2.0264986,130.50117,0,7.2953944
2023,31.0,10.0,2.0332735,130.69913,0,7.319784
2023,31.0,10.25,2.0446806,131.06999,0,7.36085
2023,31.0,10.5,2.0403545,131.56467,0,7.345276
2023,31.0,10.75,1.9946617,134.28871,0,7.180782
2023,31.0,11.0,1.9346725,140.01125,0,6.964821
2023,31.0,11.25,1.8605938,143.66037,0,6.6981373
2023,31.0,11.5,1.7769275,143.67702,0,6.396939
2023,31.0,11.75,1.7189904,143.40025,0,6.1883655
2023,31.0,12.0,1.6804471,143.52028,0,6.049609
2023,30.75,-9.0,0.53396016,247.38599,0,1.9222566
2023,30.75,-8.75,0.5677957,239.02087,0,2.0440645
2023,30.75,-8.5,0.59516907,229.98474,0,2.1426086
2023,30.75,-8.25,0.54748243,229.96367,0,1.9709367
2023,30.75,-8.0,0.5811047,188.76648,0,2.091977
2023,30.75,-7.75,0.80727667,253.87866,0,2.9061959
2023,30.75,-7.5,1.0597032,275.3418,0,3.8149316
2023,30.75,-7.25,1.2156585,269.92685,0,4.3763704
2023,30.75,-7.0,1.1401737,240.15083,0,4.104625
2023,30.75,-6.75,0.99904275,225.62068,0,3.5965538
2023,30.75,-6.5,0.75626826,195.98358,0,2.7225657
2023,30.75,-6.25,0.66619617,183.97333,0,2.3983061
2023,30.75,-6.0,0.6984811,203.11623,0,2.5145319
2023,30.75,-5.75,0.7526355,139.02026,0,2.7094877
2023,30.75,-5.5,0.7389775,153.25058,0,2.6603189
2023,30.75,-5.25,0.75397104,132.06142,0,2.7142956
2023,30.75,-5.0,0.85281986,116.21548,0,3.0701513
2023,30.75,-4.75,1.0615529,116.66766,0,3.8215902
2023,30.75,-4.5,1.2354777,119.06803,0,4.4477196
2023,30.75,-4.25,1.4120488,119.22248,0,5.0833755
2023,30.75,-4.0,1.6174712,116.556786,0,5.822896
2023,30.75,-3.75,1.7299248,110.50839,0,6.2277293
2023,30.75,-3.5,1.7221819,99.78098,0,6.199855
2023,30.75,-3.25,1.5015625,90.810394,0,5.405625
2023,30.75,-3.0,1.3340775,118.94187,0,4.8026786
2023,30.75,-2.75,1.2862613,150.54466,0,4.630541
2023,30.75,-2.5,1.4196259,95.993004,0,5.110653
2023,30.75,-2.25,1.8047624,101.75074,0,6.497144
2023,30.75,-2.0,2.056426,98.63779,0,7.4031334
2023,30.75,-1.75,2.1057842,93.39026,0,7.580823
2023,30.75,-1.5,2.0321834,87.05304,0,7.3158603
2023,30.75,-1.25,1.9357346,80.92469,0,6.9686446
2023,30.75,-1.0,1.8823136,78.50006,0,6.776329
2023,30.75,-0.75,1.913505,75.572296,0,6.8886175
2023,30.75,-0.5,1.9779063,73.31048,0,7.120463
2023,30.75,-0.25,2.0589805,71.68185,0,7.4123297
2023,30.75,0.0,2.1150277,70.44835,0,7.6140995
2023,30.75,0.25,2.1302,68.77029,0,7.6687193
2023,30.75,0.5,2.1535103,67.68583,0,7.752637
2023,30.75,0.75,2.186569,67.500114,0,7.8716483
2023,30.75,1.0,2.232822,68.02241,0,8.038158
2023,30.75,1.25,2.267379,68.28522,0,8.162564
2023,30.75,1.5,2.2875607,67.28661,0,8.235218
2023,30.75,1.75,2.2995856,66.03873,0,8.278508
2023,30.75,2.0,2.3121893,64.88263,0,8.323881
2023,30.75,2.25,2.331066,64.01168,0,8.391837
2023,30.75,2.5,2.342104,62.25717,0,8.431574
2023,30.75,2.75,2.358781,89.865746,0,8.4916115
2023,30.75,3.0,2.3579752,87.49972,0,8.48871
2023,30.75,3.25,2.3345344,84.91634,0,8.404324
2023,30.75,3.5,2.260435,113.02728,0,8.137567
2023,30.75,3.75,2.22699,141.35245,0,8.017163
2023,30.75,4.0,2.2246795,140.40935,0,8.008846
2023,30.75,4.25,2.2231567,140.31885,0,8.003364
2023,30.75,4.5,2.2112443,141.01164,0,7.9604793
2023,30.75,4.75,2.1838038,142.7646,0,7.8616934
2023,30.75,5.0,2.1554372,115.05704,0,7.759574
2023,30.75,5.25,2.1327493,116.43287,0,7.6778975
2023,30.75,5.5,2.1101377,116.240204,0,7.5964956
2023,30.75,5.75,2.0664926,145.40776,0,7.439373
2023,30.75,6.0,2.037167,144.61299,0,7.3338013
2023,30.75,6.25,2.0234358,143.71461,0,7.284369
2023,30.75,6.5,2.0109422,143.62593,0,7.239392
2023,30.75,6.75,1.9866208,144.4391,0,7.1518345
2023,30.75,7.0,1.9697455,136.06813,0,7.0910835
2023,30.75,7.25,1.9769235,135.76453,0,7.1169243
2023,30.75,7.5,1.9840525,134.9333,0,7.142589
2023,30.75,7.75,1.9915224,132.59975,0,7.169481
2023,30.75,8.0,1.9872233,131.76485,0,7.1540036
2023,30.75,8.25,1.9730269,132.82526,0,7.1028967
2023,30.75,8.5,1.9859238,132.91725,0,7.1493254
2023,30.75,8.75,2.0060217,132.44716,0,7.2216783
2023,30.75,9.0,2.0174105,131.93178,0,7.2626777
2023,30.75,9.25,2.0157266,132.48616,0,7.2566156
2023,30.75,9.5,2.0070388,132.87346,0,7.2253394
2023,30.75,9.75,1.9964625,132.07832,0,7.187265
2023,30.75,10.0,1.9970511,130.95023,0,7.189384
2023,30.75,10.25,2.0050833,129.8248,0,7.2183
2023,30.75,10.5,2.033994,133.44675,0,7.322378
2023,30.75,10.75,2.0212495,138.57776,0,7.2764983
2023,30.75,11.0,1.9770832,143.4917,0,7.1174994
2023,30.75,11.25,1.9095286,145.4157,0,6.874303
2023,30.75,11.5,1.829677,145.59242,0,6.586837
2023,30.75,11.75,1.7798618,145.48405,0,6.407502
2023,30.75,12.0,1.7702821,145.73535,0,6.3730154
2023,30.5,-9.0,0.9541764,230.18916,0,3.435035
2023,30.5,-8.75,0.90082884,211.38751,0,3.2429838
2023,30.5,-8.5,0.9221508,192.89095,0,3.3197427
2023,30.5,-8.25,0.91380554,198.95992,0,3.2896998
2023,30.5,-8.0,0.9355447,264.81528,0,3.367961
2023,30.5,-7.75,1.0858451,261.66663,0,3.9090424
2023,30.5,-7.5,1.1685959,265.7958,0,4.206945
2023,30.5,-7.25,1.1240425,249.8869,0,4.046553
2023,30.5,-7.0,0.90305275,233.719,0,3.25099
2023,30.5,-6.75,0.89574337,217.29083,0,3.2246761
2023,30.5,-6.5,0.81139654,205.92175,0,2.9210274
2023,30.5,-6.25,0.6787858,193.28471,0,2.4436288
2023,30.5,-6.0,0.55022895,177.84486,0,1.9808242
2023,30.5,-5.75,0.5388388,103.668884,0,1.9398197
2023,30.5,-5.5,0.69010824,125.09811,0,2.4843895
2023,30.5,-5.25,0.831522,126.643135,0,2.993479
2023,30.5,-5.0,0.97493815,126.92686,0,3.5097773
2023,30.5,-4.75,1.1286563,126.28077,0,4.0631623
2023,30.5,-4.5,1.2338237,118.55674,0,4.441765
2023,30.5,-4.25,1.472025,115.72111,0,5.29929
2023,30.5,-4.0,1.6703762,113.766754,0,6.0133543
2023,30.5,-3.75,1.7398275,110.09635,0,6.263379
2023,30.5,-3.5,1.651007,102.66726,0,5.9436255
2023,30.5,-3.25,1.5526022,97.373535,0,5.589368
2023,30.5,-3.0,1.4840399,95.515076,0,5.3425436
2023,30.5,-2.75,1.460073,95.3679,0,5.256263
2023,30.5,-2.5,1.5298848,96.64182,0,5.507585
2023,30.5,-2.25,1.825347,100.006226,0,6.571249
2023,30.5,-2.0,2.08559,97.053535,0,7.5081234
2023,30.5,-1.75,2.1600876,91.85439,0,7.776315
2023,30.5,-1.5,2.1375437,85.92228,0,7.695157
2023,30.5,-1.25,2.101855,80.67292,0,7.566678
2023,30.5,-1.0,2.0732865,77.571106,0,7.4638314
2023,30.5,-0.75,2.0783234,74.92325,0,7.481964
2023,30.5,-0.5,2.1164162,72.918236,0,7.619098
2023,30.5,-0.25,2.177379,71.33422,0,7.838564
2023,30.5,0.0,2.2416816,69.57316,0,8.070053
2023,30.5,0.25,2.2698107,68.26525,0,8.171318
2023,30.5,0.5,2.3010364,67.84374,0,8.2837305
2023,30.5,0.75,2.3380811,67.81451,0,8.417091
2023,30.5,1.0,2.384454,67.6021,0,8.584034
2023,30.5,1.25,2.4455779,66.268364,0,8.80408
2023,30.5,1.5,2.4743507,65.187386,0,8.907662
2023,30.5,1.75,2.491804,63.93445,0,8.970493
2023,30.5,2.0,2.495239,63.025608,0,8.982861
2023,30.5,2.25,2.4756322,63.017227,0,8.912275
2023,30.5,2.5,2.4351437,61.96275,0,8.766517
2023,30.5,2.75,2.4010103,60.015423,0,8.643637
2023,30.5,3.0,2.3803718,88.75349,0,8.569338
2023,30.5,3.25,2.3712506,88.21613,0,8.536502
2023,30.5,3.5,2.362101,86.97881,0,8.503564
2023,30.5,3.75,2.2967663,83.98651,0,8.268358
2023,30.5,4.0,2.247191,142.69057,0,8.089888
2023,30.5,4.25,2.212808,142.92926,0,7.9661083
2023,30.5,4.5,2.201123,84.27412,0,7.9240427
2023,30.5,4.75,2.1877873,86.803734,0,7.8760343
2023,30.5,5.0,2.1703975,89.40612,0,7.813431
2023,30.5,5.25,2.15262,90.86974,0,7.749432
2023,30.5,5.5,2.1300642,90.73638,0,7.668231
2023,30.5,5.75,2.0963967,90.0137,0,7.547028
2023,30.5,6.0,2.079587,89.591034,0,7.486513
2023,30.5,6.25,2.0626183,89.48928,0,7.4254255
2023,30.5,6.5,2.042218,90.781944,0,7.3519845
2023,30.5,6.75,2.0147974,95.763794,0,7.2532706
2023,30.5,7.0,1.9829067,106.83158,0,7.138464
2023,30.5,7.25,1.9819971,109.17275,0,7.1351895
2023,30.5,7.5,1.9882842,112.47982,0,7.157823
2023,30.5,7.75,1.9853894,116.94959,0,7.1474013
2023,30.5,8.0,1.9471122,134.98166,0,7.009604
2023,30.5,8.25,1.9195023,134.78362,0,6.9102077
2023,30.5,8.5,1.9385816,132.75641,0,6.9788938
2023,30.5,8.75,1.9662428,130.39066,0,7.078474
2023,30.5,9.0,1.9737583,132.17525,0,7.10553
2023,30.5,9.25,1.955609,135.00536,0,7.040192
2023,30.5,9.5,1.9421678,135.97478,0,6.9918036
2023,30.5,9.75,1.9421023,136.09094,0,6.991568
2023,30.5,10.0,1.9655266,136.4542,0,7.0758953
2023,30.5,10.25,2.014061,136.57039,0,7.2506194
2023,30.5,10.5,2.0541046,138.8421,0,7.3947763
2023,30.5,10.75,2.031863,142.77406,0,7.3147063
2023,30.5,11.0,1.9748253,145.7773,0,7.1093707
2023,30.5,11.25,1.9042245,146.83983,0,6.855208
2023,30.5,11.5,1.8515064,146.84026,0,6.665423
2023,30.5,11.75,1.8235431,147.25157,0,6.564755
2023,30.5,12.0,1.830009,147.77849,0,6.5880322
2023,30.25,-9.0,1.3184711,206.40645,0,4.7464957
2023,30.25,-8.75,1.2128215,204.13417,0,4.366157
2023,30.25,-8.5,0.95286494,224.30304,0,3.4303138
2023,30.25,-8.25,0.89141226,241.54573,0,3.209084
2023,30.25,-8.0,0.91879106,247.72351,0,3.3076477
2023,30.25,-7.75,0.97856253,243.94447,0,3.522825
2023,30.25,-7.5,0.8980801,249.57518,0,3.2330883
2023,30.25,-7.25,0.6919407,242.0373,0,2.4909866
2023,30.25,-7.0,0.5369862,242.4713,0,1.9331502
2023,30.25,-6.75,0.5859166,181.43346,0,2.1092997
2023,30.25,-6.5,0.7008729,169.3927,0,2.5231423
2023,30.25,-6.25,0.7874994,210.4645,0,2.834998
2023,30.25,-6.0,0.6776466,198.0342,0,2.4395275
2023,30.25,-5.75,0.67183495,120.93197,0,2.4186058
2023,30.25,-5.5,0.8323987,121.281715,0,2.9966352
2023,30.25,-5.25,0.98989636,114.19358,0,3.5636268
2023,30.25,-5.0,1.0639191,110.18002,0,3.8301086
2023,30.25,-4.75,1.1464396,109.62613,0,4.1271825
2023,30.25,-4.5,1.2879288,108.796974,0,4.6365438
2023,30.25,-4.25,1.5031284,110.58417,0,5.411262
2023,30.25,-4.0,1.7302243,111.63464,0,6.228807
2023,30.25,-3.75,1.8048006,107.42633,0,6.497282
2023,30.25,-3.5,1.7140584,103.90015,0,6.17061
2023,30.25,-3.25,1.6489538,102.474525,0,5.9362335
2023,30.25,-3.0,1.5991217,102.13096,0,5.756838
2023,30.25,-2.75,1.5802631,100.68545,0,5.688947
2023,30.25,-2.5,1.6384705,97.20942,0,5.898494
2023,30.25,-2.25,1.9105792,96.49048,0,6.878085
2023,30.25,-2.0,2.1406472,93.11678,0,7.70633
2023,30.25,-1.75,2.2447746,88.7463,0,8.081188
2023,30.25,-1.5,2.2495306,84.22757,0,8.0983095
2023,30.25,-1.25,2.22316,80.22067,0,8.003376
2023,30.25,-1.0,2.2100475,76.7608,0,7.9561706
2023,30.25,-0.75,2.2287896,73.900665,0,8.023643
2023,30.25,-0.5,2.268297,71.73249,0,8.165869
2023,30.25,-0.25,2.3154113,70.0131,0,8.335481
2023,30.25,0.0,2.3898542,68.47647,0,8.603475
2023,30.25,0.25,2.4467628,67.731636,0,8.808346
2023,30.25,0.5,2.4958797,66.05701,0,8.985167
2023,30.25,0.75,2.5344841,64.82165,0,9.124143
2023,30.25,1.0,2.5689332,63.879536,0,9.248159
2023,30.25,1.25,2.6110978,62.980732,0,9.399952
2023,30.25,1.5,2.6392403,62.508495,0,9.501265
2023,30.25,1.75,2.6394994,63.182007,0,9.502197
2023,30.25,2.0,2.6080036,64.86487,0,9.388813
2023,30.25,2.25,2.5464697,66.770325,0,9.167291
2023,30.25,2.5,2.4599788,65.983925,0,8.855924
2023,30.25,2.75,2.3789985,63.070374,0,8.564394
2023,30.25,3.0,2.3563483,62.618347,0,8.482854
2023,30.25,3.25,2.3795056,62.254993,0,8.56622
2023,30.25,3.5,2.402266,90.682396,0,8.648157
2023,30.25,3.75,2.3467336,87.10122,0,8.44824
2023,30.25,4.0,2.2708719,85.27449,0,8.175138
2023,30.25,4.25,2.2341816,86.05096,0,8.043054
2023,30.25,4.5,2.2283509,88.228485,0,8.022063
2023,30.25,4.75,2.236482,91.3149,0,8.051334
2023,30.25,5.0,2.2333758,94.49521,0,8.040153
2023,30.25,5.25,2.2009172,95.62723,0,7.9233017
2023,30.25,5.5,2.1458585,95.05459,0,7.7250905
2023,30.25,5.75,2.1024377,93.72564,0,7.5687757
2023,30.25,6.0,2.0845556,92.68131,0,7.5044003
2023,30.25,6.25,2.0796077,93.7706,0,7.4865875
2023,30.25,6.5,2.0644724,95.82198,0,7.432101
2023,30.25,6.75,2.0366333,102.36875,0,7.3318796
2023,30.25,7.0,2.0128155,108.4688,0,7.2461357
2023,30.25,7.25,2.003571,111.92884,0,7.2128553
2023,30.25,7.5,2.0245652,115.323204,0,7.2884345
2023,30.25,7.75,2.0047839,114.96717,0,7.2172217
2023,30.25,8.0,1.9477807,114.5017,0,7.0120106
2023,30.25,8.25,1.911738,115.68191,0,6.882257
2023,30.25,8.5,1.9218549,119.30013,0,6.9186773
2023,30.25,8.75,1.9354125,118.74171,0,6.967485
2023,30.25,9.0,1.9054786,115.10046,0,6.8597226
2023,30.25,9.25,1.8920604,136.30855,0,6.811417
2023,30.25,9.5,1.8795398,136.71869,0,6.766343
2023,30.25,9.75,1.8630695,138.03455,0,6.7070503
2023,30.25,10.0,1.8642815,140.21764,0,6.7114134
2023,30.25,10.25,1.9531049,143.03693,0,7.0311775
2023,30.25,10.5,2.0206566,141.4261,0,7.2743635
2023,30.25,10.75,2.0302286,142.39612,0,7.3088226
2023,30.25,11.0,1.9778253,144.94876,0,7.120171
2023,30.25,11.25,1.9114738,146.98917,0,6.881305
2023,30.25,11.5,1.8847579,147.74937,0,6.785128
2023,30.25,11.75,1.8777361,148.14583,0,6.7598495
2023,30.25,12.0,1.886037,148.3784,0,6.789733
2023,30.0,-9.0,0.87458974,212.4511,0,3.148523
2023,30.0,-8.75,1.0794872,228.06172,0,3.886154
2023,30.0,-8.5,1.0423054,254.31659,0,3.752299
2023,30.0,-8.25,0.8764091,259.12073,0,3.1550727
2023,30.0,-8.0,0.9257423,247.07246,0,3.3326724
2023,30.0,-7.75,0.918988,241.01402,0,3.3083568
2023,30.0,-7.5,0.71322054,255.61385,0,2.5675938
2023,30.0,-7.25,0.57505953,193.96938,0,2.0702143
2023,30.0,-7.0,0.5434706,166.53586,0,1.9564942
2023,30.0,-6.75,0.6238785,129.71886,0,2.2459624
2023,30.0,-6.5,0.7124228,121.20034,0,2.564722
2023,30.0,-6.25,0.7888586,118.70526,0,2.839891
2023,30.0,-6.0,0.78092337,119.6044,0,2.8113241
2023,30.0,-5.75,0.80856186,122.25338,0,2.9108226
2023,30.0,-5.5,0.95257825,117.9787,0,3.4292817
2023,30.0,-5.25,1.1170927,112.60309,0,4.0215335
2023,30.0,-5.0,1.1363775,112.62116,0,4.0909586
2023,30.0,-4.75,1.1713723,110.94889,0,4.21694
2023,30.0,-4.5,1.3179277,112.67557,0,4.7445397
2023,30.0,-4.25,1.5432333,114.02947,0,5.5556397
2023,30.0,-4.0,1.7770654,112.831726,0,6.397435
2023,30.0,-3.75,1.8850932,108.746056,0,6.7863355
2023,30.0,-3.5,1.8355416,106.49929,0,6.6079497
2023,30.0,-3.25,1.7846245,106.29746,0,6.424648
2023,30.0,-3.0,1.7309661,106.15851,0,6.2314777
2023,30.0,-2.75,1.6480289,104.25175,0,5.932904
2023,30.0,-2.5,1.6237942,99.83329,0,5.845659
2023,30.0,-2.25,1.810793,96.88981,0,6.5188546
2023,30.0,-2.0,2.0516455,92.02985,0,7.385924
2023,30.0,-1.75,2.2005672,87.02237,0,7.922042
2023,30.0,-1.5,2.3005605,82.803406,0,8.282018
2023,30.0,-1.25,2.3278134,78.858635,0,8.380128
2023,30.0,-1.0,2.3357527,75.9627,0,8.40871
2023,30.0,-0.75,2.3571703,73.27,0,8.485813
2023,30.0,-0.5,2.3937771,71.2619,0,8.617598
2023,30.0,-0.25,2.453305,68.86422,0,8.831898
2023,30.0,0.0,2.5336103,65.78251,0,9.120997
2023,30.0,0.25,2.617434,63.88821,0,9.422762
2023,30.0,0.5,2.6825478,62.22093,0,9.657172
2023,30.0,0.75,2.7217648,61.0441,0,9.798353
2023,30.0,1.0,2.725567,61.088932,0,9.812041
2023,30.0,1.25,2.747206,61.415466,0,9.889941
2023,30.0,1.5,2.735412,63.21346,0,9.847483
2023,30.0,1.75,2.6953542,67.98708,0,9.703275
2023,30.0,2.0,2.6674852,71.36481,0,9.602946
2023,30.0,2.25,2.629095,72.81881,0,9.464742
2023,30.0,2.5,2.53157,70.26275,0,9.113651
2023,30.0,2.75,2.4404297,68.11007,0,8.785546
2023,30.0,3.0,2.4167202,66.30554,0,8.700192
2023,30.0,3.25,2.43981,65.05239,0,8.783316
2023,30.0,3.5,2.4710977,61.868687,0,8.895951
2023,30.0,3.75,2.4404125,89.894714,0,8.785485
2023,30.0,4.0,2.3641903,89.69873,0,8.511085
2023,30.0,4.25,2.283753,90.580055,0,8.22151
2023,30.0,4.5,2.2641847,92.84808,0,8.151065
2023,30.0,4.75,2.2473571,95.718994,0,8.090486
2023,30.0,5.0,2.2438467,68.37149,0,8.0778475
2023,30.0,5.25,2.2342951,97.6802,0,8.043462
2023,30.0,5.5,2.2159703,95.36585,0,7.977493
2023,30.0,5.75,2.177354,94.04543,0,7.8384748
2023,30.0,6.0,2.146455,94.05079,0,7.727238
2023,30.0,6.25,2.1277237,96.3443,0,7.6598053
2023,30.0,6.5,2.115369,99.85238,0,7.6153283
2023,30.0,6.75,2.102323,105.811005,0,7.5683627
2023,30.0,7.0,2.0859742,109.937195,0,7.509507
2023,30.0,7.25,2.0671241,82.67013,0,7.4416466
2023,30.0,7.5,2.044081,84.68163,0,7.358691
2023,30.0,7.75,1.9904052,114.47976,0,7.1654587
2023,30.0,8.0,1.9606811,115.81818,0,7.0584517
2023,30.0,8.25,1.9292995,117.0772,0,6.945478
2023,30.0,8.5,1.9018884,116.50619,0,6.846798
2023,30.0,8.75,1.8773241,115.24671,0,6.7583666
2023,30.0,9.0,1.851539,116.80416,0,6.66554
2023,30.0,9.25,1.8531795,123.46527,0,6.671446
2023,30.0,9.5,1.8408786,131.79556,0,6.627163
2023,30.0,9.75,1.8252939,138.15593,0,6.571058
2023,30.0,10.0,1.8041253,139.30602,0,6.494851
2023,30.0,10.25,1.8989849,134.77565,0,6.8363457
2023,30.0,10.5,2.0030966,135.4338,0,7.2111473
2023,30.0,10.75,2.023435,142.19035,0,7.284366
2023,30.0,11.0,1.9691528,146.27904,0,7.08895
2023,30.0,11.25,1.8962111,148.17163,0,6.8263597
2023,30.0,11.5,1.8821336,149.19283,0,6.775681
2023,30.0,11.75,1.8922018,149.33218,0,6.8119264
2023,30.0,12.0,1.9004277,149.18053,0,6.8415394
2023,29.75,-9.0,0.89752334,249.3701,0,3.2310839
2023,29.75,-8.75,1.0939952,241.08716,0,3.9383826
2023,29.75,-8.5,0.97265285,261.95175,0,3.5015502
2023,29.75,-8.25,1.0096984,253.59186,0,3.6349142
2023,29.75,-8.0,1.0746127,197.84937,0,3.8686059
2023,29.75,-7.75,1.0977985,197.19983,0,3.9520743
2023,29.75,-7.5,0.82001853,169.6161,0,2.9520667
2023,29.75,-7.25,0.8384712,148.25621,0,3.018496
2023,29.75,-7.0,0.92504376,152.31026,0,3.3301575
2023,29.75,-6.75,0.96313834,136.22913,0,3.467298
2023,29.75,-6.5,1.0275286,141.20247,0,3.699103
2023,29.75,-6.25,1.0866452,144.43887,0,3.9119227
2023,29.75,-6.0,1.1198255,144.106,0,4.0313716
2023,29.75,-5.75,1.1324074,139.82057,0,4.076667
2023,29.75,-5.5,1.1601427,128.57922,0,4.1765137
2023,29.75,-5.25,1.2855147,122.769005,0,4.627853
2023,29.75,-5.0,1.2724127,119.703575,0,4.5806856
2023,29.75,-4.75,1.2289405,117.944405,0,4.4241858
2023,29.75,-4.5,1.3670015,119.779045,0,4.9212055
2023,29.75,-4.25,1.5789018,119.92105,0,5.6840463
2023,29.75,-4.0,1.8010277,118.05538,0,6.4836993
2023,29.75,-3.75,1.8798074,112.4166,0,6.7673063
2023,29.75,-3.5,1.9078132,108.461296,0,6.8681273
2023,29.75,-3.25,1.8947024,108.09521,0,6.8209286
2023,29.75,-3.0,1.8772727,108.060265,0,6.7581816
2023,29.75,-2.75,1.7951726,106.806496,0,6.462621
2023,29.75,-2.5,1.6119884,102.72817,0,5.8031583
2023,29.75,-2.25,1.6007291,100.14215,0,5.7626247
2023,29.75,-2.0,1.817698,94.06409,0,6.5437126
2023,29.75,-1.75,2.095309,84.47766,0,7.5431123
2023,29.75,-1.5,2.2435098,80.332184,0,8.076635
2023,29.75,-1.25,2.4065368,76.79061,0,8.663532
2023,29.75,-1.0,2.45381,75.04901,0,8.833715
2023,29.75,-0.75,2.470236,72.6303,0,8.89285
2023,29.75,-0.5,2.5107481,69.191154,0,9.038693
2023,29.75,-0.25,2.5789998,65.99065,0,9.284399
2023,29.75,0.0,2.6507418,60.712772,0,9.54267
2023,29.75,0.25,2.7465038,59.76209,0,9.887414
2023,29.75,0.5,2.8161602,59.25484,0,10.138177
2023,29.75,0.75,2.8351967,60.731247,0,10.206708
2023,29.75,1.0,2.8325603,61.114365,0,10.197217
2023,29.75,1.25,2.7939036,62.922985,0,10.058053
2023,29.75,1.5,2.7334607,68.83437,0,9.840458
2023,29.75,1.75,2.7216165,74.46607,0,9.797819
2023,29.75,2.0,2.7551956,77.46815,0,9.918704
2023,29.75,2.25,2.7374756,78.952965,0,9.854912
2023,29.75,2.5,2.6598504,76.29441,0,9.575461
2023,29.75,2.75,2.5559871,73.860916,0,9.201553
2023,29.75,3.0,2.5096686,70.95891,0,9.034806
2023,29.75,3.25,2.4669437,66.51852,0,8.880998
2023,29.75,3.5,2.4786813,63.073544,0,8.923252
2023,29.75,3.75,2.4771497,63.781513,0,8.917739
2023,29.75,4.0,2.4339235,65.41166,0,8.762124
2023,29.75,4.25,2.3520029,66.2482,0,8.46721
2023,29.75,4.5,2.3001492,66.42032,0,8.280537
2023,29.75,4.75,2.2909114,68.581215,0,8.247281
2023,29.75,5.0,2.2933347,68.75994,0,8.256004
2023,29.75,5.25,2.2804017,66.84119,0,8.209446
2023,29.75,5.5,2.2638044,65.1869,0,8.149695
2023,29.75,5.75,2.240698,95.10494,0,8.066513
2023,29.75,6.0,2.2139845,95.72042,0,7.970344
2023,29.75,6.25,2.1814706,99.11013,0,7.853294
2023,29.75,6.5,2.176636,73.46511,0,7.8358893
2023,29.75,6.75,2.1675267,77.61096,0,7.803096
2023,29.75,7.0,2.142937,80.07302,0,7.714573
2023,29.75,7.25,2.11634,82.273224,0,7.6188235
2023,29.75,7.5,2.0665286,82.363754,0,7.4395027
2023,29.75,7.75,2.0058877,82.97849,0,7.2211957
2023,29.75,8.0,1.9705678,84.57041,0,7.094044
2023,29.75,8.25,1.9194483,85.89404,0,6.9100137
2023,29.75,8.5,1.8762988,115.48133,0,6.7546754
2023,29.75,8.75,1.836892,116.55503,0,6.612811
2023,29.75,9.0,1.86717,116.05487,0,6.721812
2023,29.75,9.25,1.8837622,120.09995,0,6.7815437
2023,29.75,9.5,1.8461369,129.1246,0,6.646093
2023,29.75,9.75,1.8174602,138.62158,0,6.5428567
2023,29.75,10.0,1.8174944,140.8802,0,6.5429797
2023,29.75,10.25,1.8962799,137.70619,0,6.8266077
2023,29.75,10.5,1.9796087,138.00134,0,7.126591
2023,29.75,10.75,1.9730654,146.83708,0,7.103035
2023,29.75,11.0,1.9229091,149.51823,0,6.922473
2023,29.75,11.25,1.8653833,150.12419,0,6.7153797
2023,29.75,11.5,1.8612717,150.51665,0,6.700578
2023,29.75,11.75,1.869749,150.58441,0,6.7310963
2023,29.75,12.0,1.892168,150.01672,0,6.811805
2023,29.5,-9.0,1.544086,212.23157,0,5.558709
2023,29.5,-8.75,1.5652441,233.09645,0,5.6348786
2023,29.5,-8.5,1.3229451,225.43196,0,4.7626023
2023,29.5,-8.25,1.1229376,191.98372,0,4.042575
2023,29.5,-8.0,1.2244884,193.79851,0,4.408158
2023,29.5,-7.75,1.198898,170.59973,0,4.3160324
2023,29.5,-7.5,1.1347089,149.5615,0,4.084952
2023,29.5,-7.25,1.2748529,152.3173,0,4.5894704
2023,29.5,-7.0,1.3035669,153.01944,0,4.692841
2023,29.5,-6.75,1.4031092,155.43202,0,5.0511928
2023,29.5,-6.5,1.3705274,156.43391,0,4.9338984
2023,29.5,-6.25,1.4126042,155.74805,0,5.085375
2023,29.5,-6.0,1.421628,153.44681,0,5.117861
2023,29.5,-5.75,1.335246,148.14178,0,4.8068852
2023,29.5,-5.5,1.339836,137.77707,0,4.8234096
2023,29.5,-5.25,1.390639,129.06787,0,5.0063
2023,29.5,-5.0,1.4112219,124.32249,0,5.0803986
2023,29.5,-4.75,1.3826782,122.37183,0,4.977641
2023,29.5,-4.5,1.4605155,123.547585,0,5.257856
2023,29.5,-4.25,1.6611837,123.68448,0,5.9802613
2023,29.5,-4.0,1.767026,122.32888,0,6.3612933
2023,29.5,-3.75,1.8046974,116.63099,0,6.4969106
2023,29.5,-3.5,1.8626446,111.74924,0,6.70552
2023,29.5,-3.25,1.9486341,108.75571,0,7.015083
2023,29.5,-3.0,1.9340268,108.768745,0,6.9624963
2023,29.5,-2.75,1.9359881,107.71992,0,6.969557
2023,29.5,-2.5,1.8056029,104.85907,0,6.50017
2023,29.5,-2.25,1.7416724,103.75107,0,6.2700205
2023,29.5,-2.0,1.7885779,107.62139,0,6.4388804
2023,29.5,-1.75,2.0593998,80.69425,0,7.4138393
2023,29.5,-1.5,2.2051246,77.60129,0,7.9384484
2023,29.5,-1.25,2.393629,75.00537,0,8.617064
2023,29.5,-1.0,2.4966624,73.74786,0,8.987985
2023,29.5,-0.75,2.5560565,71.27775,0,9.201803
2023,29.5,-0.5,2.5977755,68.103546,0,9.351992
2023,29.5,-0.25,2.6584036,61.28889,0,9.570252
2023,29.5,0.0,2.7391884,56.50651,0,9.861078
2023,29.5,0.25,2.8092988,57.893368,0,10.113475
2023,29.5,0.5,2.8348694,61.18749,0,10.205529
2023,29.5,0.75,2.856474,62.595978,0,10.283306
2023,29.5,1.0,2.8179758,64.71644,0,10.144712
2023,29.5,1.25,2.775191,68.83624,0,9.990687
2023,29.5,1.5,2.7751932,77.234474,0,9.990695
2023,29.5,1.75,2.8448403,79.56731,0,10.241425
2023,29.5,2.0,2.8847408,82.48694,0,10.385067
2023,29.5,2.25,2.8867147,82.09276,0,10.392173
2023,29.5,2.5,2.810859,81.120125,0,10.119092
2023,29.5,2.75,2.6859274,78.63854,0,9.669338
2023,29.5,3.0,2.5661414,72.71803,0,9.238109
2023,29.5,3.25,2.5224326,67.97245,0,9.080757
2023,29.5,3.5,2.4666388,66.54781,0,8.879899
2023,29.5,3.75,2.4719164,68.51045,0,8.898899
2023,29.5,4.0,2.46991,70.135284,0,8.891675
2023,29.5,4.25,2.4002144,68.708595,0,8.640772
2023,29.5,4.5,2.3492453,68.98226,0,8.457283
2023,29.5,4.75,2.306723,67.89736,0,8.304203
2023,29.5,5.0,2.320245,67.368385,0,8.352881
2023,29.5,5.25,2.3142343,65.86826,0,8.3312435
2023,29.5,5.5,2.3074129,66.22279,0,8.306686
2023,29.5,5.75,2.2860546,66.293175,0,8.229796
2023,29.5,6.0,2.2737706,68.14222,0,8.185574
2023,29.5,6.25,2.246083,71.43104,0,8.085898
2023,29.5,6.5,2.2464795,75.07196,0,8.087326
2023,29.5,6.75,2.2352061,77.058525,0,8.0467415
2023,29.5,7.0,2.2108705,79.362114,0,7.9591336
2023,29.5,7.25,2.1328592,79.281494,0,7.678293
2023,29.5,7.5,2.0723255,79.34357,0,7.4603715
2023,29.5,7.75,2.022645,81.07498,0,7.281522
2023,29.5,8.0,1.970364,84.3345,0,7.0933104
2023,29.5,8.25,1.9176868,85.98646,0,6.903672
2023,29.5,8.5,1.8621511,88.80724,0,6.703744
2023,29.5,8.75,1.8606563,97.216125,0,6.6983624
2023,29.5,9.0,1.9285167,109.673256,0,6.9426603
2023,29.5,9.25,1.9209658,119.598114,0,6.915477
2023,29.5,9.5,1.8802896,127.66305,0,6.769042
2023,29.5,9.75,1.827827,133.4522,0,6.580177
2023,29.5,10.0,1.8314085,140.43822,0,6.5930705
2023,29.5,10.25,1.8900102,138.41125,0,6.8040366
2023,29.5,10.5,1.890502,148.45497,0,6.805807
2023,29.5,10.75,1.9066782,152.29094,0,6.8640413
2023,29.5,11.0,1.8706344,152.1347,0,6.734284
2023,29.5,11.25,1.8256578,152.28595,0,6.572368
2023,29.5,11.5,1.8252727,152.29779,0,6.5709815
2023,29.5,11.75,1.8426509,151.74477,0,6.633543
2023,29.5,12.0,1.8632779,151.099,0,6.7078004
2023,29.25,-9.0,2.0836928,207.30217,0,7.5012937
2023,29.25,-8.75,1.8270679,227.36629,0,6.577444
2023,29.25,-8.5,1.3644022,189.83513,0,4.9118476
2023,29.25,-8.25,1.2631174,156.19603,0,4.5472226
2023,29.25,-8.0,1.1617196,167.52458,0,4.1821904
2023,29.25,-7.75,1.304466,150.50322,0,4.6960773
2023,29.25,-7.5,1.4771433,164.20244,0,5.3177156
2023,29.25,-7.25,1.6557556,163.02553,0,5.96072
2023,29.25,-7.0,1.6970774,164.2692,0,6.1094785
2023,29.25,-6.75,1.6053863,158.90637,0,5.7793903
2023,29.25,-6.5,1.5557083,159.64076,0,5.6005497
2023,29.25,-6.25,1.4927379,154.87724,0,5.373856
2023,29.25,-6.0,1.4724177,149.44322,0,5.3007035
2023,29.25,-5.75,1.4048791,142.3831,0,5.0575647
2023,29.25,-5.5,1.3945967,136.83902,0,5.020548
2023,29.25,-5.25,1.4463304,128.18318,0,5.2067895
2023,29.25,-5.0,1.5193368,123.97793,0,5.4696126
2023,29.25,-4.75,1.5499588,121.908806,0,5.5798516
2023,29.25,-4.5,1.6159582,122.991974,0,5.8174496
2023,29.25,-4.25,1.6839786,123.357216,0,6.0623226
2023,29.25,-4.0,1.7724153,122.452446,0,6.380695
2023,29.25,-3.75,1.7271262,117.91428,0,6.217654
2023,29.25,-3.5,1.791018,112.79261,0,6.4476647
2023,29.25,-3.25,1.8735856,110.23603,0,6.744908
2023,29.25,-3.0,1.9263697,109.30215,0,6.934931
2023,29.25,-2.75,1.9459351,109.03178,0,7.0053663
2023,29.25,-2.5,2.0126677,107.98486,0,7.2456036
2023,29.25,-2.25,2.0040467,108.4024,0,7.2145677
2023,29.25,-2.0,2.058598,109.49291,0,7.4109526
2023,29.25,-1.75,2.0745153,78.43585,0,7.468255
2023,29.25,-1.5,2.2001464,76.19262,0,7.920527
2023,29.25,-1.25,2.3304641,74.68235,0,8.38967
2023,29.25,-1.0,2.5245636,73.23745,0,9.0884285
2023,29.25,-0.75,2.5864272,71.225136,0,9.311138
2023,29.25,-0.5,2.600907,66.40304,0,9.363265
2023,29.25,-0.25,2.665045,55.228893,0,9.594162
2023,29.25,0.0,2.7516372,55.942673,0,9.905893
2023,29.25,0.25,2.7973835,62.39511,0,10.0705805
2023,29.25,0.5,2.8260133,65.95461,0,10.173648
2023,29.25,0.75,2.771614,69.701706,0,9.977811
2023,29.25,1.0,2.7429037,75.719215,0,9.874454
2023,29.25,1.25,2.7667196,80.87026,0,9.96019
2023,29.25,1.5,2.869559,83.79221,0,10.330412
2023,29.25,1.75,2.9459972,84.4766,0,10.60559
2023,29.25,2.0,3.0065882,84.30039,0,10.823717
2023,29.25,2.25,3.0078928,83.683235,0,10.828414
2023,29.25,2.5,2.9654303,84.53579,0,10.675549
2023,29.25,2.75,2.787428,80.44219,0,10.03474
2023,29.25,3.0,2.6569116,75.00045,0,9.564881
2023,29.25,3.25,2.5408664,71.56844,0,9.147119
2023,29.25,3.5,2.479131,70.05607,0,8.924871
2023,29.25,3.75,2.4814682,72.674034,0,8.933286
2023,29.25,4.0,2.5197873,72.93612,0,9.071234
2023,29.25,4.25,2.4465678,71.40682,0,8.807644
2023,29.25,4.5,2.377723,68.070404,0,8.559802
2023,29.25,4.75,2.3323352,66.65037,0,8.396406
2023,29.25,5.0,2.3469436,66.44886,0,8.448997
2023,29.25,5.25,2.335599,66.55596,0,8.408156
2023,29.25,5.5,2.3325002,67.091545,0,8.397
2023,29.25,5.75,2.334889,68.453316,0,8.4056
2023,29.25,6.0,2.3275769,70.338715,0,8.379276
2023,29.25,6.25,2.3132415,73.02357,0,8.327669
2023,29.25,6.5,2.3039963,75.20572,0,8.294387
2023,29.25,6.75,2.2933457,76.82569,0,8.256044
2023,29.25,7.0,2.2306252,77.0686,0,8.030251
2023,29.25,7.25,2.148752,76.72759,0,7.735507
2023,29.25,7.5,2.0586126,78.6056,0,7.411005
2023,29.25,7.75,2.028258,82.78955,0,7.3017287
2023,29.25,8.0,1.9771649,86.300316,0,7.1177936
2023,29.25,8.25,1.9021856,92.09849,0,6.847868
2023,29.25,8.5,1.8564554,96.98871,0,6.6832395
2023,29.25,8.75,1.9265712,101.99405,0,6.9356565
2023,29.25,9.0,2.0305843,107.37524,0,7.3101034
2023,29.25,9.25,2.005373,115.55825,0,7.2193427
2023,29.25,9.5,1.9303068,123.90176,0,6.9491043
2023,29.25,9.75,1.8756318,127.87704,0,6.7522745
2023,29.25,10.0,1.8423759,129.05467,0,6.632553
2023,29.25,10.25,1.8526396,127.28178,0,6.6695023
2023,29.25,10.5,1.8686775,126.87225,0,6.7272387
2023,29.25,10.75,1.8677969,156.27953,0,6.7240686
2023,29.25,11.0,1.8316592,155.6732,0,6.593973
2023,29.25,11.25,1.8211147,155.17506,0,6.5560126
2023,29.25,11.5,1.8231139,154.29802,0,6.56321
2023,29.25,11.75,1.8393859,153.56082,0,6.621789
2023,29.25,12.0,1.8531364,152.2744,0,6.671291
2023,29.0,-9.0,1.9860641,198.31366,0,7.1498303
2023,29.0,-8.75,1.719603,186.78963,0,6.1905704
2023,29.0,-8.5,1.4144641,152.57701,0,5.0920706
2023,29.0,-8.25,1.3633809,175.21155,0,4.908171
2023,29.0,-8.0,1.5052167,175.86194,0,5.41878
2023,29.0,-7.75,1.5644296,177.20815,0,5.6319466
2023,29.0,-7.5,1.7422246,177.12895,0,6.2720084
2023,29.0,-7.25,1.8384858,171.6941,0,6.618549
2023,29.0,-7.0,1.7816349,163.41986,0,6.4138856
2023,29.0,-6.75,1.7083024,157.46198,0,6.1498885
2023,29.0,-6.5,1.6161838,150.57762,0,5.818261
2023,29.0,-6.25,1.537206,143.20241,0,5.5339417
2023,29.0,-6.0,1.53957,136.70601,0,5.542452
2023,29.0,-5.75,1.5353628,131.44727,0,5.527306
2023,29.0,-5.5,1.5350107,127.04844,0,5.526038
2023,29.0,-5.25,1.5644163,125.03534,0,5.6318984
2023,29.0,-5.0,1.6315576,122.809326,0,5.873607
2023,29.0,-4.75,1.6720425,121.321495,0,6.019353
2023,29.0,-4.5,1.7365724,121.314735,0,6.2516603
2023,29.0,-4.25,1.7992998,121.72308,0,6.4774795
2023,29.0,-4.0,1.8274331,119.775604,0,6.578759
2023,29.0,-3.75,1.7522563,115.78771,0,6.3081226
2023,29.0,-3.5,1.7941879,112.06048,0,6.4590764
2023,29.0,-3.25,1.8107313,111.1438,0,6.5186324
2023,29.0,-3.0,1.8670774,111.698326,0,6.7214785
2023,29.0,-2.75,1.9081501,112.20997,0,6.86934
2023,29.0,-2.5,2.0403469,110.98075,0,7.3452487
2023,29.0,-2.25,2.1084368,110.046906,0,7.5903726
2023,29.0,-2.0,2.212549,78.88568,0,7.965176
2023,29.0,-1.75,2.2328494,77.4476,0,8.038258
2023,29.0,-1.5,2.241922,76.29335,0,8.070919
2023,29.0,-1.25,2.3132484,75.1375,0,8.327694
2023,29.0,-1.0,2.513821,73.83259,0,9.049755
2023,29.0,-0.75,2.6006815,71.80741,0,9.362453
2023,29.0,-0.5,2.623575,70.28375,0,9.44487
2023,29.0,-0.25,2.6003168,70.404976,0,9.36114
2023,29.0,0.0,2.6682065,65.353874,0,9.605543
2023,29.0,0.25,2.757836,73.605415,0,9.928209
2023,29.0,0.5,2.7983558,78.11847,0,10.07408
2023,29.0,0.75,2.759387,81.42193,0,9.933793
2023,29.0,1.0,2.7559807,82.60385,0,9.921531
2023,29.0,1.25,2.8268936,85.60261,0,10.176817
2023,29.0,1.5,2.9422886,85.92181,0,10.592238
2023,29.0,1.75,2.993411,85.43653,0,10.776279
2023,29.0,2.0,3.053959,85.23956,0,10.994251
2023,29.0,2.25,3.1044428,86.003845,0,11.175994
2023,29.0,2.5,3.0859365,86.205956,0,11.109371
2023,29.0,2.75,2.8753176,80.9519,0,10.351143
2023,29.0,3.0,2.7090433,76.63044,0,9.752556
2023,29.0,3.25,2.5903137,73.586044,0,9.325129
2023,29.0,3.5,2.5706336,72.9885,0,9.254281
2023,29.0,3.75,2.577569,74.7541,0,9.279248
2023,29.0,4.0,2.6118734,74.75292,0,9.402744
2023,29.0,4.25,2.5116494,72.163345,0,9.041938
2023,29.0,4.5,2.4423923,68.89454,0,8.792612
2023,29.0,4.75,2.389568,67.01121,0,8.602445
2023,29.0,5.0,2.3947363,67.37903,0,8.621051
2023,29.0,5.25,2.3670506,68.17639,0,8.521382
2023,29.0,5.5,2.3753943,68.2709,0,8.551419
2023,29.0,5.75,2.3797534,69.5868,0,8.567112
2023,29.0,6.0,2.3927455,71.51334,0,8.613884
2023,29.0,6.25,2.3876832,73.81393,0,8.595659
2023,29.0,6.5,2.3635972,75.23574,0,8.508949
2023,29.0,6.75,2.300041,76.44245,0,8.280148
2023,29.0,7.0,2.2377727,76.645676,0,8.055982
2023,29.0,7.25,2.1704912,79.88474,0,7.8137684
2023,29.0,7.5,2.0796747,83.41205,0,7.486829
2023,29.0,7.75,2.0627182,88.62543,0,7.425785
2023,29.0,8.0,2.0395167,93.41498,0,7.34226
2023,29.0,8.25,1.986105,100.26239,0,7.1499777
2023,29.0,8.5,1.9235682,104.93198,0,6.9248457
2023,29.0,8.75,1.9885478,105.80362,0,7.158772
2023,29.0,9.0,2.1227787,107.83053,0,7.642003
2023,29.0,9.25,2.1077535,110.81101,0,7.5879126
2023,29.0,9.5,2.011946,116.91744,0,7.2430053
2023,29.0,9.75,1.902754,124.11492,0,6.849914
2023,29.0,10.0,1.8531877,130.35304,0,6.6714754
2023,29.0,10.25,1.8478436,131.95216,0,6.652237
2023,29.0,10.5,1.8484546,132.46498,0,6.6544366
2023,29.0,10.75,1.852109,131.70717,0,6.667592
2023,29.0,11.0,1.849913,130.70451,0,6.6596866
2023,29.0,11.25,1.8537253,129.53345,0,6.673411
2023,29.0,11.5,1.8505591,127.96801,0,6.6620126
2023,29.0,11.75,1.8543719,125.677315,0,6.675739
2023,29.0,12.0,1.8710068,124.029366,0,6.7356243
2023,28.75,-9.0,2.0641606,241.37401,0,7.430978
2023,28.75,-8.75,1.7838469,227.75171,0,6.4218483
2023,28.75,-8.5,1.707548,184.67546,0,6.147173
2023,28.75,-8.25,1.7993852,185.33392,0,6.4777865
2023,28.75,-8.0,1.7900615,183.46104,0,6.444221
2023,28.75,-7.75,1.815513,184.71056,0,6.5358467
2023,28.75,-7.5,1.8130234,179.39717,0,6.526884
2023,28.75,-7.25,1.7681842,170.77855,0,6.365463
2023,28.75,-7.0,1.7405754,156.65308,0,6.2660713
2023,28.75,-6.75,1.7291331,146.89934,0,6.2248793
2023,28.75,-6.5,1.6785985,139.27927,0,6.0429544
2023,28.75,-6.25,1.6349303,134.44856,0,5.885749
2023,28.75,-6.0,1.6412973,130.8379,0,5.9086704
2023,28.75,-5.75,1.6509823,127.36527,0,5.943536
2023,28.75,-5.5,1.6760033,126.11967,0,6.033612
2023,28.75,-5.25,1.7094431,125.033516,0,6.153995
2023,28.75,-5.0,1.7402548,123.44326,0,6.264917
2023,28.75,-4.75,1.7788959,122.37457,0,6.404025
2023,28.75,-4.5,1.8428632,122.03475,0,6.6343074
2023,28.75,-4.25,1.8905549,120.44097,0,6.8059974
2023,28.75,-4.0,1.926795,118.323555,0,6.936462
2023,28.75,-3.75,1.9189324,115.34769,0,6.9081564
2023,28.75,-3.5,1.9055911,113.88586,0,6.860128
2023,28.75,-3.25,1.913956,113.92396,0,6.8902416
2023,28.75,-3.0,1.9335917,114.26868,0,6.96093
2023,28.75,-2.75,1.9547467,113.869385,0,7.037088
2023,28.75,-2.5,2.0113478,112.37664,0,7.240852
2023,28.75,-2.25,2.1517603,79.86893,0,7.746337
2023,28.75,-2.0,2.2992775,78.300896,0,8.277399
2023,28.75,-1.75,2.382888,77.03772,0,8.578397
2023,28.75,-1.5,2.4021437,76.50356,0,8.647717
2023,28.75,-1.25,2.3941865,74.89485,0,8.619071
2023,28.75,-1.0,2.4968977,73.867134,0,8.9888315
2023,28.75,-0.75,2.6018069,72.74909,0,9.366505
2023,28.75,-0.5,2.6247046,72.31168,0,9.448936
2023,28.75,-0.25,2.584916,72.12922,0,9.305697
2023,28.75,0.0,2.5923984,75.031044,0,9.332634
2023,28.75,0.25,2.7656562,79.77073,0,9.956362
2023,28.75,0.5,2.8311884,82.817635,0,10.192278
2023,28.75,0.75,2.8463316,83.854744,0,10.246794
2023,28.75,1.0,2.8505561,84.43415,0,10.262002
2023,28.75,1.25,2.9398422,84.28056,0,10.583432
2023,28.75,1.5,3.0217073,84.2322,0,10.878146
2023,28.75,1.75,3.0641196,85.215645,0,11.03083
2023,28.75,2.0,3.1621687,86.4667,0,11.383807
2023,28.75,2.25,3.2200172,87.45757,0,11.592062
2023,28.75,2.5,3.1567519,85.06704,0,11.364306
2023,28.75,2.75,2.9328573,80.11648,0,10.558286
2023,28.75,3.0,2.7779982,76.92713,0,10.000793
2023,28.75,3.25,2.7025087,75.57428,0,9.729031
2023,28.75,3.5,2.7064018,74.85954,0,9.743047
2023,28.75,3.75,2.7498019,75.34274,0,9.899286
2023,28.75,4.0,2.78582,76.045166,0,10.028952
2023,28.75,4.25,2.6520126,73.93323,0,9.547245
2023,28.75,4.5,2.5167823,70.857735,0,9.060416
2023,28.75,4.75,2.4448602,68.99943,0,8.8014965
2023,28.75,5.0,2.4532948,70.37968,0,8.831861
2023,28.75,5.25,2.4090304,69.726814,0,8.672509
2023,28.75,5.5,2.4251451,69.28204,0,8.730522
2023,28.75,5.75,2.4508574,69.619865,0,8.823087
2023,28.75,6.0,2.478153,71.28077,0,8.9213505
2023,28.75,6.25,2.4756472,73.81229,0,8.91233
2023,28.75,6.5,2.4219162,76.631195,0,8.718898
2023,28.75,6.75,2.3428328,78.541,0,8.434197
2023,28.75,7.0,2.284167,81.93456,0,8.2230015
2023,28.75,7.25,2.245847,86.57293,0,8.085049
2023,28.75,7.5,2.219436,90.93075,0,7.9899693
2023,28.75,7.75,2.1772392,94.328186,0,7.838061
2023,28.75,8.0,2.1667688,97.73415,0,7.8003674
2023,28.75,8.25,2.1256511,99.79944,0,7.6523438
2023,28.75,8.5,2.065179,102.79608,0,7.4346447
2023,28.75,8.75,2.07357,102.84481,0,7.464852
2023,28.75,9.0,2.1785448,102.95999,0,7.842761
2023,28.75,9.25,2.1731226,104.981255,0,7.823241
2023,28.75,9.5,2.0903647,107.926506,0,7.525313
2023,28.75,9.75,1.9838897,109.26578,0,7.1420026
2023,28.75,10.0,1.925588,107.93283,0,6.9321165
2023,28.75,10.25,1.9064894,106.79717,0,6.8633614
2023,28.75,10.5,1.9203144,105.62186,0,6.9131317
2023,28.75,10.75,1.926045,104.30906,0,6.9337616
2023,28.75,11.0,1.9352924,102.641815,0,6.9670525
2023,28.75,11.25,1.902996,100.5187,0,6.8507853
2023,28.75,11.5,1.8933328,97.07023,0,6.815998
2023,28.75,11.75,1.9065084,123.047935,0,6.86343
2023,28.75,12.0,1.9050208,119.89846,0,6.8580747
2023,28.5,-9.0,2.2707388,230.95137,0,8.17466
2023,28.5,-8.75,2.0750694,211.16881,0,7.4702497
2023,28.5,-8.5,2.0552797,200.3802,0,7.399007
2023,28.5,-8.25,2.0043883,192.51842,0,7.215798
2023,28.5,-8.0,1.9574665,184.94725,0,7.0468793
2023,28.5,-7.75,1.8939085,176.58472,0,6.8180704
2023,28.5,-7.5,1.8481749,169.02412,0,6.6534295
2023,28.5,-7.25,1.8260442,164.71507,0,6.573759
2023,28.5,-7.0,1.8246113,134.18704,0,6.5686007
2023,28.5,-6.75,1.8171448,133.21497,0,6.541721
2023,28.5,-6.5,1.7948108,131.86938,0,6.4613185
2023,28.5,-6.25,1.7671472,130.48727,0,6.3617296
2023,28.5,-6.0,1.7646794,130.10742,0,6.3528457
2023,28.5,-5.75,1.7861685,130.05157,0,6.4302063
2023,28.5,-5.5,1.8149234,129.51163,0,6.5337243
2023,28.5,-5.25,1.8318712,128.08618,0,6.594736
2023,28.5,-5.0,1.8208637,125.93173,0,6.555109
2023,28.5,-4.75,1.8592664,124.77413,0,6.693359
2023,28.5,-4.5,1.8974861,123.33677,0,6.83095
2023,28.5,-4.25,1.9280167,121.47254,0,6.94086
2023,28.5,-4.0,1.961003,119.46243,0,7.0596104
2023,28.5,-3.75,2.0248334,117.85273,0,7.2894
2023,28.5,-3.5,2.0193868,116.89616,0,7.269792
2023,28.5,-3.25,2.0283983,116.758156,0,7.3022337
2023,28.5,-3.0,2.0571432,116.8682,0,7.4057155
2023,28.5,-2.75,2.1121445,116.732765,0,7.6037197
2023,28.5,-2.5,2.1780496,115.96763,0,7.840978
2023,28.5,-2.25,2.3078656,83.05148,0,8.308316
2023,28.5,-2.0,2.4074903,80.499954,0,8.666965
2023,28.5,-1.75,2.4828887,78.59985,0,8.938399
2023,28.5,-1.5,2.518603,76.860596,0,9.066971
2023,28.5,-1.25,2.5227506,74.70258,0,9.081902
2023,28.5,-1.0,2.564231,74.02536,0,9.231231
2023,28.5,-0.75,2.6297553,73.69071,0,9.467118
2023,28.5,-0.5,2.6501005,73.66097,0,9.540361
2023,28.5,-0.25,2.6300917,74.397736,0,9.468329
2023,28.5,0.0,2.6222155,77.47266,0,9.439976
2023,28.5,0.25,2.799813,81.5921,0,10.079327
2023,28.5,0.5,2.9022667,83.62586,0,10.44816
2023,28.5,0.75,2.9340003,84.00567,0,10.562401
2023,28.5,1.0,2.9270318,83.25718,0,10.537314
2023,28.5,1.25,2.9612687,82.37874,0,10.660567
2023,28.5,1.5,3.0412512,83.5381,0,10.9485035
2023,28.5,1.75,3.1823416,85.047035,0,11.4564295
2023,28.5,2.0,3.318176,85.53088,0,11.945434
2023,28.5,2.25,3.387808,83.61935,0,12.196109
2023,28.5,2.5,3.2789013,80.79049,0,11.804045
2023,28.5,2.75,3.0594237,77.69902,0,11.013925
2023,28.5,3.0,2.9525795,76.26284,0,10.629286
2023,28.5,3.25,2.8756924,75.41741,0,10.352492
2023,28.5,3.5,2.8033025,75.87289,0,10.091888
2023,28.5,3.75,2.8207076,76.98424,0,10.154547
2023,28.5,4.0,2.9072065,76.3396,0,10.465943
2023,28.5,4.25,2.8270123,71.9181,0,10.177244
2023,28.5,4.5,2.6977837,69.0577,0,9.712021
2023,28.5,4.75,2.6036458,70.61468,0,9.373125
2023,28.5,5.0,2.6178749,73.31428,0,9.424349
2023,28.5,5.25,2.5419755,71.29332,0,9.151112
2023,28.5,5.5,2.4991577,69.40295,0,8.996967
2023,28.5,5.75,2.5158284,69.43311,0,9.056982
2023,28.5,6.0,2.5537455,71.71212,0,9.193483
2023,28.5,6.25,2.541736,74.6585,0,9.150249
2023,28.5,6.5,2.4949076,78.692894,0,8.9816675
2023,28.5,6.75,2.431768,82.2197,0,8.754364
2023,28.5,7.0,2.3922539,85.792595,0,8.612114
2023,28.5,7.25,2.37983,88.36144,0,8.567388
2023,28.5,7.5,2.3795006,89.405975,0,8.566202
2023,28.5,7.75,2.3084233,90.17511,0,8.310324
2023,28.5,8.0,2.277437,89.45547,0,8.198772
2023,28.5,8.25,2.243882,87.274376,0,8.077974
2023,28.5,8.5,2.2225606,86.840485,0,8.001218
2023,28.5,8.75,2.242853,89.45751,0,8.07427
2023,28.5,9.0,2.2991495,91.206474,0,8.276938
2023,28.5,9.25,2.2615526,89.32486,0,8.141589
2023,28.5,9.5,2.1920407,84.47112,0,7.8913465
2023,28.5,9.75,2.1338036,110.10339,0,7.6816926
2023,28.5,10.0,2.106153,107.24851,0,7.5821505
2023,28.5,10.25,2.0894692,105.77539,0,7.522089
2023,28.5,10.5,2.077704,104.47821,0,7.479734
2023,28.5,10.75,2.0686462,103.147766,0,7.447126
2023,28.5,11.0,2.037687,101.83905,0,7.3356733
2023,28.5,11.25,1.9515177,99.598946,0,7.0254636
2023,28.5,11.5,1.8945704,94.8905,0,6.820453
2023,28.5,11.75,1.8464972,120.58447,0,6.64739
2023,28.5,12.0,1.8245152,117.398415,0,6.5682545
2023,28.25,-9.0,2.352733,233.1103,0,8.469838
2023,28.25,-8.75,2.2559412,204.48895,0,8.1213875
2023,28.25,-8.5,2.2346551,212.7466,0,8.044758
2023,28.25,-8.25,2.1955714,194.30511,0,7.904057
2023,28.25,-8.0,2.1336486,180.20467,0,7.6811347
2023,28.25,-7.75,2.0482912,156.54042,0,7.373848
2023,28.25,-7.5,1.9528042,158.9995,0,7.030095
2023,28.25,-7.25,1.9092821,160.47154,0,6.8734155
2023,28.25,-7.0,1.9066648,132.29993,0,6.863993
2023,28.25,-6.75,1.9108185,133.16743,0,6.8789463
2023,28.25,-6.5,1.8938547,132.68532,0,6.817877
2023,28.25,-6.25,1.8519446,131.13211,0,6.6670003
2023,28.25,-6.0,1.8480601,131.5824,0,6.653016
2023,28.25,-5.75,1.8512856,131.9846,0,6.664628
2023,28.25,-5.5,1.8538591,131.07439,0,6.6738925
2023,28.25,-5.25,1.8555932,129.06258,0,6.6801353
2023,28.25,-5.0,1.8706352,127.025795,0,6.7342863
2023,28.25,-4.75,1.9183207,125.64301,0,6.9059544
2023,28.25,-4.5,1.9600725,123.89514,0,7.056261
2023,28.25,-4.25,1.9925804,122.1582,0,7.1732893
2023,28.25,-4.0,2.0240464,120.74651,0,7.2865667
2023,28.25,-3.75,2.0740554,120.19807,0,7.4665995
2023,28.25,-3.5,2.1094286,119.680664,0,7.593943
2023,28.25,-3.25,2.1412365,119.727516,0,7.7084513
2023,28.25,-3.0,2.175602,119.65049,0,7.8321667
2023,28.25,-2.75,2.2217653,119.13418,0,7.998355
2023,28.25,-2.5,2.2911167,88.08298,0,8.24802
2023,28.25,-2.25,2.3482225,86.22821,0,8.453601
2023,28.25,-2.0,2.3879702,84.11285,0,8.596692
2023,28.25,-1.75,2.435054,81.6026,0,8.766194
2023,28.25,-1.5,2.486447,78.940636,0,8.951209
2023,28.25,-1.25,2.5192244,76.44063,0,9.069207
2023,28.25,-1.0,2.5536463,75.17333,0,9.193127
2023,28.25,-0.75,2.6209488,74.55295,0,9.435415
2023,28.25,-0.5,2.6713333,74.946075,0,9.616799
2023,28.25,-0.25,2.6938832,76.20666,0,9.697979
2023,28.25,0.0,2.7138588,78.43725,0,9.769892
2023,28.25,0.25,2.8104222,81.53262,0,10.117519
2023,28.25,0.5,2.9054604,82.85697,0,10.459657
2023,28.25,0.75,2.960102,82.66229,0,10.656367
2023,28.25,1.0,2.971958,81.82464,0,10.699048
2023,28.25,1.25,2.9650185,82.30034,0,10.674067
2023,28.25,1.5,3.083416,84.528496,0,11.100297
2023,28.25,1.75,3.230302,83.975655,0,11.629087
2023,28.25,2.0,3.3770525,80.734436,0,12.157389
2023,28.25,2.25,3.5009348,75.76217,0,12.603365
2023,28.25,2.5,3.541968,71.74705,0,12.751085
2023,28.25,2.75,3.411947,68.10623,0,12.283009
2023,28.25,3.0,3.3245268,67.831245,0,11.968296
2023,28.25,3.25,3.206763,70.02051,0,11.544347
2023,28.25,3.5,3.05633,73.30308,0,11.002788
2023,28.25,3.75,2.937185,74.97359,0,10.573866
2023,28.25,4.0,2.9697826,70.09139,0,10.691217
2023,28.25,4.25,2.9875424,65.41605,0,10.755153
2023,28.25,4.5,2.966422,65.93494,0,10.679119
2023,28.25,4.75,2.9224765,70.96034,0,10.520915
2023,28.25,5.0,2.8388424,74.52041,0,10.219832
2023,28.25,5.25,2.6453881,72.213234,0,9.523397
2023,28.25,5.5,2.5690787,70.90516,0,9.248683
2023,28.25,5.75,2.5719469,71.01118,0,9.259008
2023,28.25,6.0,2.6187956,72.88086,0,9.427664
2023,28.25,6.25,2.6569326,74.90069,0,9.564957
2023,28.25,6.5,2.6846218,77.76119,0,9.6646385
2023,28.25,6.75,2.6233697,80.55458,0,9.444131
2023,28.25,7.0,2.5442967,83.212685,0,9.159468
2023,28.25,7.25,2.4811647,84.91006,0,8.932193
2023,28.25,7.5,2.4426608,84.241615,0,8.793579
2023,28.25,7.75,2.4153383,82.11075,0,8.695217
2023,28.25,8.0,2.4228165,79.620056,0,8.722139
2023,28.25,8.25,2.4069583,79.08369,0,8.66505
2023,28.25,8.5,2.379854,81.11187,0,8.567474
2023,28.25,8.75,2.4241254,85.21609,0,8.726851
2023,28.25,9.0,2.5152678,86.486755,0,9.054964
2023,28.25,9.25,2.4824216,84.496574,0,8.936718
2023,28.25,9.5,2.403627,81.02952,0,8.653057
2023,28.25,9.75,2.3307593,77.70231,0,8.390733
2023,28.25,10.0,2.29008,75.90568,0,8.244288
2023,28.25,10.25,2.2872365,75.53129,0,8.234051
2023,28.25,10.5,2.2669895,75.4407,0,8.161161
2023,28.25,10.75,2.2471406,75.28843,0,8.089706
2023,28.25,11.0,2.2046626,104.7488,0,7.936785
2023,28.25,11.25,2.0849411,102.677605,0,7.505788
2023,28.25,11.5,1.8965454,99.308784,0,6.8275633
2023,28.25,11.75,1.7636207,126.284454,0,6.3490343
2023,28.25,12.0,1.6796354,123.23025,0,6.046687
2023,28.0,-9.0,2.7973032,224.15532,0,10.0702915
2023,28.0,-8.75,2.7200253,225.24133,0,9.79209
2023,28.0,-8.5,2.5152981,197.06508,0,9.055073
2023,28.0,-8.25,2.407122,201.89082,0,8.665639
2023,28.0,-8.0,2.240369,147.45982,0,8.065329
2023,28.0,-7.75,2.1187825,153.39966,0,7.627617
2023,28.0,-7.5,2.0052416,158.10535,0,7.2188697
2023,28.0,-7.25,1.9324497,161.63661,0,6.9568186
2023,28.0,-7.0,1.9448013,133.23543,0,7.0012846
2023,28.0,-6.75,1.9732922,133.07413,0,7.103852
2023,28.0,-6.5,1.9707361,131.38193,0,7.09465
2023,28.0,-6.25,1.9453276,129.51495,0,7.0031796
2023,28.0,-6.0,1.9640198,130.49007,0,7.070471
2023,28.0,-5.75,1.9559474,130.58743,0,7.0414104
2023,28.0,-5.5,1.9369844,129.5011,0,6.9731436
2023,28.0,-5.25,1.92557,127.58085,0,6.9320517
2023,28.0,-5.0,1.9506155,126.04464,0,7.022216
2023,28.0,-4.75,1.9770502,124.55707,0,7.1173806
2023,28.0,-4.5,2.0080945,123.28542,0,7.2291403
2023,28.0,-4.25,2.0394304,122.600685,0,7.341949
2023,28.0,-4.0,2.0798435,122.05607,0,7.4874363
2023,28.0,-3.75,2.1057856,121.97634,0,7.580828
2023,28.0,-3.5,2.1364286,121.74369,0,7.6911426
2023,28.0,-3.25,2.1860077,121.29813,0,7.8696275
2023,28.0,-3.0,2.2419503,120.48569,0,8.071021
2023,28.0,-2.75,2.296006,119.6144,0,8.265621
2023,28.0,-2.5,2.3521187,88.77054,0,8.467628
2023,28.0,-2.25,2.390782,87.65366,0,8.606815
2023,28.0,-2.0,2.4283273,85.86959,0,8.741978
2023,28.0,-1.75,2.4480693,83.312386,0,8.813049
2023,28.0,-1.5,2.4676077,80.480415,0,8.883388
2023,28.0,-1.25,2.4608352,77.61389,0,8.859007
2023,28.0,-1.0,2.501381,75.646805,0,9.0049715
2023,28.0,-0.75,2.5791304,74.95574,0,9.284869
2023,28.0,-0.5,2.665272,75.629456,0,9.594979
2023,28.0,-0.25,2.720865,77.08822,0,9.795114
2023,28.0,0.0,2.7726774,78.84028,0,9.981639
2023,28.0,0.25,2.8079274,80.66401,0,10.108539
2023,28.0,0.5,2.8847265,81.521935,0,10.3850155
2023,28.0,0.75,2.9461558,81.21246,0,10.60616
2023,28.0,1.0,2.9839046,80.32842,0,10.742056
2023,28.0,1.25,3.0650117,81.08679,0,11.034042
2023,28.0,1.5,3.197541,84.01895,0,11.5111475
2023,28.0,1.75,3.2059863,81.951965,0,11.541551
2023,28.0,2.0,3.1873693,73.57385,0,11.474529
2023,28.0,2.25,3.282098,65.80918,0,11.815553
2023,28.0,2.5,3.4804544,63.653034,0,12.529635
2023,28.0,2.75,3.4381332,61.64952,0,12.377279
2023,28.0,3.0,3.3898647,61.824146,0,12.203512
2023,28.0,3.25,3.407519,63.348206,0,12.267069
2023,28.0,3.5,3.3874495,65.25023,0,12.194818
2023,28.0,3.75,3.340026,63.788616,0,12.024093
2023,28.0,4.0,3.2444544,60.28763,0,11.680036
2023,28.0,4.25,3.2235935,59.978443,0,11.604937
2023,28.0,4.5,3.228053,64.492615,0,11.620991
2023,28.0,4.75,3.25113,69.81306,0,11.704068
2023,28.0,5.0,3.1457462,71.23699,0,11.324686
2023,28.0,5.25,2.8254051,70.73282,0,10.171458
2023,28.0,5.5,2.6737359,71.46491,0,9.625449
2023,28.0,5.75,2.5975587,73.149635,0,9.351212
2023,28.0,6.0,2.6183622,73.94935,0,9.426104
2023,28.0,6.25,2.6688163,73.828285,0,9.6077385
2023,28.0,6.5,2.7753289,76.125496,0,9.991183
2023,28.0,6.75,2.7717893,78.257996,0,9.978441
2023,28.0,7.0,2.7223485,79.546394,0,9.800454
2023,28.0,7.25,2.640394,80.101135,0,9.505418
2023,28.0,7.5,2.556677,79.58468,0,9.204038
2023,28.0,7.75,2.5222535,78.827705,0,9.080112
2023,28.0,8.0,2.5225854,77.74796,0,9.081307
2023,28.0,8.25,2.5389824,78.07795,0,9.140336
2023,28.0,8.5,2.5549798,79.906044,0,9.197927
2023,28.0,8.75,2.576164,82.439476,0,9.27419
2023,28.0,9.0,2.5832658,82.14104,0,9.299757
2023,28.0,9.25,2.5664485,80.33857,0,9.239214
2023,28.0,9.5,2.5220845,78.40934,0,9.079504
2023,28.0,9.75,2.4625618,76.7817,0,8.865222
2023,28.0,10.0,2.3785179,76.58502,0,8.562664
2023,28.0,10.25,2.3833916,76.7059,0,8.58021
2023,28.0,10.5,2.392183,76.95744,0,8.611858
2023,28.0,10.75,2.3865736,76.56324,0,8.591664
2023,28.0,11.0,2.3358204,75.53893,0,8.408954
2023,28.0,11.25,2.2474358,73.3902,0,8.090769
2023,28.0,11.5,2.0998247,72.31199,0,7.5593686
2023,28.0,11.75,1.9251385,70.46722,0,6.930498
2023,28.0,12.0,1.7626027,127.14085,0,6.3453693
2023,27.75,-9.0,3.067525,231.53033,0,11.043089
2023,27.75,-8.75,2.875017,202.33604,0,10.35006
2023,27.75,-8.5,2.6734502,203.10272,0,9.62442
2023,27.75,-8.25,2.4720109,174.5487,0,8.899239
2023,27.75,-8.0,2.2619047,147.3594,0,8.142857
2023,27.75,-7.75,2.0854688,154.95776,0,7.5076876
2023,27.75,-7.5,2.052203,160.86694,0,7.3879304
2023,27.75,-7.25,2.0488245,161.63542,0,7.375768
2023,27.75,-7.0,2.0770228,161.88152,0,7.477282
2023,27.75,-6.75,2.1015427,131.65118,0,7.5655537
2023,27.75,-6.5,2.0986497,130.46007,0,7.555139
2023,27.75,-6.25,2.0673923,129.3044,0,7.442612
2023,27.75,-6.0,2.0657697,129.00378,0,7.4367704
2023,27.75,-5.75,2.0586305,127.737236,0,7.4110694
2023,27.75,-5.5,2.036575,126.23112,0,7.3316703
2023,27.75,-5.25,2.0196853,124.668526,0,7.270867
2023,27.75,-5.0,2.0292192,123.40824,0,7.3051887
2023,27.75,-4.75,2.0518687,122.92828,0,7.386727
2023,27.75,-4.5,2.0733223,123.23829,0,7.46396
2023,27.75,-4.25,2.0890858,124.14761,0,7.5207086
2023,27.75,-4.0,2.1138623,124.394356,0,7.609904
2023,27.75,-3.75,2.1254423,124.33291,0,7.651592
2023,27.75,-3.5,2.1376626,123.88941,0,7.6955853
2023,27.75,-3.25,2.1663992,123.05285,0,7.799037
2023,27.75,-3.0,2.2131062,121.84226,0,7.967182
2023,27.75,-2.75,2.28245,90.64398,0,8.21682
2023,27.75,-2.5,2.3404803,89.62042,0,8.425729
2023,27.75,-2.25,2.4003456,88.49695,0,8.641244
2023,27.75,-2.0,2.4585001,86.82227,0,8.8506
2023,27.75,-1.75,2.4896202,84.3516,0,8.962632
2023,27.75,-1.5,2.4714682,80.87435,0,8.897285
2023,27.75,-1.25,2.473685,77.91873,0,8.905266
2023,27.75,-1.0,2.4806468,75.66923,0,8.930328
2023,27.75,-0.75,2.5198534,74.85006,0,9.071472
2023,27.75,-0.5,2.587908,75.78904,0,9.316468
2023,27.75,-0.25,2.720704,78.15812,0,9.794535
2023,27.75,0.0,2.7993565,79.450874,0,10.077683
2023,27.75,0.25,2.791732,80.385414,0,10.050235
2023,27.75,0.5,2.8386488,81.111694,0,10.219135
2023,27.75,0.75,2.8993733,81.4107,0,10.437743
2023,27.75,1.0,2.9831717,79.29687,0,10.739418
2023,27.75,1.25,3.1115143,76.12884,0,11.201451
2023,27.75,1.5,3.2441957,71.00961,0,11.679104
2023,27.75,1.75,3.159322,91.13557,0,11.373559
2023,27.75,2.0,3.1420996,59.91415,0,11.311559
2023,27.75,2.25,3.3115203,60.05675,0,11.921473
2023,27.75,2.5,3.5154169,60.904125,0,12.6555
2023,27.75,2.75,3.564729,60.843212,0,12.833024
2023,27.75,3.0,3.542052,61.378468,0,12.751387
2023,27.75,3.25,3.797494,62.762096,0,13.670978
2023,27.75,3.5,3.931606,61.870617,0,14.153782
2023,27.75,3.75,3.8629143,59.788197,0,13.906491
2023,27.75,4.0,3.6696622,57.97177,0,13.210784
2023,27.75,4.25,3.4507134,60.043243,0,12.422568
2023,27.75,4.5,3.3616264,65.31866,0,12.101854
2023,27.75,4.75,3.4032724,68.22535,0,12.2517805
2023,27.75,5.0,3.283696,68.11494,0,11.821305
2023,27.75,5.25,3.0169165,68.18775,0,10.860899
2023,27.75,5.5,2.784469,71.078316,0,10.024088
2023,27.75,5.75,2.678894,74.75994,0,9.644018
2023,27.75,6.0,2.6528761,71.919945,0,9.550354
2023,27.75,6.25,2.664989,71.81074,0,9.59396
2023,27.75,6.5,2.7486207,75.360054,0,9.895035
2023,27.75,6.75,2.8012457,77.835,0,10.084484
2023,27.75,7.0,2.7909758,78.46897,0,10.047513
2023,27.75,7.25,2.7116919,77.15542,0,9.762091
2023,27.75,7.5,2.6519814,75.223045,0,9.5471325
2023,27.75,7.75,2.6613529,74.72701,0,9.58087
2023,27.75,8.0,2.5990067,75.181244,0,9.356423
2023,27.75,8.25,2.613969,76.37173,0,9.410289
2023,27.75,8.5,2.648336,78.107635,0,9.534009
2023,27.75,8.75,2.6581037,79.81003,0,9.569173
2023,27.75,9.0,2.5770922,79.58094,0,9.277532
2023,27.75,9.25,2.5287592,79.056885,0,9.103533
2023,27.75,9.5,2.559127,78.61351,0,9.212857
2023,27.75,9.75,2.5157442,78.36692,0,9.056679
2023,27.75,10.0,2.435657,78.36173,0,8.768365
2023,27.75,10.25,2.388518,78.462006,0,8.598665
2023,27.75,10.5,2.436252,79.069695,0,8.770508
2023,27.75,10.75,2.4446485,77.85633,0,8.8007345
2023,27.75,11.0,2.3916652,76.96502,0,8.609995
2023,27.75,11.25,2.307984,76.60291,0,8.308743
2023,27.75,11.5,2.194064,76.93641,0,7.8986297
2023,27.75,11.75,2.0552864,77.00477,0,7.3990307
2023,27.75,12.0,1.8899164,74.89417,0,6.803699
2023,27.5,-9.0,3.1627796,205.82283,0,11.386006
2023,27.5,-8.75,2.9638937,175.99281,0,10.670017
2023,27.5,-8.5,2.7574224,176.34937,0,9.926721
2023,27.5,-8.25,2.526024,177.73409,0,9.093686
2023,27.5,-8.0,2.2980344,150.89241,0,8.272923
2023,27.5,-7.75,2.198692,156.68098,0,7.9152913
2023,27.5,-7.5,2.1773157,160.54948,0,7.8383365
2023,27.5,-7.25,2.1917586,159.99577,0,7.890331
2023,27.5,-7.0,2.2341897,129.51656,0,8.043083
2023,27.5,-6.75,2.2680137,129.94064,0,8.164849
2023,27.5,-6.5,2.2245755,131.14287,0,8.0084715
2023,27.5,-6.25,2.180002,131.32115,0,7.8480067
2023,27.5,-6.0,2.1490686,130.4499,0,7.7366467
2023,27.5,-5.75,2.110706,129.03021,0,7.5985417
2023,27.5,-5.5,2.0863688,127.26145,0,7.5109277
2023,27.5,-5.25,2.076534,123.58404,0,7.4755225
2023,27.5,-5.0,2.0861814,122.09777,0,7.510253
2023,27.5,-4.75,2.0953903,123.63508,0,7.543405
2023,27.5,-4.5,2.1214886,125.264305,0,7.6373587
2023,27.5,-4.25,2.161646,126.79795,0,7.781925
2023,27.5,-4.0,2.1772568,127.31628,0,7.8381243
2023,27.5,-3.75,2.1784933,127.06368,0,7.8425756
2023,27.5,-3.5,2.1625636,125.24713,0,7.7852287
2023,27.5,-3.25,2.1851733,123.73202,0,7.8666234
2023,27.5,-3.0,2.214484,92.10305,0,7.972142
2023,27.5,-2.75,2.2752583,90.760765,0,8.190929
2023,27.5,-2.5,2.3358638,89.854034,0,8.409109
2023,27.5,-2.25,2.4079359,88.95605,0,8.668569
2023,27.5,-2.0,2.4718769,87.50701,0,8.898756
2023,27.5,-1.75,2.517648,85.00019,0,9.063533
2023,27.5,-1.5,2.5050607,81.4877,0,9.018218
2023,27.5,-1.25,2.4981658,78.598076,0,8.993397
2023,27.5,-1.0,2.4321501,75.26018,0,8.75574
2023,27.5,-0.75,2.441092,74.49756,0,8.787931
2023,27.5,-0.5,2.4881895,76.16909,0,8.957481
2023,27.5,-0.25,2.6432357,79.86395,0,9.515648
2023,27.5,0.0,2.8031673,80.38858,0,10.091402
2023,27.5,0.25,2.7589715,81.407524,0,9.932297
2023,27.5,0.5,2.7877662,83.24424,0,10.035958
2023,27.5,0.75,2.8729534,88.85514,0,10.342632
2023,27.5,1.0,2.987363,66.24029,0,10.754507
2023,27.5,1.25,3.2073133,66.530365,0,11.546328
2023,27.5,1.5,3.3660796,63.668407,0,12.117887
2023,27.5,1.75,3.3362057,57.280838,0,12.010341
2023,27.5,2.0,3.3466759,54.944,0,12.048033
2023,27.5,2.25,3.5012758,55.780407,0,12.604592
2023,27.5,2.5,3.6482315,59.487568,0,13.133633
2023,27.5,2.75,3.7226331,60.60202,0,13.401479
2023,27.5,3.0,3.7101376,61.734253,0,13.356495
2023,27.5,3.25,3.9684718,63.62973,0,14.286498
2023,27.5,3.5,4.1379185,62.61014,0,14.896506
2023,27.5,3.75,4.134653,61.73231,0,14.88475
2023,27.5,4.0,3.9114816,61.20349,0,14.081333
2023,27.5,4.25,3.69363,62.656208,0,13.297068
2023,27.5,4.5,3.538524,66.21335,0,12.738686
2023,27.5,4.75,3.472144,68.187096,0,12.499718
2023,27.5,5.0,3.337898,68.366104,0,12.016433
2023,27.5,5.25,3.109841,67.985405,0,11.195428
2023,27.5,5.5,2.9177983,67.65243,0,10.504073
2023,27.5,5.75,2.7777271,83.32053,0,9.999818
2023,27.5,6.0,2.614702,87.20029,0,9.412927
2023,27.5,6.25,2.5978258,67.16432,0,9.352173
2023,27.5,6.5,2.639676,73.07722,0,9.502833
2023,27.5,6.75,2.596471,76.324425,0,9.347296
2023,27.5,7.0,2.5717046,76.38387,0,9.258137
2023,27.5,7.25,2.649859,75.27973,0,9.539492
2023,27.5,7.5,2.6162584,73.35173,0,9.4185295
2023,27.5,7.75,2.6244729,72.9663,0,9.448102
2023,27.5,8.0,2.6595314,74.06115,0,9.574312
2023,27.5,8.25,2.6576827,75.639626,0,9.567657
2023,27.5,8.5,2.7075264,77.21728,0,9.747095
2023,27.5,8.75,2.7132387,78.23579,0,9.767659
2023,27.5,9.0,2.5850315,78.10541,0,9.306113
2023,27.5,9.25,2.4856484,79.80297,0,8.948334
2023,27.5,9.5,2.5139768,80.67016,0,9.050316
2023,27.5,9.75,2.4782531,80.25422,0,8.921711
2023,27.5,10.0,2.397567,79.97224,0,8.631241
2023,27.5,10.25,2.3625486,79.349365,0,8.505175
2023,27.5,10.5,2.4503095,81.02249,0,8.821114
2023,27.5,10.75,2.4376569,80.88957,0,8.775564
2023,27.5,11.0,2.3930876,81.21327,0,8.615115
2023,27.5,11.25,2.321607,81.4105,0,8.357785
2023,27.5,11.5,2.2567976,80.75613,0,8.124471
2023,27.5,11.75,2.1394343,80.24125,0,7.7019634
2023,27.5,12.0,2.013451,79.2999,0,7.2484236
2023,27.25,-9.0,3.199456,178.9486,0,11.518042
2023,27.25,-8.75,3.0177505,179.39905,0,10.863901
2023,27.25,-8.5,2.8282976,179.86086,0,10.181871
2023,27.25,-8.25,2.598469,181.24492,0,9.354488
2023,27.25,-8.0,2.4967752,152.93114,0,8.98839
2023,27.25,-7.75,2.4098983,157.08269,0,8.675633
2023,27.25,-7.5,2.3653078,158.85905,0,8.515108
2023,27.25,-7.25,2.304255,157.7379,0,8.295318
2023,27.25,-7.0,2.3189974,128.30751,0,8.348391
2023,27.25,-6.75,2.269231,131.3332,0,8.169231
2023,27.25,-6.5,2.222698,133.11961,0,8.001713
2023,27.25,-6.25,2.217215,134.56062,0,7.981974
2023,27.25,-6.0,2.1885412,134.54747,0,7.878748
2023,27.25,-5.75,2.1484754,134.32977,0,7.7345114
2023,27.25,-5.5,2.1089838,136.96193,0,7.5923414
2023,27.25,-5.25,2.107474,120.1014,0,7.5869064
2023,27.25,-5.0,2.1352148,123.36377,0,7.6867733
2023,27.25,-4.75,2.1554823,125.627495,0,7.759736
2023,27.25,-4.5,2.202471,128.06578,0,7.9288955
2023,27.25,-4.25,2.2804124,129.08894,0,8.209484
2023,27.25,-4.0,2.3005083,129.071,0,8.28183
2023,27.25,-3.75,2.2694724,126.65148,0,8.1701
2023,27.25,-3.5,2.2607396,124.76962,0,8.138662
2023,27.25,-3.25,2.2546487,92.65627,0,8.116735
2023,27.25,-3.0,2.2648766,91.10738,0,8.153556
2023,27.25,-2.75,2.3030174,89.96023,0,8.290862
2023,27.25,-2.5,2.3529737,89.362274,0,8.470705
2023,27.25,-2.25,2.4254227,88.90302,0,8.731522
2023,27.25,-2.0,2.4976342,87.67275,0,8.991483
2023,27.25,-1.75,2.546148,85.53601,0,9.166133
2023,27.25,-1.5,2.5261312,82.18922,0,9.094072
2023,27.25,-1.25,2.500594,79.53213,0,9.002138
2023,27.25,-1.0,2.431885,76.0579,0,8.754786
2023,27.25,-0.75,2.3060882,73.17552,0,8.301917
2023,27.25,-0.5,2.3277075,75.234146,0,8.379746
2023,27.25,-0.25,2.5017147,83.93554,0,9.006173
2023,27.25,0.0,2.7788684,63.86556,0,10.003926
2023,27.25,0.25,2.7711608,60.9489,0,9.976179
2023,27.25,0.5,2.7919228,89.297325,0,10.050921
2023,27.25,0.75,2.8927362,61.15962,0,10.41385
2023,27.25,1.0,3.1229475,61.355976,0,11.242611
2023,27.25,1.25,3.364198,61.653034,0,12.111113
2023,27.25,1.5,3.5404465,58.068127,0,12.745607
2023,27.25,1.75,3.5656736,53.0471,0,12.836425
2023,27.25,2.0,3.5845068,51.182117,0,12.904224
2023,27.25,2.25,3.6650393,54.11723,0,13.194141
2023,27.25,2.5,3.8078487,57.562267,0,13.708255
2023,27.25,2.75,3.8758867,58.66983,0,13.953192
2023,27.25,3.0,3.8942003,59.80066,0,14.019121
2023,27.25,3.25,4.053287,61.803345,0,14.591833
2023,27.25,3.5,4.0476046,62.842365,0,14.571376
2023,27.25,3.75,4.0562925,62.026142,0,14.602653
2023,27.25,4.0,4.1186695,62.597504,0,14.827209
2023,27.25,4.25,3.929862,63.721134,0,14.147503
2023,27.25,4.5,3.7069614,65.58611,0,13.34506
2023,27.25,4.75,3.5272284,68.437325,0,12.698022
2023,27.25,5.0,3.3599613,69.04856,0,12.0958605
2023,27.25,5.25,3.0545876,69.47979,0,10.996515
2023,27.25,5.5,2.852419,68.374596,0,10.268708
2023,27.25,5.75,2.5643432,85.39596,0,9.231635
2023,27.25,6.0,2.3195443,85.26744,0,8.350359
2023,27.25,6.25,2.3894806,61.55775,0,8.60213
2023,27.25,6.5,2.4187768,65.63383,0,8.707596
2023,27.25,6.75,2.3463411,69.79154,0,8.446828
2023,27.25,7.0,2.1746557,73.32196,0,7.82876
2023,27.25,7.25,2.3092515,73.45889,0,8.313305
2023,27.25,7.5,2.4960585,73.10963,0,8.98581
2023,27.25,7.75,2.5090415,72.86572,0,9.032549
2023,27.25,8.0,2.5480888,74.07028,0,9.17312
2023,27.25,8.25,2.6114619,75.70991,0,9.401262
2023,27.25,8.5,2.6623542,77.35478,0,9.584475
2023,27.25,8.75,2.7010193,78.10552,0,9.723669
2023,27.25,9.0,2.5959241,78.46182,0,9.345326
2023,27.25,9.25,2.491334,81.25608,0,8.968802
2023,27.25,9.5,2.4632816,83.118904,0,8.867814
2023,27.25,9.75,2.4234426,82.68246,0,8.724393
2023,27.25,10.0,2.3208654,81.59571,0,8.355115
2023,27.25,10.25,2.2890503,81.55213,0,8.240581
2023,27.25,10.5,2.4290602,84.115585,0,8.7446165
2023,27.25,10.75,2.4031389,84.18012,0,8.651299
2023,27.25,11.0,2.367655,84.500275,0,8.523558
2023,27.25,11.25,2.3672652,84.24309,0,8.522155
2023,27.25,11.5,2.3037016,83.60743,0,8.293325
2023,27.25,11.75,2.2219782,81.85351,0,7.999121
2023,27.25,12.0,2.1239634,80.71142,0,7.646268
2023,27.0,-9.0,3.1410801,181.67058,0,11.307888
2023,27.0,-8.75,3.0038755,183.09511,0,10.8139515
2023,27.0,-8.5,2.82057,183.64339,0,10.154052
2023,27.0,-8.25,2.6625378,153.20526,0,9.585135
2023,27.0,-8.0,2.5599802,154.8604,0,9.215928
2023,27.0,-7.75,2.4958496,157.6233,0,8.985059
2023,27.0,-7.5,2.450948,159.14525,0,8.823413
2023,27.0,-7.25,2.338751,158.01866,0,8.419503
2023,27.0,-7.0,2.2306526,128.79266,0,8.030349
2023,27.0,-6.75,2.1821802,132.01091,0,7.8558483
2023,27.0,-6.5,2.1910725,135.22946,0,7.887861
2023,27.0,-6.25,2.2004547,137.0559,0,7.9216366
2023,27.0,-6.0,2.1883633,137.6704,0,7.8781075
2023,27.0,-5.75,2.1751678,139.59808,0,7.830604
2023,27.0,-5.5,2.1458533,115.14976,0,7.7250714
2023,27.0,-5.25,2.1643603,121.9239,0,7.791697
2023,27.0,-5.0,2.195474,125.306145,0,7.903706
2023,27.0,-4.75,2.2617576,126.75126,0,8.142327
2023,27.0,-4.5,2.3278983,128.53734,0,8.380433
2023,27.0,-4.25,2.4089248,128.80566,0,8.672129
2023,27.0,-4.0,2.4469283,127.19241,0,8.808942
2023,27.0,-3.75,2.4263895,124.90368,0,8.735002
2023,27.0,-3.5,2.3844945,92.91587,0,8.58418
2023,27.0,-3.25,2.381464,91.102234,0,8.57327
2023,27.0,-3.0,2.3637393,89.782646,0,8.509461
2023,27.0,-2.75,2.3381047,88.38285,0,8.417177
2023,27.0,-2.5,2.3891678,88.163216,0,8.601004
2023,27.0,-2.25,2.4545088,88.34907,0,8.836231
2023,27.0,-2.0,2.5300257,87.60617,0,9.108092
2023,27.0,-1.75,2.5493994,85.941,0,9.177837
2023,27.0,-1.5,2.5223863,82.90234,0,9.08059
2023,27.0,-1.25,2.4935296,80.4822,0,8.9767065
2023,27.0,-1.0,2.4294922,77.558044,0,8.746172
2023,27.0,-0.75,2.2991188,74.753334,0,8.276827
2023,27.0,-0.5,2.151574,74.79513,0,7.745666
2023,27.0,-0.25,2.2689083,83.74644,0,8.16807
2023,27.0,0.0,2.6599078,62.045563,0,9.575668
2023,27.0,0.25,2.8289871,60.221615,0,10.184354
2023,27.0,0.5,2.8602808,58.17219,0,10.29701
2023,27.0,0.75,3.0067465,56.465023,0,10.824287
2023,27.0,1.0,3.2441175,56.884968,0,11.6788225
2023,27.0,1.25,3.5249023,55.784985,0,12.689648
2023,27.0,1.5,3.716546,52.585342,0,13.379565
2023,27.0,1.75,3.7415676,49.154613,0,13.469643
2023,27.0,2.0,3.7198417,49.977264,0,13.39143
2023,27.0,2.25,3.799695,52.789185,0,13.678902
2023,27.0,2.5,3.8695278,54.850098,0,13.9303
2023,27.0,2.75,3.9247332,55.733597,0,14.129039
2023,27.0,3.0,3.9746315,56.774857,0,14.308673
2023,27.0,3.25,3.8985617,58.64921,0,14.0348215
2023,27.0,3.5,3.834329,60.169514,0,13.803584
2023,27.0,3.75,3.94786,60.65318,0,14.212296
2023,27.0,4.0,4.0098643,61.262035,0,14.435512
2023,27.0,4.25,4.021011,61.957886,0,14.475638
2023,27.0,4.5,3.769538,63.873066,0,13.570336
2023,27.0,4.75,3.4916058,67.375854,0,12.56978
2023,27.0,5.0,3.0720613,70.29487,0,11.059421
2023,27.0,5.25,2.7660334,70.863396,0,9.95772
2023,27.0,5.5,2.4239519,90.385315,0,8.726227
2023,27.0,5.75,2.139264,88.24729,0,7.7013507
2023,27.0,6.0,1.8398706,84.935295,0,6.6235337
2023,27.0,6.25,2.0170949,85.963684,0,7.2615414
2023,27.0,6.5,2.065164,59.7441,0,7.4345903
2023,27.0,6.75,1.8689831,60.927868,0,6.728339
2023,27.0,7.0,1.6798471,64.20396,0,6.0474496
2023,27.0,7.25,1.8750321,68.18213,0,6.7501154
2023,27.0,7.5,2.188683,70.213005,0,7.8792586
2023,27.0,7.75,2.289833,70.64975,0,8.243399
2023,27.0,8.0,2.425583,71.809,0,8.732099
2023,27.0,8.25,2.4866385,73.678795,0,8.951899
2023,27.0,8.5,2.5328581,78.3188,0,9.118289
2023,27.0,8.75,2.5737898,79.53739,0,9.265643
2023,27.0,9.0,2.5222054,81.66324,0,9.079939
2023,27.0,9.25,2.479511,84.51003,0,8.926239
2023,27.0,9.5,2.438969,86.06045,0,8.780288
2023,27.0,9.75,2.356537,83.80546,0,8.483533
2023,27.0,10.0,2.2527544,82.56014,0,8.109916
2023,27.0,10.25,2.2423635,84.247986,0,8.072508
2023,27.0,10.5,2.3682532,86.28027,0,8.525711
2023,27.0,10.75,2.3456547,85.61503,0,8.444357
2023,27.0,11.0,2.3590996,85.401924,0,8.492759
2023,27.0,11.25,2.3585045,85.07476,0,8.490616
2023,27.0,11.5,2.3345659,82.06852,0,8.404437
2023,27.0,11.75,2.2602656,79.97886,0,8.136956
2023,27.0,12.0,2.1903415,78.80364,0,7.885229
2023,26.75,-9.0,3.0213747,184.7613,0,10.876948
2023,26.75,-8.75,2.9191124,186.54134,0,10.508804
2023,26.75,-8.5,2.7785797,156.5525,0,10.002887
2023,26.75,-8.25,2.6154966,156.13234,0,9.415788
2023,26.75,-8.0,2.4767435,156.31567,0,8.916276
2023,26.75,-7.75,2.3975942,159.07161,0,8.631339
2023,26.75,-7.5,2.4079752,160.26198,0,8.668711
2023,26.75,-7.25,2.3291855,129.7397,0,8.385068
2023,26.75,-7.0,2.2142248,130.23528,0,7.971209
2023,26.75,-6.75,2.1698458,133.17377,0,7.8114448
2023,26.75,-6.5,2.1800058,136.62874,0,7.8480206
2023,26.75,-6.25,2.1909251,138.84837,0,7.88733
2023,26.75,-6.0,2.175914,139.67586,0,7.8332906
2023,26.75,-5.75,2.1801207,142.8495,0,7.8484344
2023,26.75,-5.5,2.2168868,119.715096,0,7.980792
2023,26.75,-5.25,2.239018,124.116585,0,8.060465
2023,26.75,-5.0,2.2932045,125.66791,0,8.255536
2023,26.75,-4.75,2.3688629,126.964355,0,8.527906
2023,26.75,-4.5,2.4558456,96.661224,0,8.841043
2023,26.75,-4.25,2.530607,96.06728,0,9.110185
2023,26.75,-4.0,2.578403,94.66113,0,9.28225
2023,26.75,-3.75,2.5648437,93.06541,0,9.233437
2023,26.75,-3.5,2.5298107,91.278404,0,9.107318
2023,26.75,-3.25,2.5178025,90.12246,0,9.064089
2023,26.75,-3.0,2.4982455,88.894745,0,8.993684
2023,26.75,-2.75,2.4350767,87.102776,0,8.766276
2023,26.75,-2.5,2.4234755,86.70113,0,8.724511
2023,26.75,-2.25,2.4896004,87.351746,0,8.962562
2023,26.75,-2.0,2.5430834,87.796165,0,9.1551
2023,26.75,-1.75,2.552644,86.41046,0,9.189518
2023,26.75,-1.5,2.5192468,83.974365,0,9.069288
2023,26.75,-1.25,2.477727,81.922516,0,8.919817
2023,26.75,-1.0,2.417494,79.31103,0,8.702978
2023,26.75,-0.75,2.3114986,77.782814,0,8.321395
2023,26.75,-0.5,2.15669,78.29018,0,7.7640834
2023,26.75,-0.25,2.0885773,82.88716,0,7.518878
2023,26.75,0.0,2.4210505,58.801777,0,8.715782
2023,26.75,0.25,2.6992815,56.50749,0,9.717413
2023,26.75,0.5,2.8771317,53.279247,0,10.357674
2023,26.75,0.75,3.0302029,52.161076,0,10.90873
2023,26.75,1.0,3.269076,50.874744,0,11.768674
2023,26.75,1.25,3.561494,50.029255,0,12.821379
2023,26.75,1.5,3.7561414,48.236664,0,13.522109
2023,26.75,1.75,3.766227,47.47899,0,13.558417
2023,26.75,2.0,3.7373922,48.79391,0,13.454612
2023,26.75,2.25,3.7703707,50.84937,0,13.573335
2023,26.75,2.5,3.8351204,52.84604,0,13.806434
2023,26.75,2.75,3.8175952,53.02629,0,13.743342
2023,26.75,3.0,3.84861,54.297943,0,13.854996
2023,26.75,3.25,3.644289,56.2034,0,13.11944
2023,26.75,3.5,3.2955253,57.362003,0,11.863891
2023,26.75,3.75,3.4320805,57.97703,0,12.35549
2023,26.75,4.0,3.7356617,58.235535,0,13.448382
2023,26.75,4.25,3.832328,59.089462,0,13.796381
2023,26.75,4.5,3.5278387,63.06874,0,12.700219
2023,26.75,4.75,3.0295384,66.64698,0,10.906338
2023,26.75,5.0,2.5454166,69.83042,0,9.1635
2023,26.75,5.25,2.186913,66.70785,0,7.8728867
2023,26.75,5.5,1.8503264,90.375465,0,6.661175
2023,26.75,5.75,1.7480383,91.361015,0,6.2929378
2023,26.75,6.0,1.4448222,84.27477,0,5.2013597
2023,26.75,6.25,1.5396045,79.78771,0,5.5425763
2023,26.75,6.5,1.7160333,81.45346,0,6.17772
2023,26.75,6.75,1.5178423,81.39745,0,5.464232
2023,26.75,7.0,1.3802009,82.86269,0,4.968723
2023,26.75,7.25,1.4906915,57.380604,0,5.3664894
2023,26.75,7.5,1.6896238,62.743755,0,6.0826454
2023,26.75,7.75,1.9604834,65.658844,0,7.05774
2023,26.75,8.0,2.116083,67.34387,0,7.6178985
2023,26.75,8.25,2.2605178,71.91121,0,8.137864
2023,26.75,8.5,2.3023353,77.44893,0,8.288406
2023,26.75,8.75,2.3510582,83.929115,0,8.463809
2023,26.75,9.0,2.3366778,88.060875,0,8.41204
2023,26.75,9.25,2.3421,89.8335,0,8.43156
2023,26.75,9.5,2.2966418,87.08142,0,8.26791
2023,26.75,9.75,2.2186062,84.21566,0,7.9869823
2023,26.75,10.0,2.2273777,82.456635,0,8.018559
2023,26.75,10.25,2.2291534,84.632484,0,8.024952
2023,26.75,10.5,2.29113,84.84016,0,8.248068
2023,26.75,10.75,2.279249,84.39459,0,8.205296
2023,26.75,11.0,2.308443,84.326385,0,8.310395
2023,26.75,11.25,2.310818,80.59185,0,8.318944
2023,26.75,11.5,2.293761,77.463524,0,8.25754
2023,26.75,11.75,2.2175531,77.74457,0,7.983191
2023,26.75,12.0,2.1353037,78.52021,0,7.6870933
2023,26.5,-9.0,3.0294466,158.15932,0,10.906008
2023,26.5,-8.75,2.9125454,159.04005,0,10.485164
2023,26.5,-8.5,2.7724135,159.35693,0,9.980688
2023,26.5,-8.25,2.6260648,159.97633,0,9.453833
2023,26.5,-8.0,2.4918897,160.34662,0,8.970802
2023,26.5,-7.75,2.3756711,160.02943,0,8.552416
2023,26.5,-7.5,2.3810174,159.80902,0,8.571663
2023,26.5,-7.25,2.3244376,130.29697,0,8.367975
2023,26.5,-7.0,2.2529824,131.87115,0,8.110736
2023,26.5,-6.75,2.20449,134.89696,0,7.9361634
2023,26.5,-6.5,2.1996164,137.57721,0,7.918619
2023,26.5,-6.25,2.203628,139.80296,0,7.9330606
2023,26.5,-6.0,2.1825616,140.74983,0,7.8572216
2023,26.5,-5.75,2.202542,145.47656,0,7.929151
2023,26.5,-5.5,2.2616982,121.02761,0,8.142114
2023,26.5,-5.25,2.3296585,124.44334,0,8.38677
2023,26.5,-5.0,2.3915827,125.8196,0,8.609697
2023,26.5,-4.75,2.4508016,95.654755,0,8.8228855
2023,26.5,-4.5,2.5330598,94.79325,0,9.119015
2023,26.5,-4.25,2.614821,94.54075,0,9.413355
2023,26.5,-4.0,2.681634,93.99088,0,9.653882
2023,26.5,-3.75,2.6721792,92.57853,0,9.619845
2023,26.5,-3.5,2.6458223,91.13629,0,9.52496
2023,26.5,-3.25,2.64167,90.19137,0,9.510012
2023,26.5,-3.0,2.6268523,88.603516,0,9.456668
2023,26.5,-2.75,2.5505564,86.39408,0,9.182003
2023,26.5,-2.5,2.5139787,86.24561,0,9.0503235
2023,26.5,-2.25,2.5183449,87.25403,0,9.066041
2023,26.5,-2.0,2.5681105,88.22773,0,9.245197
2023,26.5,-1.75,2.5887372,88.11097,0,9.319454
2023,26.5,-1.5,2.54743,86.30064,0,9.170748
2023,26.5,-1.25,2.4780412,84.208626,0,8.920948
2023,26.5,-1.0,2.416034,82.76023,0,8.697722
2023,26.5,-0.75,2.3256462,81.86968,0,8.372326
2023,26.5,-0.5,2.224982,83.13087,0,8.009935
2023,26.5,-0.25,2.115348,87.30918,0,7.615253
2023,26.5,0.0,2.2157993,55.767254,0,7.976877
2023,26.5,0.25,2.43282,52.396534,0,8.758152
2023,26.5,0.5,2.656997,79.65464,0,9.565188
2023,26.5,0.75,2.8289597,77.20388,0,10.184255
2023,26.5,1.0,3.0830348,76.06008,0,11.098925
2023,26.5,1.25,3.3453045,45.90637,0,12.043096
2023,26.5,1.5,3.5300434,45.733433,0,12.708156
2023,26.5,1.75,3.5745165,46.929768,0,12.868259
2023,26.5,2.0,3.563574,49.017334,0,12.828866
2023,26.5,2.25,3.5888536,50.71419,0,12.919872
2023,26.5,2.5,3.6148043,50.829956,0,13.013295
2023,26.5,2.75,3.5943267,50.881058,0,12.939576
2023,26.5,3.0,3.5398617,52.23714,0,12.743502
2023,26.5,3.25,3.3184032,55.15093,0,11.946251
2023,26.5,3.5,2.917181,55.463184,0,10.501851
2023,26.5,3.75,2.8080728,52.23622,0,10.109062
2023,26.5,4.0,3.0835962,52.59207,0,11.100946
2023,26.5,4.25,3.1555138,58.358173,0,11.359849
2023,26.5,4.5,2.8214338,65.54449,0,10.157162
2023,26.5,4.75,2.2509394,65.67669,0,8.103381
2023,26.5,5.0,1.8681334,64.77834,0,6.7252803
2023,26.5,5.25,1.574544,91.69656,0,5.668358
2023,26.5,5.5,1.6014415,89.797325,0,5.765189
2023,26.5,5.75,1.6087766,91.69602,0,5.7915955
2023,26.5,6.0,1.3359936,83.10177,0,4.809577
2023,26.5,6.25,1.0970834,94.47095,0,3.9495003
2023,26.5,6.5,1.3025732,70.55375,0,4.6892633
2023,26.5,6.75,1.37068,76.660034,0,4.934448
2023,26.5,7.0,1.3356112,80.08425,0,4.8082004
2023,26.5,7.25,1.2953936,81.82068,0,4.663417
2023,26.5,7.5,1.2739608,86.488686,0,4.586259
2023,26.5,7.75,1.5176765,120.49412,0,5.463635
2023,26.5,8.0,1.6614188,123.90231,0,5.9811077
2023,26.5,8.25,1.8248056,100.05717,0,6.5693
2023,26.5,8.5,1.9468724,108.71078,0,7.0087404
2023,26.5,8.75,2.03951,92.3225,0,7.342236
2023,26.5,9.0,2.0895832,97.206085,0,7.522499
2023,26.5,9.25,2.0186834,95.471985,0,7.26726
2023,26.5,9.5,1.9837141,83.821144,0,7.141371
2023,26.5,9.75,2.0857437,84.64582,0,7.508677
2023,26.5,10.0,2.1195605,83.42696,0,7.6304173
2023,26.5,10.25,2.162413,81.90031,0,7.784686
2023,26.5,10.5,2.2313416,81.56086,0,8.032829
2023,26.5,10.75,2.213846,82.104744,0,7.9698453
2023,26.5,11.0,2.225846,79.82442,0,8.013045
2023,26.5,11.25,2.234362,75.604805,0,8.043702
2023,26.5,11.5,2.1532803,75.668304,0,7.7518086
2023,26.5,11.75,2.0641925,78.29259,0,7.4310927
2023,26.5,12.0,1.9331311,92.68832,0,6.959272
2023,26.25,-9.0,3.2036915,160.60039,0,11.533289
2023,26.25,-8.75,3.046354,161.49306,0,10.966874
2023,26.25,-8.5,2.8966324,162.77594,0,10.427876
2023,26.25,-8.25,2.7494748,163.74867,0,9.8981085
2023,26.25,-8.0,2.621568,133.70636,0,9.437644
2023,26.25,-7.75,2.4885342,162.5947,0,8.958723
2023,26.25,-7.5,2.3756824,161.74521,0,8.552456
2023,26.25,-7.25,2.2791014,132.73778,0,8.204764
2023,26.25,-7.0,2.2162163,134.2926,0,7.978379
2023,26.25,-6.75,2.1705878,136.25871,0,7.814116
2023,26.25,-6.5,2.1707904,138.39778,0,7.8148456
2023,26.25,-6.25,2.209402,139.59454,0,7.9538474
2023,26.25,-6.0,2.20701,141.13216,0,7.9452357
2023,26.25,-5.75,2.2537649,116.70254,0,8.113553
2023,26.25,-5.5,2.3309748,122.471405,0,8.391509
2023,26.25,-5.25,2.4042923,125.423515,0,8.655452
2023,26.25,-5.0,2.4676933,95.919655,0,8.883696
2023,26.25,-4.75,2.5195131,95.18415,0,9.070247
2023,26.25,-4.5,2.5447412,94.22112,0,9.161068
2023,26.25,-4.25,2.6447098,94.352325,0,9.520955
2023,26.25,-4.0,2.74915,93.91256,0,9.89694
2023,26.25,-3.75,2.7984521,92.75295,0,10.074428
2023,26.25,-3.5,2.7771902,91.56454,0,9.997885
2023,26.25,-3.25,2.7293425,90.762024,0,9.825633
2023,26.25,-3.0,2.6968787,88.94607,0,9.708763
2023,26.25,-2.75,2.6459677,87.08893,0,9.525483
2023,26.25,-2.5,2.58851,86.81732,0,9.318636
2023,26.25,-2.25,2.5670857,88.00675,0,9.2415085
2023,26.25,-2.0,2.5774372,89.61133,0,9.278773
2023,26.25,-1.75,2.5986392,90.18409,0,9.355101
2023,26.25,-1.5,2.5872402,89.74579,0,9.314065
2023,26.25,-1.25,2.5302227,87.65201,0,9.108801
2023,26.25,-1.0,2.4549944,86.31495,0,8.837979
2023,26.25,-0.75,2.3835294,86.81909,0,8.580706
2023,26.25,-0.5,2.3158555,89.62229,0,8.33708
2023,26.25,-0.25,2.2785141,64.81933,0,8.202651
2023,26.25,0.0,2.3189795,74.28509,0,8.348326
2023,26.25,0.25,2.3811114,46.23088,0,8.5720005
2023,26.25,0.5,2.4367452,73.63818,0,8.772283
2023,26.25,0.75,2.5824072,71.37634,0,9.296666
2023,26.25,1.0,2.7671824,70.30267,0,9.961856
2023,26.25,1.25,3.0009089,71.11373,0,10.803271
2023,26.25,1.5,3.1467934,43.75176,0,11.328456
2023,26.25,1.75,3.2606852,47.04602,0,11.738466
2023,26.25,2.0,3.2595546,48.71306,0,11.734396
2023,26.25,2.25,3.2674322,48.56252,0,11.762755
2023,26.25,2.5,3.2806098,47.897495,0,11.810195
2023,26.25,2.75,3.228774,47.865147,0,11.623587
2023,26.25,3.0,3.1237957,49.23131,0,11.245665
2023,26.25,3.25,2.9546833,53.830597,0,10.63686
2023,26.25,3.5,2.4623554,51.243206,0,8.864479
2023,26.25,3.75,2.2168043,75.612404,0,7.980495
2023,26.25,4.0,2.1728444,46.29929,0,7.82224
2023,26.25,4.25,2.117654,59.390087,0,7.6235547
2023,26.25,4.5,1.914389,84.08906,0,6.8918004
2023,26.25,4.75,1.5734558,96.20286,0,5.6644406
2023,26.25,5.0,1.2983276,95.04832,0,4.6739793
2023,26.25,5.25,1.3434712,91.5686,0,4.836496
2023,26.25,5.5,1.4980675,88.8279,0,5.393043
2023,26.25,5.75,1.630958,87.49052,0,5.8714485
2023,26.25,6.0,1.513734,80.56116,0,5.4494424
2023,26.25,6.25,1.1641423,68.61608,0,4.190912
2023,26.25,6.5,1.0840892,100.84098,0,3.902721
2023,26.25,6.75,1.1164805,76.74173,0,4.0193295
2023,26.25,7.0,1.1525767,84.02669,0,4.149276
2023,26.25,7.25,1.1875826,88.71769,0,4.275297
2023,26.25,7.5,1.2900181,96.02003,0,4.644065
2023,26.25,7.75,1.3172476,115.68363,0,4.742091
2023,26.25,8.0,1.3710531,120.31311,0,4.935791
2023,26.25,8.25,1.478474,122.93326,0,5.3225064
2023,26.25,8.5,1.6388174,123.466125,0,5.8997426
2023,26.25,8.75,1.7184087,126.30302,0,6.186271
2023,26.25,9.0,1.7543355,132.42702,0,6.3156075
2023,26.25,9.25,1.5764316,135.66216,0,5.6751537
2023,26.25,9.5,1.7000623,136.24928,0,6.120224
2023,26.25,9.75,1.8753675,108.197754,0,6.7513227
2023,26.25,10.0,1.9757019,108.222176,0,7.112527
2023,26.25,10.25,1.9975113,76.99222,0,7.1910405
2023,26.25,10.5,2.1462448,80.28729,0,7.726481
2023,26.25,10.75,2.1054592,80.38229,0,7.579653
2023,26.25,11.0,2.0930674,78.09199,0,7.5350423
2023,26.25,11.25,2.0825987,80.88855,0,7.497355
2023,26.25,11.5,1.9788322,87.46853,0,7.123796
2023,26.25,11.75,1.8168703,93.70785,0,6.540733
2023,26.25,12.0,1.7390314,102.027985,0,6.260513
2023,26.0,-9.0,3.2437632,163.4427,0,11.677547
2023,26.0,-8.75,3.0733929,134.82806,0,11.064214
2023,26.0,-8.5,2.9471958,136.23705,0,10.609904
2023,26.0,-8.25,2.8488643,137.30902,0,10.255911
2023,26.0,-8.0,2.7689936,137.43883,0,9.968377
2023,26.0,-7.75,2.6725302,136.58058,0,9.621108
2023,26.0,-7.5,2.4843307,135.85234,0,8.94359
2023,26.0,-7.25,2.3403878,136.73045,0,8.425396
2023,26.0,-7.0,2.242438,137.63127,0,8.072777
2023,26.0,-6.75,2.179092,138.36137,0,7.844731
2023,26.0,-6.5,2.166437,138.66144,0,7.799173
2023,26.0,-6.25,2.2040687,138.89622,0,7.934647
2023,26.0,-6.0,2.2402706,141.57666,0,8.064974
2023,26.0,-5.75,2.3387945,118.00467,0,8.41966
2023,26.0,-5.5,2.4282339,122.799255,0,8.741642
2023,26.0,-5.25,2.5076668,94.82351,0,9.0276
2023,26.0,-5.0,2.5706818,95.122955,0,9.254455
2023,26.0,-4.75,2.607979,94.69586,0,9.388724
2023,26.0,-4.5,2.5989618,94.154945,0,9.356262
2023,26.0,-4.25,2.6608398,94.15765,0,9.579023
2023,26.0,-4.0,2.7894924,93.56411,0,10.042172
2023,26.0,-3.75,2.8941114,92.79012,0,10.4188
2023,26.0,-3.5,2.9219134,92.13632,0,10.5188875
2023,26.0,-3.25,2.8667953,91.52036,0,10.320463
2023,26.0,-3.0,2.7631607,89.865974,0,9.947378
2023,26.0,-2.75,2.6742477,88.87268,0,9.627292
2023,26.0,-2.5,2.6161382,88.61271,0,9.4180975
2023,26.0,-2.25,2.5933437,89.48355,0,9.336038
2023,26.0,-2.0,2.597973,90.88975,0,9.352703
2023,26.0,-1.75,2.6150787,91.658165,0,9.414283
2023,26.0,-1.5,2.6331933,91.53997,0,9.479495
2023,26.0,-1.25,2.6158926,90.19041,0,9.417213
2023,26.0,-1.0,2.5364635,89.25628,0,9.1312685
2023,26.0,-0.75,2.4609597,90.11979,0,8.859454
2023,26.0,-0.5,2.4186678,63.227154,0,8.707204
2023,26.0,-0.25,2.4337106,67.997375,0,8.761358
2023,26.0,0.0,2.5287228,72.476166,0,9.103402
2023,26.0,0.25,2.5866086,71.499596,0,9.31179
2023,26.0,0.5,2.586325,97.61675,0,9.310769
2023,26.0,0.75,2.6076,94.02002,0,9.38736
2023,26.0,1.0,2.6740716,62.756275,0,9.6266575
2023,26.0,1.25,2.785716,64.79655,0,10.028578
2023,26.0,1.5,2.8911536,69.44073,0,10.408153
2023,26.0,1.75,3.0088472,73.75393,0,10.83185
2023,26.0,2.0,3.0645807,75.33079,0,11.03249
2023,26.0,2.25,3.0594833,74.54099,0,11.014139
2023,26.0,2.5,3.00165,73.24117,0,10.80594
2023,26.0,2.75,2.887757,73.1829,0,10.3959255
2023,26.0,3.0,2.7317011,44.93858,0,9.834124
2023,26.0,3.25,2.388518,49.199368,0,8.598665
2023,26.0,3.5,1.8249316,74.39483,0,6.5697536
2023,26.0,3.75,1.5349175,66.123665,0,5.525703
2023,26.0,4.0,1.4431437,66.81775,0,5.1953173
2023,26.0,4.25,1.330959,75.14239,0,4.791452
2023,26.0,4.5,1.3683554,92.15967,0,4.9260793
2023,26.0,4.75,1.2069788,101.92156,0,4.345124
2023,26.0,5.0,1.0925053,93.3641,0,3.9330192
2023,26.0,5.25,1.3809276,62.555584,0,4.971339
2023,26.0,5.5,1.765191,63.183243,0,6.354687
2023,26.0,5.75,1.9161752,90.76285,0,6.8982306
2023,26.0,6.0,1.9234313,86.10703,0,6.9243526
2023,26.0,6.25,1.6100103,84.86989,0,5.7960367
2023,26.0,6.5,1.2588626,84.86973,0,4.531905
2023,26.0,6.75,1.0600225,86.96432,0,3.8160808
2023,26.0,7.0,0.9782729,89.17574,0,3.5217824
2023,26.0,7.25,1.0055938,90.96357,0,3.6201375
2023,26.0,7.5,1.2106316,94.29008,0,4.3582735
2023,26.0,7.75,1.1121713,91.514015,0,4.0038166
2023,26.0,8.0,1.0325791,125.40521,0,3.7172844
2023,26.0,8.25,1.0789658,127.992065,0,3.8842766
2023,26.0,8.5,1.1348957,132.05579,0,4.085624
2023,26.0,8.75,1.1200062,135.51427,0,4.032022
2023,26.0,9.0,1.2261585,135.2108,0,4.4141703
2023,26.0,9.25,1.3158287,134.72502,0,4.7369833
2023,26.0,9.5,1.6001076,136.51918,0,5.760387
2023,26.0,9.75,1.8268164,106.0311,0,6.576539
2023,26.0,10.0,1.8938766,103.663994,0,6.8179555
2023,26.0,10.25,1.8574338,103.379395,0,6.6867614
2023,26.0,10.5,1.9434595,80.73046,0,6.9964542
2023,26.0,10.75,1.8989161,81.09171,0,6.8360977
2023,26.0,11.0,1.9605733,84.37655,0,7.058064
2023,26.0,11.25,2.0733392,89.759254,0,7.464021
2023,26.0,11.5,2.1050632,94.14358,0,7.5782275
2023,26.0,11.75,1.9778028,94.01011,0,7.1200895
2023,26.0,12.0,1.8453207,111.0647,0,6.643154
2023,25.75,-9.0,3.2024603,136.31976,0,11.528856
2023,25.75,-8.75,3.0436318,138.18831,0,10.957074
2023,25.75,-8.5,2.902601,138.93633,0,10.449364
2023,25.75,-8.25,2.8124626,138.98085,0,10.124865
2023,25.75,-8.0,2.765962,138.9931,0,9.957462
2023,25.75,-7.75,2.7576234,139.27048,0,9.927444
2023,25.75,-7.5,2.6564243,139.52228,0,9.5631275
2023,25.75,-7.25,2.572694,140.5254,0,9.261699
2023,25.75,-7.0,2.493439,141.11906,0,8.97638
2023,25.75,-6.75,2.4211357,140.96886,0,8.716088
2023,25.75,-6.5,2.3478897,139.80867,0,8.452402
2023,25.75,-6.25,2.3067796,139.56577,0,8.304406
2023,25.75,-6.0,2.298295,143.03233,0,8.273862
2023,25.75,-5.75,2.3954136,119.43937,0,8.623488
2023,25.75,-5.5,2.4912176,93.00419,0,8.968383
2023,25.75,-5.25,2.586042,93.99503,0,9.309751
2023,25.75,-5.0,2.6648738,94.20047,0,9.593546
2023,25.75,-4.75,2.7257078,94.31771,0,9.812548
2023,25.75,-4.5,2.7377121,93.894005,0,9.855763
2023,25.75,-4.25,2.7256224,93.10501,0,9.812241
2023,25.75,-4.0,2.7643824,92.23834,0,9.9517765
2023,25.75,-3.75,2.8773777,92.17379,0,10.35856
2023,25.75,-3.5,2.9939187,92.69245,0,10.778107
2023,25.75,-3.25,3.0160103,92.59826,0,10.857636
2023,25.75,-3.0,2.923997,91.55035,0,10.526389
2023,25.75,-2.75,2.771425,90.82187,0,9.97713
2023,25.75,-2.5,2.671497,90.47708,0,9.61739
2023,25.75,-2.25,2.6080506,90.85818,0,9.388982
2023,25.75,-2.0,2.6013346,91.85612,0,9.364804
2023,25.75,-1.75,2.6223683,92.548584,0,9.440526
2023,25.75,-1.5,2.6428533,62.58727,0,9.514272
2023,25.75,-1.25,2.634804,61.575653,0,9.485294
2023,25.75,-1.0,2.5830789,61.29967,0,9.299084
2023,25.75,-0.75,2.5250041,62.490337,0,9.090014
2023,25.75,-0.5,2.502141,64.92652,0,9.007708
2023,25.75,-0.25,2.5242226,67.99793,0,9.087201
2023,25.75,0.0,2.6167114,69.88952,0,9.42016
2023,25.75,0.25,2.6874664,68.57499,0,9.674879
2023,25.75,0.5,2.677376,94.51349,0,9.638554
2023,25.75,0.75,2.6317275,89.96615,0,9.474218
2023,25.75,1.0,2.6326,87.87702,0,9.47736
2023,25.75,1.25,2.6436415,59.207867,0,9.517109
2023,25.75,1.5,2.7139263,64.687805,0,9.770135
2023,25.75,1.75,2.841011,69.166435,0,10.227639
2023,25.75,2.0,2.948496,71.24018,0,10.614586
2023,25.75,2.25,2.9063818,70.727715,0,10.462975
2023,25.75,2.5,2.724457,69.937675,0,9.808045
2023,25.75,2.75,2.5266807,70.62733,0,9.09605
2023,25.75,3.0,2.2794464,73.34652,0,8.206007
2023,25.75,3.25,1.8893255,75.26884,0,6.801572
2023,25.75,3.5,1.561946,73.595055,0,5.6230054
2023,25.75,3.75,1.4361429,73.160286,0,5.1701145
2023,25.75,4.0,1.332148,76.267235,0,4.7957325
2023,25.75,4.25,1.2032173,88.18038,0,4.331582
2023,25.75,4.5,1.2983241,94.34778,0,4.673967
2023,25.75,4.75,1.210178,83.01547,0,4.356641
2023,25.75,5.0,1.1900213,66.95304,0,4.2840767
2023,25.75,5.25,1.3465444,79.79193,0,4.8475595
2023,25.75,5.5,1.5914979,94.500755,0,5.729392
2023,25.75,5.75,1.6607043,97.36371,0,5.978535
2023,25.75,6.0,1.6867894,95.70522,0,6.0724416
2023,25.75,6.25,1.6708201,97.032074,0,6.014952
2023,25.75,6.5,1.4192432,97.001526,0,5.1092753
2023,25.75,6.75,1.2621608,99.62255,0,4.543779
2023,25.75,7.0,1.1542548,103.24343,0,4.1553173
2023,25.75,7.25,1.0202603,106.07839,0,3.6729372
2023,25.75,7.5,1.069471,105.991875,0,3.8500955
2023,25.75,7.75,0.93518394,105.12498,0,3.366662
2023,25.75,8.0,0.87200505,105.892555,0,3.139218
2023,25.75,8.25,0.8779704,137.95152,0,3.1606934
2023,25.75,8.5,0.88179255,137.60048,0,3.174453
2023,25.75,8.75,0.88341784,138.17128,0,3.180304
2023,25.75,9.0,1.0827031,138.38872,0,3.897731
2023,25.75,9.25,1.3358693,138.46356,0,4.809129
2023,25.75,9.5,1.548255,137.12401,0,5.5737176
2023,25.75,9.75,1.6319281,131.95761,0,5.874941
2023,25.75,10.0,1.6629343,99.196594,0,5.986563
2023,25.75,10.25,1.6806487,75.30613,0,6.050335
2023,25.75,10.5,1.6511625,86.03135,0,5.944185
2023,25.75,10.75,1.6203699,112.10071,0,5.8333316
2023,25.75,11.0,1.7643557,92.33856,0,6.3516803
2023,25.75,11.25,1.9374304,92.96079,0,6.974749
2023,25.75,11.5,2.110234,90.97992,0,7.5968423
2023,25.75,11.75,2.1681302,85.766945,0,7.8052683
2023,25.75,12.0,1.8856506,109.462036,0,6.788342
2023,25.5,-9.0,3.2045565,138.99538,0,11.536403
2023,25.5,-8.75,3.0889225,140.48804,0,11.120121
2023,25.5,-8.5,2.9422762,140.81177,0,10.592195
2023,25.5,-8.25,2.8239162,140.44841,0,10.166098
2023,25.5,-8.0,2.7203312,139.47075,0,9.793192
2023,25.5,-7.75,2.680102,139.58142,0,9.648367
2023,25.5,-7.5,2.6924093,140.42337,0,9.692673
2023,25.5,-7.25,2.7117403,141.76112,0,9.762264
2023,25.5,-7.0,2.6696835,142.62506,0,9.61086
2023,25.5,-6.75,2.6535537,142.54492,0,9.5527935
2023,25.5,-6.5,2.5832694,141.6779,0,9.299769
2023,25.5,-6.25,2.4388583,142.03874,0,8.779889
2023,25.5,-6.0,2.384076,115.42576,0,8.582674
2023,25.5,-5.75,2.468898,119.73435,0,8.888033
2023,25.5,-5.5,2.5535326,90.58319,0,9.192718
2023,25.5,-5.25,2.6427286,91.56586,0,9.513823
2023,25.5,-5.0,2.7392976,92.551384,0,9.861471
2023,25.5,-4.75,2.8249443,93.35632,0,10.169799
2023,25.5,-4.5,2.909031,93.6658,0,10.472511
2023,25.5,-4.25,2.8628066,92.70798,0,10.306104
2023,25.5,-4.0,2.822756,91.99048,0,10.1619215
2023,25.5,-3.75,2.7912734,92.77949,0,10.048584
2023,25.5,-3.5,2.8692687,93.73566,0,10.329367
2023,25.5,-3.25,2.9482467,94.64684,0,10.6136875
2023,25.5,-3.0,2.934797,94.43066,0,10.565269
2023,25.5,-2.75,2.8484519,93.67981,0,10.254426
2023,25.5,-2.5,2.74469,92.44691,0,9.880883
2023,25.5,-2.25,2.6692286,92.34549,0,9.609222
2023,25.5,-2.0,2.6350706,92.217125,0,9.486254
2023,25.5,-1.75,2.6545627,92.50761,0,9.556425
2023,25.5,-1.5,2.660351,62.56258,0,9.577264
2023,25.5,-1.25,2.6299806,62.17287,0,9.46793
2023,25.5,-1.0,2.5822237,62.242817,0,9.296005
2023,25.5,-0.75,2.554394,63.10142,0,9.195818
2023,25.5,-0.5,2.547152,64.91586,0,9.169747
2023,25.5,-0.25,2.6026645,66.2844,0,9.369592
2023,25.5,0.0,2.684411,67.629974,0,9.663879
2023,25.5,0.25,2.7402475,96.60333,0,9.864891
2023,25.5,0.5,2.720046,92.87738,0,9.792166
2023,25.5,0.75,2.6619923,88.45997,0,9.583172
2023,25.5,1.0,2.5408545,85.09479,0,9.147076
2023,25.5,1.25,2.469974,85.345116,0,8.891907
2023,25.5,1.5,2.4336746,60.01549,0,8.761229
2023,25.5,1.75,2.550995,63.41217,0,9.183582
2023,25.5,2.0,2.6682875,66.602905,0,9.605835
2023,25.5,2.25,2.6565273,68.71792,0,9.563498
2023,25.5,2.5,2.488043,69.238754,0,8.956955
2023,25.5,2.75,2.2183964,71.627884,0,7.986227
2023,25.5,3.0,1.9206991,74.2078,0,6.9145164
2023,25.5,3.25,1.6373376,75.786934,0,5.894415
2023,25.5,3.5,1.6105591,79.71847,0,5.7980127
2023,25.5,3.75,1.5131146,81.57531,0,5.447212
2023,25.5,4.0,1.465591,86.24064,0,5.2761273
2023,25.5,4.25,1.4150773,92.16242,0,5.0942783
2023,25.5,4.5,1.4882427,85.88386,0,5.3576736
2023,25.5,4.75,1.5636581,68.78835,0,5.629169
2023,25.5,5.0,1.4941722,59.79903,0,5.3790197
2023,25.5,5.25,1.2128932,74.003334,0,4.3664155
2023,25.5,5.5,1.3242334,93.27679,0,4.76724
2023,25.5,5.75,1.4468473,99.80857,0,5.20865
2023,25.5,6.0,1.4935411,98.720726,0,5.376748
2023,25.5,6.25,1.5758525,102.071785,0,5.673069
2023,25.5,6.5,1.7774506,104.48672,0,6.398822
2023,25.5,6.75,1.6706873,106.765175,0,6.0144744
2023,25.5,7.0,1.4531065,109.0572,0,5.2311835
2023,25.5,7.25,1.2262754,111.89307,0,4.4145913
2023,25.5,7.5,1.1068907,112.97626,0,3.9848063
2023,25.5,7.75,1.0368241,112.84717,0,3.7325666
2023,25.5,8.0,1.0367924,113.81482,0,3.7324526
2023,25.5,8.25,1.0420177,114.89507,0,3.7512636
2023,25.5,8.5,1.0369908,113.10504,0,3.7331667
2023,25.5,8.75,1.2237641,127.0402,0,4.4055505
2023,25.5,9.0,1.425018,129.64934,0,5.1300645
2023,25.5,9.25,1.4845675,134.12862,0,5.344443
2023,25.5,9.5,1.3870722,136.17719,0,4.9934597
2023,25.5,9.75,1.3487703,134.0789,0,4.8555727
2023,25.5,10.0,1.3208662,104.32122,0,4.7551184
2023,25.5,10.25,1.4693112,82.96942,0,5.2895203
2023,25.5,10.5,1.5380894,90.81089,0,5.537122
2023,25.5,10.75,1.4771634,115.76295,0,5.317788
2023,25.5,11.0,1.6153325,94.35565,0,5.815197
2023,25.5,11.25,1.8527733,88.99093,0,6.669984
2023,25.5,11.5,2.0630596,85.764305,0,7.4270144
2023,25.5,11.75,2.2249656,83.13501,0,8.009876
2023,25.5,12.0,1.9203023,109.35922,0,6.913088
2023,25.25,-9.0,3.240364,140.30328,0,11.66531
2023,25.25,-8.75,3.1697462,111.82279,0,11.411086
2023,25.25,-8.5,3.0417988,112.5383,0,10.950476
2023,25.25,-8.25,2.8829257,112.35785,0,10.378532
2023,25.25,-8.0,2.76844,141.55916,0,9.966384
2023,25.25,-7.75,2.6368515,140.45862,0,9.492665
2023,25.25,-7.5,2.618382,140.39247,0,9.426175
2023,25.25,-7.25,2.6493983,141.69817,0,9.537834
2023,25.25,-7.0,2.709132,112.80158,0,9.752874
2023,25.25,-6.75,2.700123,112.989525,0,9.720443
2023,25.25,-6.5,2.6891215,114.06246,0,9.680837
2023,25.25,-6.25,2.5854633,85.32398,0,9.307668
2023,25.25,-6.0,2.5396547,87.40012,0,9.142756
2023,25.25,-5.75,2.57531,88.36062,0,9.271115
2023,25.25,-5.5,2.6409366,89.13501,0,9.507372
2023,25.25,-5.25,2.6582654,90.59812,0,9.569755
2023,25.25,-5.0,2.7422473,92.01199,0,9.87209
2023,25.25,-4.75,2.818713,94.072975,0,10.147367
2023,25.25,-4.5,2.9115646,94.87604,0,10.481632
2023,25.25,-4.25,2.8986003,94.21226,0,10.434961
2023,25.25,-4.0,2.8212242,93.71287,0,10.156407
2023,25.25,-3.75,2.773242,94.5073,0,9.983671
2023,25.25,-3.5,2.7220743,96.18167,0,9.799467
2023,25.25,-3.25,2.7604015,97.17914,0,9.937445
2023,25.25,-3.0,2.7944405,97.53906,0,10.059985
2023,25.25,-2.75,2.8076603,96.14282,0,10.107577
2023,25.25,-2.5,2.7329118,94.62707,0,9.838482
2023,25.25,-2.25,2.698494,92.871635,0,9.714578
2023,25.25,-2.0,2.6701648,92.430725,0,9.612593
2023,25.25,-1.75,2.6529768,92.39526,0,9.550716
2023,25.25,-1.5,2.6463928,92.5425,0,9.527014
2023,25.25,-1.25,2.621833,62.258408,0,9.438599
2023,25.25,-1.0,2.6028826,62.572033,0,9.370378
2023,25.25,-0.75,2.5791767,63.284245,0,9.285036
2023,25.25,-0.5,2.6032555,64.12716,0,9.371719
2023,25.25,-0.25,2.655374,65.472336,0,9.559346
2023,25.25,0.0,2.6964,65.72222,0,9.70704
2023,25.25,0.25,2.73828,94.85104,0,9.857808
2023,25.25,0.5,2.72848,91.70504,0,9.822528
2023,25.25,0.75,2.6665308,88.880005,0,9.599511
2023,25.25,1.0,2.5454476,85.83246,0,9.163611
2023,25.25,1.25,2.335119,84.61048,0,8.406428
2023,25.25,1.5,2.1996124,88.18702,0,7.9186044
2023,25.25,1.75,2.1702855,89.098206,0,7.8130274
2023,25.25,2.0,2.166193,61.358753,0,7.7982945
2023,25.25,2.25,2.1643574,65.265144,0,7.7916865
2023,25.25,2.5,2.0500965,71.310585,0,7.3803473
2023,25.25,2.75,1.7893639,74.79506,0,6.4417095
2023,25.25,3.0,1.5356475,76.15292,0,5.528331
2023,25.25,3.25,1.4975834,79.35952,0,5.3913
2023,25.25,3.5,1.4984846,85.60621,0,5.3945446
2023,25.25,3.75,1.5726695,89.83437,0,5.66161
2023,25.25,4.0,1.5594314,93.41129,0,5.613953
2023,25.25,4.25,1.8249288,88.44138,0,6.569743
2023,25.25,4.5,1.890622,79.812386,0,6.806239
2023,25.25,4.75,1.903945,69.9176,0,6.854202
2023,25.25,5.0,1.5444832,72.92615,0,5.560139
2023,25.25,5.25,1.2858828,83.797585,0,4.629178
2023,25.25,5.5,1.0462426,97.35645,0,3.7664733
2023,25.25,5.75,1.2028221,101.46084,0,4.330159
2023,25.25,6.0,1.4529876,97.61929,0,5.230755
2023,25.25,6.25,1.4680032,99.605835,0,5.284811
2023,25.25,6.5,1.7050296,104.84603,0,6.1381063
2023,25.25,6.75,1.8641855,109.37487,0,6.7110677
2023,25.25,7.0,1.674848,111.78559,0,6.0294523
2023,25.25,7.25,1.4268198,112.11208,0,5.1365514
2023,25.25,7.5,1.2854303,112.72341,0,4.627549
2023,25.25,7.75,1.1882774,111.0178,0,4.277798
2023,25.25,8.0,1.1414078,108.830086,0,4.109068
2023,25.25,8.25,1.1409382,107.805664,0,4.107377
2023,25.25,8.5,1.1642364,106.898895,0,4.191251
2023,25.25,8.75,1.3095124,112.65545,0,4.7142444
2023,25.25,9.0,1.5034709,116.68958,0,5.412495
2023,25.25,9.25,1.5085558,126.09002,0,5.4308004
2023,25.25,9.5,1.4240155,138.17024,0,5.126456
2023,25.25,9.75,1.1846095,138.41786,0,4.264594
2023,25.25,10.0,1.0671057,137.28648,0,3.8415802
2023,25.25,10.25,1.2416807,84.062454,0,4.4700503
2023,25.25,10.5,1.566219,86.25308,0,5.638388
2023,25.25,10.75,1.4787871,115.17599,0,5.323633
2023,25.25,11.0,1.6409221,89.76614,0,5.907319
2023,25.25,11.25,1.9276313,85.95867,0,6.939472
2023,25.25,11.5,2.2411969,84.69346,0,8.068309
2023,25.25,11.75,2.332321,83.272385,0,8.396355
2023,25.25,12.0,1.9935738,80.801476,0,7.1768656
2023,25.0,-9.0,3.2520459,140.79393,0,11.707365
2023,25.0,-8.75,3.1922426,112.78341,0,11.492073
2023,25.0,-8.5,3.1438177,114.598816,0,11.317743
2023,25.0,-8.25,2.9866092,114.58838,0,10.751793
2023,25.0,-8.0,2.845228,113.83271,0,10.242821
2023,25.0,-7.75,2.7097542,112.61118,0,9.755115
2023,25.0,-7.5,2.6071448,140.80583,0,9.385721
2023,25.0,-7.25,2.5824974,141.6979,0,9.29699
2023,25.0,-7.0,2.623862,112.78037,0,9.445903
2023,25.0,-6.75,2.6258469,114.38849,0,9.453049
2023,25.0,-6.5,2.6147814,115.61197,0,9.413213
2023,25.0,-6.25,2.6865923,87.63535,0,9.671732
2023,25.0,-6.0,2.6873229,88.484215,0,9.674362
2023,25.0,-5.75,2.6904166,88.073586,0,9.685499
2023,25.0,-5.5,2.6757708,89.09739,0,9.632774
2023,25.0,-5.25,2.6927645,90.684814,0,9.693952
2023,25.0,-5.0,2.6522784,94.192635,0,9.5482025
2023,25.0,-4.75,2.7026482,96.490746,0,9.729533
2023,25.0,-4.5,2.7352936,98.20461,0,9.847056
2023,25.0,-4.25,2.7540073,97.97772,0,9.914426
2023,25.0,-4.0,2.6966636,97.493126,0,9.707989
2023,25.0,-3.75,2.6930473,97.31638,0,9.69497
2023,25.0,-3.5,2.6509085,98.92929,0,9.54327
2023,25.0,-3.25,2.643153,98.908325,0,9.51535
2023,25.0,-3.0,2.6722,98.70889,0,9.61992
2023,25.0,-2.75,2.7094212,96.99175,0,9.753916
2023,25.0,-2.5,2.722348,95.19274,0,9.800452
2023,25.0,-2.25,2.6894913,93.32069,0,9.682168
2023,25.0,-2.0,2.671339,92.24354,0,9.61682
2023,25.0,-1.75,2.649615,92.07552,0,9.538614
2023,25.0,-1.5,2.6276176,92.40753,0,9.459423
2023,25.0,-1.25,2.6047573,92.15269,0,9.377126
2023,25.0,-1.0,2.594165,62.483032,0,9.338994
2023,25.0,-0.75,2.606539,62.971104,0,9.38354
2023,25.0,-0.5,2.6307995,63.763187,0,9.470878
2023,25.0,-0.25,2.6510565,64.55279,0,9.543803
2023,25.0,0.0,2.6729047,94.275505,0,9.622457
2023,25.0,0.25,2.6970208,93.47684,0,9.709274
2023,25.0,0.5,2.6719444,91.434204,0,9.6189995
2023,25.0,0.75,2.6127803,88.68841,0,9.406009
2023,25.0,1.0,2.512439,88.16427,0,9.04478
2023,25.0,1.25,2.3161638,87.77582,0,8.338189
2023,25.0,1.5,2.1289783,89.642006,0,7.6643214
2023,25.0,1.75,1.8914394,116.75651,0,6.8091817
2023,25.0,2.0,1.8389932,89.67853,0,6.620375
2023,25.0,2.25,1.6825444,95.16162,0,6.0571594
2023,25.0,2.5,1.5641578,72.11668,0,5.630968
2023,25.0,2.75,1.3616341,76.51322,0,4.9018826
2023,25.0,3.0,1.2176543,106.59556,0,4.3835554
2023,25.0,3.25,1.2998077,81.44929,0,4.6793075
2023,25.0,3.5,1.5174437,94.00924,0,5.462797
2023,25.0,3.75,1.61669,97.45425,0,5.820084
2023,25.0,4.0,1.9014993,92.82806,0,6.845397
2023,25.0,4.25,2.1966798,87.70461,0,7.908047
2023,25.0,4.5,2.201216,78.11924,0,7.9243774
2023,25.0,4.75,1.9911655,75.406364,0,7.1681957
2023,25.0,5.0,1.640066,80.10422,0,5.9042377
2023,25.0,5.25,1.0379459,83.389824,0,3.736605
2023,25.0,5.5,0.80648166,102.16604,0,2.903334
2023,25.0,5.75,0.91733867,100.00852,0,3.3024192
2023,25.0,6.0,1.290819,97.55261,0,4.6469483
2023,25.0,6.25,1.3357053,97.03308,0,4.808539
2023,25.0,6.5,1.5537215,106.47113,0,5.5933976
2023,25.0,6.75,1.72756,111.53176,0,6.219216
2023,25.0,7.0,1.8597822,115.201454,0,6.6952157
2023,25.0,7.25,1.6616465,115.908325,0,5.9819274
2023,25.0,7.5,1.5081767,115.89089,0,5.4294357
2023,25.0,7.75,1.3843879,111.60769,0,4.983796
2023,25.0,8.0,1.2570714,105.86801,0,4.525457
2023,25.0,8.25,1.1367882,85.24207,0,4.0924377
2023,25.0,8.5,1.171435,88.59504,0,4.217166
2023,25.0,8.75,1.3636541,98.72947,0,4.909155
2023,25.0,9.0,1.5423965,104.00225,0,5.5526276
2023,25.0,9.25,1.5036507,109.33346,0,5.413142
2023,25.0,9.5,1.4606642,114.545296,0,5.258391
2023,25.0,9.75,1.1729683,138.278,0,4.222686
2023,25.0,10.0,0.90648264,162.95213,0,3.2633374
2023,25.0,10.25,0.93688583,110.13871,0,3.372789
2023,25.0,10.5,1.5043966,107.351166,0,5.4158273
2023,25.0,10.75,1.5106641,104.45007,0,5.4383907
2023,25.0,11.0,1.6384687,80.27765,0,5.898487
2023,25.0,11.25,2.0544026,87.26165,0,7.395849
2023,25.0,11.5,2.3778288,86.36499,0,8.560184
2023,25.0,11.75,2.3946898,85.95023,0,8.620883
2023,25.0,12.0,2.0507402,82.729034,0,7.3826647
2023,24.75,-9.0,3.2395382,111.27299,0,11.662337
2023,24.75,-8.75,3.173156,113.803955,0,11.423362
2023,24.75,-8.5,3.1386356,115.852776,0,11.299088
2023,24.75,-8.25,3.1062167,117.0736,0,11.18238
2023,24.75,-8.0,2.9622962,116.483765,0,10.664267
2023,24.75,-7.75,2.8469727,114.38684,0,10.249102
2023,24.75,-7.5,2.71479,112.32656,0,9.773244
2023,24.75,-7.25,2.6506588,112.93455,0,9.542372
2023,24.75,-7.0,2.5972064,113.33488,0,9.349942
2023,24.75,-6.75,2.5992482,115.01059,0,9.357293
2023,24.75,-6.5,2.6246102,117.16221,0,9.448596
2023,24.75,-6.25,2.7162983,89.28528,0,9.778674
2023,24.75,-6.0,2.727092,89.27882,0,9.817531
2023,24.75,-5.75,2.6482222,88.879,0,9.5336
2023,24.75,-5.5,2.6164296,90.61377,0,9.419147
2023,24.75,-5.25,2.5638154,95.27673,0,9.229735
2023,24.75,-5.0,2.5394723,99.03011,0,9.1421
2023,24.75,-4.75,2.5301251,101.123566,0,9.10845
2023,24.75,-4.5,2.5433428,102.58386,0,9.1560335
2023,24.75,-4.25,2.5683467,101.83555,0,9.246048
2023,24.75,-4.0,2.5846214,100.61912,0,9.304637
2023,24.75,-3.75,2.5808003,100.410194,0,9.290881
2023,24.75,-3.5,2.6338346,99.418846,0,9.481804
2023,24.75,-3.25,2.6329165,99.07139,0,9.478499
2023,24.75,-3.0,2.661502,97.6029,0,9.581407
2023,24.75,-2.75,2.6985443,96.04028,0,9.714759
2023,24.75,-2.5,2.7220976,94.24109,0,9.799551
2023,24.75,-2.25,2.7016392,93.42797,0,9.725901
2023,24.75,-2.0,2.685133,92.23419,0,9.666478
2023,24.75,-1.75,2.6414518,92.275856,0,9.509227
2023,24.75,-1.5,2.6130521,92.61578,0,9.406987
2023,24.75,-1.25,2.584245,92.29191,0,9.303282
2023,24.75,-1.0,2.5894976,62.5667,0,9.322191
2023,24.75,-0.75,2.6023545,63.03944,0,9.368476
2023,24.75,-0.5,2.608421,63.270695,0,9.390316
2023,24.75,-0.25,2.6234324,93.8686,0,9.444356
2023,24.75,0.0,2.6132307,93.26127,0,9.40763
2023,24.75,0.25,2.5956554,92.36654,0,9.344359
2023,24.75,0.5,2.5688648,90.45927,0,9.247913
2023,24.75,0.75,2.500989,90.03903,0,9.00356
2023,24.75,1.0,2.4022524,89.712654,0,8.6481085
2023,24.75,1.25,2.2580774,90.49951,0,8.129078
2023,24.75,1.5,2.0996108,92.07928,0,7.5585985
2023,24.75,1.75,1.8611803,90.83634,0,6.7002487
2023,24.75,2.0,1.724326,123.47956,0,6.2075734
2023,24.75,2.25,1.5794215,97.46133,0,5.6859174
2023,24.75,2.5,1.3331928,102.05154,0,4.7994943
2023,24.75,2.75,1.1339781,107.32101,0,4.082321
2023,24.75,3.0,1.0389763,137.01854,0,3.7403147
2023,24.75,3.25,1.1191102,139.9052,0,4.0287967
2023,24.75,3.5,1.3565654,95.82446,0,4.883635
2023,24.75,3.75,1.745624,97.07086,0,6.284246
2023,24.75,4.0,2.0356495,92.70417,0,7.328338
2023,24.75,4.25,2.1970322,86.77356,0,7.9093156
2023,24.75,4.5,2.1622765,78.99406,0,7.7841954
2023,24.75,4.75,1.8474035,78.91778,0,6.6506524
2023,24.75,5.0,1.4593078,85.18929,0,5.253508
2023,24.75,5.25,0.8859005,94.042076,0,3.1892416
2023,24.75,5.5,0.58206373,96.52471,0,2.0954294
2023,24.75,5.75,0.63176394,90.379395,0,2.2743502
2023,24.75,6.0,0.9847378,91.319756,0,3.545056
2023,24.75,6.25,1.1676518,92.113976,0,4.203546
2023,24.75,6.5,1.3504425,105.40397,0,4.861593
2023,24.75,6.75,1.6450263,116.85919,0,5.922095
2023,24.75,7.0,1.7936864,120.45331,0,6.4572706
2023,24.75,7.25,1.7568785,121.20554,0,6.3247623
2023,24.75,7.5,1.5789658,119.53623,0,5.6842766
2023,24.75,7.75,1.4882431,113.31225,0,5.357675
2023,24.75,8.0,1.2778921,100.49816,0,4.6004114
2023,24.75,8.25,1.2024751,82.18248,0,4.3289104
2023,24.75,8.5,1.2973145,81.98646,0,4.670332
2023,24.75,8.75,1.4865605,92.46859,0,5.3516173
2023,24.75,9.0,1.6972184,96.55752,0,6.1099863
2023,24.75,9.25,1.6448393,98.46627,0,5.921421
2023,24.75,9.5,1.5175077,102.98946,0,5.4630275
2023,24.75,9.75,1.3181843,103.540344,0,4.7454634
2023,24.75,10.0,1.0117987,156.72118,0,3.6424754
2023,24.75,10.25,0.824809,159.3204,0,2.9693124
2023,24.75,10.5,1.3474684,97.02585,0,4.850886
2023,24.75,10.75,1.4999026,94.98232,0,5.399649
2023,24.75,11.0,1.54281,75.462425,0,5.554116
2023,24.75,11.25,1.9358677,83.632545,0,6.9691234
2023,24.75,11.5,2.418498,88.131226,0,8.706593
2023,24.75,11.75,2.4644942,88.197,0,8.872179
2023,24.75,12.0,2.1044497,83.268,0,7.576019
2023,24.5,-9.0,3.2217696,112.0723,0,11.598371
2023,24.5,-8.75,3.1543734,114.67849,0,11.355744
2023,24.5,-8.5,3.1191876,117.180565,0,11.229075
2023,24.5,-8.25,3.0966015,118.463715,0,11.147765
2023,24.5,-8.0,3.0587113,117.6809,0,11.01136
2023,24.5,-7.75,2.9623425,115.56463,0,10.664433
2023,24.5,-7.5,2.8682425,114.174355,0,10.325673
2023,24.5,-7.25,2.8102548,114.44702,0,10.116917
2023,24.5,-7.0,2.7399158,114.732635,0,9.863697
2023,24.5,-6.75,2.6885808,116.04669,0,9.67889
2023,24.5,-6.5,2.7137423,118.196594,0,9.769472
2023,24.5,-6.25,2.7039585,90.42822,0,9.73425
2023,24.5,-6.0,2.668475,91.01544,0,9.606509
2023,24.5,-5.75,2.5317218,91.98364,0,9.114199
2023,24.5,-5.5,2.4215572,96.76663,0,8.717606
2023,24.5,-5.25,2.3961399,102.32142,0,8.626103
2023,24.5,-5.0,2.433388,104.02701,0,8.760197
2023,24.5,-4.75,2.4374876,105.73916,0,8.774955
2023,24.5,-4.5,2.4627943,104.56728,0,8.866059
2023,24.5,-4.25,2.4866734,102.55298,0,8.9520235
2023,24.5,-4.0,2.518075,101.20361,0,9.06507
2023,24.5,-3.75,2.574509,100.5672,0,9.268231
2023,24.5,-3.5,2.6363764,99.64617,0,9.490954
2023,24.5,-3.25,2.6692674,97.90235,0,9.609363
2023,24.5,-3.0,2.7114048,95.908226,0,9.761057
2023,24.5,-2.75,2.74113,94.59409,0,9.868068
2023,24.5,-2.5,2.7496243,93.47802,0,9.898647
2023,24.5,-2.25,2.7301848,92.692894,0,9.828665
2023,24.5,-2.0,2.6814058,93.105095,0,9.653061
2023,24.5,-1.75,2.632734,93.3189,0,9.477842
2023,24.5,-1.5,2.589082,93.33059,0,9.320695
2023,24.5,-1.25,2.559523,92.78109,0,9.214283
2023,24.5,-1.0,2.5664103,92.9931,0,9.239077
2023,24.5,-0.75,2.554223,93.04026,0,9.195203
2023,24.5,-0.5,2.5608208,93.23242,0,9.218955
2023,24.5,-0.25,2.5498488,93.28193,0,9.179456
2023,24.5,0.0,2.5201285,92.66193,0,9.072462
2023,24.5,0.25,2.4814775,91.53341,0,8.933319
2023,24.5,0.5,2.4192936,90.52436,0,8.709456
2023,24.5,0.75,2.3521736,90.3158,0,8.467825
2023,24.5,1.0,2.2449057,91.320656,0,8.08166
2023,24.5,1.25,2.103114,92.65946,0,7.57121
2023,24.5,1.5,1.9753898,94.19137,0,7.1114035
2023,24.5,1.75,1.8928891,95.30524,0,6.8144007
2023,24.5,2.0,1.7549368,127.398415,0,6.3177724
2023,24.5,2.25,1.596487,99.96102,0,5.747353
2023,24.5,2.5,1.3514333,104.643196,0,4.8651595
2023,24.5,2.75,1.1546155,108.460976,0,4.1566157
2023,24.5,3.0,1.0021867,138.70506,0,3.6078718
2023,24.5,3.25,1.0112506,169.16493,0,3.6405022
2023,24.5,3.5,1.2898649,89.06638,0,4.6435137
2023,24.5,3.75,1.6702337,91.92007,0,6.012841
2023,24.5,4.0,1.8342885,91.16083,0,6.6034384
2023,24.5,4.25,1.9261991,84.93775,0,6.9343166
2023,24.5,4.5,1.8594354,82.5655,0,6.6939673
2023,24.5,4.75,1.5936419,84.38036,0,5.7371106
2023,24.5,5.0,1.251,91.71704,0,4.5036
2023,24.5,5.25,0.98676354,86.70103,0,3.5523486
2023,24.5,5.5,0.7095754,79.59969,0,2.5544715
2023,24.5,5.75,0.56327456,87.54651,0,2.0277884
2023,24.5,6.0,0.7888158,128.74869,0,2.8397367
2023,24.5,6.25,0.9817431,81.06168,0,3.534275
2023,24.5,6.5,1.0576466,114.515625,0,3.8075278
2023,24.5,6.75,1.4069115,126.68058,0,5.0648813
2023,24.5,7.0,1.6329441,127.72156,0,5.8785987
2023,24.5,7.25,1.631761,129.13748,0,5.874339
2023,24.5,7.5,1.4333721,124.235016,0,5.1601396
2023,24.5,7.75,1.4272213,115.84788,0,5.1379967
2023,24.5,8.0,1.2163596,102.106995,0,4.3788943
2023,24.5,8.25,1.2328843,89.95017,0,4.438383
2023,24.5,8.5,1.3339347,89.16314,0,4.8021646
2023,24.5,8.75,1.5402588,94.49695,0,5.5449314
2023,24.5,9.0,1.7740035,65.721275,0,6.3864126
2023,24.5,9.25,1.7602421,65.462776,0,6.3368716
2023,24.5,9.5,1.6254791,65.805786,0,5.8517246
2023,24.5,9.75,1.37894,95.41125,0,4.964184
2023,24.5,10.0,1.3312331,144.79619,0,4.792439
2023,24.5,10.25,1.1138753,114.71969,0,4.0099506
2023,24.5,10.5,1.2897352,87.10348,0,4.6430464
2023,24.5,10.75,1.5481473,93.04684,0,5.5733304
2023,24.5,11.0,1.5575362,73.05609,0,5.6071305
2023,24.5,11.25,1.7955581,79.66064,0,6.464009
2023,24.5,11.5,2.2649856,84.98521,0,8.153948
2023,24.5,11.75,2.5034626,86.06025,0,9.012465
2023,24.5,12.0,2.1220417,79.989174,0,7.63935
2023,24.25,-9.0,3.1964638,112.848206,0,11.50727
2023,24.25,-8.75,3.1648617,115.544945,0,11.393501
2023,24.25,-8.5,3.117816,118.069214,0,11.224137
2023,24.25,-8.25,3.0798788,118.907875,0,11.0875635
2023,24.25,-8.0,3.0408833,118.01144,0,10.94718
2023,24.25,-7.75,2.9958403,116.17214,0,10.785025
2023,24.25,-7.5,2.9552171,115.22582,0,10.638782
2023,24.25,-7.25,2.9344451,115.413445,0,10.564002
2023,24.25,-7.0,2.8628502,116.2465,0,10.30626
2023,24.25,-6.75,2.8007815,117.58878,0,10.082813
2023,24.25,-6.5,2.7368488,89.89634,0,9.852655
2023,24.25,-6.25,2.684409,92.483826,0,9.663872
2023,24.25,-6.0,2.6087437,94.95052,0,9.391477
2023,24.25,-5.75,2.469863,97.788536,0,8.891506
2023,24.25,-5.5,2.3775456,103.02744,0,8.559164
2023,24.25,-5.25,2.3967173,104.512794,0,8.628182
2023,24.25,-5.0,2.4404104,105.69686,0,8.785477
2023,24.25,-4.75,2.4837697,104.762085,0,8.94157
2023,24.25,-4.5,2.5209885,102.557884,0,9.075559
2023,24.25,-4.25,2.5415106,100.97733,0,9.149438
2023,24.25,-4.0,2.5830762,100.87653,0,9.299074
2023,24.25,-3.75,2.6370127,100.37035,0,9.493245
2023,24.25,-3.5,2.6472244,99.28458,0,9.530007
2023,24.25,-3.25,2.6747558,97.27715,0,9.629121
2023,24.25,-3.0,2.6968613,95.38452,0,9.7087
2023,24.25,-2.75,2.7163935,93.91796,0,9.7790165
2023,24.25,-2.5,2.729676,92.9128,0,9.826834
2023,24.25,-2.25,2.7437446,93.759705,0,9.8774805
2023,24.25,-2.0,2.6976554,94.5484,0,9.711559
2023,24.25,-1.75,2.6064622,94.59428,0,9.383264
2023,24.25,-1.5,2.5410376,94.12732,0,9.147735
2023,24.25,-1.25,2.5231109,93.405334,0,9.083199
2023,24.25,-1.0,2.5006409,93.012535,0,9.002307
2023,24.25,-0.75,2.482192,93.02203,0,8.935891
2023,24.25,-0.5,2.4623086,93.081055,0,8.864311
2023,24.25,-0.25,2.4491358,93.09893,0,8.816889
2023,24.25,0.0,2.411613,92.72355,0,8.681807
2023,24.25,0.25,2.3635561,91.6549,0,8.508801
2023,24.25,0.5,2.2835634,91.211914,0,8.220828
2023,24.25,0.75,2.1794717,91.407555,0,7.846098
2023,24.25,1.0,2.0704613,92.57964,0,7.4536605
2023,24.25,1.25,1.9653658,94.94163,0,7.0753164
2023,24.25,1.5,1.8153924,96.89437,0,6.5354123
2023,24.25,1.75,1.7802912,98.85612,0,6.409048
2023,24.25,2.0,1.7370783,101.63535,0,6.253482
2023,24.25,2.25,1.5899167,74.55666,0,5.7237
2023,24.25,2.5,1.4536434,76.689026,0,5.233116
2023,24.25,2.75,1.2877604,109.481865,0,4.635937
2023,24.25,3.0,1.1199156,109.82346,0,4.031696
2023,24.25,3.25,1.1012417,108.41403,0,3.9644701
2023,24.25,3.5,1.3971357,83.42298,0,5.0296884
2023,24.25,3.75,1.5439758,85.50559,0,5.558313
2023,24.25,4.0,1.6705769,85.834785,0,6.0140767
2023,24.25,4.25,1.628467,86.29638,0,5.862481
2023,24.25,4.5,1.5541859,88.32672,0,5.595069
2023,24.25,4.75,1.4727974,92.703,0,5.3020706
2023,24.25,5.0,1.4574627,94.75314,0,5.2468653
2023,24.25,5.25,1.1719791,88.25665,0,4.2191243
2023,24.25,5.5,0.8658154,103.30542,0,3.1169353
2023,24.25,5.75,0.7071938,172.83165,0,2.5458975
2023,24.25,6.0,0.7584854,120.2078,0,2.7305472
2023,24.25,6.25,0.81566375,182.64311,0,2.9363894
2023,24.25,6.5,1.0223744,146.84879,0,3.6805477
2023,24.25,6.75,1.1756972,146.57892,0,4.2325096
2023,24.25,7.0,1.3507079,143.95663,0,4.8625484
2023,24.25,7.25,1.4102377,141.19707,0,5.0768557
2023,24.25,7.5,1.275252,161.30754,0,4.590907
2023,24.25,7.75,1.2972554,131.23978,0,4.6701193
2023,24.25,8.0,1.2769822,124.23309,0,4.5971355
2023,24.25,8.25,1.1950561,110.059975,0,4.3022017
2023,24.25,8.5,1.1994895,97.677345,0,4.318162
2023,24.25,8.75,1.3675251,99.09284,0,4.9230905
2023,24.25,9.0,1.6023997,98.78634,0,5.7686386
2023,24.25,9.25,1.717421,68.037636,0,6.1827154
2023,24.25,9.5,1.6522709,68.07862,0,5.948175
2023,24.25,9.75,1.8173075,62.917694,0,6.542307
2023,24.25,10.0,1.791006,85.6395,0,6.4476213
2023,24.25,10.25,1.7078711,77.1621,0,6.148336
2023,24.25,10.5,1.5864587,81.28217,0,5.7112513
2023,24.25,10.75,1.7164623,62.489685,0,6.179264
2023,24.25,11.0,1.5524659,97.82896,0,5.588877
2023,24.25,11.25,1.7477528,75.081696,0,6.2919097
2023,24.25,11.5,2.1775842,78.30395,0,7.839303
2023,24.25,11.75,2.470967,79.96322,0,8.895481
2023,24.25,12.0,2.1340992,71.53103,0,7.682757
2023,24.0,-9.0,3.1563442,112.95071,0,11.362839
2023,24.0,-8.75,3.131403,115.971344,0,11.27305
2023,24.0,-8.5,3.1154778,118.56992,0,11.21572
2023,24.0,-8.25,3.0731413,119.31785,0,11.063309
2023,24.0,-8.0,3.0117788,118.22738,0,10.842403
2023,24.0,-7.75,2.9576957,116.3892,0,10.647704
2023,24.0,-7.5,2.9239829,115.805145,0,10.526338
2023,24.0,-7.25,2.8853292,117.28974,0,10.387185
2023,24.0,-7.0,2.8086274,118.85065,0,10.111058
2023,24.0,-6.75,2.729356,120.835365,0,9.825682
2023,24.0,-6.5,2.6595223,93.7088,0,9.57428
2023,24.0,-6.25,2.619086,97.02677,0,9.428709
2023,24.0,-6.0,2.573611,100.090324,0,9.264999
2023,24.0,-5.75,2.5039594,101.76029,0,9.014254
2023,24.0,-5.5,2.5093474,101.766914,0,9.03365
2023,24.0,-5.25,2.5479555,101.928764,0,9.17264
2023,24.0,-5.0,2.6054716,101.67349,0,9.379698
2023,24.0,-4.75,2.6640463,100.87461,0,9.590567
2023,24.0,-4.5,2.6850326,100.112755,0,9.666117
2023,24.0,-4.25,2.664933,99.97271,0,9.593759
2023,24.0,-4.0,2.692032,100.30656,0,9.691316
2023,24.0,-3.75,2.7051241,100.2247,0,9.738446
2023,24.0,-3.5,2.6926768,99.263885,0,9.693636
2023,24.0,-3.25,2.6514263,97.65283,0,9.545135
2023,24.0,-3.0,2.634753,95.92822,0,9.48511
2023,24.0,-2.75,2.6359234,93.50451,0,9.489324
2023,24.0,-2.5,2.6223829,92.22171,0,9.440578
2023,24.0,-2.25,2.6706069,93.87345,0,9.614184
2023,24.0,-2.0,2.713664,96.6851,0,9.769191
2023,24.0,-1.75,2.6275957,97.303986,0,9.459344
2023,24.0,-1.5,2.474247,95.44402,0,8.907289
2023,24.0,-1.25,2.4550035,94.529106,0,8.838013
2023,24.0,-1.0,2.4313307,93.96494,0,8.75279
2023,24.0,-0.75,2.4017599,93.73875,0,8.646336
2023,24.0,-0.5,2.375173,93.60055,0,8.550623
2023,24.0,-0.25,2.3407435,93.71005,0,8.426677
2023,24.0,0.0,2.2917223,93.77075,0,8.2502
2023,24.0,0.25,2.2383084,92.94051,0,8.05791
2023,24.0,0.5,2.148212,92.71056,0,7.733563
2023,24.0,0.75,2.038276,93.08198,0,7.3377934
2023,24.0,1.0,1.9296108,94.66036,0,6.946599
2023,24.0,1.25,1.8432775,97.79946,0,6.6357985
2023,24.0,1.5,1.7604637,99.82764,0,6.3376694
2023,24.0,1.75,1.7149192,102.17057,0,6.173709
2023,24.0,2.0,1.6745354,105.06897,0,6.0283275
2023,24.0,2.25,1.6027035,77.68537,0,5.7697325
2023,24.0,2.5,1.5283399,79.571556,0,5.502023
2023,24.0,2.75,1.4719218,81.09696,0,5.2989182
2023,24.0,3.0,1.3846954,111.471535,0,4.9849033
2023,24.0,3.25,1.3863789,80.211075,0,4.990964
2023,24.0,3.5,1.4661278,80.26531,0,5.27806
2023,24.0,3.75,1.4783107,82.12265,0,5.3219185
2023,24.0,4.0,1.4218467,84.62418,0,5.118648
2023,24.0,4.25,1.3451957,88.41462,0,4.8427043
2023,24.0,4.5,1.2525331,92.36184,0,4.509119
2023,24.0,4.75,1.2926898,93.93933,0,4.653683
2023,24.0,5.0,1.4089619,96.61963,0,5.072263
2023,24.0,5.25,1.2996005,96.262,0,4.6785617
2023,24.0,5.5,1.047072,103.031395,0,3.7694592
2023,24.0,5.75,0.8749724,141.58069,0,3.1499007
2023,24.0,6.0,0.95823306,152.54892,0,3.4496388
2023,24.0,6.25,1.0887457,165.2766,0,3.9194844
2023,24.0,6.5,1.1961963,168.19142,0,4.306307
2023,24.0,6.75,1.2362149,166.41943,0,4.4503736
2023,24.0,7.0,1.1415142,156.67046,0,4.109451
2023,24.0,7.25,1.1726215,171.96022,0,4.2214375
2023,24.0,7.5,1.2124854,134.68373,0,4.3649473
2023,24.0,7.75,1.4014419,135.2959,0,5.045191
2023,24.0,8.0,1.3770533,131.18106,0,4.9573917
2023,24.0,8.25,1.1956676,154.51973,0,4.3044033
2023,24.0,8.5,1.1006672,137.08846,0,3.9624019
2023,24.0,8.75,1.2565843,134.10205,0,4.523703
2023,24.0,9.0,1.5219865,106.49497,0,5.4791512
2023,24.0,9.25,1.685481,73.489624,0,6.0677314
2023,24.0,9.5,1.9237591,71.555504,0,6.925533
2023,24.0,9.75,2.2399733,66.27446,0,8.063904
2023,24.0,10.0,2.5622776,58.749073,0,9.224199
2023,24.0,10.25,2.6100483,52.016003,0,9.3961735
2023,24.0,10.5,2.2608216,55.322224,0,8.138957
2023,24.0,10.75,2.042961,65.07795,0,7.354659
2023,24.0,11.0,1.7511028,67.26629,0,6.30397
2023,24.0,11.25,1.6310005,70.4856,0,5.8716016
2023,24.0,11.5,1.9758348,72.95111,0,7.113005
2023,24.0,11.75,2.492614,70.324875,0,8.973411
2023,24.0,12.0,2.401769,62.04201,0,8.646368
2023,23.75,-9.0,3.1089604,112.97353,0,11.192257
2023,23.75,-8.75,3.0850456,116.244194,0,11.106164
2023,23.75,-8.5,3.0867577,118.6821,0,11.112328
2023,23.75,-8.25,3.0665886,119.162315,0,11.039719
2023,23.75,-8.0,3.010296,118.07177,0,10.837066
2023,23.75,-7.75,2.9269154,116.83083,0,10.536895
2023,23.75,-7.5,2.8321705,117.649574,0,10.195813
2023,23.75,-7.25,2.7422,120.73173,0,9.87192
2023,23.75,-7.0,2.6509075,123.12079,0,9.543267
2023,23.75,-6.75,2.5852048,95.39542,0,9.306737
2023,23.75,-6.5,2.5568225,98.26585,0,9.204561
2023,23.75,-6.25,2.5682223,100.77097,0,9.2456
2023,23.75,-6.0,2.603347,101.233246,0,9.372049
2023,23.75,-5.75,2.6267874,99.82763,0,9.456434
2023,23.75,-5.5,2.6596608,98.60914,0,9.574779
2023,23.75,-5.25,2.699339,98.329735,0,9.71762
2023,23.75,-5.0,2.743925,98.66503,0,9.87813
2023,23.75,-4.75,2.7847502,99.14844,0,10.025101
2023,23.75,-4.5,2.795781,99.59619,0,10.064811
2023,23.75,-4.25,2.7892272,99.61532,0,10.041218
2023,23.75,-4.0,2.80542,100.10204,0,10.099511
2023,23.75,-3.75,2.8173535,100.447426,0,10.142472
2023,23.75,-3.5,2.7948754,100.08012,0,10.061551
2023,23.75,-3.25,2.7215765,98.69709,0,9.797675
2023,23.75,-3.0,2.6166742,96.35419,0,9.420027
2023,23.75,-2.75,2.520774,92.99183,0,9.074786
2023,23.75,-2.5,2.4348004,91.70675,0,8.765281
2023,23.75,-2.25,2.4791946,94.92733,0,8.9251
2023,23.75,-2.0,2.5982628,99.23807,0,9.353745
2023,23.75,-1.75,2.630691,100.351074,0,9.470488
2023,23.75,-1.5,2.4719925,96.50055,0,8.899173
2023,23.75,-1.25,2.4130213,95.32041,0,8.686876
2023,23.75,-1.0,2.374235,94.82246,0,8.547245
2023,23.75,-0.75,2.330768,94.88766,0,8.390765
2023,23.75,-0.5,2.286545,95.312965,0,8.231562
2023,23.75,-0.25,2.2460535,95.903114,0,8.085793
2023,23.75,0.0,2.1964693,95.82764,0,7.9072895
2023,23.75,0.25,2.1166298,94.137505,0,7.6198673
2023,23.75,0.5,2.0261679,92.64951,0,7.294204
2023,23.75,0.75,1.9203647,92.54197,0,6.913313
2023,23.75,1.0,1.8092216,95.65156,0,6.513198
2023,23.75,1.25,1.7219206,99.692406,0,6.198914
2023,23.75,1.5,1.7071012,102.67484,0,6.145564
2023,23.75,1.75,1.6597266,104.86184,0,5.9750156
2023,23.75,2.0,1.6036173,77.56595,0,5.773022
2023,23.75,2.25,1.5426117,81.24334,0,5.553402
2023,23.75,2.5,1.4459964,85.3774,0,5.205587
2023,23.75,2.75,1.3286052,90.215,0,4.7829785
2023,23.75,3.0,1.33174,94.631035,0,4.794264
2023,23.75,3.25,1.3267256,91.83493,0,4.776212
2023,23.75,3.5,1.314799,85.8006,0,4.733276
2023,23.75,3.75,1.2810311,114.48585,0,4.611712
2023,23.75,4.0,1.2347037,115.523415,0,4.444933
2023,23.75,4.25,1.2081461,117.20493,0,4.3493257
2023,23.75,4.5,1.2149016,89.31011,0,4.3736453
2023,23.75,4.75,1.2681888,94.15745,0,4.5654798
2023,23.75,5.0,1.3903846,107.41726,0,5.0053844
2023,23.75,5.25,1.4011549,114.36404,0,5.0441575
2023,23.75,5.5,1.3348022,127.822624,0,4.805288
2023,23.75,5.75,1.3090465,152.6532,0,4.7125673
2023,23.75,6.0,1.3402408,168.75919,0,4.824867
2023,23.75,6.25,1.3202122,176.77968,0,4.7527637
2023,23.75,6.5,1.261855,180.14662,0,4.542678
2023,23.75,6.75,1.1273398,189.45943,0,4.0584235
2023,23.75,7.0,1.0159917,188.67192,0,3.65757
2023,23.75,7.25,0.9987559,147.5484,0,3.595521
2023,23.75,7.5,1.2052479,121.55661,0,4.3388925
2023,23.75,7.75,1.5147552,123.60922,0,5.453119
2023,23.75,8.0,1.5016652,123.09669,0,5.405995
2023,23.75,8.25,1.3353834,121.06448,0,4.80738
2023,23.75,8.5,1.2390369,146.34409,0,4.4605327
2023,23.75,8.75,1.3577522,140.50496,0,4.887908
2023,23.75,9.0,1.6379285,108.466125,0,5.8965425
2023,23.75,9.25,1.8002172,75.068596,0,6.4807816
2023,23.75,9.5,2.030042,74.088715,0,7.308151
2023,23.75,9.75,2.4118373,69.37258,0,8.682614
2023,23.75,10.0,2.8903382,62.4471,0,10.405217
2023,23.75,10.25,3.2279603,57.732758,0,11.620657
2023,23.75,10.5,3.036971,60.573963,0,10.933096
2023,23.75,10.75,2.7165308,66.53882,0,9.7795105
2023,23.75,11.0,2.2223618,69.03488,0,8.000503
2023,23.75,11.25,1.8629814,71.0476,0,6.706733
2023,23.75,11.5,1.9200629,70.25467,0,6.912226
2023,23.75,11.75,2.389683,64.86712,0,8.602859
2023,23.75,12.0,2.6903248,57.144806,0,9.685169
2023,23.5,-9.0,3.011432,113.77985,0,10.841155
2023,23.5,-8.75,2.9762077,116.54722,0,10.714348
2023,23.5,-8.5,2.9715755,118.679955,0,10.697672
2023,23.5,-8.25,2.955938,119.21991,0,10.6413765
2023,23.5,-8.0,2.9053383,118.67429,0,10.459218
2023,23.5,-7.75,2.8176632,118.90322,0,10.143587
2023,23.5,-7.5,2.719805,121.59272,0,9.791298
2023,23.5,-7.25,2.655828,124.86155,0,9.560981
2023,23.5,-7.0,2.607432,126.219246,0,9.386755
2023,23.5,-6.75,2.5736878,97.40958,0,9.265276
2023,23.5,-6.5,2.584894,97.52607,0,9.305618
2023,23.5,-6.25,2.6191518,97.95856,0,9.4289465
2023,23.5,-6.0,2.685109,97.77479,0,9.666391
2023,23.5,-5.75,2.724762,97.256996,0,9.809143
2023,23.5,-5.5,2.7398264,97.00201,0,9.863375
2023,23.5,-5.25,2.7572644,97.89321,0,9.926151
2023,23.5,-5.0,2.788675,99.14222,0,10.03923
2023,23.5,-4.75,2.8063002,100.76194,0,10.10268
2023,23.5,-4.5,2.801287,101.48832,0,10.084633
2023,23.5,-4.25,2.7802124,101.48663,0,10.008764
2023,23.5,-4.0,2.774475,101.49546,0,9.988111
2023,23.5,-3.75,2.8102086,101.246056,0,10.116751
2023,23.5,-3.5,2.8573017,99.99964,0,10.286286
2023,23.5,-3.25,2.8368032,98.19912,0,10.212491
2023,23.5,-3.0,2.745137,96.69818,0,9.882493
2023,23.5,-2.75,2.561855,95.37025,0,9.222678
2023,23.5,-2.5,2.364783,94.848854,0,8.513219
2023,23.5,-2.25,2.2831094,98.78936,0,8.219193
2023,23.5,-2.0,2.387698,103.11539,0,8.595713
2023,23.5,-1.75,2.5308805,103.29885,0,9.11117
2023,23.5,-1.5,2.4400523,98.66068,0,8.784188
2023,23.5,-1.25,2.3622339,98.22347,0,8.504042
2023,23.5,-1.0,2.3337834,97.5412,0,8.40162
2023,23.5,-0.75,2.2943463,97.60891,0,8.259646
2023,23.5,-0.5,2.2415206,98.31915,0,8.069474
2023,23.5,-0.25,2.1886685,99.49451,0,7.879206
2023,23.5,0.0,2.1227787,113.604034,0,7.642003
2023,23.5,0.25,2.052767,114.34534,0,7.3899612
2023,23.5,0.5,1.9544357,114.8891,0,7.0359683
2023,23.5,0.75,1.8503842,115.78945,0,6.661383
2023,23.5,1.0,1.7502794,117.33341,0,6.301006
2023,23.5,1.25,1.6691326,120.66647,0,6.0088773
2023,23.5,1.5,1.6344622,128.34303,0,5.8840637
2023,23.5,1.75,1.5827688,104.49236,0,5.6979675
2023,23.5,2.0,1.5565242,80.5224,0,5.603487
2023,23.5,2.25,1.4979225,85.74088,0,5.392521
2023,23.5,2.5,1.3365813,89.63349,0,4.8116927
2023,23.5,2.75,1.1425962,93.248505,0,4.1133466
2023,23.5,3.0,1.276184,97.64533,0,4.594262
2023,23.5,3.25,1.317263,98.89411,0,4.7421465
2023,23.5,3.5,1.2595694,99.519554,0,4.5344496
2023,23.5,3.75,1.2011825,103.8608,0,4.324257
2023,23.5,4.0,1.1498815,141.46571,0,4.139573
2023,23.5,4.25,1.1037831,145.14874,0,3.9736192
2023,23.5,4.5,1.1010573,147.13849,0,3.9638062
2023,23.5,4.75,1.1420287,135.17065,0,4.1113033
2023,23.5,5.0,1.1479472,119.7266,0,4.13261
2023,23.5,5.25,1.1450783,134.02672,0,4.1222816
2023,23.5,5.5,1.2212895,156.61864,0,4.396642
2023,23.5,5.75,1.3973125,173.79755,0,5.030325
2023,23.5,6.0,1.3545967,180.36914,0,4.8765483
2023,23.5,6.25,1.2648464,170.52214,0,4.5534472
2023,23.5,6.5,1.1584991,194.70717,0,4.1705966
2023,23.5,6.75,0.9301761,187.40782,0,3.3486338
2023,23.5,7.0,0.87543803,171.92726,0,3.1515768
2023,23.5,7.25,1.0465027,100.9693,0,3.7674096
2023,23.5,7.5,1.4629368,110.41987,0,5.266572
2023,23.5,7.75,1.7727076,115.755066,0,6.3817472
2023,23.5,8.0,1.6515158,118.74946,0,5.945457
2023,23.5,8.25,1.5082327,118.39307,0,5.4296374
2023,23.5,8.5,1.486578,115.72358,0,5.3516808
2023,23.5,8.75,1.6090894,111.16044,0,5.7927217
2023,23.5,9.0,1.8029515,105.94477,0,6.490625
2023,23.5,9.25,2.01909,75.41073,0,7.2687235
2023,23.5,9.5,2.2389696,76.133995,0,8.06029
2023,23.5,9.75,2.5134919,73.65125,0,9.048571
2023,23.5,10.0,2.9018924,67.901855,0,10.446813
2023,23.5,10.25,3.30213,64.42924,0,11.887668
2023,23.5,10.5,3.4057922,65.545715,0,12.260852
2023,23.5,10.75,3.3765366,67.12841,0,12.155532
2023,23.5,11.0,3.0650103,66.46656,0,11.034037
2023,23.5,11.25,2.5830662,67.12514,0,9.299038
2023,23.5,11.5,2.2021172,67.83557,0,7.927622
2023,23.5,11.75,2.282477,64.80469,0,8.216917
2023,23.5,12.0,2.6833618,57.700855,0,9.660102
2023,23.25,-9.0,2.9262905,114.79169,0,10.534646
2023,23.25,-8.75,2.868722,117.22125,0,10.327399
2023,23.25,-8.5,2.8278053,118.98702,0,10.180099
2023,23.25,-8.25,2.7932394,119.88549,0,10.055661
2023,23.25,-8.0,2.71443,120.70585,0,9.771948
2023,23.25,-7.75,2.6225998,121.781654,0,9.4413595
2023,23.25,-7.5,2.616125,124.96119,0,9.41805
2023,23.25,-7.25,2.644437,126.11968,0,9.519973
2023,23.25,-7.0,2.6258783,96.43753,0,9.453162
2023,23.25,-6.75,2.632219,95.26098,0,9.475988
2023,23.25,-6.5,2.6425421,94.917366,0,9.513151
2023,23.25,-6.25,2.6475403,95.200836,0,9.531145
2023,23.25,-6.0,2.7011902,96.26367,0,9.724284
2023,23.25,-5.75,2.7603781,96.97593,0,9.937361
2023,23.25,-5.5,2.7857895,97.627655,0,10.028842
2023,23.25,-5.25,2.8074071,98.57697,0,10.106666
2023,23.25,-5.0,2.8441532,100.02775,0,10.238951
2023,23.25,-4.75,2.874129,101.52038,0,10.346865
2023,23.25,-4.5,2.9120588,101.73914,0,10.483412
2023,23.25,-4.25,2.9240253,102.150696,0,10.526491
2023,23.25,-4.0,2.8905118,101.972046,0,10.405842
2023,23.25,-3.75,2.8343608,101.02499,0,10.203699
2023,23.25,-3.5,2.8412437,99.67914,0,10.2284775
2023,23.25,-3.25,2.8501441,98.75933,0,10.260519
2023,23.25,-3.0,2.8504314,98.68469,0,10.261553
2023,23.25,-2.75,2.7342803,98.94787,0,9.843409
2023,23.25,-2.5,2.494746,99.61633,0,8.981085
2023,23.25,-2.25,2.3632452,102.99927,0,8.507683
2023,23.25,-2.0,2.3401053,105.59501,0,8.424378
2023,23.25,-1.75,2.4435632,104.93888,0,8.796827
2023,23.25,-1.5,2.4033287,101.33948,0,8.651983
2023,23.25,-1.25,2.3357942,102.80548,0,8.408859
2023,23.25,-1.0,2.3052595,106.37778,0,8.298934
2023,23.25,-0.75,2.268954,109.39739,0,8.168234
2023,23.25,-0.5,2.2230818,111.71099,0,8.003095
2023,23.25,-0.25,2.1705775,113.44277,0,7.814079
2023,23.25,0.0,2.0993052,114.641235,0,7.5574985
2023,23.25,0.25,2.0361755,115.85729,0,7.3302317
2023,23.25,0.5,1.9444261,117.51272,0,6.9999337
2023,23.25,0.75,1.8374428,119.01594,0,6.614794
2023,23.25,1.0,1.7268084,121.25283,0,6.2165103
2023,23.25,1.25,1.6433443,124.20841,0,5.9160395
2023,23.25,1.5,1.5775601,128.08516,0,5.679216
2023,23.25,1.75,1.5464665,131.83562,0,5.5672793
2023,23.25,2.0,1.5039419,106.21873,0,5.414191
2023,23.25,2.25,1.424461,90.18214,0,5.1280594
2023,23.25,2.5,1.2762386,93.96539,0,4.5944586
2023,23.25,2.75,1.1724126,94.56956,0,4.2206855
2023,23.25,3.0,1.3315258,96.36489,0,4.793493
2023,23.25,3.25,1.3604064,97.98108,0,4.897463
2023,23.25,3.5,1.2867659,100.017944,0,4.632357
2023,23.25,3.75,1.2084249,131.32173,0,4.3503294
2023,23.25,4.0,1.1226925,134.75227,0,4.0416927
2023,23.25,4.25,1.0679177,146.91516,0,3.8445036
2023,23.25,4.5,1.083884,146.33774,0,3.9019823
2023,23.25,4.75,1.1486312,141.34497,0,4.135072
2023,23.25,5.0,1.1867415,127.53799,0,4.2722692
2023,23.25,5.25,1.089622,132.63048,0,3.9226391
2023,23.25,5.5,1.16768,168.75133,0,4.203648
2023,23.25,5.75,1.357886,168.9517,0,4.888389
2023,23.25,6.0,1.1469203,163.46983,0,4.128913
2023,23.25,6.25,0.9700647,161.82188,0,3.4922328
2023,23.25,6.5,0.8944094,155.74934,0,3.219874
2023,23.25,6.75,0.86622864,107.92826,0,3.118423
2023,23.25,7.0,1.0369282,94.67039,0,3.7329414
2023,23.25,7.25,1.3277689,97.790565,0,4.779968
2023,23.25,7.5,1.8821758,112.63934,0,6.7758327
2023,23.25,7.75,2.170379,116.16793,0,7.813364
2023,23.25,8.0,1.966581,117.39742,0,7.0796914
2023,23.25,8.25,1.6566371,114.25152,0,5.9638934
2023,23.25,8.5,1.606444,109.83169,0,5.7831984
2023,23.25,8.75,1.820294,103.68412,0,6.553058
2023,23.25,9.0,2.0150988,70.73086,0,7.2543554
2023,23.25,9.25,2.22174,71.70748,0,7.998264
2023,23.25,9.5,2.4719524,74.115456,0,8.899029
2023,23.25,9.75,2.6581845,72.96241,0,9.569464
2023,23.25,10.0,2.7497685,71.2638,0,9.899166
2023,23.25,10.25,3.0198944,68.7364,0,10.871619
2023,23.25,10.5,3.4976432,69.24009,0,12.591516
2023,23.25,10.75,3.8585997,67.47645,0,13.890959
2023,23.25,11.0,3.659736,65.097984,0,13.175049
2023,23.25,11.25,3.3533344,62.317448,0,12.072003
2023,23.25,11.5,2.9967825,61.75592,0,10.788417
2023,23.25,11.75,2.7410185,61.951397,0,9.867666
2023,23.25,12.0,2.947964,59.195633,0,10.61267
2023,23.0,-9.0,2.8683453,115.09003,0,10.326043
2023,23.0,-8.75,2.7910492,117.91849,0,10.047777
2023,23.0,-8.5,2.7376254,120.03274,0,9.855451
2023,23.0,-8.25,2.6749945,121.41277,0,9.62998
2023,23.0,-8.0,2.5977223,122.358406,0,9.3518
2023,23.0,-7.75,2.5501862,123.2234,0,9.18067
2023,23.0,-7.5,2.576718,125.45752,0,9.276185
2023,23.0,-7.25,2.6350293,125.58231,0,9.486105
2023,23.0,-7.0,2.6752942,94.625404,0,9.631059
2023,23.0,-6.75,2.685542,93.73075,0,9.667952
2023,23.0,-6.5,2.6802948,94.34496,0,9.649061
2023,23.0,-6.25,2.6772528,95.16921,0,9.63811
2023,23.0,-6.0,2.6943903,97.164154,0,9.699805
2023,23.0,-5.75,2.7418625,98.26803,0,9.870705
2023,23.0,-5.5,2.7634957,99.0026,0,9.948585
2023,23.0,-5.25,2.7740986,100.0741,0,9.986754
2023,23.0,-5.0,2.8104181,101.59045,0,10.117505
2023,23.0,-4.75,2.840707,101.85371,0,10.226545
2023,23.0,-4.5,2.8803988,101.592094,0,10.369435
2023,23.0,-4.25,2.9564168,101.932396,0,10.643101
2023,23.0,-4.0,3.0526066,101.694824,0,10.989384
2023,23.0,-3.75,2.9928715,100.99601,0,10.774337
2023,23.0,-3.5,2.8838212,100.618004,0,10.381756
2023,23.0,-3.25,2.8353083,100.08477,0,10.207109
2023,23.0,-3.0,2.8337631,101.119835,0,10.201547
2023,23.0,-2.75,2.8473823,103.1674,0,10.250576
2023,23.0,-2.5,2.6617346,104.35791,0,9.582244
2023,23.0,-2.25,2.4898887,105.78568,0,8.963599
2023,23.0,-2.0,2.4560764,107.80304,0,8.841875
2023,23.0,-1.75,2.4190629,106.59231,0,8.708626
2023,23.0,-1.5,2.373436,105.91916,0,8.54437
2023,23.0,-1.25,2.3355193,109.07517,0,8.407869
2023,23.0,-1.0,2.3120892,110.651344,0,8.323521
2023,23.0,-0.75,2.2768342,112.31076,0,8.196603
2023,23.0,-0.5,2.2218878,113.83911,0,7.998796
2023,23.0,-0.25,2.1645699,114.842674,0,7.7924514
2023,23.0,0.0,2.0956218,115.84075,0,7.5442386
2023,23.0,0.25,2.0238569,117.51441,0,7.2858844
2023,23.0,0.5,1.9415199,119.63456,0,6.9894714
2023,23.0,0.75,1.8521918,121.99674,0,6.6678905
2023,23.0,1.0,1.7482325,124.292625,0,6.293637
2023,23.0,1.25,1.6594089,127.315186,0,5.973872
2023,23.0,1.5,1.5815191,130.58408,0,5.6934686
2023,23.0,1.75,1.5561804,134.08727,0,5.602249
2023,23.0,2.0,1.5150876,137.01453,0,5.454315
2023,23.0,2.25,1.4371904,107.361565,0,5.1738853
2023,23.0,2.5,1.3858258,123.80366,0,4.9889727
2023,23.0,2.75,1.3507034,123.71459,0,4.862532
2023,23.0,3.0,1.4485202,94.41498,0,5.2146726
2023,23.0,3.25,1.4034476,97.892456,0,5.0524116
2023,23.0,3.5,1.3381187,131.05898,0,4.817227
2023,23.0,3.75,1.2536081,134.13556,0,4.512989
2023,23.0,4.0,1.1781183,138.59427,0,4.2412257
2023,23.0,4.25,1.2138854,134.77275,0,4.3699875
2023,23.0,4.5,1.3127006,133.24507,0,4.7257223
2023,23.0,4.75,1.4517145,130.74763,0,5.226172
2023,23.0,5.0,1.6471092,124.35548,0,5.9295926
2023,23.0,5.25,1.5406,122.316216,0,5.5461597
2023,23.0,5.5,1.4122705,119.1568,0,5.0841737
2023,23.0,5.75,1.3880213,171.68224,0,4.9968767
2023,23.0,6.0,0.9535818,162.29654,0,3.4328945
2023,23.0,6.25,0.91713786,118.54047,0,3.3016963
2023,23.0,6.5,1.001835,111.8227,0,3.6066058
2023,23.0,6.75,1.1358548,93.85967,0,4.0890775
2023,23.0,7.0,1.3477187,93.19756,0,4.851787
2023,23.0,7.25,1.6345243,105.09222,0,5.8842874
2023,23.0,7.5,2.1481106,86.622375,0,7.733198
2023,23.0,7.75,2.4519506,86.84412,0,8.827022
2023,23.0,8.0,2.3472803,111.3735,0,8.450209
2023,23.0,8.25,2.016444,107.25706,0,7.259198
2023,23.0,8.5,1.8444766,100.653175,0,6.6401157
2023,23.0,8.75,2.0433257,97.2059,0,7.3559723
2023,23.0,9.0,2.1821291,67.654655,0,7.8556647
2023,23.0,9.25,2.3755724,69.44476,0,8.55206
2023,23.0,9.5,2.6467369,71.764,0,9.528253
2023,23.0,9.75,2.7166617,71.788826,0,9.779982
2023,23.0,10.0,2.789564,70.01074,0,10.04243
2023,23.0,10.25,2.9060361,69.03564,0,10.46173
2023,23.0,10.5,3.3927143,69.780266,0,12.213771
2023,23.0,10.75,3.7569933,67.036255,0,13.525175
2023,23.0,11.0,3.799246,62.329563,0,13.677285
2023,23.0,11.25,3.6204796,59.36012,0,13.033726
2023,23.0,11.5,3.665149,58.007153,0,13.194536
2023,23.0,11.75,3.4549034,57.767857,0,12.437652
2023,23.0,12.0,3.182619,57.76468,0,11.457428
2023,22.75,-9.0,2.7809818,144.80309,0,10.011534
2023,22.75,-8.75,2.7389839,118.124794,0,9.860342
2023,22.75,-8.5,2.6976395,121.003136,0,9.711502
2023,22.75,-8.25,2.6426706,122.03408,0,9.513614
2023,22.75,-8.0,2.5922346,121.96393,0,9.332045
2023,22.75,-7.75,2.5594027,121.990944,0,9.213849
2023,22.75,-7.5,2.6079443,122.94046,0,9.388599
2023,22.75,-7.25,2.6722434,122.963005,0,9.620076
2023,22.75,-7.0,2.708257,122.72366,0,9.749724
2023,22.75,-6.75,2.7122157,93.77198,0,9.763976
2023,22.75,-6.5,2.701581,95.55192,0,9.725692
2023,22.75,-6.25,2.6793864,97.1462,0,9.645791
2023,22.75,-6.0,2.6832879,99.08076,0,9.659836
2023,22.75,-5.75,2.706948,100.088326,0,9.745012
2023,22.75,-5.5,2.7083557,100.8503,0,9.75008
2023,22.75,-5.25,2.7136784,101.99707,0,9.769242
2023,22.75,-5.0,2.7288635,102.9703,0,9.823908
2023,22.75,-4.75,2.7295628,103.19202,0,9.826426
2023,22.75,-4.5,2.7220392,102.843605,0,9.799341
2023,22.75,-4.25,2.790881,103.11501,0,10.047171
2023,22.75,-4.0,2.873329,102.99725,0,10.343984
2023,22.75,-3.75,2.9162128,103.097626,0,10.498365
2023,22.75,-3.5,2.9574564,103.18418,0,10.646843
2023,22.75,-3.25,2.8632383,103.241295,0,10.307658
2023,22.75,-3.0,2.7655141,104.77853,0,9.955851
2023,22.75,-2.75,2.7743979,107.42617,0,9.987832
2023,22.75,-2.5,2.6974218,79.54078,0,9.710718
2023,22.75,-2.25,2.593457,80.96264,0,9.336445
2023,22.75,-2.0,2.50506,109.47001,0,9.018215
2023,22.75,-1.75,2.4357803,108.4385,0,8.768808
2023,22.75,-1.5,2.3765395,109.402954,0,8.555542
2023,22.75,-1.25,2.3494718,111.411865,0,8.458098
2023,22.75,-1.0,2.3231108,112.4809,0,8.363198
2023,22.75,-0.75,2.2816198,113.88373,0,8.213831
2023,22.75,-0.5,2.234968,115.05326,0,8.045884
2023,22.75,-0.25,2.1565714,116.25417,0,7.7636566
2023,22.75,0.0,2.102132,117.46752,0,7.567675
2023,22.75,0.25,2.0313158,119.2718,0,7.3127365
2023,22.75,0.5,1.9564208,121.61184,0,7.0431147
2023,22.75,0.75,1.8757467,123.90619,0,6.752688
2023,22.75,1.0,1.79112,126.38013,0,6.448032
2023,22.75,1.25,1.709565,129.06044,0,6.154434
2023,22.75,1.5,1.6273211,161.84001,0,5.858356
2023,22.75,1.75,1.6058105,135.27005,0,5.7809176
2023,22.75,2.0,1.6209127,137.4435,0,5.8352857
2023,22.75,2.25,1.5845076,139.58789,0,5.704227
2023,22.75,2.5,1.5329142,144.27063,0,5.518491
2023,22.75,2.75,1.5373632,148.80016,0,5.5345073
2023,22.75,3.0,1.5771681,152.32236,0,5.677805
2023,22.75,3.25,1.5097481,128.22961,0,5.435093
2023,22.75,3.5,1.4307241,134.02502,0,5.1506066
2023,22.75,3.75,1.4039912,141.27034,0,5.0543685
2023,22.75,4.0,1.4152106,139.33781,0,5.094758
2023,22.75,4.25,1.520225,136.20906,0,5.47281
2023,22.75,4.5,1.7017509,137.12001,0,6.126303
2023,22.75,4.75,1.8900486,135.22005,0,6.804175
2023,22.75,5.0,2.044292,128.61967,0,7.359451
2023,22.75,5.25,2.1064482,115.947754,0,7.5832133
2023,22.75,5.5,1.9358706,102.55063,0,6.9691343
2023,22.75,5.75,1.6207122,89.94161,0,5.8345637
2023,22.75,6.0,1.2536772,107.80291,0,4.513238
2023,22.75,6.25,1.1817179,104.25211,0,4.2541842
2023,22.75,6.5,1.1866128,102.59973,0,4.2718062
2023,22.75,6.75,1.4042511,97.30112,0,5.055304
2023,22.75,7.0,1.6335675,102.19137,0,5.8808427
2023,22.75,7.25,1.9659213,80.041176,0,7.0773163
2023,22.75,7.5,2.4110796,86.2725,0,8.679887
2023,22.75,7.75,2.7784166,84.67046,0,10.002299
2023,22.75,8.0,2.696438,77.75494,0,9.707177
2023,22.75,8.25,2.3498683,70.32902,0,8.459526
2023,22.75,8.5,2.1145823,66.488716,0,7.612496
2023,22.75,8.75,2.2056072,66.20561,0,7.9401855
2023,22.75,9.0,2.2963784,67.489174,0,8.266962
2023,22.75,9.25,2.442601,68.9551,0,8.793364
2023,22.75,9.5,2.7588434,71.71429,0,9.931836
2023,22.75,9.75,2.8866136,71.07652,0,10.3918085
2023,22.75,10.0,2.8045864,68.07491,0,10.096511
2023,22.75,10.25,2.8616343,66.83353,0,10.301883
2023,22.75,10.5,3.2750595,66.98562,0,11.790214
2023,22.75,10.75,3.6709747,64.53504,0,13.215508
2023,22.75,11.0,3.7635067,60.31743,0,13.548624
2023,22.75,11.25,4.0076194,57.44575,0,14.427429
2023,22.75,11.5,4.193613,56.52896,0,15.097007
2023,22.75,11.75,3.8004558,55.634586,0,13.681641
2023,22.75,12.0,3.3735812,54.463787,0,12.144892
2023,22.5,-9.0,2.659872,144.12064,0,9.57554
2023,22.5,-8.75,2.658556,147.84215,0,9.570802
2023,22.5,-8.5,2.6930656,119.97198,0,9.695036
2023,22.5,-8.25,2.6523485,120.6821,0,9.548454
2023,22.5,-8.0,2.6225197,119.91043,0,9.441071
2023,22.5,-7.75,2.619366,119.60734,0,9.429717
2023,22.5,-7.5,2.6591203,119.959145,0,9.572833
2023,22.5,-7.25,2.6738489,121.557076,0,9.625855
2023,22.5,-7.0,2.696871,122.82072,0,9.708735
2023,22.5,-6.75,2.6930742,95.536255,0,9.695067
2023,22.5,-6.5,2.6925993,98.286896,0,9.693357
2023,22.5,-6.25,2.6900108,99.92087,0,9.684038
2023,22.5,-6.0,2.7006953,101.06736,0,9.722503
2023,22.5,-5.75,2.7016764,102.01075,0,9.726035
2023,22.5,-5.5,2.6844137,102.6232,0,9.663889
2023,22.5,-5.25,2.6862452,103.771935,0,9.670483
2023,22.5,-5.0,2.6615422,105.44095,0,9.581552
2023,22.5,-4.75,2.6309807,106.21189,0,9.47153
2023,22.5,-4.5,2.581878,106.56257,0,9.294761
2023,22.5,-4.25,2.5449083,107.301605,0,9.16167
2023,22.5,-4.0,2.652579,107.76115,0,9.549284
2023,22.5,-3.75,2.7357347,107.735634,0,9.848644
2023,22.5,-3.5,2.8231385,107.72748,0,10.163299
2023,22.5,-3.25,2.8323286,107.891014,0,10.1963825
2023,22.5,-3.0,2.7027185,109.614685,0,9.729786
2023,22.5,-2.75,2.6723251,82.81672,0,9.62037
2023,22.5,-2.5,2.6803503,84.12838,0,9.6492605
2023,22.5,-2.25,2.6200204,114.018166,0,9.432074
2023,22.5,-2.0,2.543856,111.85639,0,9.157881
2023,22.5,-1.75,2.4697397,111.29769,0,8.891063
2023,22.5,-1.5,2.4205036,111.95093,0,8.713813
2023,22.5,-1.25,2.3793695,112.90631,0,8.56573
2023,22.5,-1.0,2.3468707,113.95324,0,8.448734
2023,22.5,-0.75,2.291109,115.22251,0,8.2479925
2023,22.5,-0.5,2.235258,116.61606,0,8.046929
2023,22.5,-0.25,2.165253,147.97076,0,7.7949104
2023,22.5,0.0,2.116635,149.2855,0,7.619886
2023,22.5,0.25,2.0496597,150.9897,0,7.3787746
2023,22.5,0.5,1.9762319,153.11407,0,7.1144347
2023,22.5,0.75,1.8955215,154.94713,0,6.8238773
2023,22.5,1.0,1.8183241,157.32863,0,6.5459666
2023,22.5,1.25,1.7632736,159.57803,0,6.347785
2023,22.5,1.5,1.6937653,161.81845,0,6.0975547
2023,22.5,1.75,1.6657635,164.62578,0,5.9967484
2023,22.5,2.0,1.6845697,166.77255,0,6.0644507
2023,22.5,2.25,1.6742892,168.65143,0,6.027441
2023,22.5,2.5,1.6723572,142.94795,0,6.020486
2023,22.5,2.75,1.6766733,147.27174,0,6.0360236
2023,22.5,3.0,1.6694622,151.8191,0,6.0100636
2023,22.5,3.25,1.6203519,157.27983,0,5.8332667
2023,22.5,3.5,1.5538234,135.74115,0,5.593764
2023,22.5,3.75,1.5982708,142.41568,0,5.7537746
2023,22.5,4.0,1.7041501,139.2405,0,6.13494
2023,22.5,4.25,1.8905945,136.74574,0,6.80614
2023,22.5,4.5,2.093075,136.55241,0,7.53507
2023,22.5,4.75,2.2682352,133.1734,0,8.165647
2023,22.5,5.0,2.36901,127.37183,0,8.528436
2023,22.5,5.25,2.402099,115.30772,0,8.647555
2023,22.5,5.5,2.304372,102.71911,0,8.295739
2023,22.5,5.75,2.005846,87.91495,0,7.2210455
2023,22.5,6.0,1.692496,109.59137,0,6.092985
2023,22.5,6.25,1.4594854,107.47919,0,5.2541475
2023,22.5,6.5,1.3824493,101.51656,0,4.976817
2023,22.5,6.75,1.6687346,103.761986,0,6.0074444
2023,22.5,7.0,1.9586025,108.42456,0,7.050969
2023,22.5,7.25,2.1837928,80.826225,0,7.861654
2023,22.5,7.5,2.6043808,83.62702,0,9.375771
2023,22.5,7.75,2.9375675,81.191635,0,10.575243
2023,22.5,8.0,2.95637,74.685486,0,10.642932
2023,22.5,8.25,2.6440516,68.15308,0,9.518585
2023,22.5,8.5,2.4648323,66.915764,0,8.873396
2023,22.5,8.75,2.425244,67.938866,0,8.730879
2023,22.5,9.0,2.373028,69.33015,0,8.542901
2023,22.5,9.25,2.4937394,70.68283,0,8.977462
2023,22.5,9.5,2.7459564,72.08404,0,9.885443
2023,22.5,9.75,2.9511664,70.438835,0,10.624199
2023,22.5,10.0,2.9207084,66.955925,0,10.51455
2023,22.5,10.25,2.9483244,63.90208,0,10.613968
2023,22.5,10.5,3.258871,63.043095,0,11.7319355
2023,22.5,10.75,3.5969982,61.672016,0,12.949193
2023,22.5,11.0,3.8089275,58.700256,0,13.712139
2023,22.5,11.25,4.05821,56.449238,0,14.609555
2023,22.5,11.5,4.2135425,56.401188,0,15.168753
2023,22.5,11.75,3.8851287,55.160664,0,13.986464
2023,22.5,12.0,3.570709,52.080444,0,12.854552
2023,22.25,-9.0,2.5937665,143.92438,0,9.337559
2023,22.25,-8.75,2.6055481,146.00014,0,9.379973
2023,22.25,-8.5,2.6438277,148.07599,0,9.517779
2023,22.25,-8.25,2.6672525,148.50475,0,9.602109
2023,22.25,-8.0,2.649915,147.65858,0,9.539694
2023,22.25,-7.75,2.6469944,147.61559,0,9.52918
2023,22.25,-7.5,2.6328318,118.19958,0,9.478194
2023,22.25,-7.25,2.640276,120.17343,0,9.504993
2023,22.25,-7.0,2.6443605,123.83304,0,9.519698
2023,22.25,-6.75,2.6483762,128.99829,0,9.534154
2023,22.25,-6.5,2.6858666,101.27942,0,9.66912
2023,22.25,-6.25,2.7168825,102.33077,0,9.780777
2023,22.25,-6.0,2.7411206,103.119446,0,9.868033
2023,22.25,-5.75,2.749136,103.219055,0,9.89689
2023,22.25,-5.5,2.7361042,104.041954,0,9.849975
2023,22.25,-5.25,2.7270794,106.378174,0,9.817486
2023,22.25,-5.0,2.6914833,108.411354,0,9.68934
2023,22.25,-4.75,2.6191633,109.80457,0,9.4289875
2023,22.25,-4.5,2.5567675,110.93261,0,9.204363
2023,22.25,-4.25,2.500003,111.73301,0,9.0000105
2023,22.25,-4.0,2.4595633,112.27799,0,8.854427
2023,22.25,-3.75,2.5254817,112.450966,0,9.091734
2023,22.25,-3.5,2.5588007,112.824646,0,9.211682
2023,22.25,-3.25,2.6366951,113.144806,0,9.492103
2023,22.25,-3.0,2.5897982,114.825775,0,9.323274
2023,22.25,-2.75,2.6135666,117.11797,0,9.408839
2023,22.25,-2.5,2.6326003,118.179405,0,9.477361
2023,22.25,-2.25,2.6309266,116.253746,0,9.471335
2023,22.25,-2.0,2.570954,114.23048,0,9.255434
2023,22.25,-1.75,2.5238078,113.38153,0,9.085708
2023,22.25,-1.5,2.4937062,113.633644,0,8.977343
2023,22.25,-1.25,2.4444845,114.34924,0,8.800144
2023,22.25,-1.0,2.378482,145.26685,0,8.562535
2023,22.25,-0.75,2.323169,146.59685,0,8.363408
2023,22.25,-0.5,2.2693777,147.97714,0,8.16976
2023,22.25,-0.25,2.2047524,149.38408,0,7.9371085
2023,22.25,0.0,2.133569,151.00043,0,7.680848
2023,22.25,0.25,2.0687764,152.67268,0,7.4475946
2023,22.25,0.5,2.0011966,154.41711,0,7.2043076
2023,22.25,0.75,1.920812,156.11552,0,6.914923
2023,22.25,1.0,1.8446406,157.54439,0,6.640706
2023,22.25,1.25,1.7932216,159.53773,0,6.4555974
2023,22.25,1.5,1.7511195,161.39452,0,6.30403
2023,22.25,1.75,1.7204943,163.7119,0,6.193779
2023,22.25,2.0,1.7278191,166.03432,0,6.2201486
2023,22.25,2.25,1.728722,168.90007,0,6.223399
2023,22.25,2.5,1.7293245,172.4861,0,6.225568
2023,22.25,2.75,1.7364258,177.42632,0,6.2511325
2023,22.25,3.0,1.7321409,181.9723,0,6.2357073
2023,22.25,3.25,1.6940895,154.85823,0,6.098722
2023,22.25,3.5,1.6820737,134.2152,0,6.055465
2023,22.25,3.75,1.7801371,141.27094,0,6.408493
2023,22.25,4.0,1.973409,139.21669,0,7.1042724
2023,22.25,4.25,2.1726654,137.14555,0,7.821595
2023,22.25,4.5,2.3492255,132.65123,0,8.4572115
2023,22.25,4.75,2.5360305,128.11745,0,9.129709
2023,22.25,5.0,2.5975623,122.96122,0,9.351224
2023,22.25,5.25,2.549824,114.22825,0,9.179366
2023,22.25,5.5,2.480285,102.05839,0,8.929026
2023,22.25,5.75,2.4109282,93.72892,0,8.679341
2023,22.25,6.0,2.1035695,115.29771,0,7.57285
2023,22.25,6.25,1.8524214,103.5519,0,6.668717
2023,22.25,6.5,1.7226057,103.83616,0,6.2013803
2023,22.25,6.75,2.0464354,106.628784,0,7.367167
2023,22.25,7.0,2.2578924,78.31937,0,8.128412
2023,22.25,7.25,2.4791253,80.36805,0,8.92485
2023,22.25,7.5,2.6454384,81.57713,0,9.523578
2023,22.25,7.75,2.9619873,79.1208,0,10.663154
2023,22.25,8.0,3.0655077,74.57379,0,11.035828
2023,22.25,8.25,2.9357731,70.59682,0,10.568783
2023,22.25,8.5,2.747036,69.75916,0,9.889329
2023,22.25,8.75,2.5698376,71.11245,0,9.251415
2023,22.25,9.0,2.5143864,72.40951,0,9.051791
2023,22.25,9.25,2.4590836,72.04675,0,8.8527
2023,22.25,9.5,2.6354904,71.99833,0,9.487765
2023,22.25,9.75,2.9030018,69.043434,0,10.450807
2023,22.25,10.0,2.9964292,64.67419,0,10.787145
2023,22.25,10.25,3.016091,61.310444,0,10.857927
2023,22.25,10.5,3.1360073,59.40858,0,11.289626
2023,22.25,10.75,3.4568307,58.27722,0,12.444591
2023,22.25,11.0,3.6588984,56.869198,0,13.172033
2023,22.25,11.25,3.8591988,55.468533,0,13.893115
2023,22.25,11.5,3.9731915,56.038345,0,14.303489
2023,22.25,11.75,3.9969463,55.668537,0,14.389007
2023,22.25,12.0,3.68027,52.64914,0,13.248972
2023,22.0,-9.0,2.6227846,143.29994,0,9.442024
2023,22.0,-8.75,2.6279356,144.87941,0,9.460568
2023,22.0,-8.5,2.6463015,145.9658,0,9.526685
2023,22.0,-8.25,2.6847956,146.49004,0,9.665264
2023,22.0,-8.0,2.667763,146.20654,0,9.603947
2023,22.0,-7.75,2.6380267,146.66406,0,9.496896
2023,22.0,-7.5,2.594154,146.78496,0,9.338954
2023,22.0,-7.25,2.5501754,146.4829,0,9.180632
2023,22.0,-7.0,2.5599234,133.62173,0,9.215724
2023,22.0,-6.75,2.6114469,133.5739,0,9.401209
2023,22.0,-6.5,2.6758468,103.993904,0,9.633048
2023,22.0,-6.25,2.7319193,104.406166,0,9.834909
2023,22.0,-6.0,2.779157,104.50474,0,10.004965
2023,22.0,-5.75,2.792671,104.722435,0,10.053616
2023,22.0,-5.5,2.799056,106.59851,0,10.076602
2023,22.0,-5.25,2.8006585,109.13607,0,10.08237
2023,22.0,-5.0,2.7995052,111.04446,0,10.078218
2023,22.0,-4.75,2.706602,112.11686,0,9.743768
2023,22.0,-4.5,2.6379626,113.08883,0,9.496665
2023,22.0,-4.25,2.5999024,113.481316,0,9.359649
2023,22.0,-4.0,2.5415866,113.90789,0,9.149712
2023,22.0,-3.75,2.4593532,114.47067,0,8.853671
2023,22.0,-3.5,2.400329,115.24661,0,8.641185
2023,22.0,-3.25,2.3962574,116.75504,0,8.626527
2023,22.0,-3.0,2.4914522,118.65112,0,8.969228
2023,22.0,-2.75,2.5639899,119.92483,0,9.230363
2023,22.0,-2.5,2.6263587,118.71741,0,9.454891
2023,22.0,-2.25,2.6363277,116.7637,0,9.49078
2023,22.0,-2.0,2.605157,114.97235,0,9.378565
2023,22.0,-1.75,2.5703268,113.81995,0,9.253177
2023,22.0,-1.5,2.5455556,114.60009,0,9.164
2023,22.0,-1.25,2.4996269,145.95299,0,8.998656
2023,22.0,-1.0,2.4321065,146.74596,0,8.755583
2023,22.0,-0.75,2.360388,147.57373,0,8.497396
2023,22.0,-0.5,2.3045633,148.90753,0,8.296428
2023,22.0,-0.25,2.2415726,150.78221,0,8.069661
2023,22.0,0.0,2.137712,152.78511,0,7.695763
2023,22.0,0.25,2.0662892,154.54922,0,7.438641
2023,22.0,0.5,2.0072691,156.17822,0,7.2261686
2023,22.0,0.75,1.9532424,157.41707,0,7.0316725
2023,22.0,1.0,1.8769532,158.5415,0,6.7570314
2023,22.0,1.25,1.8153296,159.92581,0,6.5351863
2023,22.0,1.5,1.7786465,161.67381,0,6.403127
2023,22.0,1.75,1.7648796,164.00539,0,6.353566
2023,22.0,2.0,1.7527952,166.62042,0,6.3100624
2023,22.0,2.25,1.7568859,169.5268,0,6.324789
2023,22.0,2.5,1.7713071,173.24171,0,6.3767056
2023,22.0,2.75,1.7929702,177.80363,0,6.4546924
2023,22.0,3.0,1.7889982,182.5465,0,6.4403934
2023,22.0,3.25,1.7198467,183.91968,0,6.191448
2023,22.0,3.5,1.7404761,129.55379,0,6.2657137
2023,22.0,3.75,1.9218202,141.24956,0,6.9185524
2023,22.0,4.0,2.1165931,139.44777,0,7.6197352
2023,22.0,4.25,2.2657168,136.10683,0,8.15658
2023,22.0,4.5,2.4431574,131.2159,0,8.795366
2023,22.0,4.75,2.6099012,125.29669,0,9.395644
2023,22.0,5.0,2.6531818,118.5119,0,9.551455
2023,22.0,5.25,2.5991375,110.36941,0,9.3568945
2023,22.0,5.5,2.584882,103.288826,0,9.305575
2023,22.0,5.75,2.534234,96.24097,0,9.123242
2023,22.0,6.0,2.4874933,91.374596,0,8.954975
2023,22.0,6.25,2.336878,103.680176,0,8.412761
2023,22.0,6.5,2.2299616,104.08722,0,8.027862
2023,22.0,6.75,2.3387816,76.1177,0,8.419614
2023,22.0,7.0,2.536147,76.90011,0,9.13013
2023,22.0,7.25,2.7072916,77.606606,0,9.746249
2023,22.0,7.5,2.8498962,78.577835,0,10.259626
2023,22.0,7.75,3.026995,79.77097,0,10.8971815
2023,22.0,8.0,3.197284,76.84174,0,11.510222
2023,22.0,8.25,3.1518126,73.54881,0,11.346525
2023,22.0,8.5,2.9812193,73.536156,0,10.732389
2023,22.0,8.75,2.7871828,75.39518,0,10.033858
2023,22.0,9.0,2.6212242,76.06203,0,9.436407
2023,22.0,9.25,2.5232155,75.3794,0,9.083575
2023,22.0,9.5,2.4850595,70.12064,0,8.946214
2023,22.0,9.75,2.7520854,65.85187,0,9.907507
2023,22.0,10.0,2.911045,61.24005,0,10.479762
2023,22.0,10.25,3.018294,58.012146,0,10.865858
2023,22.0,10.5,3.117265,56.2473,0,11.222154
2023,22.0,10.75,3.2262542,55.794933,0,11.614515
2023,22.0,11.0,3.402565,54.679474,0,12.249233
2023,22.0,11.25,3.56404,54.451965,0,12.8305435
2023,22.0,11.5,3.7032416,55.770535,0,13.33167
2023,22.0,11.75,3.8211136,55.973022,0,13.756008
2023,22.0,12.0,3.8182914,55.281982,0,13.745849
2023,21.75,-9.0,2.7184515,143.54039,0,9.786426
2023,21.75,-8.75,2.7095573,144.2138,0,9.754406
2023,21.75,-8.5,2.7129261,144.77193,0,9.766534
2023,21.75,-8.25,2.7133758,145.50507,0,9.768152
2023,21.75,-8.0,2.680786,145.56024,0,9.650829
2023,21.75,-7.75,2.6510875,145.36443,0,9.543915
2023,21.75,-7.5,2.5904064,143.22876,0,9.325463
2023,21.75,-7.25,2.5501575,138.90141,0,9.180567
2023,21.75,-7.0,2.5379124,136.50114,0,9.136484
2023,21.75,-6.75,2.5714123,136.15381,0,9.257084
2023,21.75,-6.5,2.6356027,136.41168,0,9.48817
2023,21.75,-6.25,2.6957695,106.65829,0,9.70477
2023,21.75,-6.0,2.7333024,106.78861,0,9.839889
2023,21.75,-5.75,2.7171898,107.80673,0,9.781883
2023,21.75,-5.5,2.7293618,109.88151,0,9.825702
2023,21.75,-5.25,2.787382,111.99124,0,10.0345745
2023,21.75,-5.0,2.8344285,113.141594,0,10.203942
2023,21.75,-4.75,2.8121598,113.51608,0,10.123775
2023,21.75,-4.5,2.7580845,113.95279,0,9.929104
2023,21.75,-4.25,2.7105272,114.29563,0,9.757897
2023,21.75,-4.0,2.670232,114.88434,0,9.612835
2023,21.75,-3.75,2.5942917,115.487366,0,9.33945
2023,21.75,-3.5,2.486709,115.86442,0,8.952152
2023,21.75,-3.25,2.3746257,117.345085,0,8.548653
2023,21.75,-3.0,2.4611695,119.576195,0,8.860209
2023,21.75,-2.75,2.5548036,119.66574,0,9.197292
2023,21.75,-2.5,2.619199,118.2866,0,9.429116
2023,21.75,-2.25,2.6310382,116.515045,0,9.471737
2023,21.75,-2.0,2.6053665,114.842926,0,9.379319
2023,21.75,-1.75,2.5534523,114.00366,0,9.192428
2023,21.75,-1.5,2.526751,145.57095,0,9.096304
2023,21.75,-1.25,2.495455,147.54625,0,8.983638
2023,21.75,-1.0,2.413947,147.80579,0,8.690209
2023,21.75,-0.75,2.3344533,148.49431,0,8.404032
2023,21.75,-0.5,2.2869112,150.65898,0,8.232881
2023,21.75,-0.25,2.2455225,153.26294,0,8.08388
2023,21.75,0.0,2.1280758,154.96721,0,7.6610727
2023,21.75,0.25,2.031292,156.31255,0,7.3126507
2023,21.75,0.5,1.9707843,157.47366,0,7.0948234
2023,21.75,0.75,1.938557,158.30522,0,6.978805
2023,21.75,1.0,1.9038206,159.12181,0,6.853754
2023,21.75,1.25,1.8493091,160.26253,0,6.6575127
2023,21.75,1.5,1.8076264,162.5993,0,6.507455
2023,21.75,1.75,1.8005346,165.45592,0,6.4819245
2023,21.75,2.0,1.7851368,168.33168,0,6.426492
2023,21.75,2.25,1.784925,171.56976,0,6.4257298
2023,21.75,2.5,1.8093423,174.96086,0,6.513632
2023,21.75,2.75,1.833117,177.39641,0,6.599221
2023,21.75,3.0,1.8350862,181.30408,0,6.6063104
2023,21.75,3.25,1.7281157,153.75577,0,6.221216
2023,21.75,3.5,1.7812201,151.20244,0,6.412392
2023,21.75,3.75,1.9734749,143.55092,0,7.1045094
2023,21.75,4.0,2.1487098,139.40999,0,7.735355
2023,21.75,4.25,2.2664497,135.45781,0,8.159219
2023,21.75,4.5,2.3796818,130.00435,0,8.5668545
2023,21.75,4.75,2.56188,123.847694,0,9.222768
2023,21.75,5.0,2.6052332,117.45878,0,9.3788395
2023,21.75,5.25,2.579786,111.862495,0,9.28723
2023,21.75,5.5,2.598575,106.05155,0,9.35487
2023,21.75,5.75,2.6276257,100.11139,0,9.459453
2023,21.75,6.0,2.6234567,96.41937,0,9.444444
2023,21.75,6.25,2.5978706,101.04325,0,9.352334
2023,21.75,6.5,2.4962654,73.556404,0,8.986555
2023,21.75,6.75,2.4568143,75.469604,0,8.844531
2023,21.75,7.0,2.5992708,75.85866,0,9.357375
2023,21.75,7.25,2.8014019,76.37509,0,10.085047
2023,21.75,7.5,2.9889412,78.19742,0,10.760188
2023,21.75,7.75,3.1337507,80.0364,0,11.281502
2023,21.75,8.0,3.2138674,79.78102,0,11.569922
2023,21.75,8.25,3.1872857,77.663,0,11.474228
2023,21.75,8.5,3.1030693,77.865524,0,11.171049
2023,21.75,8.75,3.0234897,78.81556,0,10.8845625
2023,21.75,9.0,2.8449142,78.82477,0,10.241691
2023,21.75,9.25,2.571944,74.7394,0,9.258998
2023,21.75,9.5,2.3898253,66.95752,0,8.603371
2023,21.75,9.75,2.59271,62.160755,0,9.3337555
2023,21.75,10.0,2.797191,58.05244,0,10.069887
2023,21.75,10.25,2.9264677,54.991257,0,10.535283
2023,21.75,10.5,3.0009553,53.632015,0,10.803439
2023,21.75,10.75,3.0749447,53.43346,0,11.0698
2023,21.75,11.0,3.1577299,53.763783,0,11.367827
2023,21.75,11.25,3.2514122,54.173916,0,11.705084
2023,21.75,11.5,3.4912488,55.760334,0,12.568496
2023,21.75,11.75,3.6465998,57.986755,0,13.127759
2023,21.75,12.0,3.6947231,58.119507,0,13.3010025
2023,21.5,-9.0,2.7301104,143.69681,0,9.828397
2023,21.5,-8.75,2.7366076,144.36938,0,9.851787
2023,21.5,-8.5,2.760177,144.55415,0,9.936637
2023,21.5,-8.25,2.7809286,145.14796,0,10.011343
2023,21.5,-8.0,2.7617085,144.69226,0,9.94215
2023,21.5,-7.75,2.7276719,142.53084,0,9.819618
2023,21.5,-7.5,2.6826954,139.91203,0,9.657703
2023,21.5,-7.25,2.6341956,137.29907,0,9.483104
2023,21.5,-7.0,2.5899203,136.31616,0,9.323712
2023,21.5,-6.75,2.5700645,137.51726,0,9.252233
2023,21.5,-6.5,2.596807,138.91441,0,9.348505
2023,21.5,-6.25,2.6163177,139.62387,0,9.418744
2023,21.5,-6.0,2.6076915,139.89314,0,9.38769
2023,21.5,-5.75,2.5698652,110.9501,0,9.251514
2023,21.5,-5.5,2.5818114,112.746056,0,9.294521
2023,21.5,-5.25,2.6569574,114.43449,0,9.565046
2023,21.5,-5.0,2.7318904,115.091225,0,9.8348055
2023,21.5,-4.75,2.756283,115.19907,0,9.922619
2023,21.5,-4.5,2.7530622,115.31374,0,9.911024
2023,21.5,-4.25,2.7302635,115.41052,0,9.828948
2023,21.5,-4.0,2.7009754,115.78631,0,9.723512
2023,21.5,-3.75,2.6658726,116.22767,0,9.597141
2023,21.5,-3.5,2.6133115,116.58843,0,9.407921
2023,21.5,-3.25,2.5224533,117.38375,0,9.080832
2023,21.5,-3.0,2.5242906,118.21986,0,9.087446
2023,21.5,-2.75,2.562979,117.94224,0,9.226724
2023,21.5,-2.5,2.594607,116.94552,0,9.340586
2023,21.5,-2.25,2.6071208,115.65339,0,9.385634
2023,21.5,-2.0,2.584636,114.46238,0,9.304689
2023,21.5,-1.75,2.5134811,144.0205,0,9.048532
2023,21.5,-1.5,2.471832,146.67863,0,8.898595
2023,21.5,-1.25,2.4693906,148.86206,0,8.889806
2023,21.5,-1.0,2.3802304,148.95438,0,8.56883
2023,21.5,-0.75,2.2830622,149.86678,0,8.219024
2023,21.5,-0.5,2.2383003,152.71098,0,8.057881
2023,21.5,-0.25,2.239907,155.49825,0,8.063665
2023,21.5,0.0,2.1618075,156.0315,0,7.782507
2023,21.5,0.25,2.0282884,157.24126,0,7.301838
2023,21.5,0.5,1.9409658,158.35014,0,6.987477
2023,21.5,0.75,1.9026012,158.90686,0,6.8493643
2023,21.5,1.0,1.8821201,159.43837,0,6.7756324
2023,21.5,1.25,1.8575248,160.86342,0,6.687089
2023,21.5,1.5,1.8341632,163.82356,0,6.6029873
2023,21.5,1.75,1.8330817,167.71425,0,6.599094
2023,21.5,2.0,1.823089,171.02882,0,6.5631204
2023,21.5,2.25,1.8278424,173.72296,0,6.580232
2023,21.5,2.5,1.844102,175.40704,0,6.6387672
2023,21.5,2.75,1.8520193,175.71196,0,6.667269
2023,21.5,3.0,1.8231655,176.95268,0,6.563396
2023,21.5,3.25,1.7108394,149.92816,0,6.159022
2023,21.5,3.5,1.778268,149.01903,0,6.4017644
2023,21.5,3.75,2.0060792,147.74217,0,7.2218847
2023,21.5,4.0,2.1718018,133.73814,0,7.818486
2023,21.5,4.25,2.217877,129.8456,0,7.984357
2023,21.5,4.5,2.2551577,125.741646,0,8.118567
2023,21.5,4.75,2.4426112,120.468056,0,8.7934
2023,21.5,5.0,2.5360348,116.155846,0,9.129725
2023,21.5,5.25,2.536073,113.18206,0,9.129863
2023,21.5,5.5,2.582938,112.62046,0,9.298576
2023,21.5,5.75,2.62349,114.618324,0,9.444564
2023,21.5,6.0,2.609735,84.28256,0,9.395046
2023,21.5,6.25,2.5597517,75.470085,0,9.215106
2023,21.5,6.5,2.4995377,74.4153,0,8.998336
2023,21.5,6.75,2.4711232,74.71227,0,8.896044
2023,21.5,7.0,2.5856974,75.10615,0,9.308511
2023,21.5,7.25,2.783039,76.91799,0,10.018941
2023,21.5,7.5,2.9939907,79.75756,0,10.778366
2023,21.5,7.75,3.1424248,82.08809,0,11.312729
2023,21.5,8.0,3.132644,83.025505,0,11.277518
2023,21.5,8.25,3.0969486,81.71235,0,11.149014
2023,21.5,8.5,3.1551244,80.812126,0,11.358448
2023,21.5,8.75,3.1413252,79.9621,0,11.30877
2023,21.5,9.0,2.9666965,77.64762,0,10.680107
2023,21.5,9.25,2.6554067,72.263145,0,9.5594635
2023,21.5,9.5,2.357253,63.560375,0,8.486111
2023,21.5,9.75,2.4251752,57.131214,0,8.730631
2023,21.5,10.0,2.6435392,54.222687,0,9.516741
2023,21.5,10.25,2.7904818,52.78359,0,10.045734
2023,21.5,10.5,2.8538332,52.042377,0,10.273799
2023,21.5,10.75,2.8912456,51.84441,0,10.4084835
2023,21.5,11.0,2.9580243,52.208073,0,10.648887
2023,21.5,11.25,3.0128367,52.983753,0,10.846211
2023,21.5,11.5,3.2173698,55.2072,0,11.582531
2023,21.5,11.75,3.396333,58.122437,0,12.226798
2023,21.5,12.0,3.530101,58.817646,0,12.708364
2023,21.25,-9.0,2.7592094,144.44672,0,9.933153
2023,21.25,-8.75,2.7690678,144.66241,0,9.968644
2023,21.25,-8.5,2.7817214,144.4428,0,10.014196
2023,21.25,-8.25,2.820179,144.882,0,10.152644
2023,21.25,-8.0,2.822444,143.46217,0,10.160798
2023,21.25,-7.75,2.7835095,141.21815,0,10.020634
2023,21.25,-7.5,2.7596676,139.12498,0,9.934803
2023,21.25,-7.25,2.7224863,137.7511,0,9.80095
2023,21.25,-7.0,2.6710646,138.82646,0,9.615832
2023,21.25,-6.75,2.6275034,142.65083,0,9.459012
2023,21.25,-6.5,2.6200879,142.67195,0,9.432316
2023,21.25,-6.25,2.6156733,142.47923,0,9.416424
2023,21.25,-6.0,2.5863674,142.71046,0,9.310923
2023,21.25,-5.75,2.5339782,113.52344,0,9.122321
2023,21.25,-5.5,2.5144036,114.93215,0,9.051852
2023,21.25,-5.25,2.559365,116.39695,0,9.213714
2023,21.25,-5.0,2.6006463,116.93107,0,9.362327
2023,21.25,-4.75,2.6244767,116.909035,0,9.448115
2023,21.25,-4.5,2.638012,116.91268,0,9.496842
2023,21.25,-4.25,2.6513407,117.16117,0,9.5448265
2023,21.25,-4.0,2.6422093,117.50802,0,9.511953
2023,21.25,-3.75,2.6328306,117.80074,0,9.47819
2023,21.25,-3.5,2.6082017,118.02358,0,9.389526
2023,21.25,-3.25,2.5961955,117.71979,0,9.346303
2023,21.25,-3.0,2.5864208,117.3031,0,9.311114
2023,21.25,-2.75,2.5648975,116.92188,0,9.233631
2023,21.25,-2.5,2.5307186,116.00964,0,9.110586
2023,21.25,-2.25,2.5157444,114.89069,0,9.05668
2023,21.25,-2.0,2.4912944,144.14772,0,8.968659
2023,21.25,-1.75,2.4494216,144.00163,0,8.817918
2023,21.25,-1.5,2.4314964,146.47319,0,8.7533865
2023,21.25,-1.25,2.460625,148.77702,0,8.85825
2023,21.25,-1.0,2.4020317,149.44353,0,8.647314
2023,21.25,-0.75,2.3211591,150.66403,0,8.356173
2023,21.25,-0.5,2.268121,153.23497,0,8.1652355
2023,21.25,-0.25,2.2526405,155.26172,0,8.109506
2023,21.25,0.0,2.215726,156.06184,0,7.976613
2023,21.25,0.25,2.1239994,157.33795,0,7.6463976
2023,21.25,0.5,2.0080826,157.41199,0,7.2290974
2023,21.25,0.75,1.9224025,157.90619,0,6.920649
2023,21.25,1.0,1.8864079,159.22353,0,6.791068
2023,21.25,1.25,1.8811084,161.8303,0,6.7719903
2023,21.25,1.5,1.8706738,165.21086,0,6.7344255
2023,21.25,1.75,1.8753065,169.1994,0,6.7511034
2023,21.25,2.0,1.8966228,171.74895,0,6.8278418
2023,21.25,2.25,1.9058892,173.20508,0,6.861201
2023,21.25,2.5,1.8894752,173.48775,0,6.8021107
2023,21.25,2.75,1.8749558,172.9459,0,6.7498407
2023,21.25,3.0,1.886406,170.97475,0,6.7910614
2023,21.25,3.25,1.9152169,146.33467,0,6.8947806
2023,21.25,3.5,1.9948283,146.05019,0,7.1813817
2023,21.25,3.75,2.131001,148.22708,0,7.671603
2023,21.25,4.0,2.2112186,151.71776,0,7.9603868
2023,21.25,4.25,2.1747715,150.51213,0,7.8291774
2023,21.25,4.5,2.1869378,118.09174,0,7.872976
2023,21.25,4.75,2.3947837,117.17762,0,8.621222
2023,21.25,5.0,2.5423667,116.05831,0,9.15252
2023,21.25,5.25,2.523937,114.02017,0,9.086173
2023,21.25,5.5,2.5409927,112.90738,0,9.147573
2023,21.25,5.75,2.5805364,82.110085,0,9.28993
2023,21.25,6.0,2.6059291,81.99606,0,9.381345
2023,21.25,6.25,2.609276,82.61698,0,9.3933935
2023,21.25,6.5,2.6701708,74.74648,0,9.612615
2023,21.25,6.75,2.6821077,73.264244,0,9.655587
2023,21.25,7.0,2.7261703,74.39942,0,9.814213
2023,21.25,7.25,2.823703,77.65666,0,10.165331
2023,21.25,7.5,2.9962158,81.13569,0,10.786377
2023,21.25,7.75,3.137921,83.18867,0,11.296515
2023,21.25,8.0,3.1512716,83.33936,0,11.344578
2023,21.25,8.25,3.0649407,82.45734,0,11.033786
2023,21.25,8.5,3.1100137,81.774956,0,11.196049
2023,21.25,8.75,3.142846,80.091286,0,11.314245
2023,21.25,9.0,3.0337973,76.07014,0,10.92167
2023,21.25,9.25,2.733588,69.29515,0,9.840917
2023,21.25,9.5,2.3586903,59.438175,0,8.491284
2023,21.25,9.75,2.2667644,52.446392,0,8.160352
2023,21.25,10.0,2.441189,51.053394,0,8.7882805
2023,21.25,10.25,2.6148026,51.156235,0,9.413289
2023,21.25,10.5,2.6933181,51.111774,0,9.695945
2023,21.25,10.75,2.6948557,51.256485,0,9.70148
2023,21.25,11.0,2.713652,51.637726,0,9.769147
2023,21.25,11.25,2.7875435,52.85014,0,10.035156
2023,21.25,11.5,2.8749218,54.72635,0,10.349718
2023,21.25,11.75,3.0740225,57.21593,0,11.066481
2023,21.25,12.0,3.300143,57.4611,0,11.880514
2023,21.0,-9.0,2.8136146,144.95714,0,10.129012
2023,21.0,-8.75,2.8010013,144.96922,0,10.083605
2023,21.0,-8.5,2.7997353,144.91881,0,10.079047
2023,21.0,-8.25,2.8172896,144.60112,0,10.142242
2023,21.0,-8.0,2.8060772,142.76532,0,10.101878
2023,21.0,-7.75,2.77261,141.58633,0,9.981396
2023,21.0,-7.5,2.7412689,140.74217,0,9.868567
2023,21.0,-7.25,2.7177727,143.0089,0,9.783981
2023,21.0,-7.0,2.70943,147.74806,0,9.753947
2023,21.0,-6.75,2.6884387,146.99493,0,9.678379
2023,21.0,-6.5,2.6332276,145.21529,0,9.479619
2023,21.0,-6.25,2.606871,174.51033,0,9.384735
2023,21.0,-6.0,2.5769994,114.736786,0,9.277198
2023,21.0,-5.75,2.5280795,115.29563,0,9.101086
2023,21.0,-5.5,2.5062697,116.40322,0,9.022571
2023,21.0,-5.25,2.52207,117.22799,0,9.079452
2023,21.0,-5.0,2.5557787,117.63018,0,9.200803
2023,21.0,-4.75,2.5711281,117.87463,0,9.256061
2023,21.0,-4.5,2.5631769,117.93873,0,9.227436
2023,21.0,-4.25,2.5764987,118.12726,0,9.275395
2023,21.0,-4.0,2.5965843,118.3124,0,9.347703
2023,21.0,-3.75,2.6020355,118.544716,0,9.367328
2023,21.0,-3.5,2.611942,118.52331,0,9.402991
2023,21.0,-3.25,2.60615,118.07662,0,9.382139
2023,21.0,-3.0,2.6011631,117.47636,0,9.364187
2023,21.0,-2.75,2.5710745,116.60813,0,9.255868
2023,21.0,-2.5,2.5367155,115.32504,0,9.132175
2023,21.0,-2.25,2.4897926,173.6363,0,8.963253
2023,21.0,-2.0,2.4465637,172.36162,0,8.80763
2023,21.0,-1.75,2.3887017,171.9552,0,8.599326
2023,21.0,-1.5,2.3485599,144.726,0,8.454815
2023,21.0,-1.25,2.3792918,149.46733,0,8.56545
2023,21.0,-1.0,2.3664005,150.17226,0,8.519041
2023,21.0,-0.75,2.3039896,151.30782,0,8.294362
2023,21.0,-0.5,2.2608552,153.48984,0,8.139078
2023,21.0,-0.25,2.2385328,155.71773,0,8.058718
2023,21.0,0.0,2.2284377,157.50388,0,8.022375
2023,21.0,0.25,2.1810548,157.88576,0,7.851797
2023,21.0,0.5,2.0645258,156.51228,0,7.432293
2023,21.0,0.75,1.9644645,157.23744,0,7.072072
2023,21.0,1.0,1.9050165,159.93279,0,6.8580594
2023,21.0,1.25,1.9103113,162.13991,0,6.8771205
2023,21.0,1.5,1.9087907,134.29497,0,6.8716464
2023,21.0,1.75,1.9237603,138.72,0,6.925537
2023,21.0,2.0,1.9586397,141.03227,0,7.051103
2023,21.0,2.25,1.98639,171.40308,0,7.151004
2023,21.0,2.5,1.9730749,171.23137,0,7.1030693
2023,21.0,2.75,1.9278685,169.75233,0,6.940326
2023,21.0,3.0,1.9084309,167.58757,0,6.8703513
2023,21.0,3.25,1.9554229,142.97066,0,7.039522
2023,21.0,3.5,2.1171806,116.572296,0,7.62185
2023,21.0,3.75,2.2215168,148.33022,0,7.9974604
2023,21.0,4.0,2.1663153,146.91084,0,7.798735
2023,21.0,4.25,2.1147127,144.12856,0,7.6129656
2023,21.0,4.5,2.17145,113.47485,0,7.8172193
2023,21.0,4.75,2.4240057,85.12676,0,8.72642
2023,21.0,5.0,2.575971,84.64319,0,9.273495
2023,21.0,5.25,2.5383232,82.51427,0,9.137963
2023,21.0,5.5,2.548522,81.260345,0,9.174679
2023,21.0,5.75,2.576544,80.4524,0,9.275558
2023,21.0,6.0,2.6075606,79.83426,0,9.387218
2023,21.0,6.25,2.7163856,80.68183,0,9.778988
2023,21.0,6.5,2.8621895,79.06698,0,10.303882
2023,21.0,6.75,2.8641195,74.78058,0,10.31083
2023,21.0,7.0,2.8397467,75.264534,0,10.223088
2023,21.0,7.25,2.9071949,78.39127,0,10.465901
2023,21.0,7.5,3.0039787,81.88498,0,10.814323
2023,21.0,7.75,3.110588,83.86889,0,11.198116
2023,21.0,8.0,3.1697657,84.62543,0,11.411157
2023,21.0,8.25,3.0801685,87.25939,0,11.088606
2023,21.0,8.5,3.0452425,88.861244,0,10.9628725
2023,21.0,8.75,2.980917,88.84652,0,10.731301
2023,21.0,9.0,2.8303835,84.2587,0,10.189381
2023,21.0,9.25,2.5519934,71.347885,0,9.187176
2023,21.0,9.5,2.2466376,56.261093,0,8.087895
2023,21.0,9.75,2.1329143,47.67439,0,7.678491
2023,21.0,10.0,2.2031238,48.525238,0,7.9312453
2023,21.0,10.25,2.363601,49.509552,0,8.508964
2023,21.0,10.5,2.48747,50.842274,0,8.954891
2023,21.0,10.75,2.5270503,51.329494,0,9.097381
2023,21.0,11.0,2.5042841,51.899334,0,9.015423
2023,21.0,11.25,2.5525138,52.912228,0,9.18905
2023,21.0,11.5,2.6398275,55.09308,0,9.503379
2023,21.0,11.75,2.8130894,57.425,0,10.127122
2023,21.0,12.0,3.0450068,57.7944,0,10.962024
2023,20.75,-9.0,2.866556,115.63522,0,10.319601
2023,20.75,-8.75,2.8541934,145.70457,0,10.275096
2023,20.75,-8.5,2.8578796,145.51508,0,10.288366
2023,20.75,-8.25,2.8325121,144.66066,0,10.197043
2023,20.75,-8.0,2.7960117,143.4329,0,10.065641
2023,20.75,-7.75,2.7673314,143.74883,0,9.962393
2023,20.75,-7.5,2.7495613,146.96417,0,9.89842
2023,20.75,-7.25,2.7307565,119.80332,0,9.830723
2023,20.75,-7.0,2.7351916,119.985374,0,9.846689
2023,20.75,-6.75,2.718064,118.74277,0,9.78503
2023,20.75,-6.5,2.6494257,117.11465,0,9.537932
2023,20.75,-6.25,2.5960734,146.3484,0,9.345864
2023,20.75,-6.0,2.553519,146.45274,0,9.192668
2023,20.75,-5.75,2.5084093,146.71515,0,9.030273
2023,20.75,-5.5,2.4744914,146.90205,0,8.908169
2023,20.75,-5.25,2.4709551,147.4937,0,8.895438
2023,20.75,-5.0,2.4875998,147.78233,0,8.955359
2023,20.75,-4.75,2.4996789,118.05331,0,8.998843
2023,20.75,-4.5,2.4962966,118.02616,0,8.986668
2023,20.75,-4.25,2.5068693,117.84081,0,9.02473
2023,20.75,-4.0,2.5238962,117.90546,0,9.086026
2023,20.75,-3.75,2.56019,118.10107,0,9.216683
2023,20.75,-3.5,2.5808303,118.24711,0,9.290989
2023,20.75,-3.25,2.5914085,117.72282,0,9.32907
2023,20.75,-3.0,2.59673,116.64072,0,9.3482275
2023,20.75,-2.75,2.5813546,145.14528,0,9.292876
2023,20.75,-2.5,2.5648768,143.21127,0,9.233556
2023,20.75,-2.25,2.5346704,171.08705,0,9.124813
2023,20.75,-2.0,2.4790409,168.35295,0,8.924547
2023,20.75,-1.75,2.4046967,166.81195,0,8.656908
2023,20.75,-1.5,2.3540595,165.81712,0,8.474614
2023,20.75,-1.25,2.3496296,167.11739,0,8.458667
2023,20.75,-1.0,2.3341506,148.72643,0,8.402942
2023,20.75,-0.75,2.2848785,150.5168,0,8.225562
2023,20.75,-0.5,2.2442086,154.8947,0,8.07915
2023,20.75,-0.25,2.2290957,158.10901,0,8.024744
2023,20.75,0.0,2.2248392,159.18518,0,8.009421
2023,20.75,0.25,2.1907256,157.6737,0,7.886612
2023,20.75,0.5,2.071852,157.45216,0,7.458667
2023,20.75,0.75,1.961689,159.24466,0,7.0620804
2023,20.75,1.0,1.9289559,131.18126,0,6.944241
2023,20.75,1.25,1.9495945,131.20769,0,7.01854
2023,20.75,1.5,1.9635214,131.31087,0,7.068677
2023,20.75,1.75,1.986165,137.21504,0,7.150194
2023,20.75,2.0,2.0359743,139.94981,0,7.3295074
2023,20.75,2.25,2.037121,139.84532,0,7.333636
2023,20.75,2.5,2.0241644,138.04384,0,7.2869916
2023,20.75,2.75,1.9956263,167.829,0,7.1842546
2023,20.75,3.0,1.9653236,168.82408,0,7.075165
2023,20.75,3.25,2.0042949,142.16014,0,7.2154613
2023,20.75,3.5,2.138744,117.41163,0,7.6994786
2023,20.75,3.75,2.2678301,147.30713,0,8.164188
2023,20.75,4.0,2.2171488,142.66174,0,7.981735
2023,20.75,4.25,2.0877144,138.88472,0,7.515772
2023,20.75,4.5,2.196209,81.6496,0,7.906352
2023,20.75,4.75,2.4844544,84.78414,0,8.944036
2023,20.75,5.0,2.617243,84.08872,0,9.422074
2023,20.75,5.25,2.5853112,81.712364,0,9.30712
2023,20.75,5.5,2.577975,80.16827,0,9.28071
2023,20.75,5.75,2.6005888,78.591064,0,9.36212
2023,20.75,6.0,2.649277,77.59265,0,9.537396
2023,20.75,6.25,2.7513733,78.19423,0,9.904943
2023,20.75,6.5,2.904067,78.385765,0,10.454641
2023,20.75,6.75,2.9154139,76.96711,0,10.49549
2023,20.75,7.0,2.9111738,76.57233,0,10.480226
2023,20.75,7.25,2.993295,79.16082,0,10.775862
2023,20.75,7.5,3.0831375,82.6309,0,11.099295
2023,20.75,7.75,3.1247225,85.22462,0,11.249001
2023,20.75,8.0,3.1496317,87.60415,0,11.338674
2023,20.75,8.25,3.129586,91.80874,0,11.266509
2023,20.75,8.5,3.1232717,97.46752,0,11.243778
2023,20.75,8.75,2.9648387,101.10178,0,10.673419
2023,20.75,9.0,2.5300524,96.11078,0,9.108189
2023,20.75,9.25,2.162394,74.83483,0,7.7846184
2023,20.75,9.5,1.9591495,55.269367,0,7.052938
2023,20.75,9.75,1.8946848,46.02179,0,6.820865
2023,20.75,10.0,1.9710373,45.5477,0,7.095734
2023,20.75,10.25,2.117441,47.714275,0,7.622787
2023,20.75,10.5,2.2445037,49.746357,0,8.080214
2023,20.75,10.75,2.341045,51.74177,0,8.427761
2023,20.75,11.0,2.3531713,52.71437,0,8.471416
2023,20.75,11.25,2.3864741,53.30374,0,8.591307
2023,20.75,11.5,2.4838617,55.729916,0,8.941902
2023,20.75,11.75,2.6121397,58.659332,0,9.403703
2023,20.75,12.0,2.828397,59.76416,0,10.182229
2023,20.5,-9.0,2.938695,86.2865,0,10.579302
2023,20.5,-8.75,2.9332106,85.84884,0,10.559558
2023,20.5,-8.5,2.9570177,85.46587,0,10.645264
2023,20.5,-8.25,2.9109306,144.94398,0,10.47935
2023,20.5,-8.0,2.8313599,116.26251,0,10.192895
2023,20.5,-7.75,2.8154805,118.49836,0,10.13573
2023,20.5,-7.5,2.7870598,120.70818,0,10.033415
2023,20.5,-7.25,2.7747402,121.353966,0,9.989064
2023,20.5,-7.0,2.760853,120.681725,0,9.939071
2023,20.5,-6.75,2.7463367,119.49197,0,9.886812
2023,20.5,-6.5,2.69985,148.70369,0,9.7194605
2023,20.5,-6.25,2.6164083,147.98866,0,9.41907
2023,20.5,-6.0,2.5610273,147.73328,0,9.219698
2023,20.5,-5.75,2.5128777,147.33656,0,9.046359
2023,20.5,-5.5,2.4788575,147.49577,0,8.923887
2023,20.5,-5.25,2.4612057,147.40068,0,8.86034
2023,20.5,-5.0,2.464426,147.46376,0,8.871934
2023,20.5,-4.75,2.4738054,147.1876,0,8.9057
2023,20.5,-4.5,2.4712777,146.87395,0,8.8966
2023,20.5,-4.25,2.473399,146.38358,0,8.904236
2023,20.5,-4.0,2.4764948,146.0109,0,8.915381
2023,20.5,-3.75,2.5087225,145.84651,0,9.031401
2023,20.5,-3.5,2.5437603,115.378456,0,9.1575365
2023,20.5,-3.25,2.5634415,114.540344,0,9.228389
2023,20.5,-3.0,2.587922,142.66736,0,9.31652
2023,20.5,-2.75,2.5895915,140.35141,0,9.322529
2023,20.5,-2.5,2.584685,138.45958,0,9.304866
2023,20.5,-2.25,2.570832,136.65895,0,9.254995
2023,20.5,-2.0,2.5400841,165.4113,0,9.144302
2023,20.5,-1.75,2.4852324,164.92381,0,8.946836
2023,20.5,-1.5,2.424829,164.7481,0,8.729384
2023,20.5,-1.25,2.38606,165.20863,0,8.589816
2023,20.5,-1.0,2.357157,166.6827,0,8.4857645
2023,20.5,-0.75,2.2898695,162.2268,0,8.24353
2023,20.5,-0.5,2.2447512,160.47388,0,8.081104
2023,20.5,-0.25,2.231534,131.48538,0,8.033523
2023,20.5,0.0,2.235696,131.08644,0,8.048506
2023,20.5,0.25,2.1806173,158.37764,0,7.850222
2023,20.5,0.5,2.0792358,128.70416,0,7.4852486
2023,20.5,0.75,1.9907275,130.50325,0,7.166619
2023,20.5,1.0,2.0069146,129.04634,0,7.2248926
2023,20.5,1.25,2.0482512,127.92141,0,7.373704
2023,20.5,1.5,2.0485852,126.73028,0,7.3749065
2023,20.5,1.75,2.06862,124.729095,0,7.4470315
2023,20.5,2.0,2.1312275,117.91329,0,7.6724186
2023,20.5,2.25,2.131139,117.44385,0,7.6721005
2023,20.5,2.5,2.0774205,120.48,0,7.4787135
2023,20.5,2.75,2.037227,139.89497,0,7.334017
2023,20.5,3.0,2.0456898,111.598175,0,7.3644834
2023,20.5,3.25,2.1206334,111.80978,0,7.6342797
2023,20.5,3.5,2.2527218,114.36371,0,8.109798
2023,20.5,3.75,2.2684844,143.54471,0,8.166543
2023,20.5,4.0,2.2317824,138.57126,0,8.034416
2023,20.5,4.25,2.1206987,137.25835,0,7.6345153
2023,20.5,4.5,2.2433827,82.18697,0,8.076178
2023,20.5,4.75,2.5401351,84.24203,0,9.144486
2023,20.5,5.0,2.6485937,82.55959,0,9.534937
2023,20.5,5.25,2.6296017,80.259674,0,9.466566
2023,20.5,5.5,2.6367567,78.69391,0,9.492324
2023,20.5,5.75,2.666974,76.99366,0,9.601107
2023,20.5,6.0,2.6571085,75.33018,0,9.565591
2023,20.5,6.25,2.7289865,75.38453,0,9.824351
2023,20.5,6.5,2.8552344,76.86201,0,10.278844
2023,20.5,6.75,2.9155004,77.31715,0,10.495801
2023,20.5,7.0,2.9375775,77.67661,0,10.575278
2023,20.5,7.25,2.9978034,78.78405,0,10.792092
2023,20.5,7.5,3.0697155,81.341545,0,11.050976
2023,20.5,7.75,3.030364,83.18493,0,10.90931
2023,20.5,8.0,3.0191891,86.59652,0,10.869081
2023,20.5,8.25,3.0487864,93.76471,0,10.975631
2023,20.5,8.5,3.0432625,101.18151,0,10.955745
2023,20.5,8.75,2.7348258,108.233925,0,9.845373
2023,20.5,9.0,2.1288192,104.637505,0,7.663749
2023,20.5,9.25,1.7029496,96.206696,0,6.1306186
2023,20.5,9.5,1.7159172,83.66846,0,6.177302
2023,20.5,9.75,1.6936579,44.20285,0,6.097168
2023,20.5,10.0,1.7305566,42.19573,0,6.230004
2023,20.5,10.25,1.87717,45.566982,0,6.7578115
2023,20.5,10.5,2.0406907,49.271442,0,7.346486
2023,20.5,10.75,2.1582558,51.68487,0,7.7697206
2023,20.5,11.0,2.2270298,53.59569,0,8.017307
2023,20.5,11.25,2.2747188,54.40979,0,8.188988
2023,20.5,11.5,2.3803346,56.644516,0,8.569204
2023,20.5,11.75,2.5268312,59.976665,0,9.096592
2023,20.5,12.0,2.713795,61.276154,0,9.769662
2023,20.25,-9.0,2.9952412,56.47923,0,10.782868
2023,20.25,-8.75,2.9446752,55.206818,0,10.60083
2023,20.25,-8.5,2.964502,85.40879,0,10.672207
2023,20.25,-8.25,2.9675596,57.820724,0,10.683214
2023,20.25,-8.0,2.9003193,60.147785,0,10.44115
2023,20.25,-7.75,2.8410614,122.008385,0,10.22782
2023,20.25,-7.5,2.817952,122.66653,0,10.144627
2023,20.25,-7.25,2.801998,122.11858,0,10.087193
2023,20.25,-7.0,2.7680805,120.83795,0,9.96509
2023,20.25,-6.75,2.7334788,149.93773,0,9.840524
2023,20.25,-6.5,2.7460496,150.34294,0,9.885778
2023,20.25,-6.25,2.6734102,149.6366,0,9.624276
2023,20.25,-6.0,2.616041,148.61815,0,9.4177475
2023,20.25,-5.75,2.568315,148.23116,0,9.245934
2023,20.25,-5.5,2.5352254,147.51915,0,9.126811
2023,20.25,-5.25,2.517183,147.40955,0,9.061859
2023,20.25,-5.0,2.492281,146.66808,0,8.972211
2023,20.25,-4.75,2.492942,146.06953,0,8.974591
2023,20.25,-4.5,2.4905517,145.31854,0,8.965986
2023,20.25,-4.25,2.489901,144.57387,0,8.963644
2023,20.25,-4.0,2.492729,143.92749,0,8.973824
2023,20.25,-3.75,2.5018625,143.1363,0,9.006705
2023,20.25,-3.5,2.5383596,112.26517,0,9.138095
2023,20.25,-3.25,2.5726635,110.84309,0,9.261588
2023,20.25,-3.0,2.6009572,108.91687,0,9.363445
2023,20.25,-2.75,2.6131089,136.99898,0,9.407191
2023,20.25,-2.5,2.6109922,135.47643,0,9.399571
2023,20.25,-2.25,2.5911355,134.33876,0,9.328088
2023,20.25,-2.0,2.587028,134.61383,0,9.313301
2023,20.25,-1.75,2.5565815,164.66095,0,9.203693
2023,20.25,-1.5,2.4920762,164.17485,0,8.971474
2023,20.25,-1.25,2.4547234,164.5204,0,8.837004
2023,20.25,-1.0,2.4028842,164.76768,0,8.650383
2023,20.25,-0.75,2.3399382,163.86467,0,8.423778
2023,20.25,-0.5,2.2508025,133.5313,0,8.102889
2023,20.25,-0.25,2.2276998,134.40913,0,8.019719
2023,20.25,0.0,2.233585,132.79224,0,8.040905
2023,20.25,0.25,2.1502478,129.47667,0,7.740892
2023,20.25,0.5,2.0783908,129.04242,0,7.482207
2023,20.25,0.75,2.1012907,127.907646,0,7.5646462
2023,20.25,1.0,2.1332917,127.593956,0,7.67985
2023,20.25,1.25,2.151089,126.46091,0,7.74392
2023,20.25,1.5,2.1554248,125.109344,0,7.759529
2023,20.25,1.75,2.1862376,123.30045,0,7.8704553
2023,20.25,2.0,2.2601573,122.17095,0,8.136566
2023,20.25,2.25,2.29332,120.51853,0,8.255952
2023,20.25,2.5,2.1972663,118.36875,0,7.9101586
2023,20.25,2.75,2.1214502,114.98868,0,7.6372204
2023,20.25,3.0,2.1324556,108.018456,0,7.67684
2023,20.25,3.25,2.2252195,108.11239,0,8.01079
2023,20.25,3.5,2.315308,109.72424,0,8.335109
2023,20.25,3.75,2.3617268,108.713684,0,8.502216
2023,20.25,4.0,2.3135638,107.18091,0,8.32883
2023,20.25,4.25,2.215844,107.07928,0,7.977038
2023,20.25,4.5,2.3039496,82.44578,0,8.294218
2023,20.25,4.75,2.5656831,83.403404,0,9.236459
2023,20.25,5.0,2.66988,81.28884,0,9.6115675
2023,20.25,5.25,2.6729152,79.36652,0,9.622495
2023,20.25,5.5,2.6895134,77.798454,0,9.682248
2023,20.25,5.75,2.7003143,76.20467,0,9.721131
2023,20.25,6.0,2.6963303,74.46518,0,9.706789
2023,20.25,6.25,2.6577814,74.143425,0,9.568012
2023,20.25,6.5,2.7460945,75.928566,0,9.88594
2023,20.25,6.75,2.8218753,77.93268,0,10.158751
2023,20.25,7.0,2.8555279,78.59292,0,10.279901
2023,20.25,7.25,2.8744876,79.19549,0,10.348155
2023,20.25,7.5,2.837887,79.6265,0,10.216393
2023,20.25,7.75,2.7885838,81.43272,0,10.038901
2023,20.25,8.0,2.766536,84.58895,0,9.959529
2023,20.25,8.25,2.7857075,92.37711,0,10.028546
2023,20.25,8.5,2.578229,97.15919,0,9.281624
2023,20.25,8.75,2.164439,103.855225,0,7.7919803
2023,20.25,9.0,1.5516664,101.70333,0,5.585999
2023,20.25,9.25,1.3861951,117.48832,0,4.990302
2023,20.25,9.5,1.5144933,74.58362,0,5.452176
2023,20.25,9.75,1.581091,41.935574,0,5.6919274
2023,20.25,10.0,1.628373,41.05949,0,5.8621426
2023,20.25,10.25,1.6944712,43.342213,0,6.100096
2023,20.25,10.5,1.8574601,47.615784,0,6.6868563
2023,20.25,10.75,2.0082462,51.06729,0,7.2296863
2023,20.25,11.0,2.1094449,53.780415,0,7.5940013
2023,20.25,11.25,2.2054965,55.822094,0,7.9397874
2023,20.25,11.5,2.301858,57.89648,0,8.286689
2023,20.25,11.75,2.453584,61.329823,0,8.832902
2023,20.25,12.0,2.5960367,63.00677,0,9.345732
2023,20.0,-9.0,3.000778,56.223297,0,10.8028
2023,20.0,-8.75,2.882047,55.435528,0,10.375369
2023,20.0,-8.5,2.848307,60.82854,0,10.253904
2023,20.0,-8.25,2.9010437,63.779896,0,10.443757
2023,20.0,-8.0,2.926367,63.943882,0,10.534921
2023,20.0,-7.75,2.8730059,64.606636,0,10.342821
2023,20.0,-7.5,2.8525307,64.05068,0,10.269111
2023,20.0,-7.25,2.8387527,63.118885,0,10.21951
2023,20.0,-7.0,2.7616863,121.33997,0,9.942071
2023,20.0,-6.75,2.7000358,120.58776,0,9.720129
2023,20.0,-6.5,2.7372305,91.47637,0,9.85403
2023,20.0,-6.25,2.7394292,121.17374,0,9.861945
2023,20.0,-6.0,2.6846378,119.94434,0,9.664696
2023,20.0,-5.75,2.6512198,118.734276,0,9.544392
2023,20.0,-5.5,2.6185324,118.05796,0,9.426717
2023,20.0,-5.25,2.5976307,117.091034,0,9.35147
2023,20.0,-5.0,2.5657158,146.20926,0,9.236577
2023,20.0,-4.75,2.543588,145.06181,0,9.156917
2023,20.0,-4.5,2.53977,143.94435,0,9.143171
2023,20.0,-4.25,2.5418408,142.98189,0,9.150626
2023,20.0,-4.0,2.5482771,142.07072,0,9.173798
2023,20.0,-3.75,2.5513442,141.28914,0,9.184838
2023,20.0,-3.5,2.563533,110.171425,0,9.228719
2023,20.0,-3.25,2.599675,108.9443,0,9.3588295
2023,20.0,-3.0,2.6329243,107.52249,0,9.478527
2023,20.0,-2.75,2.647691,105.85819,0,9.531688
2023,20.0,-2.5,2.6390855,134.42796,0,9.500708
2023,20.0,-2.25,2.601392,133.42033,0,9.365011
2023,20.0,-2.0,2.5965116,134.13867,0,9.347442
2023,20.0,-1.75,2.6152456,164.86218,0,9.414884
2023,20.0,-1.5,2.5439749,164.16177,0,9.158309
2023,20.0,-1.25,2.4267912,163.76112,0,8.736448
2023,20.0,-1.0,2.375664,164.35188,0,8.55239
2023,20.0,-0.75,2.3561878,134.97227,0,8.482276
2023,20.0,-0.5,2.2685077,135.2143,0,8.166628
2023,20.0,-0.25,2.2085485,136.0728,0,7.9507747
2023,20.0,0.0,2.204499,134.15855,0,7.9361963
2023,20.0,0.25,2.1138754,130.92833,0,7.609951
2023,20.0,0.5,2.0956733,130.03142,0,7.5444236
2023,20.0,0.75,2.1373875,128.89894,0,7.694595
2023,20.0,1.0,2.2114189,127.73232,0,7.9611077
2023,20.0,1.25,2.234628,126.14025,0,8.044661
2023,20.0,1.5,2.2435744,124.678406,0,8.076867
2023,20.0,1.75,2.2783587,123.548134,0,8.202091
2023,20.0,2.0,2.3632004,121.91641,0,8.507522
2023,20.0,2.25,2.428819,119.84623,0,8.743748
2023,20.0,2.5,2.338081,115.93909,0,8.417091
2023,20.0,2.75,2.19228,110.64864,0,7.892208
2023,20.0,3.0,2.2087085,103.93787,0,7.9513507
2023,20.0,3.25,2.2648246,104.2478,0,8.153368
2023,20.0,3.5,2.3767858,107.61505,0,8.556429
2023,20.0,3.75,2.445163,108.26819,0,8.802587
2023,20.0,4.0,2.4064877,107.22113,0,8.663356
2023,20.0,4.25,2.3459456,78.09706,0,8.445404
2023,20.0,4.5,2.3818576,81.86205,0,8.574687
2023,20.0,4.75,2.5796764,82.543175,0,9.286835
2023,20.0,5.0,2.6458433,80.72054,0,9.525036
2023,20.0,5.25,2.6709385,78.860466,0,9.615378
2023,20.0,5.5,2.6983025,78.09203,0,9.713889
2023,20.0,5.75,2.712656,76.513245,0,9.765561
2023,20.0,6.0,2.6661031,75.040504,0,9.597971
2023,20.0,6.25,2.6140678,74.55326,0,9.410644
2023,20.0,6.5,2.6065269,76.802605,0,9.383496
2023,20.0,6.75,2.6420548,79.34224,0,9.511397
2023,20.0,7.0,2.660019,80.38327,0,9.576068
2023,20.0,7.25,2.6344392,80.563866,0,9.483981
2023,20.0,7.5,2.573779,80.97938,0,9.265605
2023,20.0,7.75,2.636506,83.49532,0,9.491422
2023,20.0,8.0,2.6258714,86.96536,0,9.453136
2023,20.0,8.25,2.8016746,88.44034,0,10.086028
2023,20.0,8.5,2.5285654,90.69647,0,9.102836
2023,20.0,8.75,1.8546691,87.20461,0,6.6768084
2023,20.0,9.0,1.3461717,85.98736,0,4.846218
2023,20.0,9.25,1.3828424,70.80991,0,4.9782324
2023,20.0,9.5,1.4029365,67.08059,0,5.050571
2023,20.0,9.75,1.4968642,65.2836,0,5.388711
2023,20.0,10.0,1.5610619,39.09998,0,5.6198225
2023,20.0,10.25,1.63342,42.723328,0,5.880312
2023,20.0,10.5,1.7347904,45.30575,0,6.2452455
2023,20.0,10.75,1.8783201,48.958725,0,6.7619524
2023,20.0,11.0,2.0096648,54.10097,0,7.234793
2023,20.0,11.25,2.146425,57.338177,0,7.72713
2023,20.0,11.5,2.235904,59.70714,0,8.049254
2023,20.0,11.75,2.368138,63.146896,0,8.525297
2023,20.0,12.0,2.4980218,64.63514,0,8.992878
2023,19.75,-9.0,3.0065477,76.27549,0,10.823571
2023,19.75,-8.75,2.8810475,71.618576,0,10.371771
2023,19.75,-8.5,2.834653,69.734795,0,10.20475
2023,19.75,-8.25,2.848568,68.25281,0,10.254845
2023,19.75,-8.0,2.8899825,67.35505,0,10.403936
2023,19.75,-7.75,2.9111807,66.47988,0,10.48025
2023,19.75,-7.5,2.9086592,65.474144,0,10.471173
2023,19.75,-7.25,2.8889859,93.98605,0,10.400349
2023,19.75,-7.0,2.8078575,92.19818,0,10.108287
2023,19.75,-6.75,2.7209704,91.26818,0,9.795493
2023,19.75,-6.5,2.727743,91.94561,0,9.819874
2023,19.75,-6.25,2.7586794,91.85141,0,9.931246
2023,19.75,-6.0,2.7516859,90.69634,0,9.906069
2023,19.75,-5.75,2.7212732,89.41095,0,9.796583
2023,19.75,-5.5,2.696268,118.2329,0,9.706565
2023,19.75,-5.25,2.675197,117.17895,0,9.630709
2023,19.75,-5.0,2.6462939,115.80059,0,9.526658
2023,19.75,-4.75,2.6254928,144.46281,0,9.451774
2023,19.75,-4.5,2.6070595,142.92047,0,9.385414
2023,19.75,-4.25,2.5948794,141.64732,0,9.341565
2023,19.75,-4.0,2.5980923,140.68983,0,9.353132
2023,19.75,-3.75,2.5999053,139.56529,0,9.359658
2023,19.75,-3.5,2.6092663,108.45765,0,9.393358
2023,19.75,-3.25,2.6244886,107.4538,0,9.448158
2023,19.75,-3.0,2.655757,106.2446,0,9.560725
2023,19.75,-2.75,2.6687431,105.14355,0,9.607475
2023,19.75,-2.5,2.6612651,103.858055,0,9.580554
2023,19.75,-2.25,2.607359,133.21672,0,9.386492
2023,19.75,-2.0,2.5742166,133.80803,0,9.2671795
2023,19.75,-1.75,2.6111999,134.88695,0,9.400319
2023,19.75,-1.5,2.5404065,164.49243,0,9.145463
2023,19.75,-1.25,2.406044,164.04703,0,8.661758
2023,19.75,-1.0,2.319514,135.1481,0,8.35025
2023,19.75,-0.75,2.3155637,136.5443,0,8.336029
2023,19.75,-0.5,2.2824256,136.01573,0,8.216732
2023,19.75,-0.25,2.2082767,136.51414,0,7.949796
2023,19.75,0.0,2.1750538,135.00694,0,7.8301935
2023,19.75,0.25,2.090595,132.37248,0,7.5261416
2023,19.75,0.5,2.072884,131.28777,0,7.4623823
2023,19.75,0.75,2.159241,130.38394,0,7.7732673
2023,19.75,1.0,2.2446976,128.88098,0,8.080911
2023,19.75,1.25,2.299142,127.17568,0,8.276911
2023,19.75,1.5,2.3091974,126.01276,0,8.31311
2023,19.75,1.75,2.3247602,125.18798,0,8.369137
2023,19.75,2.0,2.4029162,123.01602,0,8.650498
2023,19.75,2.25,2.4778402,120.062805,0,8.920224
2023,19.75,2.5,2.4041665,114.85376,0,8.654999
2023,19.75,2.75,2.2506757,109.490074,0,8.102432
2023,19.75,3.0,2.196801,121.14457,0,7.908483
2023,19.75,3.25,2.254192,114.77824,0,8.115091
2023,19.75,3.5,2.3178241,111.76417,0,8.344167
2023,19.75,3.75,2.3873622,110.284386,0,8.594503
2023,19.75,4.0,2.4553041,80.05775,0,8.839095
2023,19.75,4.25,2.4451873,80.49255,0,8.802674
2023,19.75,4.5,2.460017,81.441765,0,8.856061
2023,19.75,4.75,2.5564024,81.4869,0,9.203049
2023,19.75,5.0,2.6108892,80.086914,0,9.3992
2023,19.75,5.25,2.6489558,79.298485,0,9.536241
2023,19.75,5.5,2.6627455,78.45777,0,9.585883
2023,19.75,5.75,2.6338813,77.067085,0,9.481973
2023,19.75,6.0,2.5874557,75.634315,0,9.31484
2023,19.75,6.25,2.5252035,76.33901,0,9.090733
2023,19.75,6.5,2.487996,78.627235,0,8.956786
2023,19.75,6.75,2.4747121,80.83116,0,8.908963
2023,19.75,7.0,2.4862075,82.37279,0,8.950347
2023,19.75,7.25,2.4596436,83.16097,0,8.854716
2023,19.75,7.5,2.5850084,84.83215,0,9.30603
2023,19.75,7.75,2.7187498,87.53381,0,9.787498
2023,19.75,8.0,3.0047483,88.40444,0,10.817094
2023,19.75,8.25,3.2483203,89.01065,0,11.693953
2023,19.75,8.5,3.1966836,90.026695,0,11.50806
2023,19.75,8.75,2.4585721,83.85266,0,8.85086
2023,19.75,9.0,1.5945544,77.20432,0,5.7403955
2023,19.75,9.25,1.4635912,90.68134,0,5.268928
2023,19.75,9.5,1.344493,59.34759,0,4.8401747
2023,19.75,9.75,1.4064904,56.802876,0,5.0633655
2023,19.75,10.0,1.4886643,59.562946,0,5.3591914
2023,19.75,10.25,1.6156183,39.98946,0,5.816226
2023,19.75,10.5,1.7138524,42.26637,0,6.1698685
2023,19.75,10.75,1.7937554,48.05826,0,6.4575195
2023,19.75,11.0,1.9005661,54.289722,0,6.8420377
2023,19.75,11.25,2.0648496,59.414234,0,7.4334583
2023,19.75,11.5,2.1750345,62.49706,0,7.830124
2023,19.75,11.75,2.2912476,65.691505,0,8.248491
2023,19.75,12.0,2.3775685,67.474884,0,8.559246
2023,19.5,-9.0,3.086202,75.62372,0,11.110327
2023,19.5,-8.75,2.995776,73.29824,0,10.784793
2023,19.5,-8.5,2.9286735,71.10907,0,10.543224
2023,19.5,-8.25,2.9154541,69.596504,0,10.495635
2023,19.5,-8.0,2.9342968,68.47033,0,10.563468
2023,19.5,-7.75,2.9637613,67.41796,0,10.66954
2023,19.5,-7.5,2.962903,66.21291,0,10.6664505
2023,19.5,-7.25,2.9355237,94.57122,0,10.567885
2023,19.5,-7.0,2.8942416,92.89611,0,10.41927
2023,19.5,-6.75,2.8085659,91.79713,0,10.110837
2023,19.5,-6.5,2.794588,92.164,0,10.060517
2023,19.5,-6.25,2.8178215,91.91854,0,10.144157
2023,19.5,-6.0,2.809988,90.892204,0,10.115956
2023,19.5,-5.75,2.7934139,89.736534,0,10.05629
2023,19.5,-5.5,2.771735,88.50204,0,9.978246
2023,19.5,-5.25,2.7439785,117.0373,0,9.878323
2023,19.5,-5.0,2.7124202,115.46875,0,9.764712
2023,19.5,-4.75,2.6816814,113.69065,0,9.654053
2023,19.5,-4.5,2.6542742,142.09143,0,9.555387
2023,19.5,-4.25,2.6472275,140.51001,0,9.530019
2023,19.5,-4.0,2.6403952,139.14845,0,9.505423
2023,19.5,-3.75,2.6459463,138.05367,0,9.525406
2023,19.5,-3.5,2.6454747,107.051125,0,9.523708
2023,19.5,-3.25,2.6538365,106.17336,0,9.553811
2023,19.5,-3.0,2.6613848,105.43595,0,9.580985
2023,19.5,-2.75,2.6613133,104.50497,0,9.580728
2023,19.5,-2.5,2.652801,103.92151,0,9.550083
2023,19.5,-2.25,2.6194732,103.66975,0,9.430103
2023,19.5,-2.0,2.573192,103.9072,0,9.263491
2023,19.5,-1.75,2.572922,104.94354,0,9.262519
2023,19.5,-1.5,2.5146077,134.95674,0,9.0525875
2023,19.5,-1.25,2.3791702,134.78354,0,8.565012
2023,19.5,-1.0,2.290088,135.84154,0,8.244316
2023,19.5,-0.75,2.3015628,137.07625,0,8.285625
2023,19.5,-0.5,2.3084698,136.71806,0,8.310491
2023,19.5,-0.25,2.2319074,136.04927,0,8.034866
2023,19.5,0.0,2.1606476,134.89536,0,7.7783313
2023,19.5,0.25,2.0827134,133.02858,0,7.497768
2023,19.5,0.5,2.0725214,132.1754,0,7.461077
2023,19.5,0.75,2.1799228,131.964,0,7.847722
2023,19.5,1.0,2.324221,130.89308,0,8.367195
2023,19.5,1.25,2.3833106,129.14525,0,8.579918
2023,19.5,1.5,2.369921,127.265205,0,8.531715
2023,19.5,1.75,2.3727958,126.25449,0,8.542065
2023,19.5,2.0,2.4295409,124.77737,0,8.746346
2023,19.5,2.25,2.477209,121.94993,0,8.917953
2023,19.5,2.5,2.3814435,118.02411,0,8.573196
2023,19.5,2.75,2.2556877,117.17611,0,8.120476
2023,19.5,3.0,2.205055,115.5765,0,7.9381976
2023,19.5,3.25,2.2147386,113.93842,0,7.9730587
2023,19.5,3.5,2.253708,113.49073,0,8.113348
2023,19.5,3.75,2.3106844,114.02136,0,8.318463
2023,19.5,4.0,2.3885038,83.93082,0,8.598614
2023,19.5,4.25,2.4386303,83.13007,0,8.779069
2023,19.5,4.5,2.4717922,82.3447,0,8.898452
2023,19.5,4.75,2.5099442,81.57673,0,9.035799
2023,19.5,5.0,2.5217397,80.571686,0,9.078262
2023,19.5,5.25,2.5703328,79.75942,0,9.253198
2023,19.5,5.5,2.5767388,78.70162,0,9.276259
2023,19.5,5.75,2.545451,77.38471,0,9.163623
2023,19.5,6.0,2.490585,77.20579,0,8.966106
2023,19.5,6.25,2.41801,78.760216,0,8.704836
2023,19.5,6.5,2.363285,79.896614,0,8.507826
2023,19.5,6.75,2.3310437,81.5743,0,8.391757
2023,19.5,7.0,2.351517,83.1883,0,8.465461
2023,19.5,7.25,2.421398,84.53663,0,8.717032
2023,19.5,7.5,2.6481254,86.47877,0,9.533251
2023,19.5,7.75,2.9208314,85.78415,0,10.514993
2023,19.5,8.0,3.2384613,85.19604,0,11.658461
2023,19.5,8.25,3.4655914,86.88625,0,12.476129
2023,19.5,8.5,3.4637496,89.79446,0,12.469499
2023,19.5,8.75,2.6899502,91.64102,0,9.683821
2023,19.5,9.0,1.3126645,92.78434,0,4.725592
2023,19.5,9.25,1.1313919,85.11268,0,4.0730104
2023,19.5,9.5,1.2889203,51.527435,0,4.640113
2023,19.5,9.75,1.339063,49.66069,0,4.8206267
2023,19.5,10.0,1.4756075,52.47527,0,5.3121867
2023,19.5,10.25,1.6046635,36.290432,0,5.776788
2023,19.5,10.5,1.70474,42.581688,0,6.137064
2023,19.5,10.75,1.7780796,48.51505,0,6.4010863
2023,19.5,11.0,1.8273085,54.632202,0,6.5783105
2023,19.5,11.25,1.9747807,61.343334,0,7.1092105
2023,19.5,11.5,2.0936177,65.42692,0,7.5370235
2023,19.5,11.75,2.1841009,69.290825,0,7.862763
2023,19.5,12.0,2.2721317,71.31433,0,8.179674
2023,19.25,-9.0,3.1095693,76.11314,0,11.194449
2023,19.25,-8.75,3.1116626,73.85408,0,11.201985
2023,19.25,-8.5,3.0663774,71.627754,0,11.038959
2023,19.25,-8.25,3.0272644,69.829994,0,10.898151
2023,19.25,-8.0,3.0055177,68.74751,0,10.819863
2023,19.25,-7.75,2.9984112,68.009705,0,10.79428
2023,19.25,-7.5,2.992339,96.96856,0,10.77242
2023,19.25,-7.25,2.9716043,95.38943,0,10.697776
2023,19.25,-7.0,2.9332159,93.8202,0,10.559577
2023,19.25,-6.75,2.8786192,92.651764,0,10.363029
2023,19.25,-6.5,2.8638256,92.26029,0,10.309772
2023,19.25,-6.25,2.8720157,91.62708,0,10.339256
2023,19.25,-6.0,2.865178,90.65686,0,10.314641
2023,19.25,-5.75,2.8510017,89.67875,0,10.263606
2023,19.25,-5.5,2.8291016,88.461334,0,10.184766
2023,19.25,-5.25,2.8047192,116.86899,0,10.096989
2023,19.25,-5.0,2.7847288,115.050446,0,10.025023
2023,19.25,-4.75,2.7580473,113.05628,0,9.92897
2023,19.25,-4.5,2.724027,111.364815,0,9.806497
2023,19.25,-4.25,2.7063897,139.57983,0,9.743003
2023,19.25,-4.0,2.684479,138.08278,0,9.6641245
2023,19.25,-3.75,2.6712646,136.89482,0,9.616552
2023,19.25,-3.5,2.6566012,135.91655,0,9.563764
2023,19.25,-3.25,2.650843,105.190056,0,9.543035
2023,19.25,-3.0,2.6525602,104.71987,0,9.549216
2023,19.25,-2.75,2.6477058,104.42623,0,9.53174
2023,19.25,-2.5,2.6447284,104.18136,0,9.521022
2023,19.25,-2.25,2.6495426,103.88131,0,9.538353
2023,19.25,-2.0,2.6073053,104.0682,0,9.386299
2023,19.25,-1.75,2.5728326,104.78876,0,9.2621975
2023,19.25,-1.5,2.517204,105.22303,0,9.061934
2023,19.25,-1.25,2.4018009,135.327,0,8.646482
2023,19.25,-1.0,2.3013325,136.02647,0,8.284797
2023,19.25,-0.75,2.2936208,136.88731,0,8.257034
2023,19.25,-0.5,2.3261333,136.66931,0,8.37408
2023,19.25,-0.25,2.2763586,135.66724,0,8.194891
2023,19.25,0.0,2.1675413,134.70642,0,7.8031483
2023,19.25,0.25,2.0750692,133.95851,0,7.4702487
2023,19.25,0.5,2.0915067,134.24883,0,7.529424
2023,19.25,0.75,2.2594326,134.78772,0,8.133957
2023,19.25,1.0,2.4260733,133.17802,0,8.733864
2023,19.25,1.25,2.4753385,130.28828,0,8.911219
2023,19.25,1.5,2.445567,128.04298,0,8.804041
2023,19.25,1.75,2.443649,126.77088,0,8.797136
2023,19.25,2.0,2.5065258,124.1224,0,9.023493
2023,19.25,2.25,2.5097728,122.13706,0,9.035182
2023,19.25,2.5,2.32928,121.42035,0,8.385407
2023,19.25,2.75,2.2171328,118.25443,0,7.981678
2023,19.25,3.0,2.2076821,115.59787,0,7.9476557
2023,19.25,3.25,2.2366788,115.346275,0,8.052044
2023,19.25,3.5,2.2770941,116.34916,0,8.197538
2023,19.25,3.75,2.3141267,117.14312,0,8.330856
2023,19.25,4.0,2.3428886,116.64504,0,8.434399
2023,19.25,4.25,2.3784559,85.29506,0,8.562441
2023,19.25,4.5,2.4281843,84.308784,0,8.741463
2023,19.25,4.75,2.4523394,83.17907,0,8.828422
2023,19.25,5.0,2.4487572,82.48747,0,8.815526
2023,19.25,5.25,2.445808,82.069565,0,8.804909
2023,19.25,5.5,2.4281776,80.74727,0,8.741439
2023,19.25,5.75,2.4036334,79.42754,0,8.65308
2023,19.25,6.0,2.3715444,79.49267,0,8.5375595
2023,19.25,6.25,2.3231194,80.59664,0,8.36323
2023,19.25,6.5,2.265517,81.13487,0,8.155861
2023,19.25,6.75,2.1790285,81.511055,0,7.8445024
2023,19.25,7.0,2.2017105,82.027,0,7.9261575
2023,19.25,7.25,2.2629538,82.91915,0,8.146633
2023,19.25,7.5,2.3781335,83.44712,0,8.56128
2023,19.25,7.75,2.5128088,82.21693,0,9.046111
2023,19.25,8.0,2.6156754,80.87093,0,9.416431
2023,19.25,8.25,2.6397316,83.05108,0,9.503034
2023,19.25,8.5,2.4645622,83.712,0,8.872423
2023,19.25,8.75,1.8915452,81.41837,0,6.8095627
2023,19.25,9.0,0.7513493,91.79108,0,2.7048573
2023,19.25,9.25,0.35231045,178.146,0,1.2683176
2023,19.25,9.5,0.7891841,162.52153,0,2.8410625
2023,19.25,9.75,1.1859441,127.8996,0,4.2693987
2023,19.25,10.0,1.4578046,74.96792,0,5.2480965
2023,19.25,10.25,1.6299084,34.884136,0,5.86767
2023,19.25,10.5,1.7098984,42.597065,0,6.155634
2023,19.25,10.75,1.7633909,49.697407,0,6.348207
2023,19.25,11.0,1.8083225,55.753555,0,6.509961
2023,19.25,11.25,1.8969535,62.394714,0,6.8290324
2023,19.25,11.5,2.035745,67.87198,0,7.3286815
2023,19.25,11.75,2.1111238,72.05715,0,7.6000457
2023,19.25,12.0,2.1938758,74.26029,0,7.8979526
2023,19.0,-9.0,3.2159796,76.27469,0,11.577526
2023,19.0,-8.75,3.1830971,74.07489,0,11.459149
2023,19.0,-8.5,3.1701725,72.01023,0,11.412621
2023,19.0,-8.25,3.141717,70.57798,0,11.310181
2023,19.0,-8.0,3.0942047,99.40857,0,11.139136
2023,19.0,-7.75,3.0581434,98.386314,0,11.0093155
2023,19.0,-7.5,3.043946,97.276024,0,10.958205
2023,19.0,-7.25,3.0016253,95.98642,0,10.805851
2023,19.0,-7.0,2.9422321,94.541985,0,10.592035
2023,19.0,-6.75,2.9361057,93.28512,0,10.569981
2023,19.0,-6.5,2.9360225,92.18555,0,10.569681
2023,19.0,-6.25,2.9281137,91.13339,0,10.541209
2023,19.0,-6.0,2.9262457,90.117134,0,10.534484
2023,19.0,-5.75,2.9092257,89.27059,0,10.473212
2023,19.0,-5.5,2.8810365,118.040764,0,10.371731
2023,19.0,-5.25,2.8542328,116.3012,0,10.275238
2023,19.0,-5.0,2.8231976,114.33425,0,10.163511
2023,19.0,-4.75,2.790465,112.23517,0,10.045674
2023,19.0,-4.5,2.7574656,110.26009,0,9.926876
2023,19.0,-4.25,2.7331288,138.58522,0,9.839263
2023,19.0,-4.0,2.7218952,137.28288,0,9.798822
2023,19.0,-3.75,2.7174127,136.13731,0,9.782685
2023,19.0,-3.5,2.696345,135.1541,0,9.706842
2023,19.0,-3.25,2.6659105,104.43085,0,9.597278
2023,19.0,-3.0,2.648734,104.00765,0,9.535442
2023,19.0,-2.75,2.635702,103.93754,0,9.488526
2023,19.0,-2.5,2.6330137,103.88436,0,9.478849
2023,19.0,-2.25,2.6332657,103.712585,0,9.479756
2023,19.0,-2.0,2.621556,104.185265,0,9.437601
2023,19.0,-1.75,2.5883405,104.75106,0,9.318026
2023,19.0,-1.5,2.5303152,105.24069,0,9.109135
2023,19.0,-1.25,2.4477098,135.53456,0,8.811755
2023,19.0,-1.0,2.3856301,136.12903,0,8.588268
2023,19.0,-0.75,2.3715618,136.63983,0,8.537622
2023,19.0,-0.5,2.3634474,136.24356,0,8.50841
2023,19.0,-0.25,2.3035805,135.53291,0,8.29289
2023,19.0,0.0,2.2238157,135.86635,0,8.005736
2023,19.0,0.25,2.1344476,135.43385,0,7.684011
2023,19.0,0.5,2.143658,135.78542,0,7.7171683
2023,19.0,0.75,2.2996128,136.2091,0,8.278605
2023,19.0,1.0,2.4531155,134.70648,0,8.831216
2023,19.0,1.25,2.4931052,132.3462,0,8.975179
2023,19.0,1.5,2.466687,131.18585,0,8.880073
2023,19.0,1.75,2.4950259,131.30211,0,8.982093
2023,19.0,2.0,2.5810428,128.98637,0,9.291754
2023,19.0,2.25,2.5791047,124.16836,0,9.284777
2023,19.0,2.5,2.3590918,123.825745,0,8.49273
2023,19.0,2.75,2.2302237,123.57888,0,8.028805
2023,19.0,3.0,2.2221882,122.250885,0,7.9998775
2023,19.0,3.25,2.2623723,122.130516,0,8.14454
2023,19.0,3.5,2.3071105,121.91891,0,8.305597
2023,19.0,3.75,2.3395634,91.44448,0,8.422428
2023,19.0,4.0,2.3605726,90.45175,0,8.498061
2023,19.0,4.25,2.3709626,89.62848,0,8.535465
2023,19.0,4.5,2.388614,89.577065,0,8.5990095
2023,19.0,4.75,2.41032,89.59727,0,8.677152
2023,19.0,5.0,2.401169,89.56699,0,8.644208
2023,19.0,5.25,2.3767822,90.09611,0,8.556416
2023,19.0,5.5,2.3459551,90.44697,0,8.445438
2023,19.0,5.75,2.3016956,91.117584,0,8.286104
2023,19.0,6.0,2.2542279,91.456085,0,8.11522
2023,19.0,6.25,2.1948514,90.35452,0,7.901465
2023,19.0,6.5,2.1182044,87.456,0,7.6255355
2023,19.0,6.75,2.0166833,83.678406,0,7.26006
2023,19.0,7.0,1.9667224,81.76823,0,7.0802
2023,19.0,7.25,1.8950443,80.60193,0,6.8221593
2023,19.0,7.5,1.8525848,80.798294,0,6.6693053
2023,19.0,7.75,1.820187,82.11126,0,6.552673
2023,19.0,8.0,1.6903561,86.27384,0,6.085282
2023,19.0,8.25,1.641931,92.036644,0,5.9109516
2023,19.0,8.5,1.6546574,100.47015,0,5.956766
2023,19.0,8.75,1.4613962,72.29427,0,5.2610264
2023,19.0,9.0,1.135072,59.00487,0,4.086259
2023,19.0,9.25,0.7828981,42.09357,0,2.8184333
2023,19.0,9.5,0.8686547,82.778435,0,3.127157
2023,19.0,9.75,1.1032258,154.64897,0,3.971613
2023,19.0,10.0,1.3544623,155.19675,0,4.876064
2023,19.0,10.25,1.5578184,68.33216,0,5.608146
2023,19.0,10.5,1.6771511,43.733944,0,6.0377436
2023,19.0,10.75,1.7831869,49.8309,0,6.4194727
2023,19.0,11.0,1.8535748,56.649227,0,6.6728687
2023,19.0,11.25,1.8593236,62.313477,0,6.693565
2023,19.0,11.5,1.9981524,69.80018,0,7.1933484
2023,19.0,11.75,2.061573,74.29152,0,7.421663
2023,19.0,12.0,2.1172478,76.62978,0,7.622092
2023,18.75,-9.0,3.4264805,75.25289,0,12.33533
2023,18.75,-8.75,3.3419821,73.29739,0,12.031136
2023,18.75,-8.5,3.2842083,71.415245,0,11.82315
2023,18.75,-8.25,3.2593296,70.6168,0,11.733586
2023,18.75,-8.0,3.1815522,99.991486,0,11.453588
2023,18.75,-7.75,3.1152744,98.519066,0,11.214988
2023,18.75,-7.5,3.0659323,96.68841,0,11.037355
2023,18.75,-7.25,3.04521,95.4371,0,10.962755
2023,18.75,-7.0,3.0330489,94.082466,0,10.918976
2023,18.75,-6.75,2.9916017,92.83478,0,10.769766
2023,18.75,-6.5,2.9787874,91.60633,0,10.723635
2023,18.75,-6.25,2.9599512,120.44632,0,10.655824
2023,18.75,-6.0,2.9468377,119.332214,0,10.608615
2023,18.75,-5.75,2.9261398,118.21643,0,10.534103
2023,18.75,-5.5,2.905977,116.95269,0,10.461517
2023,18.75,-5.25,2.885938,115.358986,0,10.389377
2023,18.75,-5.0,2.851444,113.46064,0,10.265198
2023,18.75,-4.75,2.8307269,111.33694,0,10.190617
2023,18.75,-4.5,2.8065083,109.52048,0,10.10343
2023,18.75,-4.25,2.7821848,107.933044,0,10.015865
2023,18.75,-4.0,2.7569933,106.668396,0,9.925176
2023,18.75,-3.75,2.7436578,105.51373,0,9.877168
2023,18.75,-3.5,2.7284467,104.5541,0,9.822408
2023,18.75,-3.25,2.7064927,103.83181,0,9.743373
2023,18.75,-3.0,2.6854591,103.38888,0,9.667653
2023,18.75,-2.75,2.6683435,103.24627,0,9.606036
2023,18.75,-2.5,2.6364894,103.45937,0,9.491362
2023,18.75,-2.25,2.6118433,103.92826,0,9.402636
2023,18.75,-2.0,2.6029522,104.48291,0,9.370627
2023,18.75,-1.75,2.5980318,104.79374,0,9.352914
2023,18.75,-1.5,2.562136,105.2521,0,9.223689
2023,18.75,-1.25,2.532235,105.53228,0,9.116045
2023,18.75,-1.0,2.4930649,135.96489,0,8.975034
2023,18.75,-0.75,2.4923642,136.0335,0,8.97251
2023,18.75,-0.5,2.4831142,135.61517,0,8.939211
2023,18.75,-0.25,2.4322784,136.00401,0,8.756202
2023,18.75,0.0,2.37561,136.67796,0,8.5521965
2023,18.75,0.25,2.2773545,135.60413,0,8.198476
2023,18.75,0.5,2.2518444,135.81122,0,8.10664
2023,18.75,0.75,2.3776748,136.99077,0,8.559629
2023,18.75,1.0,2.4902353,137.06706,0,8.964847
2023,18.75,1.25,2.5258038,135.905,0,9.092894
2023,18.75,1.5,2.5291064,135.35638,0,9.104783
2023,18.75,1.75,2.5649269,135.19019,0,9.233736
2023,18.75,2.0,2.623824,132.64862,0,9.4457655
2023,18.75,2.25,2.6161206,128.44893,0,9.418034
2023,18.75,2.5,2.4449608,127.53243,0,8.801859
2023,18.75,2.75,2.3280044,128.616,0,8.3808155
2023,18.75,3.0,2.3234131,133.2181,0,8.364287
2023,18.75,3.25,2.3551123,129.79204,0,8.478404
2023,18.75,3.5,2.385292,97.74752,0,8.587051
2023,18.75,3.75,2.3998618,95.08264,0,8.639503
2023,18.75,4.0,2.4218807,92.93447,0,8.71877
2023,18.75,4.25,2.3930986,91.90887,0,8.615154
2023,18.75,4.5,2.385059,92.49173,0,8.586212
2023,18.75,4.75,2.390424,93.212,0,8.605526
2023,18.75,5.0,2.3512704,93.45248,0,8.464573
2023,18.75,5.25,2.3316696,94.11942,0,8.394011
2023,18.75,5.5,2.2945547,94.86515,0,8.260397
2023,18.75,5.75,2.24127,95.32788,0,8.068572
2023,18.75,6.0,2.1711237,95.42228,0,7.8160453
2023,18.75,6.25,2.1136668,95.09867,0,7.6092
2023,18.75,6.5,2.0368009,93.49709,0,7.332483
2023,18.75,6.75,1.9255873,90.72672,0,6.932114
2023,18.75,7.0,1.7991767,88.13314,0,6.477036
2023,18.75,7.25,1.5945106,85.98812,0,5.7402377
2023,18.75,7.5,1.5474176,88.45788,0,5.5707035
2023,18.75,7.75,1.5667472,95.651184,0,5.64029
2023,18.75,8.0,1.5396246,100.971214,0,5.5426483
2023,18.75,8.25,1.7074102,102.71517,0,6.1466765
2023,18.75,8.5,1.8853126,106.11327,0,6.787125
2023,18.75,8.75,2.010883,100.85978,0,7.239179
2023,18.75,9.0,1.8451309,57.89072,0,6.6424713
2023,18.75,9.25,1.6587988,74.90116,0,5.9716754
2023,18.75,9.5,1.4454223,37.459576,0,5.2035203
2023,18.75,9.75,1.4381117,109.54696,0,5.1772017
2023,18.75,10.0,1.5340549,123.62124,0,5.5225973
2023,18.75,10.25,1.6940393,68.768974,0,6.0985413
2023,18.75,10.5,1.7505518,43.13563,0,6.301986
2023,18.75,10.75,1.8153871,48.126892,0,6.5353937
2023,18.75,11.0,1.8898119,57.06059,0,6.803323
2023,18.75,11.25,1.9025553,62.023117,0,6.8491993
2023,18.75,11.5,2.0230696,69.74754,0,7.2830505
2023,18.75,11.75,2.0818527,74.68079,0,7.4946694
2023,18.75,12.0,2.1242654,79.20529,0,7.6473556
2023,18.5,-9.0,3.3983738,74.64449,0,12.234145
2023,18.5,-8.75,3.4411204,72.61468,0,12.388033
2023,18.5,-8.5,3.375023,100.64704,0,12.150082
2023,18.5,-8.25,3.3793125,101.45983,0,12.1655245
2023,18.5,-8.0,3.3205574,100.84021,0,11.954006
2023,18.5,-7.75,3.2190142,98.61276,0,11.58845
2023,18.5,-7.5,3.1507623,96.358925,0,11.342744
2023,18.5,-7.25,3.0874424,94.45644,0,11.114792
2023,18.5,-7.0,3.0842445,93.308525,0,11.10328
2023,18.5,-6.75,3.0569868,92.35323,0,11.005152
2023,18.5,-6.5,3.0401115,120.97701,0,10.944401
2023,18.5,-6.25,3.010392,119.794556,0,10.837411
2023,18.5,-6.0,2.978697,118.32892,0,10.7233095
2023,18.5,-5.75,2.9572964,117.12839,0,10.646267
2023,18.5,-5.5,2.9307578,115.782616,0,10.550728
2023,18.5,-5.25,2.9078453,114.29879,0,10.468243
2023,18.5,-5.0,2.8913152,112.45051,0,10.408734
2023,18.5,-4.75,2.8802445,110.3366,0,10.36888
2023,18.5,-4.5,2.8539753,108.68615,0,10.274311
2023,18.5,-4.25,2.8422043,107.347046,0,10.2319355
2023,18.5,-4.0,2.8252413,106.18578,0,10.170869
2023,18.5,-3.75,2.8057077,105.25106,0,10.100548
2023,18.5,-3.5,2.7862387,104.28713,0,10.030459
2023,18.5,-3.25,2.7470906,103.58933,0,9.889525
2023,18.5,-3.0,2.719554,103.16805,0,9.790394
2023,18.5,-2.75,2.684151,103.25204,0,9.662943
2023,18.5,-2.5,2.6507053,103.62797,0,9.542539
2023,18.5,-2.25,2.629935,104.56547,0,9.467766
2023,18.5,-2.0,2.6132593,104.90735,0,9.407733
2023,18.5,-1.75,2.6035728,105.03367,0,9.372862
2023,18.5,-1.5,2.5986986,105.04705,0,9.355315
2023,18.5,-1.25,2.5786998,105.39957,0,9.283319
2023,18.5,-1.0,2.5881755,135.88275,0,9.317431
2023,18.5,-0.75,2.5922654,136.04582,0,9.332155
2023,18.5,-0.5,2.5878875,135.99043,0,9.316395
2023,18.5,-0.25,2.5514815,136.46211,0,9.185333
2023,18.5,0.0,2.5218682,136.62744,0,9.078726
2023,18.5,0.25,2.402106,135.40096,0,8.647581
2023,18.5,0.5,2.361227,135.92719,0,8.500417
2023,18.5,0.75,2.4493277,137.80095,0,8.817579
2023,18.5,1.0,2.5581572,138.27055,0,9.209366
2023,18.5,1.25,2.607756,138.14542,0,9.387921
2023,18.5,1.5,2.6120493,137.97702,0,9.403378
2023,18.5,1.75,2.617986,137.33583,0,9.424749
2023,18.5,2.0,2.657542,135.25911,0,9.567151
2023,18.5,2.25,2.6559176,132.18536,0,9.561303
2023,18.5,2.5,2.533151,131.8308,0,9.119343
2023,18.5,2.75,2.4530487,137.9538,0,8.830976
2023,18.5,3.0,2.4725513,138.49693,0,8.901185
2023,18.5,3.25,2.4903882,137.27657,0,8.965397
2023,18.5,3.5,2.4802282,107.065346,0,8.928822
2023,18.5,3.75,2.4866335,107.53179,0,8.95188
2023,18.5,4.0,2.4912019,107.71641,0,8.968327
2023,18.5,4.25,2.4700077,108.13145,0,8.892027
2023,18.5,4.5,2.4450462,105.96203,0,8.802166
2023,18.5,4.75,2.4217796,102.23458,0,8.718407
2023,18.5,5.0,2.369653,100.458496,0,8.53075
2023,18.5,5.25,2.296715,100.97169,0,8.268174
2023,18.5,5.5,2.2604487,101.68772,0,8.137615
2023,18.5,5.75,2.1980302,101.76362,0,7.9129086
2023,18.5,6.0,2.1321805,100.81068,0,7.6758494
2023,18.5,6.25,2.0491579,98.18389,0,7.376968
2023,18.5,6.5,1.9611007,95.45698,0,7.0599623
2023,18.5,6.75,1.8478045,92.77069,0,6.6520963
2023,18.5,7.0,1.7115631,92.05194,0,6.161627
2023,18.5,7.25,1.5442086,93.029724,0,5.559151
2023,18.5,7.5,1.6156148,99.14224,0,5.816213
2023,18.5,7.75,1.7496051,103.66437,0,6.2985783
2023,18.5,8.0,2.0817115,102.02853,0,7.494161
2023,18.5,8.25,2.3004436,101.99886,0,8.281597
2023,18.5,8.5,2.3428366,103.93105,0,8.434212
2023,18.5,8.75,2.2789507,105.07479,0,8.204223
2023,18.5,9.0,1.800584,68.68847,0,6.482102
2023,18.5,9.25,1.711267,78.29679,0,6.160561
2023,18.5,9.5,1.7773752,40.52664,0,6.3985505
2023,18.5,9.75,1.8670448,28.110191,0,6.721361
2023,18.5,10.0,1.9065291,35.9515,0,6.8635044
2023,18.5,10.25,1.8847913,41.60883,0,6.7852483
2023,18.5,10.5,1.905258,45.238476,0,6.8589287
2023,18.5,10.75,1.8947295,79.58468,0,6.821026
2023,18.5,11.0,1.9607162,86.903175,0,7.0585785
2023,18.5,11.25,1.9903487,89.601524,0,7.165255
2023,18.5,11.5,2.082904,93.31385,0,7.4984546
2023,18.5,11.75,2.1601012,91.17379,0,7.776364
2023,18.5,12.0,2.209777,91.243065,0,7.9551973
2023,18.25,-9.0,3.3378708,103.221405,0,12.016335
2023,18.25,-8.75,3.4079616,100.91852,0,12.2686615
2023,18.25,-8.5,3.3712928,99.00695,0,12.136654
2023,18.25,-8.25,3.3886423,99.50292,0,12.199112
2023,18.25,-8.0,3.4201736,101.15573,0,12.312625
2023,18.25,-7.75,3.3198807,98.48643,0,11.9515705
2023,18.25,-7.5,3.2631361,95.744446,0,11.74729
2023,18.25,-7.25,3.193489,93.862404,0,11.49656
2023,18.25,-7.0,3.1261222,92.26232,0,11.25404
2023,18.25,-6.75,3.1174371,121.550995,0,11.222774
2023,18.25,-6.5,3.0977423,120.52567,0,11.151872
2023,18.25,-6.25,3.0541408,119.368774,0,10.994906
2023,18.25,-6.0,3.0274258,117.93711,0,10.898732
2023,18.25,-5.75,3.0051024,116.3537,0,10.818368
2023,18.25,-5.5,2.9796095,115.08612,0,10.726594
2023,18.25,-5.25,2.9845555,113.46256,0,10.744399
2023,18.25,-5.0,2.974431,111.57258,0,10.707952
2023,18.25,-4.75,2.963423,109.729675,0,10.668323
2023,18.25,-4.5,2.9444592,108.14129,0,10.600053
2023,18.25,-4.25,2.9306052,106.905426,0,10.550179
2023,18.25,-4.0,2.8967,105.91627,0,10.42812
2023,18.25,-3.75,2.8744698,104.97738,0,10.348091
2023,18.25,-3.5,2.8407555,104.21417,0,10.22672
2023,18.25,-3.25,2.8028603,103.53387,0,10.090297
2023,18.25,-3.0,2.7762556,103.133575,0,9.99452
2023,18.25,-2.75,2.7430732,103.22958,0,9.875063
2023,18.25,-2.5,2.7003434,103.83242,0,9.721236
2023,18.25,-2.25,2.6921444,104.898315,0,9.69172
2023,18.25,-2.0,2.6764014,105.165565,0,9.635045
2023,18.25,-1.75,2.6493137,105.10516,0,9.537529
2023,18.25,-1.5,2.6380377,105.177185,0,9.496936
2023,18.25,-1.25,2.6315134,135.5532,0,9.473448
2023,18.25,-1.0,2.641666,136.09258,0,9.509997
2023,18.25,-0.75,2.6611717,136.34094,0,9.580217
2023,18.25,-0.5,2.6570385,136.33812,0,9.565338
2023,18.25,-0.25,2.650499,136.72078,0,9.541797
2023,18.25,0.0,2.6328585,136.57825,0,9.478291
2023,18.25,0.25,2.5034597,135.57379,0,9.012455
2023,18.25,0.5,2.433976,136.54494,0,8.762313
2023,18.25,0.75,2.5141382,138.36203,0,9.050898
2023,18.25,1.0,2.6204984,139.28711,0,9.433794
2023,18.25,1.25,2.6675138,139.45862,0,9.603049
2023,18.25,1.5,2.6919372,139.48277,0,9.690973
2023,18.25,1.75,2.7007158,139.09076,0,9.722576
2023,18.25,2.0,2.716817,137.82906,0,9.78054
2023,18.25,2.25,2.7090414,136.15709,0,9.752548
2023,18.25,2.5,2.6322896,136.93552,0,9.476242
2023,18.25,2.75,2.6071713,138.0207,0,9.385817
2023,18.25,3.0,2.6191938,108.27946,0,9.429097
2023,18.25,3.25,2.603285,108.08465,0,9.371826
2023,18.25,3.5,2.5943868,107.58532,0,9.339792
2023,18.25,3.75,2.5612776,107.2196,0,9.220599
2023,18.25,4.0,2.5566764,107.37906,0,9.204035
2023,18.25,4.25,2.5562513,107.620735,0,9.202504
2023,18.25,4.5,2.533617,107.08417,0,9.121021
2023,18.25,4.75,2.5042653,105.763084,0,9.015355
2023,18.25,5.0,2.4411762,105.18854,0,8.788234
2023,18.25,5.25,2.3599668,105.35672,0,8.49588
2023,18.25,5.5,2.2490559,105.98495,0,8.096601
2023,18.25,5.75,2.185728,105.78933,0,7.868621
2023,18.25,6.0,2.0740209,104.46201,0,7.466475
2023,18.25,6.25,1.9761051,102.19391,0,7.1139784
2023,18.25,6.5,1.8829521,99.12342,0,6.7786274
2023,18.25,6.75,1.7562464,96.58613,0,6.322487
2023,18.25,7.0,1.6098313,95.522644,0,5.7953925
2023,18.25,7.25,1.5224832,97.12888,0,5.4809394
2023,18.25,7.5,1.5833702,102.21981,0,5.7001324
2023,18.25,7.75,1.7746468,100.2814,0,6.388728
2023,18.25,8.0,2.0757117,99.331085,0,7.472562
2023,18.25,8.25,2.0713074,100.7365,0,7.4567065
2023,18.25,8.5,2.0101314,102.795135,0,7.2364726
2023,18.25,8.75,1.9420972,109.80894,0,6.9915495
2023,18.25,9.0,1.4930744,78.20286,0,5.3750677
2023,18.25,9.25,1.3922118,75.81034,0,5.0119624
2023,18.25,9.5,1.8329247,63.515854,0,6.598529
2023,18.25,9.75,1.9762608,44.362946,0,7.1145387
2023,18.25,10.0,2.0847664,43.13735,0,7.505159
2023,18.25,10.25,2.0733497,47.14009,0,7.464059
2023,18.25,10.5,1.9944777,79.65772,0,7.1801195
2023,18.25,10.75,1.9919633,82.865456,0,7.1710677
2023,18.25,11.0,2.014877,85.73547,0,7.253557
2023,18.25,11.25,2.0562675,87.04185,0,7.4025626
2023,18.25,11.5,2.1564517,89.488525,0,7.763226
2023,18.25,11.75,2.2399857,90.36439,0,8.063949
2023,18.25,12.0,2.2942016,91.23108,0,8.259126
2023,18.0,-9.0,3.329054,97.81415,0,11.984594
2023,18.0,-8.75,3.3483503,96.57318,0,12.054061
2023,18.0,-8.5,3.3267574,95.090294,0,11.976326
2023,18.0,-8.25,3.261137,94.42664,0,11.740093
2023,18.0,-8.0,3.284771,95.459595,0,11.825175
2023,18.0,-7.75,3.3356524,96.776184,0,12.008348
2023,18.0,-7.5,3.2838507,94.27732,0,11.821862
2023,18.0,-7.25,3.328763,93.05785,0,11.983546
2023,18.0,-7.0,3.2226665,121.518,0,11.601599
2023,18.0,-6.75,3.1601543,120.69062,0,11.376555
2023,18.0,-6.5,3.1355877,120.12168,0,11.2881155
2023,18.0,-6.25,3.1013613,119.08697,0,11.1649
2023,18.0,-6.0,3.0805066,117.60462,0,11.089824
2023,18.0,-5.75,3.0585957,116.10559,0,11.010944
2023,18.0,-5.5,3.0592356,114.41758,0,11.0132475
2023,18.0,-5.25,3.0649846,112.789696,0,11.033944
2023,18.0,-5.0,3.0652106,111.00781,0,11.034758
2023,18.0,-4.75,3.0576255,109.28068,0,11.007452
2023,18.0,-4.5,3.0448525,107.70251,0,10.961469
2023,18.0,-4.25,3.0143025,106.487495,0,10.851489
2023,18.0,-4.0,2.976055,105.566795,0,10.713798
2023,18.0,-3.75,2.9459064,104.774956,0,10.605263
2023,18.0,-3.5,2.9126318,104.04446,0,10.485474
2023,18.0,-3.25,2.8683426,103.48037,0,10.326034
2023,18.0,-3.0,2.8430347,103.12484,0,10.234925
2023,18.0,-2.75,2.794391,103.24204,0,10.059807
2023,18.0,-2.5,2.7513266,103.85452,0,9.904776
2023,18.0,-2.25,2.7613251,104.812775,0,9.94077
2023,18.0,-2.0,2.7470725,105.00922,0,9.889461
2023,18.0,-1.75,2.7191238,134.95686,0,9.788846
2023,18.0,-1.5,2.7005985,135.05313,0,9.722155
2023,18.0,-1.25,2.6945667,135.48895,0,9.70044
2023,18.0,-1.0,2.6932852,135.96574,0,9.695827
2023,18.0,-0.75,2.7124288,136.26994,0,9.764744
2023,18.0,-0.5,2.7197964,136.4016,0,9.791266
2023,18.0,-0.25,2.7213404,136.72401,0,9.796825
2023,18.0,0.0,2.7050874,136.69557,0,9.738315
2023,18.0,0.25,2.5944304,136.18364,0,9.33995
2023,18.0,0.5,2.528881,137.18402,0,9.1039715
2023,18.0,0.75,2.5802658,138.86174,0,9.288957
2023,18.0,1.0,2.6859436,139.9398,0,9.669396
2023,18.0,1.25,2.7429512,140.75317,0,9.874624
2023,18.0,1.5,2.766465,140.98927,0,9.959273
2023,18.0,1.75,2.77555,140.29842,0,9.99198
2023,18.0,2.0,2.7836196,139.34119,0,10.02103
2023,18.0,2.25,2.7765262,138.37706,0,9.995494
2023,18.0,2.5,2.7499568,138.20897,0,9.899844
2023,18.0,2.75,2.731518,108.19611,0,9.833465
2023,18.0,3.0,2.7153752,108.43992,0,9.775351
2023,18.0,3.25,2.6989193,108.175255,0,9.716109
2023,18.0,3.5,2.6595223,107.35398,0,9.57428
2023,18.0,3.75,2.6261277,107.05078,0,9.45406
2023,18.0,4.0,2.6041522,107.33231,0,9.374948
2023,18.0,4.25,2.6091125,107.73644,0,9.392805
2023,18.0,4.5,2.5902112,107.27582,0,9.3247595
2023,18.0,4.75,2.5604744,106.759254,0,9.217708
2023,18.0,5.0,2.4958842,106.94836,0,8.985183
2023,18.0,5.25,2.4006813,108.13792,0,8.642452
2023,18.0,5.5,2.2894423,108.758545,0,8.241992
2023,18.0,5.75,2.1347303,108.28939,0,7.685029
2023,18.0,6.0,2.0200021,107.21876,0,7.2720075
2023,18.0,6.25,1.8926708,106.206764,0,6.8136144
2023,18.0,6.5,1.7842308,104.23617,0,6.4232306
2023,18.0,6.75,1.6266732,102.34656,0,5.8560233
2023,18.0,7.0,1.4578997,100.00077,0,5.248439
2023,18.0,7.25,1.378976,100.93577,0,4.9643135
2023,18.0,7.5,1.3714389,99.92387,0,4.9371796
2023,18.0,7.75,1.5350438,99.72809,0,5.526158
2023,18.0,8.0,1.6534683,101.57938,0,5.9524856
2023,18.0,8.25,1.622951,104.79191,0,5.8426237
2023,18.0,8.5,1.5913596,97.863594,0,5.728894
2023,18.0,8.75,1.6265011,105.44691,0,5.855404
2023,18.0,9.0,1.4853712,67.13879,0,5.3473363
2023,18.0,9.25,1.4439002,62.923023,0,5.1980405
2023,18.0,9.5,1.8553156,54.22021,0,6.679136
2023,18.0,9.75,2.009781,50.62254,0,7.235211
2023,18.0,10.0,2.1292965,50.936443,0,7.6654673
2023,18.0,10.25,2.1628258,51.969448,0,7.786173
2023,18.0,10.5,2.0932548,83.38465,0,7.535717
2023,18.0,10.75,2.0797222,83.46204,0,7.4869995
2023,18.0,11.0,2.087995,84.076324,0,7.516782
2023,18.0,11.25,2.1243951,85.98885,0,7.6478224
2023,18.0,11.5,2.2147038,88.72292,0,7.9729333
2023,18.0,11.75,2.299838,90.390434,0,8.279417
2023,18.0,12.0,2.3750756,91.75126,0,8.550272
