year,latitude,longitude,wspd,wdir,number,wspd_kmh
2019,37.0,-9.0,4.5320125,283.55823,0,16.315245
2019,37.0,-8.75,3.746809,277.63483,0,13.488512
2019,37.0,-8.5,3.319666,273.3184,0,11.950797
2019,37.0,-8.25,3.1032312,271.93796,0,11.171632
2019,37.0,-8.0,2.9039667,270.04175,0,10.45428
2019,37.0,-7.75,2.5684073,263.62485,0,9.246266
2019,37.0,-7.5,2.460343,258.0204,0,8.857234
2019,37.0,-7.25,2.4669702,252.7011,0,8.881092
2019,37.0,-7.0,2.5371988,247.0785,0,9.133915
2019,37.0,-6.75,2.4441652,242.51134,0,8.798995
2019,37.0,-6.5,1.9768084,238.8232,0,7.1165104
2019,37.0,-6.25,1.6021767,233.86778,0,5.7678356
2019,37.0,-6.0,1.2145363,226.7539,0,4.3723307
2019,37.0,-5.75,1.1006953,221.34554,0,3.9625027
2019,37.0,-5.5,1.1385361,212.7772,0,4.0987296
2019,37.0,-5.25,1.1861494,210.51851,0,4.270138
2019,37.0,-5.0,1.2509694,218.78291,0,4.50349
2019,37.0,-4.75,0.8881214,226.65587,0,3.197237
2019,37.0,-4.5,0.7407171,238.70213,0,2.6665816
2019,37.0,-4.25,0.7026377,246.53026,0,2.5294955
2019,37.0,-4.0,0.7391456,254.34088,0,2.660924
2019,37.0,-3.75,0.74721414,227.98116,0,2.6899707
2019,37.0,-3.5,0.7372405,254.70854,0,2.6540656
2019,37.0,-3.25,0.715097,239.91176,0,2.5743492
2019,37.0,-3.0,0.6637624,251.21733,0,2.3895445
2019,37.0,-2.75,0.64863735,175.74097,0,2.3350945
2019,37.0,-2.5,0.74761385,162.01839,0,2.6914098
2019,37.0,-2.25,0.88892657,180.1419,0,3.2001355
2019,37.0,-2.0,1.1852759,140.00725,0,4.266993
2019,37.0,-1.75,1.7278343,138.58626,0,6.2202034
2019,37.0,-1.5,2.0490541,137.27441,0,7.3765945
2019,37.0,-1.25,2.191037,136.1859,0,7.887733
2019,37.0,-1.0,2.2843165,135.62459,0,8.223539
2019,37.0,-0.75,2.3836553,137.12787,0,8.581159
2019,37.0,-0.5,2.46264,138.13187,0,8.865504
2019,37.0,-0.25,2.5195122,139.2376,0,9.070244
2019,37.0,0.0,2.5769613,141.18703,0,9.2770605
2019,37.0,0.25,2.5867903,143.2057,0,9.312445
2019,37.0,0.5,2.6288917,144.28317,0,9.46401
2019,37.0,0.75,2.6857243,144.6027,0,9.668607
2019,37.0,1.0,2.7501085,144.60301,0,9.900391
2019,37.0,1.25,2.7781801,141.48283,0,10.001449
2019,37.0,1.5,2.788786,169.38835,0,10.039629
2019,37.0,1.75,2.811278,168.71478,0,10.120601
2019,37.0,2.0,2.8573923,169.29486,0,10.2866125
2019,37.0,2.25,2.899268,168.10368,0,10.437365
2019,37.0,2.5,2.9372063,167.20139,0,10.573942
2019,37.0,2.75,2.9363587,165.81236,0,10.570891
2019,37.0,3.0,2.877573,166.612,0,10.359262
2019,37.0,3.25,2.835739,167.66412,0,10.20866
2019,37.0,3.5,2.7741988,168.08846,0,9.987115
2019,37.0,3.75,2.733842,168.28722,0,9.84183
2019,37.0,4.0,2.5920615,170.0377,0,9.331421
2019,37.0,4.25,2.616842,172.48509,0,9.420631
2019,37.0,4.5,2.5836194,174.40839,0,9.301029
2019,37.0,4.75,2.5280268,173.64423,0,9.100896
2019,37.0,5.0,2.5630865,168.54272,0,9.227111
2019,37.0,5.25,2.6436577,165.73912,0,9.517167
2019,37.0,5.5,2.579561,163.78935,0,9.286419
2019,37.0,5.75,2.4450233,162.12581,0,8.802084
2019,37.0,6.0,2.125394,191.01945,0,7.6514187
2019,37.0,6.25,1.5930723,214.73878,0,5.73506
2019,37.0,6.5,1.5565425,210.81844,0,5.603553
2019,37.0,6.75,1.7862439,208.23254,0,6.430478
2019,37.0,7.0,2.1848164,208.26091,0,7.865339
2019,37.0,7.25,1.8555127,206.74486,0,6.679846
2019,37.0,7.5,1.7015806,204.75049,0,6.12569
2019,37.0,7.75,1.7949997,203.49371,0,6.461999
2019,37.0,8.0,2.2558649,203.62146,0,8.121113
2019,37.0,8.25,2.506337,198.97649,0,9.022813
2019,37.0,8.5,2.4735906,225.85216,0,8.904926
2019,37.0,8.75,2.2303407,284.24387,0,8.029226
2019,37.0,9.0,1.7996554,280.53372,0,6.4787593
2019,37.0,9.25,1.6017476,278.5088,0,5.766291
2019,37.0,9.5,1.5675329,250.4936,0,5.6431184
2019,37.0,9.75,1.6931902,254.50989,0,6.0954847
2019,37.0,10.0,1.834402,229.39116,0,6.603847
2019,37.0,10.25,2.3984878,233.52037,0,8.634556
2019,37.0,10.5,2.5203497,262.9949,0,9.073258
2019,37.0,10.75,2.3535025,261.59805,0,8.472609
2019,37.0,11.0,2.0026615,260.22775,0,7.209581
2019,37.0,11.25,2.2702136,259.88254,0,8.172769
2019,37.0,11.5,2.5549977,276.2228,0,9.197991
2019,37.0,11.75,2.6609964,279.21265,0,9.579587
2019,37.0,12.0,2.6269875,282.45108,0,9.457154
2019,36.75,-9.0,4.826346,285.94885,0,17.374846
2019,36.75,-8.75,4.523157,281.78934,0,16.283365
2019,36.75,-8.5,4.0580893,278.156,0,14.609121
2019,36.75,-8.25,3.7032337,274.92798,0,13.331641
2019,36.75,-8.0,3.4201937,272.52573,0,12.312696
2019,36.75,-7.75,3.150117,269.2119,0,11.340421
2019,36.75,-7.5,2.9778926,267.48923,0,10.720413
2019,36.75,-7.25,2.9200766,263.70264,0,10.512276
2019,36.75,-7.0,2.8732443,258.70932,0,10.343679
2019,36.75,-6.75,2.7087743,252.49054,0,9.751587
2019,36.75,-6.5,2.1527882,248.76208,0,7.750037
2019,36.75,-6.25,1.4557613,235.54608,0,5.240741
2019,36.75,-6.0,1.1335733,213.47003,0,4.080864
2019,36.75,-5.75,1.0700201,206.60907,0,3.8520722
2019,36.75,-5.5,0.870997,208.94055,0,3.1355891
2019,36.75,-5.25,0.8570346,220.06175,0,3.0853245
2019,36.75,-5.0,0.8055504,226.00139,0,2.8999813
2019,36.75,-4.75,0.7293946,218.45813,0,2.6258206
2019,36.75,-4.5,0.8158383,205.77966,0,2.9370177
2019,36.75,-4.25,1.1775684,231.26561,0,4.2392464
2019,36.75,-4.0,1.4570438,253.166,0,5.2453575
2019,36.75,-3.75,1.4365457,252.43105,0,5.1715646
2019,36.75,-3.5,1.4630442,233.31496,0,5.2669587
2019,36.75,-3.25,1.5389365,221.09047,0,5.540171
2019,36.75,-3.0,1.5289907,205.36583,0,5.5043664
2019,36.75,-2.75,1.5427227,183.14735,0,5.5538015
2019,36.75,-2.5,1.6083156,172.59364,0,5.789936
2019,36.75,-2.25,1.6821696,153.03535,0,6.0558105
2019,36.75,-2.0,1.913097,135.4059,0,6.8871493
2019,36.75,-1.75,2.1996014,130.28096,0,7.918565
2019,36.75,-1.5,2.2197595,128.09973,0,7.9911337
2019,36.75,-1.25,2.3191888,127.11581,0,8.349079
2019,36.75,-1.0,2.365472,130.1668,0,8.515699
2019,36.75,-0.75,2.3913167,131.77277,0,8.60874
2019,36.75,-0.5,2.4549255,133.67839,0,8.837731
2019,36.75,-0.25,2.4889886,136.0663,0,8.960359
2019,36.75,0.0,2.5370243,138.32349,0,9.133287
2019,36.75,0.25,2.5967934,138.87119,0,9.348456
2019,36.75,0.5,2.6763432,139.20076,0,9.634835
2019,36.75,0.75,2.7425566,140.22035,0,9.873203
2019,36.75,1.0,2.5993204,143.29951,0,9.3575535
2019,36.75,1.25,2.5094442,141.87192,0,9.033999
2019,36.75,1.5,2.4897797,139.87502,0,8.963206
2019,36.75,1.75,2.414952,161.74756,0,8.693827
2019,36.75,2.0,2.4016857,162.8026,0,8.646069
2019,36.75,2.25,2.375569,159.75513,0,8.552049
2019,36.75,2.5,2.1924732,153.4994,0,7.8929033
2019,36.75,2.75,2.104242,150.97026,0,7.575271
2019,36.75,3.0,1.6949064,151.42389,0,6.1016626
2019,36.75,3.25,1.5391879,151.32304,0,5.541076
2019,36.75,3.5,1.4808102,150.69814,0,5.3309164
2019,36.75,3.75,1.3873658,149.90913,0,4.994517
2019,36.75,4.0,1.2186548,154.90529,0,4.387157
2019,36.75,4.25,1.2213894,161.80563,0,4.3970017
2019,36.75,4.5,1.2060984,163.56224,0,4.341954
2019,36.75,4.75,1.1576326,159.82861,0,4.167477
2019,36.75,5.0,1.2274499,157.88419,0,4.4188194
2019,36.75,5.25,1.4007863,161.12523,0,5.0428305
2019,36.75,5.5,1.3548707,187.62166,0,4.8775344
2019,36.75,5.75,1.2616116,184.86049,0,4.5418015
2019,36.75,6.0,1.113307,211.76172,0,4.007905
2019,36.75,6.25,0.89879805,202.26149,0,3.235673
2019,36.75,6.5,0.9468555,198.48311,0,3.4086797
2019,36.75,6.75,1.1584029,198.23993,0,4.1702504
2019,36.75,7.0,1.4160876,198.57288,0,5.097915
2019,36.75,7.25,1.3150789,251.18294,0,4.734284
2019,36.75,7.5,1.1411263,217.75769,0,4.1080546
2019,36.75,7.75,1.0660805,186.8872,0,3.8378894
2019,36.75,8.0,1.2622395,188.2018,0,4.544062
2019,36.75,8.25,1.4637512,217.6469,0,5.269504
2019,36.75,8.5,1.5980486,250.94804,0,5.7529745
2019,36.75,8.75,1.444501,280.48,0,5.2002034
2019,36.75,9.0,1.4701203,282.07608,0,5.292433
2019,36.75,9.25,1.6135687,251.72697,0,5.808847
2019,36.75,9.5,1.566393,252.71858,0,5.6390147
2019,36.75,9.75,1.4757274,224.82196,0,5.3126187
2019,36.75,10.0,1.432408,226.28746,0,5.1566687
2019,36.75,10.25,1.6177249,231.24097,0,5.8238096
2019,36.75,10.5,1.7019554,233.89294,0,6.1270394
2019,36.75,10.75,1.603272,260.43448,0,5.771779
2019,36.75,11.0,1.861576,256.45825,0,6.7016735
2019,36.75,11.25,2.2824752,261.42957,0,8.21691
2019,36.75,11.5,2.5058763,256.07428,0,9.021154
2019,36.75,11.75,2.608447,284.0733,0,9.390409
2019,36.75,12.0,2.6317856,285.11472,0,9.474428
2019,36.5,-9.0,5.0081267,288.29996,0,18.029255
2019,36.5,-8.75,4.719854,285.70636,0,16.991474
2019,36.5,-8.5,4.4396577,284.1635,0,15.982767
2019,36.5,-8.25,4.068696,281.9866,0,14.6473055
2019,36.5,-8.0,3.7414505,280.46658,0,13.469222
2019,36.5,-7.75,3.4760258,279.8376,0,12.513693
2019,36.5,-7.5,3.271432,279.04364,0,11.777155
2019,36.5,-7.25,3.0297482,278.2452,0,10.907093
2019,36.5,-7.0,2.8573818,274.86044,0,10.286574
2019,36.5,-6.75,2.62172,268.68985,0,9.438192
2019,36.5,-6.5,2.1756518,259.05368,0,7.8323464
2019,36.5,-6.25,1.578723,218.2605,0,5.6834025
2019,36.5,-6.0,1.3668642,193.73576,0,4.920711
2019,36.5,-5.75,1.1786532,198.02179,0,4.2431517
2019,36.5,-5.5,1.0839502,198.99298,0,3.9022205
2019,36.5,-5.25,1.2514936,196.19106,0,4.505377
2019,36.5,-5.0,1.4655533,209.0414,0,5.275992
2019,36.5,-4.75,1.4904436,194.53326,0,5.365597
2019,36.5,-4.5,1.8456945,230.70758,0,6.6445003
2019,36.5,-4.25,2.251208,231.33429,0,8.104349
2019,36.5,-4.0,2.5599992,225.71535,0,9.215997
2019,36.5,-3.75,2.649882,218.1566,0,9.539576
2019,36.5,-3.5,2.7485578,212.99812,0,9.894808
2019,36.5,-3.25,2.6603196,203.94127,0,9.57715
2019,36.5,-3.0,2.6219604,195.13403,0,9.439057
2019,36.5,-2.75,2.513084,185.63666,0,9.047102
2019,36.5,-2.5,2.303583,178.39618,0,8.292898
2019,36.5,-2.25,2.3706791,179.46208,0,8.534445
2019,36.5,-2.0,2.4749463,184.69716,0,8.909806
2019,36.5,-1.75,2.5173185,181.94218,0,9.062346
2019,36.5,-1.5,2.5378277,181.17009,0,9.13618
2019,36.5,-1.25,2.4352834,180.96465,0,8.76702
2019,36.5,-1.0,2.4165347,182.9243,0,8.699525
2019,36.5,-0.75,2.4250202,184.18544,0,8.730073
2019,36.5,-0.5,2.4968011,185.17108,0,8.988483
2019,36.5,-0.25,2.525108,127.90635,0,9.090389
2019,36.5,0.0,2.54789,126.956604,0,9.172403
2019,36.5,0.25,2.4149823,128.28545,0,8.693936
2019,36.5,0.5,2.4367902,129.60596,0,8.772445
2019,36.5,0.75,2.0972009,131.07959,0,7.549923
2019,36.5,1.0,1.7542411,135.1385,0,6.315268
2019,36.5,1.25,1.6238714,136.00317,0,5.8459373
2019,36.5,1.5,1.5624104,136.97061,0,5.624677
2019,36.5,1.75,1.4886379,143.95181,0,5.3590965
2019,36.5,2.0,1.4565703,152.43448,0,5.243653
2019,36.5,2.25,1.3859096,148.1833,0,4.9892745
2019,36.5,2.5,1.2714971,170.39166,0,4.5773897
2019,36.5,2.75,1.2009171,140.90685,0,4.3233013
2019,36.5,3.0,0.9846909,141.19817,0,3.544887
2019,36.5,3.25,0.8882864,140.13985,0,3.197831
2019,36.5,3.5,0.8357914,140.58841,0,3.008849
2019,36.5,3.75,0.74901384,140.30882,0,2.6964498
2019,36.5,4.0,0.60586584,173.70845,0,2.181117
2019,36.5,4.25,0.58943164,176.00378,0,2.121954
2019,36.5,4.5,0.58610004,177.39008,0,2.10996
2019,36.5,4.75,0.6199044,181.54315,0,2.2316558
2019,36.5,5.0,0.6623227,181.09789,0,2.3843617
2019,36.5,5.25,0.7994638,183.97693,0,2.8780696
2019,36.5,5.5,0.8523423,208.34084,0,3.0684323
2019,36.5,5.75,0.8289473,259.8707,0,2.9842103
2019,36.5,6.0,0.83945704,256.3403,0,3.0220451
2019,36.5,6.25,0.8278818,202.28905,0,2.9803743
2019,36.5,6.5,0.8715172,199.45067,0,3.1374617
2019,36.5,6.75,0.95075035,198.76471,0,3.4227011
2019,36.5,7.0,1.1368304,195.22652,0,4.0925894
2019,36.5,7.25,1.0558406,245.5782,0,3.801026
2019,36.5,7.5,0.96424174,243.83832,0,3.47127
2019,36.5,7.75,0.90330166,212.9485,0,3.251886
2019,36.5,8.0,1.0265609,245.14484,0,3.695619
2019,36.5,8.25,1.1718673,276.4978,0,4.218722
2019,36.5,8.5,1.3055565,280.0284,0,4.7000036
2019,36.5,8.75,1.2891183,281.21817,0,4.6408257
2019,36.5,9.0,1.3350323,222.70357,0,4.806116
2019,36.5,9.25,1.422411,221.65279,0,5.1206794
2019,36.5,9.5,1.4289569,226.1522,0,5.1442447
2019,36.5,9.75,1.3857192,227.88686,0,4.988589
2019,36.5,10.0,1.379208,233.75908,0,4.9651484
2019,36.5,10.25,1.3570889,240.26799,0,4.88552
2019,36.5,10.5,1.472961,247.19124,0,5.3026595
2019,36.5,10.75,1.7984234,254.04372,0,6.474324
2019,36.5,11.0,2.1098278,240.44716,0,7.59538
2019,36.5,11.25,2.324333,268.41745,0,8.367599
2019,36.5,11.5,2.3917484,268.9032,0,8.610294
2019,36.5,11.75,2.4798048,235.00002,0,8.927297
2019,36.5,12.0,2.5926988,261.20114,0,9.333715
2019,36.25,-9.0,5.0748477,290.56943,0,18.269451
2019,36.25,-8.75,4.868213,289.5643,0,17.525566
2019,36.25,-8.5,4.5717125,288.33508,0,16.458164
2019,36.25,-8.25,4.3194284,288.04776,0,15.549942
2019,36.25,-8.0,3.9930427,257.66043,0,14.374953
2019,36.25,-7.75,3.7186534,258.32547,0,13.387152
2019,36.25,-7.5,3.4633627,229.47528,0,12.468105
2019,36.25,-7.25,3.2170181,199.96516,0,11.5812645
2019,36.25,-7.0,2.9647503,201.70178,0,10.6731
2019,36.25,-6.75,2.6687434,202.84424,0,9.607476
2019,36.25,-6.5,2.2127779,178.26701,0,7.966
2019,36.25,-6.25,2.1111465,188.63513,0,7.600127
2019,36.25,-6.0,1.8791605,186.47835,0,6.764978
2019,36.25,-5.75,1.6046287,189.85832,0,5.7766633
2019,36.25,-5.5,1.7820245,202.24608,0,6.415288
2019,36.25,-5.25,1.9754966,224.14171,0,7.111788
2019,36.25,-5.0,2.4349813,223.48207,0,8.765933
2019,36.25,-4.75,2.6274803,241.32507,0,9.458929
2019,36.25,-4.5,3.0107908,233.03601,0,10.838846
2019,36.25,-4.25,2.9802244,234.98106,0,10.728807
2019,36.25,-4.0,3.0757875,223.32782,0,11.072835
2019,36.25,-3.75,3.1282222,213.98198,0,11.2616
2019,36.25,-3.5,3.031618,206.9878,0,10.913825
2019,36.25,-3.25,2.9862792,198.9126,0,10.750605
2019,36.25,-3.0,2.889437,190.83589,0,10.401973
2019,36.25,-2.75,2.7539809,184.59285,0,9.9143305
2019,36.25,-2.5,2.7122433,182.87024,0,9.764075
2019,36.25,-2.25,2.712897,182.82036,0,9.766429
2019,36.25,-2.0,2.7709267,183.8123,0,9.975336
2019,36.25,-1.75,2.7399719,181.53906,0,9.863898
2019,36.25,-1.5,2.6223006,178.70824,0,9.440282
2019,36.25,-1.25,2.5209942,178.09102,0,9.075579
2019,36.25,-1.0,2.5281565,175.60484,0,9.101363
2019,36.25,-0.75,2.5667572,174.53406,0,9.240326
2019,36.25,-0.5,2.6257968,175.55302,0,9.452868
2019,36.25,-0.25,2.4948287,173.89824,0,8.981383
2019,36.25,0.0,2.4440553,172.41267,0,8.798599
2019,36.25,0.25,2.1080735,172.99922,0,7.589064
2019,36.25,0.5,1.7429,174.2971,0,6.27444
2019,36.25,0.75,1.4064069,173.65706,0,5.0630646
2019,36.25,1.0,1.176229,173.5048,0,4.234424
2019,36.25,1.25,1.0883151,180.04437,0,3.9179344
2019,36.25,1.5,1.0112202,181.6704,0,3.6403928
2019,36.25,1.75,1.0150889,159.97765,0,3.65432
2019,36.25,2.0,0.99053377,136.65846,0,3.5659215
2019,36.25,2.25,0.9499398,222.23773,0,3.419783
2019,36.25,2.5,0.87267524,168.67555,0,3.141631
2019,36.25,2.75,0.80739474,170.40388,0,2.906621
2019,36.25,3.0,0.8904454,205.51128,0,3.2056034
2019,36.25,3.25,0.8714029,207.2903,0,3.1370504
2019,36.25,3.5,0.84433264,209.56184,0,3.0395975
2019,36.25,3.75,0.7741535,186.63326,0,2.7869525
2019,36.25,4.0,0.6736422,248.8957,0,2.425112
2019,36.25,4.25,0.5903523,189.6388,0,2.1252682
2019,36.25,4.5,0.5463174,210.0948,0,1.9667426
2019,36.25,4.75,0.58869416,199.94012,0,2.119299
2019,36.25,5.0,0.7120528,206.13782,0,2.56339
2019,36.25,5.25,0.8305702,243.8966,0,2.9900527
2019,36.25,5.5,0.959524,272.6547,0,3.4542863
2019,36.25,5.75,0.9955907,279.02176,0,3.5841265
2019,36.25,6.0,0.98112327,282.73712,0,3.5320437
2019,36.25,6.25,0.9219413,201.02568,0,3.3189886
2019,36.25,6.5,0.9442925,209.02278,0,3.399453
2019,36.25,6.75,1.022673,207.5075,0,3.6816227
2019,36.25,7.0,1.1480339,201.57787,0,4.1329217
2019,36.25,7.25,1.0827576,254.85846,0,3.8979273
2019,36.25,7.5,0.9987634,222.87077,0,3.5955482
2019,36.25,7.75,1.1421837,255.77666,0,4.111861
2019,36.25,8.0,1.3407522,286.7629,0,4.826708
2019,36.25,8.25,1.3735352,283.56644,0,4.9447265
2019,36.25,8.5,1.1307431,279.0801,0,4.0706754
2019,36.25,8.75,1.1209106,248.72107,0,4.0352783
2019,36.25,9.0,1.2306889,218.54065,0,4.43048
2019,36.25,9.25,1.3541216,222.12477,0,4.8748374
2019,36.25,9.5,1.399529,229.30519,0,5.0383043
2019,36.25,9.75,1.4051183,240.35278,0,5.058426
2019,36.25,10.0,1.4195404,246.82497,0,5.1103454
2019,36.25,10.25,1.4420843,253.11061,0,5.1915035
2019,36.25,10.5,1.8086619,205.38953,0,6.511183
2019,36.25,10.75,2.1815321,210.3789,0,7.8535156
2019,36.25,11.0,2.3678377,212.47704,0,8.524216
2019,36.25,11.25,2.2787158,204.47737,0,8.203377
2019,36.25,11.5,2.3223264,223.89874,0,8.360374
2019,36.25,11.75,2.4192882,217.30757,0,8.709437
2019,36.25,12.0,2.5063565,211.63538,0,9.022883
2019,36.0,-9.0,5.083221,262.48837,0,18.299595
2019,36.0,-8.75,4.906652,291.67065,0,17.663946
2019,36.0,-8.5,4.703889,261.46164,0,16.934
2019,36.0,-8.25,4.440565,231.3913,0,15.986034
2019,36.0,-8.0,4.1795225,231.77795,0,15.046281
2019,36.0,-7.75,3.9407446,203.07909,0,14.186681
2019,36.0,-7.5,3.6872253,204.57869,0,13.274011
2019,36.0,-7.25,3.4660718,206.57147,0,12.477859
2019,36.0,-7.0,3.235638,179.40956,0,11.648296
2019,36.0,-6.75,2.9504404,182.58217,0,10.621585
2019,36.0,-6.5,2.7899802,186.01013,0,10.043928
2019,36.0,-6.25,2.6325247,189.56099,0,9.477089
2019,36.0,-6.0,2.3277044,191.36934,0,8.379736
2019,36.0,-5.75,1.8800311,184.39232,0,6.7681117
2019,36.0,-5.5,2.0332077,185.65337,0,7.319547
2019,36.0,-5.25,2.5688143,222.69496,0,9.247731
2019,36.0,-5.0,3.0288591,224.84155,0,10.9038925
2019,36.0,-4.75,3.123891,221.38287,0,11.246008
2019,36.0,-4.5,3.2113402,219.16487,0,11.560824
2019,36.0,-4.25,3.2192945,223.34639,0,11.58946
2019,36.0,-4.0,3.0887988,225.71037,0,11.119676
2019,36.0,-3.75,3.0060399,216.75243,0,10.821743
2019,36.0,-3.5,2.9402142,189.8501,0,10.584771
2019,36.0,-3.25,2.949693,188.85608,0,10.618895
2019,36.0,-3.0,2.927934,186.22717,0,10.540562
2019,36.0,-2.75,2.8806791,184.55663,0,10.370444
2019,36.0,-2.5,2.8836067,184.1455,0,10.380983
2019,36.0,-2.25,2.8997145,183.90918,0,10.4389715
2019,36.0,-2.0,2.8624847,183.32655,0,10.304945
2019,36.0,-1.75,2.7641745,180.52107,0,9.951028
2019,36.0,-1.5,2.6537874,177.44658,0,9.553635
2019,36.0,-1.25,2.5955064,172.72186,0,9.3438225
2019,36.0,-1.0,2.6289542,169.84563,0,9.464234
2019,36.0,-0.75,2.6558282,168.65985,0,9.560982
2019,36.0,-0.5,2.3261473,166.68929,0,8.37413
2019,36.0,-0.25,2.2174253,163.99657,0,7.982731
2019,36.0,0.0,2.001828,192.56694,0,7.2065806
2019,36.0,0.25,1.6438476,252.19737,0,5.917851
2019,36.0,0.5,1.2848109,252.20763,0,4.625319
2019,36.0,0.75,1.155267,255.08766,0,4.1589613
2019,36.0,1.0,1.0650169,254.95929,0,3.8340607
2019,36.0,1.25,0.9947987,230.44359,0,3.5812752
2019,36.0,1.5,0.90943176,208.01152,0,3.2739542
2019,36.0,1.75,0.92066497,215.37245,0,3.3143938
2019,36.0,2.0,0.97670394,222.47205,0,3.516134
2019,36.0,2.25,0.9995943,252.13954,0,3.5985394
2019,36.0,2.5,0.9504505,230.213,0,3.4216216
2019,36.0,2.75,0.9269435,210.0175,0,3.3369966
2019,36.0,3.0,1.0869871,214.30597,0,3.9131536
2019,36.0,3.25,1.1072556,245.38649,0,3.98612
2019,36.0,3.5,1.2699391,194.88725,0,4.5717807
2019,36.0,3.75,1.2561663,203.90686,0,4.5221987
2019,36.0,4.0,1.1726345,214.37227,0,4.221484
2019,36.0,4.25,0.8613072,196.40088,0,3.1007059
2019,36.0,4.5,0.76740575,182.91034,0,2.7626605
2019,36.0,4.75,0.7011642,160.97029,0,2.524191
2019,36.0,5.0,0.8595522,225.48955,0,3.0943878
2019,36.0,5.25,1.0003442,232.07704,0,3.601239
2019,36.0,5.5,1.0031674,236.10747,0,3.6114025
2019,36.0,5.75,0.9981671,272.13254,0,3.5934014
2019,36.0,6.0,1.0333687,277.12418,0,3.7201273
2019,36.0,6.25,0.97957724,285.51828,0,3.526478
2019,36.0,6.5,0.9834536,238.7738,0,3.5404327
2019,36.0,6.75,1.0403135,213.56026,0,3.7451284
2019,36.0,7.0,1.1448821,208.07507,0,4.1215754
2019,36.0,7.25,1.1236695,290.4725,0,4.04521
2019,36.0,7.5,1.2623895,287.97192,0,4.5446024
2019,36.0,7.75,1.4162197,290.385,0,5.098391
2019,36.0,8.0,1.434811,288.40048,0,5.1653194
2019,36.0,8.25,1.2105912,255.51472,0,4.358128
2019,36.0,8.5,1.0118334,214.65535,0,3.6426003
2019,36.0,8.75,1.1147871,218.26445,0,4.0132337
2019,36.0,9.0,1.2680587,219.77654,0,4.565011
2019,36.0,9.25,1.4226073,233.44026,0,5.121386
2019,36.0,9.5,1.4029042,242.90593,0,5.0504546
2019,36.0,9.75,1.4552159,252.61926,0,5.238777
2019,36.0,10.0,1.4063903,256.38934,0,5.063005
2019,36.0,10.25,1.4085854,230.08302,0,5.0709076
2019,36.0,10.5,1.8158251,209.67201,0,6.53697
2019,36.0,10.75,2.1704242,214.80495,0,7.813527
2019,36.0,11.0,2.3618422,188.7533,0,8.502631
2019,36.0,11.25,2.2806776,184.34575,0,8.210439
2019,36.0,11.5,2.2986813,204.25041,0,8.275252
2019,36.0,11.75,2.3758085,226.1983,0,8.55291
2019,36.0,12.0,2.4276464,222.67346,0,8.739527
2019,35.75,-9.0,5.071256,263.8562,0,18.256521
2019,35.75,-8.75,4.931873,263.06686,0,17.754742
2019,35.75,-8.5,4.7253165,232.96147,0,17.011139
2019,35.75,-8.25,4.53155,232.96722,0,16.31358
2019,35.75,-8.0,4.3014936,233.35652,0,15.485376
2019,35.75,-7.75,4.08151,204.53804,0,14.693436
2019,35.75,-7.5,3.856717,205.24953,0,13.884181
2019,35.75,-7.25,3.630409,207.20703,0,13.069472
2019,35.75,-7.0,3.4553673,179.01483,0,12.439322
2019,35.75,-6.75,3.2009294,181.5703,0,11.523346
2019,35.75,-6.5,3.0168254,184.15031,0,10.860571
2019,35.75,-6.25,2.5298057,187.03784,0,9.1073
2019,35.75,-6.0,2.1154919,187.62816,0,7.6157703
2019,35.75,-5.75,1.6826001,179.30913,0,6.05736
2019,35.75,-5.5,1.7631979,183.93513,0,6.3475122
2019,35.75,-5.25,2.1870701,206.24593,0,7.873452
2019,35.75,-5.0,2.6093323,235.73724,0,9.393596
2019,35.75,-4.75,2.8154047,239.09972,0,10.135456
2019,35.75,-4.5,2.9275835,239.55705,0,10.5393
2019,35.75,-4.25,3.0575354,238.92365,0,11.007127
2019,35.75,-4.0,2.9412825,211.53162,0,10.588616
2019,35.75,-3.75,2.860266,216.10486,0,10.296957
2019,35.75,-3.5,2.8889341,212.30183,0,10.400163
2019,35.75,-3.25,2.8924,213.30898,0,10.41264
2019,35.75,-3.0,2.9024847,182.74292,0,10.448944
2019,35.75,-2.75,2.92643,182.75195,0,10.535148
2019,35.75,-2.5,2.9330413,182.53407,0,10.5589485
2019,35.75,-2.25,2.9048455,181.15417,0,10.457443
2019,35.75,-2.0,2.8497746,180.3761,0,10.259189
2019,35.75,-1.75,2.777911,176.9217,0,10.000479
2019,35.75,-1.5,2.5896494,171.87086,0,9.322738
2019,35.75,-1.25,2.5599535,167.1656,0,9.215832
2019,35.75,-1.0,2.326686,164.17046,0,8.376069
2019,35.75,-0.75,2.2400286,192.38574,0,8.064103
2019,35.75,-0.5,1.8849522,275.88574,0,6.7858276
2019,35.75,-0.25,1.6311699,270.5742,0,5.8722115
2019,35.75,0.0,1.4175931,254.99773,0,5.103335
2019,35.75,0.25,1.3358994,254.04204,0,4.8092375
2019,35.75,0.5,1.3212448,255.65466,0,4.756481
2019,35.75,0.75,1.1937412,255.36017,0,4.297468
2019,35.75,1.0,1.0983871,255.00883,0,3.9541936
2019,35.75,1.25,1.0330204,256.44684,0,3.7188733
2019,35.75,1.5,0.9581272,245.21533,0,3.4492579
2019,35.75,1.75,0.9724541,250.34865,0,3.5008345
2019,35.75,2.0,1.1398389,287.1889,0,4.1034203
2019,35.75,2.25,1.2749575,308.37308,0,4.589847
2019,35.75,2.5,1.2352437,256.5897,0,4.446877
2019,35.75,2.75,1.2175938,268.0013,0,4.3833375
2019,35.75,3.0,1.2589297,244.10667,0,4.532147
2019,35.75,3.25,1.3342139,244.84486,0,4.8031697
2019,35.75,3.5,1.5236468,193.87596,0,5.4851284
2019,35.75,3.75,1.7065649,229.15114,0,6.1436334
2019,35.75,4.0,1.64039,209.31215,0,5.905404
2019,35.75,4.25,1.2710615,220.55516,0,4.5758214
2019,35.75,4.5,1.1442456,206.83052,0,4.119284
2019,35.75,4.75,1.0201459,211.24727,0,3.6725252
2019,35.75,5.0,1.0270492,213.80745,0,3.697377
2019,35.75,5.25,0.9560278,184.94244,0,3.4417
2019,35.75,5.5,0.89606684,180.64644,0,3.2258406
2019,35.75,5.75,0.8331797,210.75725,0,2.9994469
2019,35.75,6.0,0.86306936,242.71045,0,3.1070497
2019,35.75,6.25,0.85260946,245.35834,0,3.0693939
2019,35.75,6.5,0.98239547,278.49277,0,3.5366237
2019,35.75,6.75,1.0029672,283.21494,0,3.610682
2019,35.75,7.0,1.016996,289.1271,0,3.6611855
2019,35.75,7.25,1.1430506,283.51083,0,4.1149817
2019,35.75,7.5,1.2923554,283.63474,0,4.652479
2019,35.75,7.75,1.3241445,284.07684,0,4.76692
2019,35.75,8.0,1.177751,281.29733,0,4.2399035
2019,35.75,8.25,0.9971986,242.49449,0,3.5899148
2019,35.75,8.5,1.1255935,250.06824,0,4.0521364
2019,35.75,8.75,1.2894248,284.30988,0,4.641929
2019,35.75,9.0,1.4392534,262.80203,0,5.181312
2019,35.75,9.25,1.4560624,248.16444,0,5.2418246
2019,35.75,9.5,1.4530379,257.036,0,5.230936
2019,35.75,9.75,1.3464502,257.9059,0,4.8472204
2019,35.75,10.0,1.2944759,233.91644,0,4.6601133
2019,35.75,10.25,1.2776564,207.7796,0,4.599563
2019,35.75,10.5,1.3354522,210.92247,0,4.8076277
2019,35.75,10.75,1.6451465,186.90057,0,5.9225273
2019,35.75,11.0,2.0322764,191.47878,0,7.316195
2019,35.75,11.25,2.374802,192.88171,0,8.549288
2019,35.75,11.5,2.3285863,188.47423,0,8.382911
2019,35.75,11.75,2.3532543,206.11517,0,8.471715
2019,35.75,12.0,2.3989155,231.407,0,8.636096
2019,35.5,-9.0,5.0113735,235.00594,0,18.040945
2019,35.5,-8.75,4.8950152,264.0615,0,17.622055
2019,35.5,-8.5,4.7312145,233.66241,0,17.032372
2019,35.5,-8.25,4.5502224,233.59908,0,16.3808
2019,35.5,-8.0,4.346344,233.3665,0,15.646838
2019,35.5,-7.75,4.115787,203.7801,0,14.816833
2019,35.5,-7.5,3.8928964,204.03581,0,14.014427
2019,35.5,-7.25,3.658531,203.36726,0,13.1707115
2019,35.5,-7.0,3.47553,203.80986,0,12.511908
2019,35.5,-6.75,3.2036755,174.37964,0,11.533232
2019,35.5,-6.5,2.728586,172.66377,0,9.822909
2019,35.5,-6.25,2.0981662,174.91553,0,7.553398
2019,35.5,-6.0,1.3347387,174.04362,0,4.8050594
2019,35.5,-5.75,1.1147841,161.0295,0,4.0132227
2019,35.5,-5.5,1.0787293,176.11273,0,3.8834252
2019,35.5,-5.25,1.1763234,188.65639,0,4.234764
2019,35.5,-5.0,1.6282153,194.9016,0,5.861575
2019,35.5,-4.75,2.1328278,199.67424,0,7.6781797
2019,35.5,-4.5,2.468775,201.99463,0,8.887589
2019,35.5,-4.25,2.607969,199.26428,0,9.388688
2019,35.5,-4.0,2.6225147,195.53557,0,9.441052
2019,35.5,-3.75,2.6778023,219.26848,0,9.640088
2019,35.5,-3.5,2.6980474,213.1112,0,9.712971
2019,35.5,-3.25,2.6424792,209.84496,0,9.512925
2019,35.5,-3.0,2.5782514,209.45876,0,9.281705
2019,35.5,-2.75,2.724541,181.52312,0,9.808347
2019,35.5,-2.5,2.8625145,181.4367,0,10.305052
2019,35.5,-2.25,2.829088,180.02263,0,10.184716
2019,35.5,-2.0,2.7391243,176.21404,0,9.860847
2019,35.5,-1.75,2.704818,170.65556,0,9.737345
2019,35.5,-1.5,2.4202566,165.18459,0,8.712924
2019,35.5,-1.25,2.0062313,191.5351,0,7.2224326
2019,35.5,-1.0,1.5070338,249.68431,0,5.4253216
2019,35.5,-0.75,1.5144557,259.11166,0,5.45204
2019,35.5,-0.5,1.4906621,257.68304,0,5.3663836
2019,35.5,-0.25,1.3392969,285.1531,0,4.821469
2019,35.5,0.0,1.1540886,253.65576,0,4.154719
2019,35.5,0.25,1.3092061,255.16576,0,4.713142
2019,35.5,0.5,1.3138975,255.75957,0,4.730031
2019,35.5,0.75,1.229175,256.12936,0,4.4250298
2019,35.5,1.0,1.1273276,259.77512,0,4.058379
2019,35.5,1.25,1.1809922,286.19876,0,4.251572
2019,35.5,1.5,1.3097069,289.26752,0,4.714945
2019,35.5,1.75,1.4180733,300.9352,0,5.105064
2019,35.5,2.0,1.5430635,283.60495,0,5.5550284
2019,35.5,2.25,1.5363334,258.1215,0,5.5308003
2019,35.5,2.5,1.5151681,261.44797,0,5.454605
2019,35.5,2.75,1.4657617,233.10669,0,5.276742
2019,35.5,3.0,1.4243017,236.07866,0,5.127486
2019,35.5,3.25,1.4434589,234.47418,0,5.196452
2019,35.5,3.5,1.5579425,265.0338,0,5.608593
2019,35.5,3.75,1.7205163,212.90752,0,6.1938586
2019,35.5,4.0,1.7798022,224.87134,0,6.4072876
2019,35.5,4.25,1.7471371,237.02843,0,6.2896934
2019,35.5,4.5,1.5027338,246.65154,0,5.4098415
2019,35.5,4.75,1.3862077,225.17952,0,4.9903474
2019,35.5,5.0,1.3194703,206.0319,0,4.750093
2019,35.5,5.25,1.0831512,152.65184,0,3.8993442
2019,35.5,5.5,0.96646327,132.00697,0,3.4792676
2019,35.5,5.75,0.83494115,144.76488,0,3.005788
2019,35.5,6.0,0.738128,195.3208,0,2.6572607
2019,35.5,6.25,0.8414908,241.961,0,3.0293667
2019,35.5,6.5,0.96050763,272.15097,0,3.4578273
2019,35.5,6.75,1.0128697,273.59122,0,3.6463308
2019,35.5,7.0,0.9535083,276.46463,0,3.4326298
2019,35.5,7.25,1.0755688,274.83752,0,3.8720477
2019,35.5,7.5,1.1616272,275.57553,0,4.1818576
2019,35.5,7.75,1.1558609,275.03995,0,4.161099
2019,35.5,8.0,1.1097807,277.77362,0,3.9952104
2019,35.5,8.25,1.2706345,283.95456,0,4.574284
2019,35.5,8.5,1.4321008,289.2682,0,5.155563
2019,35.5,8.75,1.460599,293.70425,0,5.2581563
2019,35.5,9.0,1.5029345,276.68094,0,5.410564
2019,35.5,9.25,1.4248189,260.40167,0,5.129348
2019,35.5,9.5,1.2848948,261.09192,0,4.6256213
2019,35.5,9.75,1.1683036,236.61723,0,4.205893
2019,35.5,10.0,1.177342,212.11534,0,4.2384315
2019,35.5,10.25,1.2070173,217.72406,0,4.345262
2019,35.5,10.5,1.2002803,219.27478,0,4.321009
2019,35.5,10.75,1.2749076,191.52556,0,4.5896673
2019,35.5,11.0,1.5339464,195.43163,0,5.522207
2019,35.5,11.25,2.1152318,168.37492,0,7.6148343
2019,35.5,11.5,2.3751578,166.42986,0,8.550568
2019,35.5,11.75,2.4113452,190.93697,0,8.680842
2019,35.5,12.0,2.4147778,210.93866,0,8.6932
2019,35.25,-9.0,4.9945683,235.48311,0,17.980446
2019,35.25,-8.75,4.845669,234.69691,0,17.444407
2019,35.25,-8.5,4.664371,234.17912,0,16.791735
2019,35.25,-8.25,4.472311,263.57208,0,16.100319
2019,35.25,-8.0,4.272526,262.71567,0,15.381092
2019,35.25,-7.75,4.040582,232.47334,0,14.546096
2019,35.25,-7.5,3.819094,231.14958,0,13.748738
2019,35.25,-7.25,3.5801382,229.25734,0,12.888497
2019,35.25,-7.0,3.257292,226.85356,0,11.726251
2019,35.25,-6.75,2.980259,251.3178,0,10.728932
2019,35.25,-6.5,2.5262942,239.80705,0,9.094659
2019,35.25,-6.25,1.898191,227.43346,0,6.8334875
2019,35.25,-6.0,0.952128,216.77087,0,3.4276607
2019,35.25,-5.75,0.7733161,157.94669,0,2.783938
2019,35.25,-5.5,0.6904774,153.89482,0,2.4857185
2019,35.25,-5.25,0.6352841,166.01051,0,2.2870228
2019,35.25,-5.0,0.7325134,129.5331,0,2.6370482
2019,35.25,-4.75,1.064573,134.0389,0,3.8324628
2019,35.25,-4.5,1.3628994,137.3813,0,4.906438
2019,35.25,-4.25,1.5563736,198.9845,0,5.602945
2019,35.25,-4.0,1.6970783,198.42078,0,6.109482
2019,35.25,-3.75,1.8506045,219.39667,0,6.662176
2019,35.25,-3.5,1.911084,211.87659,0,6.8799024
2019,35.25,-3.25,1.8359133,208.85895,0,6.6092877
2019,35.25,-3.0,1.6464242,212.52515,0,5.927127
2019,35.25,-2.75,2.0148122,184.50291,0,7.253324
2019,35.25,-2.5,2.2501087,183.51454,0,8.100391
2019,35.25,-2.25,2.3179505,180.42857,0,8.344622
2019,35.25,-2.0,2.2864017,173.85687,0,8.231046
2019,35.25,-1.75,2.1752174,195.27596,0,7.8307824
2019,35.25,-1.5,1.8336134,279.28455,0,6.601008
2019,35.25,-1.25,1.3940319,271.5076,0,5.0185146
2019,35.25,-1.0,1.1966397,260.00623,0,4.307903
2019,35.25,-0.75,1.338102,260.52933,0,4.817167
2019,35.25,-0.5,1.3986192,287.9357,0,5.035029
2019,35.25,-0.25,1.323452,288.24222,0,4.764427
2019,35.25,0.0,1.0967786,291.1647,0,3.948403
2019,35.25,0.25,1.185047,289.43173,0,4.266169
2019,35.25,0.5,1.156617,287.21588,0,4.163821
2019,35.25,0.75,1.0675253,285.68393,0,3.8430908
2019,35.25,1.0,1.0093318,290.1243,0,3.6335945
2019,35.25,1.25,1.2468394,284.1696,0,4.4886217
2019,35.25,1.5,1.429041,279.17368,0,5.1445475
2019,35.25,1.75,1.5176152,277.59756,0,5.4634147
2019,35.25,2.0,1.4551431,286.1293,0,5.238515
2019,35.25,2.25,1.3731875,269.86438,0,4.9434752
2019,35.25,2.5,1.3158308,272.0701,0,4.736991
2019,35.25,2.75,1.2885944,269.34348,0,4.6389394
2019,35.25,3.0,1.2460359,266.8201,0,4.485729
2019,35.25,3.25,1.2674332,265.1774,0,4.5627594
2019,35.25,3.5,1.3417381,264.71655,0,4.830257
2019,35.25,3.75,1.432712,265.13425,0,5.157763
2019,35.25,4.0,1.5207891,263.49774,0,5.4748406
2019,35.25,4.25,1.5901184,249.36754,0,5.7244263
2019,35.25,4.5,1.7493124,246.927,0,6.2975245
2019,35.25,4.75,1.7963557,246.77269,0,6.4668803
2019,35.25,5.0,1.6315998,254.43187,0,5.8737593
2019,35.25,5.25,1.404355,236.97949,0,5.055678
2019,35.25,5.5,1.2520251,134.87898,0,4.5072904
2019,35.25,5.75,1.0559781,124.77334,0,3.8015208
2019,35.25,6.0,0.90341824,124.65299,0,3.2523055
2019,35.25,6.25,0.9126707,227.07536,0,3.2856143
2019,35.25,6.5,1.0015829,278.37854,0,3.605698
2019,35.25,6.75,1.0126796,274.9551,0,3.6456463
2019,35.25,7.0,0.93509394,275.16916,0,3.366338
2019,35.25,7.25,1.1934158,279.0536,0,4.2962966
2019,35.25,7.5,1.3083531,281.32303,0,4.710071
2019,35.25,7.75,1.3459066,283.1757,0,4.8452635
2019,35.25,8.0,1.3364677,286.06064,0,4.8112836
2019,35.25,8.25,1.4937034,290.5693,0,5.377332
2019,35.25,8.5,1.4774251,294.74457,0,5.3187304
2019,35.25,8.75,1.3911833,270.74622,0,5.00826
2019,35.25,9.0,1.3171972,261.1484,0,4.74191
2019,35.25,9.25,1.2394034,264.87918,0,4.461852
2019,35.25,9.5,1.1354563,244.83598,0,4.0876427
2019,35.25,9.75,1.0760791,220.07762,0,3.8738847
2019,35.25,10.0,1.0839493,190.72618,0,3.9022174
2019,35.25,10.25,1.1859229,195.23701,0,4.2693224
2019,35.25,10.5,1.3135933,167.12776,0,4.7289357
2019,35.25,10.75,1.4348087,168.82274,0,5.1653113
2019,35.25,11.0,1.6162505,171.20117,0,5.8185015
2019,35.25,11.25,2.1626766,171.07324,0,7.7856355
2019,35.25,11.5,2.4665546,169.27483,0,8.879597
2019,35.25,11.75,2.5389402,166.62384,0,9.140184
2019,35.25,12.0,2.4596658,163.18333,0,8.854796
2019,35.0,-9.0,4.894594,235.81392,0,17.620539
2019,35.0,-8.75,4.7426434,234.96632,0,17.073515
2019,35.0,-8.5,4.58421,263.94168,0,16.503155
2019,35.0,-8.25,4.420091,262.7961,0,15.912328
2019,35.0,-8.0,4.242659,261.74704,0,15.273572
2019,35.0,-7.75,3.969118,260.4018,0,14.288825
2019,35.0,-7.5,3.7038429,258.31372,0,13.333834
2019,35.0,-7.25,3.4096816,255.33421,0,12.274854
2019,35.0,-7.0,3.02685,250.58006,0,10.89666
2019,35.0,-6.75,2.7268655,271.14713,0,9.816715
2019,35.0,-6.5,2.3046312,261.16043,0,8.296672
2019,35.0,-6.25,1.7283539,251.90187,0,6.2220736
2019,35.0,-6.0,0.94000715,243.0146,0,3.3840256
2019,35.0,-5.75,0.770508,224.22981,0,2.7738287
2019,35.0,-5.5,0.7095823,195.17595,0,2.5544963
2019,35.0,-5.25,0.6406906,158.12688,0,2.3064861
2019,35.0,-5.0,0.61929,146.06279,0,2.229444
2019,35.0,-4.75,0.6650105,104.628944,0,2.3940377
2019,35.0,-4.5,0.68581605,137.65227,0,2.4689376
2019,35.0,-4.25,0.69897,210.33704,0,2.516292
2019,35.0,-4.0,0.74781924,160.34468,0,2.6921492
2019,35.0,-3.75,0.8089083,165.51169,0,2.9120698
2019,35.0,-3.5,0.94932264,222.76845,0,3.4175615
2019,35.0,-3.25,1.0936612,210.205,0,3.9371803
2019,35.0,-3.0,1.1930153,238.71613,0,4.294855
2019,35.0,-2.75,1.2133118,179.39087,0,4.3679223
2019,35.0,-2.5,1.2045914,178.24333,0,4.336529
2019,35.0,-2.25,1.1611568,175.02312,0,4.1801643
2019,35.0,-2.0,1.1962017,224.09119,0,4.306326
2019,35.0,-1.75,1.1459566,275.2554,0,4.125444
2019,35.0,-1.5,1.088962,268.42667,0,3.920263
2019,35.0,-1.25,1.0650495,266.58176,0,3.8341782
2019,35.0,-1.0,1.2297957,270.69467,0,4.427264
2019,35.0,-0.75,1.2996832,289.85855,0,4.678859
2019,35.0,-0.5,1.2754191,290.17932,0,4.591509
2019,35.0,-0.25,1.154066,289.33417,0,4.1546373
2019,35.0,0.0,1.0085015,288.8494,0,3.6306055
2019,35.0,0.25,1.1722385,290.7446,0,4.2200584
2019,35.0,0.5,1.2051312,292.8784,0,4.338472
2019,35.0,0.75,1.1391996,296.36954,0,4.1011186
2019,35.0,1.0,1.0330865,305.77228,0,3.7191114
2019,35.0,1.25,1.2327754,304.3702,0,4.4379916
2019,35.0,1.5,1.4269657,299.15842,0,5.1370764
2019,35.0,1.75,1.5846406,286.4837,0,5.704706
2019,35.0,2.0,1.5996614,283.4773,0,5.7587805
2019,35.0,2.25,1.4505028,280.24133,0,5.22181
2019,35.0,2.5,1.3800191,275.26688,0,4.9680686
2019,35.0,2.75,1.3339552,270.32538,0,4.8022385
2019,35.0,3.0,1.256877,262.62753,0,4.524757
2019,35.0,3.25,1.2481378,259.02774,0,4.493296
2019,35.0,3.5,1.3278489,258.1132,0,4.780256
2019,35.0,3.75,1.4526478,259.57407,0,5.229532
2019,35.0,4.0,1.5959187,262.89944,0,5.745307
2019,35.0,4.25,1.6804501,263.09286,0,6.04962
2019,35.0,4.5,1.8434424,264.48462,0,6.6363926
2019,35.0,4.75,1.983919,267.3098,0,7.1421084
2019,35.0,5.0,2.0451214,277.6915,0,7.362437
2019,35.0,5.25,1.9469023,263.22464,0,7.008848
2019,35.0,5.5,1.8311586,183.94643,0,6.5921707
2019,35.0,5.75,1.5425067,163.95134,0,5.553024
2019,35.0,6.0,0.90027004,180.14539,0,3.240972
2019,35.0,6.25,0.7106228,162.9103,0,2.558242
2019,35.0,6.5,0.7526687,168.42143,0,2.7096071
2019,35.0,6.75,0.85257536,231.42633,0,3.0692713
2019,35.0,7.0,0.94732934,264.7811,0,3.4103856
2019,35.0,7.25,1.2583886,293.9379,0,4.530199
2019,35.0,7.5,1.4476628,292.25162,0,5.211586
2019,35.0,7.75,1.5276726,290.5287,0,5.4996214
2019,35.0,8.0,1.5099138,290.99826,0,5.4356894
2019,35.0,8.25,1.5918485,289.38892,0,5.7306542
2019,35.0,8.5,1.5592569,278.22214,0,5.6133246
2019,35.0,8.75,1.4434252,279.2415,0,5.1963305
2019,35.0,9.0,1.2861902,244.72481,0,4.6302843
2019,35.0,9.25,1.2484461,221.81648,0,4.4944057
2019,35.0,9.5,1.2522168,226.06694,0,4.5079803
2019,35.0,9.75,1.2641894,168.76334,0,4.5510817
2019,35.0,10.0,1.2577823,170.09082,0,4.528016
2019,35.0,10.25,1.4060221,171.16762,0,5.0616794
2019,35.0,10.5,1.669457,172.34471,0,6.010045
2019,35.0,10.75,1.9880782,173.6357,0,7.1570816
2019,35.0,11.0,2.3696768,174.87837,0,8.530836
2019,35.0,11.25,2.550615,173.01233,0,9.182214
2019,35.0,11.5,2.6104357,171.21582,0,9.397569
2019,35.0,11.75,2.5801213,169.48337,0,9.288436
2019,35.0,12.0,2.5780818,168.49391,0,9.281095
2019,34.75,-9.0,4.8361754,236.93279,0,17.41023
2019,34.75,-8.75,4.670881,235.9843,0,16.81517
2019,34.75,-8.5,4.478955,264.5652,0,16.124237
2019,34.75,-8.25,4.286132,263.13434,0,15.430075
2019,34.75,-8.0,4.0634117,261.83157,0,14.628282
2019,34.75,-7.75,3.8459322,258.8195,0,13.845356
2019,34.75,-7.5,3.5520906,256.34018,0,12.787526
2019,34.75,-7.25,3.1999013,252.43787,0,11.519645
2019,34.75,-7.0,2.844905,245.148,0,10.241657
2019,34.75,-6.75,2.4398994,264.9962,0,8.783638
2019,34.75,-6.5,1.853867,258.7513,0,6.673921
2019,34.75,-6.25,1.2637298,251.28542,0,4.549427
2019,34.75,-6.0,1.0313469,244.71913,0,3.712849
2019,34.75,-5.75,1.1106433,242.60297,0,3.9983156
2019,34.75,-5.5,1.0148302,240.71501,0,3.6533887
2019,34.75,-5.25,0.90555805,229.81865,0,3.2600088
2019,34.75,-5.0,0.7622897,227.91649,0,2.744243
2019,34.75,-4.75,0.6571702,192.62645,0,2.3658125
2019,34.75,-4.5,0.674403,202.81734,0,2.4278507
2019,34.75,-4.25,0.7385781,225.09868,0,2.658881
2019,34.75,-4.0,0.8487714,215.49702,0,3.055577
2019,34.75,-3.75,0.9041188,153.38513,0,3.2548275
2019,34.75,-3.5,1.0616525,151.54375,0,3.821949
2019,34.75,-3.25,1.2230663,151.8744,0,4.4030385
2019,34.75,-3.0,1.3917443,89.806786,0,5.010279
2019,34.75,-2.75,1.2458699,119.66683,0,4.4851313
2019,34.75,-2.5,1.1020385,119.2971,0,3.9673386
2019,34.75,-2.25,1.0762886,244.24834,0,3.8746388
2019,34.75,-2.0,1.0153776,243.0586,0,3.6553595
2019,34.75,-1.75,0.87561935,241.94478,0,3.1522295
2019,34.75,-1.5,0.85275835,242.60277,0,3.06993
2019,34.75,-1.25,0.94284934,274.06827,0,3.3942575
2019,34.75,-1.0,1.1115855,299.2776,0,4.0017076
2019,34.75,-0.75,1.1540495,300.4783,0,4.154578
2019,34.75,-0.5,1.1373457,301.62277,0,4.0944443
2019,34.75,-0.25,1.0756593,302.98425,0,3.8723733
2019,34.75,0.0,1.1272031,279.6029,0,4.057931
2019,34.75,0.25,1.3022879,310.89935,0,4.688236
2019,34.75,0.5,1.3478984,308.9713,0,4.852434
2019,34.75,0.75,1.2930523,307.20703,0,4.6549883
2019,34.75,1.0,1.2051828,310.1397,0,4.338658
2019,34.75,1.25,1.296074,278.39713,0,4.6658664
2019,34.75,1.5,1.4682922,279.94434,0,5.285852
2019,34.75,1.75,1.6636424,277.96295,0,5.9891124
2019,34.75,2.0,1.8294886,270.92963,0,6.5861588
2019,34.75,2.25,1.6324377,262.95502,0,5.8767757
2019,34.75,2.5,1.4807476,259.83667,0,5.3306913
2019,34.75,2.75,1.3197817,258.88058,0,4.751214
2019,34.75,3.0,1.2951822,257.73447,0,4.662656
2019,34.75,3.25,1.3938514,261.83017,0,5.0178647
2019,34.75,3.5,1.6082606,266.92087,0,5.789738
2019,34.75,3.75,1.817217,269.30386,0,6.541981
2019,34.75,4.0,1.974505,269.58533,0,7.1082177
2019,34.75,4.25,1.805437,271.8127,0,6.4995728
2019,34.75,4.5,1.8600336,262.01346,0,6.6961207
2019,34.75,4.75,1.8996032,262.3278,0,6.8385715
2019,34.75,5.0,1.9201864,262.79434,0,6.912671
2019,34.75,5.25,1.8708597,205.91815,0,6.735095
2019,34.75,5.5,1.9150447,179.8067,0,6.8941607
2019,34.75,5.75,1.7397646,184.81578,0,6.263152
2019,34.75,6.0,1.3173499,131.10448,0,4.74246
2019,34.75,6.25,1.1523405,134.61382,0,4.1484256
2019,34.75,6.5,1.0462546,135.4886,0,3.7665167
2019,34.75,6.75,1.0306093,107.18335,0,3.7101932
2019,34.75,7.0,1.1034193,108.12142,0,3.9723094
2019,34.75,7.25,1.1797227,81.5152,0,4.2470016
2019,34.75,7.5,1.1804093,141.61607,0,4.2494736
2019,34.75,7.75,1.2141081,165.71455,0,4.370789
2019,34.75,8.0,1.3154048,236.41785,0,4.735457
2019,34.75,8.25,1.5332069,258.32968,0,5.5195446
2019,34.75,8.5,1.5824089,227.48108,0,5.696672
2019,34.75,8.75,1.532024,228.1502,0,5.5152864
2019,34.75,9.0,1.3886992,169.42119,0,4.9993167
2019,34.75,9.25,1.4451424,170.53705,0,5.2025123
2019,34.75,9.5,1.5679388,171.45323,0,5.6445794
2019,34.75,9.75,1.6605381,172.66846,0,5.9779367
2019,34.75,10.0,1.8141938,173.42455,0,6.531098
2019,34.75,10.25,1.9063774,173.48183,0,6.8629584
2019,34.75,10.5,2.1467855,174.44507,0,7.7284274
2019,34.75,10.75,2.427069,175.6064,0,8.737448
2019,34.75,11.0,2.722418,176.11475,0,9.800705
2019,34.75,11.25,2.8008254,174.57642,0,10.082971
2019,34.75,11.5,2.815169,173.32487,0,10.134608
2019,34.75,11.75,2.794404,172.24303,0,10.0598545
2019,34.75,12.0,2.745365,170.7163,0,9.883313
2019,34.5,-9.0,4.7194133,239.00633,0,16.989887
2019,34.5,-8.75,4.5459485,238.18073,0,16.365414
2019,34.5,-8.5,4.349718,236.83069,0,15.658985
2019,34.5,-8.25,4.125421,265.1193,0,14.851516
2019,34.5,-8.0,3.8709524,263.16425,0,13.935429
2019,34.5,-7.75,3.6196182,259.7503,0,13.030625
2019,34.5,-7.5,3.2489145,255.73225,0,11.696092
2019,34.5,-7.25,2.8778331,250.03864,0,10.360199
2019,34.5,-7.0,2.668636,269.38098,0,9.60709
2019,34.5,-6.75,2.2638597,258.7877,0,8.149895
2019,34.5,-6.5,1.679914,250.96313,0,6.0476904
2019,34.5,-6.25,1.1724458,245.03935,0,4.2208047
2019,34.5,-6.0,1.0685495,241.61281,0,3.8467782
2019,34.5,-5.75,1.2169337,241.62541,0,4.3809614
2019,34.5,-5.5,1.2946892,242.19342,0,4.660881
2019,34.5,-5.25,1.1898143,241.0002,0,4.2833314
2019,34.5,-5.0,1.1079422,238.30727,0,3.988592
2019,34.5,-4.75,0.94199365,205.67827,0,3.3911772
2019,34.5,-4.5,0.8839063,200.6715,0,3.1820626
2019,34.5,-4.25,0.9484225,203.23006,0,3.414321
2019,34.5,-4.0,1.1720165,208.10016,0,4.2192593
2019,34.5,-3.75,1.1665317,237.9909,0,4.199514
2019,34.5,-3.5,1.4452443,154.3123,0,5.2028794
2019,34.5,-3.25,1.6181254,151.74657,0,5.8252516
2019,34.5,-3.0,1.4962993,86.59771,0,5.3866773
2019,34.5,-2.75,1.198845,113.52429,0,4.315842
2019,34.5,-2.5,1.0995766,233.60791,0,3.9584756
2019,34.5,-2.25,1.0803553,270.54715,0,3.889279
2019,34.5,-2.0,0.9943864,272.57922,0,3.5797908
2019,34.5,-1.75,0.88986945,274.64917,0,3.2035298
2019,34.5,-1.5,1.0154332,285.40826,0,3.6555593
2019,34.5,-1.25,1.2106922,253.88747,0,4.358492
2019,34.5,-1.0,1.3031723,260.55188,0,4.6914206
2019,34.5,-0.75,1.3385438,261.97415,0,4.8187575
2019,34.5,-0.5,1.3171941,263.15005,0,4.7418985
2019,34.5,-0.25,1.2898039,264.47382,0,4.643294
2019,34.5,0.0,1.3488961,267.49313,0,4.856026
2019,34.5,0.25,1.49785,262.92633,0,5.3922596
2019,34.5,0.5,1.5030483,285.54935,0,5.4109735
2019,34.5,0.75,1.4525846,280.2452,0,5.2293043
2019,34.5,1.0,1.3847009,235.18079,0,4.984923
2019,34.5,1.25,1.32684,236.69942,0,4.776624
2019,34.5,1.5,1.468839,235.2867,0,5.2878203
2019,34.5,1.75,1.5035757,232.38878,0,5.4128723
2019,34.5,2.0,1.6180172,258.8863,0,5.8248615
2019,34.5,2.25,1.5360595,256.5404,0,5.5298142
2019,34.5,2.5,1.5158896,263.56412,0,5.4572024
2019,34.5,2.75,1.4610049,267.8635,0,5.2596173
2019,34.5,3.0,1.5758575,273.9397,0,5.673087
2019,34.5,3.25,1.6812729,273.93243,0,6.0525823
2019,34.5,3.5,1.8539739,274.10046,0,6.674306
2019,34.5,3.75,1.8197765,269.65115,0,6.551195
2019,34.5,4.0,1.8578571,259.7598,0,6.6882854
2019,34.5,4.25,1.7867473,255.11163,0,6.43229
2019,34.5,4.5,1.769363,225.5573,0,6.3697066
2019,34.5,4.75,1.8322697,167.9808,0,6.5961704
2019,34.5,5.0,1.8092937,144.41759,0,6.5134573
2019,34.5,5.25,1.993611,176.79305,0,7.1769996
2019,34.5,5.5,2.0413783,149.53264,0,7.3489614
2019,34.5,5.75,2.019139,153.42311,0,7.2689004
2019,34.5,6.0,1.7700615,161.49019,0,6.372221
2019,34.5,6.25,1.5461715,166.84587,0,5.5662174
2019,34.5,6.5,1.4180393,147.74149,0,5.1049414
2019,34.5,6.75,1.3389624,120.943665,0,4.820265
2019,34.5,7.0,1.5381389,94.86282,0,5.5372996
2019,34.5,7.25,1.6887523,92.15171,0,6.0795083
2019,34.5,7.5,1.5670353,87.92611,0,5.641327
2019,34.5,7.75,1.418804,104.46523,0,5.1076946
2019,34.5,8.0,1.4116964,151.11565,0,5.082107
2019,34.5,8.25,1.4431424,144.0983,0,5.1953125
2019,34.5,8.5,1.344932,170.94829,0,4.841755
2019,34.5,8.75,1.2961587,172.15898,0,4.666171
2019,34.5,9.0,1.3412228,172.62785,0,4.828402
2019,34.5,9.25,1.4240028,168.90404,0,5.12641
2019,34.5,9.5,1.5497437,169.3571,0,5.579077
2019,34.5,9.75,1.7904692,170.41444,0,6.4456887
2019,34.5,10.0,2.1024735,172.26613,0,7.5689044
2019,34.5,10.25,2.3377416,174.9152,0,8.41587
2019,34.5,10.5,2.6698139,147.54326,0,9.61133
2019,34.5,10.75,2.9791667,148.526,0,10.725
2019,34.5,11.0,3.1011791,148.30542,0,11.164245
2019,34.5,11.25,2.9837925,176.89622,0,10.7416525
2019,34.5,11.5,2.987316,175.56627,0,10.754337
2019,34.5,11.75,2.9519444,173.93506,0,10.627
2019,34.5,12.0,2.900635,172.66919,0,10.442286
2019,34.25,-9.0,4.6592016,181.19698,0,16.773125
2019,34.25,-8.75,4.456798,180.32768,0,16.044472
2019,34.25,-8.5,4.224949,209.0959,0,15.209816
2019,34.25,-8.25,3.9388475,207.41577,0,14.179851
2019,34.25,-8.0,3.5558364,265.43112,0,12.801011
2019,34.25,-7.75,3.204816,261.454,0,11.537337
2019,34.25,-7.5,2.9138424,252.83745,0,10.489833
2019,34.25,-7.25,2.5064352,245.96788,0,9.023167
2019,34.25,-7.0,2.1870973,266.96613,0,7.87355
2019,34.25,-6.75,1.7507958,256.75452,0,6.302865
2019,34.25,-6.5,1.4566463,246.97748,0,5.2439265
2019,34.25,-6.25,1.0934852,242.36012,0,3.9365468
2019,34.25,-6.0,1.0709615,243.28581,0,3.8554611
2019,34.25,-5.75,1.1793956,245.35779,0,4.245824
2019,34.25,-5.5,1.2252859,247.3665,0,4.411029
2019,34.25,-5.25,1.3064302,249.79424,0,4.703149
2019,34.25,-5.0,1.2560543,251.87395,0,4.5217953
2019,34.25,-4.75,1.0885018,246.49312,0,3.9186065
2019,34.25,-4.5,1.0144536,214.7935,0,3.652033
2019,34.25,-4.25,1.0447029,203.97075,0,3.7609303
2019,34.25,-4.0,1.1686776,216.53088,0,4.207239
2019,34.25,-3.75,1.3077314,241.11273,0,4.707833
2019,34.25,-3.5,1.5110701,184.81093,0,5.439852
2019,34.25,-3.25,1.5599442,177.5354,0,5.615799
2019,34.25,-3.0,1.3985171,169.06738,0,5.034662
2019,34.25,-2.75,1.2325251,279.37683,0,4.4370904
2019,34.25,-2.5,1.2518778,299.88632,0,4.50676
2019,34.25,-2.25,1.2933694,277.46277,0,4.65613
2019,34.25,-2.0,1.1978598,268.1267,0,4.312295
2019,34.25,-1.75,1.1592542,267.46927,0,4.173315
2019,34.25,-1.5,1.2977849,264.04733,0,4.6720257
2019,34.25,-1.25,1.4555659,246.22955,0,5.2400374
2019,34.25,-1.0,1.582387,214.2989,0,5.696593
2019,34.25,-0.75,1.6388239,213.22295,0,5.899766
2019,34.25,-0.5,1.6180862,212.97374,0,5.8251104
2019,34.25,-0.25,1.5138984,214.0241,0,5.450034
2019,34.25,0.0,1.376462,206.96455,0,4.955263
2019,34.25,0.25,1.4013046,234.63142,0,5.0446963
2019,34.25,0.5,1.4544743,235.30754,0,5.2361073
2019,34.25,0.75,1.4466025,238.49866,0,5.207769
2019,34.25,1.0,1.469539,235.27405,0,5.2903404
2019,34.25,1.25,1.3948392,232.64941,0,5.021421
2019,34.25,1.5,1.3670136,231.19751,0,4.921249
2019,34.25,1.75,1.416861,231.94722,0,5.1007
2019,34.25,2.0,1.5105156,263.52206,0,5.4378557
2019,34.25,2.25,1.633381,269.10156,0,5.8801713
2019,34.25,2.5,1.7843229,276.9989,0,6.423562
2019,34.25,2.75,1.806715,280.63675,0,6.5041738
2019,34.25,3.0,1.855205,281.75797,0,6.678738
2019,34.25,3.25,1.9576586,260.37314,0,7.047571
2019,34.25,3.5,1.9291738,233.4828,0,6.9450254
2019,34.25,3.75,1.7562499,229.88324,0,6.3224993
2019,34.25,4.0,1.7298197,192.56209,0,6.2273507
2019,34.25,4.25,1.7284027,189.97835,0,6.2222495
2019,34.25,4.5,1.7550999,193.36127,0,6.3183594
2019,34.25,4.75,1.8364381,168.22908,0,6.611177
2019,34.25,5.0,1.886031,203.38196,0,6.7897115
2019,34.25,5.25,2.0375135,205.19643,0,7.335048
2019,34.25,5.5,2.1235154,205.03725,0,7.644655
2019,34.25,5.75,2.0653431,207.03416,0,7.435235
2019,34.25,6.0,1.9118274,159.5901,0,6.882579
2019,34.25,6.25,1.7707385,165.88383,0,6.3746586
2019,34.25,6.5,1.6938752,169.0577,0,6.0979505
2019,34.25,6.75,1.7950592,126.16811,0,6.462213
2019,34.25,7.0,1.9284563,121.19485,0,6.9424424
2019,34.25,7.25,1.9908252,119.908394,0,7.1669703
2019,34.25,7.5,1.9382118,115.21453,0,6.9775624
2019,34.25,7.75,1.8895197,137.89777,0,6.802271
2019,34.25,8.0,1.7886025,130.42235,0,6.4389687
2019,34.25,8.25,1.6668917,95.35293,0,6.00081
2019,34.25,8.5,1.6051755,120.7789,0,5.7786317
2019,34.25,8.75,1.5832189,147.20708,0,5.699588
2019,34.25,9.0,1.6599518,143.8351,0,5.9758263
2019,34.25,9.25,1.8278705,167.66046,0,6.5803337
2019,34.25,9.5,1.9565195,164.79037,0,7.04347
2019,34.25,9.75,2.1718051,167.40982,0,7.818498
2019,34.25,10.0,2.5529654,171.45886,0,9.190675
2019,34.25,10.25,3.0013561,146.54393,0,10.804882
2019,34.25,10.5,3.1491554,147.76985,0,11.336959
2019,34.25,10.75,3.223778,148.099,0,11.6056
2019,34.25,11.0,3.281091,148.12575,0,11.811927
2019,34.25,11.25,3.2536633,147.93394,0,11.713187
2019,34.25,11.5,3.1773183,147.07558,0,11.438346
2019,34.25,11.75,3.1118953,175.62782,0,11.202823
2019,34.25,12.0,3.0482633,174.58028,0,10.973747
2019,34.0,-9.0,4.5580463,153.72076,0,16.408966
2019,34.0,-8.75,4.2816625,152.93529,0,15.413984
2019,34.0,-8.5,4.005583,181.82318,0,14.420097
2019,34.0,-8.25,3.6699142,209.9279,0,13.211691
2019,34.0,-8.0,3.256176,206.86394,0,11.722233
2019,34.0,-7.75,2.8498585,229.92882,0,10.25949
2019,34.0,-7.5,2.4113743,251.16566,0,8.680947
2019,34.0,-7.25,2.0736587,242.5453,0,7.4651713
2019,34.0,-7.0,1.5189667,264.75775,0,5.46828
2019,34.0,-6.75,1.21266,254.86809,0,4.365576
2019,34.0,-6.5,1.0359381,247.99304,0,3.7293773
2019,34.0,-6.25,1.0908142,249.11699,0,3.9269311
2019,34.0,-6.0,1.0913175,251.07495,0,3.9287431
2019,34.0,-5.75,1.1201216,252.73988,0,4.032438
2019,34.0,-5.5,1.0618707,253.9599,0,3.8227344
2019,34.0,-5.25,1.1520927,256.89124,0,4.1475334
2019,34.0,-5.0,1.1599097,262.0812,0,4.175675
2019,34.0,-4.75,1.0385437,260.9093,0,3.7387571
2019,34.0,-4.5,0.8645077,223.58858,0,3.1122274
2019,34.0,-4.25,0.9225879,240.26208,0,3.3213162
2019,34.0,-4.0,0.96881366,217.39195,0,3.487729
2019,34.0,-3.75,0.95770335,235.30525,0,3.447732
2019,34.0,-3.5,1.0774864,185.42236,0,3.8789508
2019,34.0,-3.25,1.1533585,178.14851,0,4.1520905
2019,34.0,-3.0,1.4210352,313.92136,0,5.1157265
2019,34.0,-2.75,1.4764189,301.4402,0,5.315108
2019,34.0,-2.5,1.5828029,299.26804,0,5.69809
2019,34.0,-2.25,1.6820801,304.2467,0,6.0554886
2019,34.0,-2.0,1.5524987,283.5837,0,5.588995
2019,34.0,-1.75,1.4186897,269.8287,0,5.107283
2019,34.0,-1.5,1.4710412,266.87973,0,5.295748
2019,34.0,-1.25,1.575265,252.91512,0,5.670954
2019,34.0,-1.0,1.6642529,221.37645,0,5.99131
2019,34.0,-0.75,1.6856307,218.7376,0,6.06827
2019,34.0,-0.5,1.5431832,213.84834,0,5.5554595
2019,34.0,-0.25,1.4236379,210.369,0,5.1250963
2019,34.0,0.0,1.3417873,210.19887,0,4.8304343
2019,34.0,0.25,1.3607928,232.2846,0,4.898854
2019,34.0,0.5,1.4413743,229.38802,0,5.188947
2019,34.0,0.75,1.5368357,229.02472,0,5.532608
2019,34.0,1.0,1.4527487,231.90431,0,5.229895
2019,34.0,1.25,1.3723205,234.96077,0,4.940354
2019,34.0,1.5,1.3897047,237.0819,0,5.002937
2019,34.0,1.75,1.5490834,273.55258,0,5.5766997
2019,34.0,2.0,1.7355132,278.43842,0,6.2478476
2019,34.0,2.25,1.8158685,283.03925,0,6.5371265
2019,34.0,2.5,1.9301511,289.9403,0,6.948544
2019,34.0,2.75,1.9294529,295.511,0,6.94603
2019,34.0,3.0,1.7576952,256.63824,0,6.3277025
2019,34.0,3.25,1.771061,227.89728,0,6.375819
2019,34.0,3.5,1.7839035,200.4045,0,6.4220524
2019,34.0,3.75,1.7550873,198.80804,0,6.318314
2019,34.0,4.0,1.690918,193.21599,0,6.0873046
2019,34.0,4.25,1.7683619,192.57845,0,6.3661027
2019,34.0,4.5,1.8104407,194.25029,0,6.517586
2019,34.0,4.75,1.9083018,197.49959,0,6.8698864
2019,34.0,5.0,1.9549723,199.9327,0,7.0379
2019,34.0,5.25,2.0552208,201.41034,0,7.3987947
2019,34.0,5.5,2.0228543,200.81071,0,7.282275
2019,34.0,5.75,1.9551138,201.68935,0,7.038409
2019,34.0,6.0,1.8137904,185.24023,0,6.5296454
2019,34.0,6.25,1.8259196,161.29533,0,6.5733104
2019,34.0,6.5,1.8551545,168.08257,0,6.678556
2019,34.0,6.75,1.982426,166.03912,0,7.1367335
2019,34.0,7.0,2.0786204,126.135704,0,7.483033
2019,34.0,7.25,2.1470687,117.36027,0,7.7294474
2019,34.0,7.5,2.1651134,113.39803,0,7.7944083
2019,34.0,7.75,2.0712464,136.71315,0,7.4564867
2019,34.0,8.0,2.0027044,132.57552,0,7.2097354
2019,34.0,8.25,2.0897062,128.98102,0,7.522942
2019,34.0,8.5,2.0469887,125.643486,0,7.369159
2019,34.0,8.75,2.1705065,150.48509,0,7.813823
2019,34.0,9.0,2.2519395,144.55702,0,8.106982
2019,34.0,9.25,2.3582644,137.98526,0,8.489752
2019,34.0,9.5,2.3324492,135.33235,0,8.396817
2019,34.0,9.75,2.5590334,137.01328,0,9.21252
2019,34.0,10.0,2.7650108,140.1758,0,9.954039
2019,34.0,10.25,3.2910378,145.2908,0,11.847735
2019,34.0,10.5,3.3131406,146.49162,0,11.927306
2019,34.0,10.75,3.1809425,148.00887,0,11.451393
2019,34.0,11.0,3.1548855,148.20415,0,11.357588
2019,34.0,11.25,3.3623943,149.08119,0,12.104619
2019,34.0,11.5,3.308734,148.04564,0,11.911442
2019,34.0,11.75,3.232021,146.72578,0,11.635276
2019,34.0,12.0,3.1936333,175.64275,0,11.49708
2019,33.75,-9.0,4.437904,97.85299,0,15.976454
2019,33.75,-8.75,4.1432457,127.383545,0,14.915684
2019,33.75,-8.5,3.693576,156.28967,0,13.296874
2019,33.75,-8.25,3.349116,154.29268,0,12.056818
2019,33.75,-8.0,2.8599331,203.3424,0,10.295759
2019,33.75,-7.75,2.3035297,197.56508,0,8.2927065
2019,33.75,-7.5,1.8643336,218.5013,0,6.711601
2019,33.75,-7.25,1.5764251,243.16437,0,5.67513
2019,33.75,-7.0,1.0349914,261.31857,0,3.7259688
2019,33.75,-6.75,0.9564894,257.35266,0,3.4433618
2019,33.75,-6.5,1.032368,256.91586,0,3.7165246
2019,33.75,-6.25,1.0842971,257.7111,0,3.9034693
2019,33.75,-6.0,1.0157987,258.6141,0,3.6568751
2019,33.75,-5.75,1.0359823,259.77115,0,3.729536
2019,33.75,-5.5,0.9118316,259.75467,0,3.2825937
2019,33.75,-5.25,0.96764994,261.0378,0,3.4835396
2019,33.75,-5.0,0.99563074,265.69955,0,3.5842705
2019,33.75,-4.75,0.9066999,271.50366,0,3.2641196
2019,33.75,-4.5,0.5428109,265.7561,0,1.9541192
2019,33.75,-4.25,0.63677514,243.84999,0,2.2923903
2019,33.75,-4.0,0.6533547,262.58005,0,2.3520768
2019,33.75,-3.75,0.7101026,258.0176,0,2.5563693
2019,33.75,-3.5,0.811202,108.80353,0,2.9203272
2019,33.75,-3.25,1.0526124,247.46309,0,3.7894046
2019,33.75,-3.0,1.339488,315.6132,0,4.822157
2019,33.75,-2.75,1.6151503,306.34668,0,5.814541
2019,33.75,-2.5,1.7188364,304.69904,0,6.187811
2019,33.75,-2.25,1.7675136,304.413,0,6.363049
2019,33.75,-2.0,1.7271456,307.041,0,6.217724
2019,33.75,-1.75,1.5387503,287.00638,0,5.5395007
2019,33.75,-1.5,1.4023256,286.55704,0,5.0483723
2019,33.75,-1.25,1.4761745,250.2329,0,5.314228
2019,33.75,-1.0,1.5173836,248.44275,0,5.4625807
2019,33.75,-0.75,1.4670128,246.02985,0,5.2812457
2019,33.75,-0.5,1.3805703,238.03406,0,4.9700527
2019,33.75,-0.25,1.3500314,231.43065,0,4.8601127
2019,33.75,0.0,1.3948817,229.38106,0,5.021574
2019,33.75,0.25,1.5080308,233.72649,0,5.4289107
2019,33.75,0.5,1.6031957,233.9694,0,5.7715044
2019,33.75,0.75,1.5468076,236.96297,0,5.568507
2019,33.75,1.0,1.4753103,241.26653,0,5.311117
2019,33.75,1.25,1.4915147,247.46112,0,5.369453
2019,33.75,1.5,1.6380793,249.44621,0,5.897085
2019,33.75,1.75,1.8568501,284.3625,0,6.6846604
2019,33.75,2.0,1.8797207,288.53705,0,6.7669945
2019,33.75,2.25,1.8670535,293.0579,0,6.7213926
2019,33.75,2.5,1.8856049,299.96103,0,6.7881775
2019,33.75,2.75,1.76511,260.06616,0,6.354396
2019,33.75,3.0,1.6216785,198.7339,0,5.8380423
2019,33.75,3.25,1.6316338,202.19206,0,5.8738813
2019,33.75,3.5,1.7032329,202.19446,0,6.131638
2019,33.75,3.75,1.7661668,201.07838,0,6.3582006
2019,33.75,4.0,1.8573747,200.27187,0,6.6865487
2019,33.75,4.25,1.9288564,199.73065,0,6.943883
2019,33.75,4.5,1.9431654,198.5678,0,6.995395
2019,33.75,4.75,2.004698,199.13258,0,7.2169127
2019,33.75,5.0,2.029631,230.48853,0,7.306671
2019,33.75,5.25,2.0091999,171.58263,0,7.2331195
2019,33.75,5.5,1.9581636,201.28596,0,7.049389
2019,33.75,5.75,1.8188678,171.51251,0,6.547924
2019,33.75,6.0,1.6608777,181.52391,0,5.9791594
2019,33.75,6.25,1.6823212,158.28339,0,6.056356
2019,33.75,6.5,1.9052119,166.16402,0,6.8587627
2019,33.75,6.75,2.0570905,164.76057,0,7.4055257
2019,33.75,7.0,2.117935,163.67099,0,7.6245656
2019,33.75,7.25,2.1648865,161.32735,0,7.793591
2019,33.75,7.5,2.173937,159.16493,0,7.8261733
2019,33.75,7.75,2.1971633,158.16782,0,7.9097877
2019,33.75,8.0,2.1550374,157.65489,0,7.7581344
2019,33.75,8.25,2.3177671,156.2245,0,8.343962
2019,33.75,8.5,2.4277883,152.81808,0,8.740038
2019,33.75,8.75,2.558489,148.2772,0,9.210561
2019,33.75,9.0,2.5109591,143.42517,0,9.039453
2019,33.75,9.25,2.5528262,138.3874,0,9.190174
2019,33.75,9.5,2.5193403,137.941,0,9.069625
2019,33.75,9.75,2.4926836,138.64139,0,8.97366
2019,33.75,10.0,2.681715,142.04953,0,9.654174
2019,33.75,10.25,2.8716242,143.44783,0,10.337847
2019,33.75,10.5,2.9508011,145.18251,0,10.622884
2019,33.75,10.75,2.8085902,147.24403,0,10.110925
2019,33.75,11.0,3.1915362,148.69304,0,11.48953
2019,33.75,11.25,3.4339206,149.64214,0,12.362114
2019,33.75,11.5,3.379383,148.02652,0,12.165779
2019,33.75,11.75,3.3334198,146.69681,0,12.000311
2019,33.75,12.0,3.2920668,145.59398,0,11.85144
2019,33.5,-9.0,4.3955956,43.306873,0,15.824143
2019,33.5,-8.75,3.9037192,43.4611,0,14.053389
2019,33.5,-8.5,3.4395583,43.781174,0,12.382409
2019,33.5,-8.25,2.842695,71.066986,0,10.233702
2019,33.5,-8.0,2.3153298,142.88133,0,8.335187
2019,33.5,-7.75,1.6847502,198.27661,0,6.0651007
2019,33.5,-7.5,1.441258,192.38313,0,5.1885285
2019,33.5,-7.25,1.1561793,212.59029,0,4.1622453
2019,33.5,-7.0,1.0068703,206.36446,0,3.624733
2019,33.5,-6.75,1.0156251,264.2148,0,3.6562502
2019,33.5,-6.5,1.0588822,264.25198,0,3.811976
2019,33.5,-6.25,0.96607906,264.37857,0,3.4778845
2019,33.5,-6.0,0.8716319,265.24115,0,3.1378748
2019,33.5,-5.75,0.867997,261.40982,0,3.124789
2019,33.5,-5.5,0.7251084,254.53664,0,2.6103902
2019,33.5,-5.25,0.83850306,252.03899,0,3.018611
2019,33.5,-5.0,1.0230339,259.28082,0,3.682922
2019,33.5,-4.75,1.0427599,264.86832,0,3.7539356
2019,33.5,-4.5,0.5387107,263.3091,0,1.9393585
2019,33.5,-4.25,0.5548966,259.9126,0,1.9976277
2019,33.5,-4.0,0.69905585,255.6549,0,2.516601
2019,33.5,-3.75,0.5433479,196.33209,0,1.9560524
2019,33.5,-3.5,0.9001004,86.04861,0,3.2403615
2019,33.5,-3.25,1.067747,226.58063,0,3.843889
2019,33.5,-3.0,1.3971993,283.1873,0,5.0299172
2019,33.5,-2.75,1.6764268,304.0503,0,6.035136
2019,33.5,-2.5,1.5388862,274.31616,0,5.53999
2019,33.5,-2.25,1.4721684,246.05226,0,5.299806
2019,33.5,-2.0,1.5247072,274.62143,0,5.488946
2019,33.5,-1.75,1.5313091,269.4625,0,5.5127125
2019,33.5,-1.5,1.4645029,264.3184,0,5.2722106
2019,33.5,-1.25,1.3638581,260.46844,0,4.909889
2019,33.5,-1.0,1.35578,234.74583,0,4.880808
2019,33.5,-0.75,1.3746065,235.68542,0,4.948583
2019,33.5,-0.5,1.4108362,237.68652,0,5.0790105
2019,33.5,-0.25,1.393847,237.19257,0,5.017849
2019,33.5,0.0,1.4647222,207.87563,0,5.273
2019,33.5,0.25,1.6771164,212.13916,0,6.0376186
2019,33.5,0.5,1.7637893,247.18433,0,6.3496413
2019,33.5,0.75,1.7970905,251.5453,0,6.469526
2019,33.5,1.0,1.8164207,255.15437,0,6.5391145
2019,33.5,1.25,1.8560013,258.67252,0,6.6816044
2019,33.5,1.5,1.9384478,259.6354,0,6.978412
2019,33.5,1.75,1.8477663,260.95456,0,6.6519585
2019,33.5,2.0,1.8629137,265.86398,0,6.706489
2019,33.5,2.25,1.7796215,235.63408,0,6.406637
2019,33.5,2.5,1.7471796,231.48938,0,6.2898464
2019,33.5,2.75,1.6916837,203.205,0,6.090061
2019,33.5,3.0,1.7139516,207.53719,0,6.1702256
2019,33.5,3.25,1.7822456,209.65633,0,6.4160843
2019,33.5,3.5,1.8627485,209.0847,0,6.7058945
2019,33.5,3.75,1.964406,208.02618,0,7.0718613
2019,33.5,4.0,2.0498946,206.96663,0,7.37962
2019,33.5,4.25,2.067304,205.90334,0,7.4422936
2019,33.5,4.5,2.0581284,203.92854,0,7.4092617
2019,33.5,4.75,2.0737746,202.80864,0,7.465588
2019,33.5,5.0,2.0337205,202.76654,0,7.3213935
2019,33.5,5.25,2.0139878,173.64427,0,7.2503557
2019,33.5,5.5,1.9412595,175.0285,0,6.988534
2019,33.5,5.75,1.7548517,175.8633,0,6.317466
2019,33.5,6.0,1.5958194,153.48854,0,5.7449493
2019,33.5,6.25,1.702989,159.47737,0,6.13076
2019,33.5,6.5,1.9249705,164.53218,0,6.9298935
2019,33.5,6.75,2.0614204,164.07513,0,7.4211135
2019,33.5,7.0,2.1292903,162.6524,0,7.665445
2019,33.5,7.25,2.1716478,160.85477,0,7.8179317
2019,33.5,7.5,2.1951034,158.01263,0,7.902372
2019,33.5,7.75,2.2340822,155.92705,0,8.042696
2019,33.5,8.0,2.2810812,153.95892,0,8.211892
2019,33.5,8.25,2.3691118,151.36348,0,8.528802
2019,33.5,8.5,2.4618483,147.37543,0,8.862654
2019,33.5,8.75,2.486386,145.5974,0,8.95099
2019,33.5,9.0,2.4356937,143.0855,0,8.768497
2019,33.5,9.25,2.4473305,142.36226,0,8.8103895
2019,33.5,9.5,2.5247757,143.54372,0,9.089192
2019,33.5,9.75,2.4911118,145.76198,0,8.968002
2019,33.5,10.0,2.3732684,145.23187,0,8.543766
2019,33.5,10.25,2.2438443,144.49297,0,8.077839
2019,33.5,10.5,2.4616787,174.92537,0,8.862043
2019,33.5,10.75,2.772446,145.2935,0,9.980805
2019,33.5,11.0,3.1536372,147.13362,0,11.353093
2019,33.5,11.25,3.4847949,147.502,0,12.545261
2019,33.5,11.5,3.4248087,145.95612,0,12.329311
2019,33.5,11.75,3.3927252,144.82507,0,12.213811
2019,33.5,12.0,3.412884,144.4615,0,12.286382
2019,33.25,-9.0,4.2749996,48.2213,0,15.389998
2019,33.25,-8.75,3.6153822,49.435078,0,13.015375
2019,33.25,-8.5,2.8559582,50.428333,0,10.281449
2019,33.25,-8.25,2.1976924,58.4763,0,7.9116926
2019,33.25,-8.0,1.8772154,86.521454,0,6.757975
2019,33.25,-7.75,1.6235625,84.6636,0,5.844825
2019,33.25,-7.5,1.4153495,169.78041,0,5.095258
2019,33.25,-7.25,1.2959634,163.80788,0,4.665468
2019,33.25,-7.0,1.2019359,188.1463,0,4.326969
2019,33.25,-6.75,1.1026996,241.98657,0,3.9697187
2019,33.25,-6.5,1.0284126,238.43202,0,3.7022853
2019,33.25,-6.25,0.96133876,242.25655,0,3.4608195
2019,33.25,-6.0,0.80271125,239.27124,0,2.8897605
2019,33.25,-5.75,0.7593715,254.60573,0,2.7337375
2019,33.25,-5.5,0.68023235,237.44872,0,2.4488363
2019,33.25,-5.25,0.8283765,244.25452,0,2.9821553
2019,33.25,-5.0,1.1271678,258.46844,0,4.057804
2019,33.25,-4.75,1.358503,267.55954,0,4.8906107
2019,33.25,-4.5,1.0512189,270.5871,0,3.7843878
2019,33.25,-4.25,1.055767,252.95758,0,3.8007612
2019,33.25,-4.0,0.7875641,236.51373,0,2.8352306
2019,33.25,-3.75,0.7356746,119.75442,0,2.6484287
2019,33.25,-3.5,1.105477,101.949554,0,3.979717
2019,33.25,-3.25,1.1146501,179.15454,0,4.01274
2019,33.25,-3.0,1.4432478,239.70842,0,5.195692
2019,33.25,-2.75,1.4243876,234.01775,0,5.127795
2019,33.25,-2.5,1.2481021,201.8632,0,4.4931674
2019,33.25,-2.25,1.2715498,234.24324,0,4.577579
2019,33.25,-2.0,1.4302897,265.5585,0,5.149043
2019,33.25,-1.75,1.5092115,261.79575,0,5.4331613
2019,33.25,-1.5,1.4848386,255.09181,0,5.345419
2019,33.25,-1.25,1.4247845,243.24312,0,5.1292243
2019,33.25,-1.0,1.3840423,239.92444,0,4.982552
2019,33.25,-0.75,1.406238,239.59459,0,5.0624566
2019,33.25,-0.5,1.4751449,240.84753,0,5.3105216
2019,33.25,-0.25,1.54525,244.18982,0,5.5629
2019,33.25,0.0,1.5949664,250.14655,0,5.741879
2019,33.25,0.25,1.8105105,253.63263,0,6.5178375
2019,33.25,0.5,1.9683628,255.29076,0,7.086106
2019,33.25,0.75,2.0361931,256.36954,0,7.330295
2019,33.25,1.0,2.0836546,258.26953,0,7.5011563
2019,33.25,1.25,2.0439665,260.70578,0,7.358279
2019,33.25,1.5,1.8754731,232.39626,0,6.7517033
2019,33.25,1.75,1.7521406,202.65417,0,6.3077064
2019,33.25,2.0,1.711862,204.27594,0,6.162703
2019,33.25,2.25,1.6926985,176.88936,0,6.093714
2019,33.25,2.5,1.7525406,179.03188,0,6.309146
2019,33.25,2.75,1.7779497,182.30133,0,6.4006186
2019,33.25,3.0,1.8246536,184.39397,0,6.568753
2019,33.25,3.25,1.8941509,183.59486,0,6.818943
2019,33.25,3.5,1.9832177,211.25255,0,7.1395836
2019,33.25,3.75,2.0677154,209.71419,0,7.443775
2019,33.25,4.0,2.1034062,209.22485,0,7.5722623
2019,33.25,4.25,2.1140864,208.45789,0,7.6107106
2019,33.25,4.5,2.112111,206.88574,0,7.6035995
2019,33.25,4.75,2.0986104,204.61151,0,7.5549974
2019,33.25,5.0,2.0328486,204.03224,0,7.318255
2019,33.25,5.25,1.9411072,144.6781,0,6.9879856
2019,33.25,5.5,1.8543261,146.5429,0,6.675574
2019,33.25,5.75,1.7487411,149.09067,0,6.295468
2019,33.25,6.0,1.7359046,155.30289,0,6.249256
2019,33.25,6.25,1.833591,160.41095,0,6.6009274
2019,33.25,6.5,1.9430186,162.50562,0,6.994867
2019,33.25,6.75,2.0288227,162.61005,0,7.3037615
2019,33.25,7.0,2.0948637,160.42638,0,7.541509
2019,33.25,7.25,2.11917,157.6245,0,7.6290116
2019,33.25,7.5,2.1435509,154.71887,0,7.716783
2019,33.25,7.75,2.1592069,152.75798,0,7.7731447
2019,33.25,8.0,2.218854,150.91057,0,7.987874
2019,33.25,8.25,2.2394066,150.14124,0,8.061864
2019,33.25,8.5,2.250872,149.85728,0,8.103139
2019,33.25,8.75,2.2745643,149.27737,0,8.188431
2019,33.25,9.0,2.3388033,149.53894,0,8.419692
2019,33.25,9.25,2.3815517,149.69685,0,8.573586
2019,33.25,9.5,2.5021338,119.76115,0,9.007682
2019,33.25,9.75,2.557059,150.08208,0,9.205412
2019,33.25,10.0,2.4453793,150.97902,0,8.803365
2019,33.25,10.25,2.1851442,147.94296,0,7.866519
2019,33.25,10.5,2.170318,169.73982,0,7.813144
2019,33.25,10.75,2.463671,138.82906,0,8.869215
2019,33.25,11.0,2.7369747,139.80754,0,9.853108
2019,33.25,11.25,3.122139,141.3579,0,11.2397
2019,33.25,11.5,3.265869,141.53314,0,11.757128
2019,33.25,11.75,3.3356745,141.37746,0,12.008428
2019,33.25,12.0,3.3750212,141.19386,0,12.150076
2019,33.0,-9.0,3.965316,20.284393,0,14.275138
2019,33.0,-8.75,3.0311897,47.226406,0,10.912283
2019,33.0,-8.5,2.3083258,49.336292,0,8.309973
2019,33.0,-8.25,1.938485,84.4856,0,6.978546
2019,33.0,-8.0,1.8111385,82.49707,0,6.5200987
2019,33.0,-7.75,1.7446679,83.07942,0,6.280804
2019,33.0,-7.5,1.6414238,83.2768,0,5.909126
2019,33.0,-7.25,1.5160589,141.04463,0,5.457812
2019,33.0,-7.0,1.4255098,165.95314,0,5.131835
2019,33.0,-6.75,1.4497805,251.88245,0,5.2192097
2019,33.0,-6.5,1.379603,280.84225,0,4.966571
2019,33.0,-6.25,1.0911654,260.61273,0,3.9281955
2019,33.0,-6.0,0.7993507,261.41327,0,2.8776624
2019,33.0,-5.75,0.6549204,239.16368,0,2.3577135
2019,33.0,-5.5,0.72217685,234.32912,0,2.5998366
2019,33.0,-5.25,1.0156516,236.90297,0,3.6563456
2019,33.0,-5.0,1.3949457,259.17953,0,5.0218043
2019,33.0,-4.75,1.5268275,283.2145,0,5.4965787
2019,33.0,-4.5,1.3202106,270.94788,0,4.752758
2019,33.0,-4.25,1.2797787,245.86821,0,4.6072035
2019,33.0,-4.0,1.1241891,215.7386,0,4.047081
2019,33.0,-3.75,1.1576838,179.67046,0,4.1676617
2019,33.0,-3.5,1.1742839,179.04883,0,4.2274218
2019,33.0,-3.25,1.2827868,238.25696,0,4.6180325
2019,33.0,-3.0,1.3463639,239.95892,0,4.84691
2019,33.0,-2.75,1.257953,240.24257,0,4.5286307
2019,33.0,-2.5,1.1264992,211.71698,0,4.055397
2019,33.0,-2.25,1.2934408,212.80635,0,4.656387
2019,33.0,-2.0,1.4672686,242.13304,0,5.282167
2019,33.0,-1.75,1.4501191,255.13081,0,5.220429
2019,33.0,-1.5,1.4364916,252.10939,0,5.1713696
2019,33.0,-1.25,1.4906846,249.86157,0,5.3664646
2019,33.0,-1.0,1.425223,249.89099,0,5.1308026
2019,33.0,-0.75,1.3324912,249.0183,0,4.796968
2019,33.0,-0.5,1.3420835,249.4705,0,4.8315005
2019,33.0,-0.25,1.464099,252.11864,0,5.2707562
2019,33.0,0.0,1.6068841,257.05496,0,5.784783
2019,33.0,0.25,1.783925,259.56097,0,6.42213
2019,33.0,0.5,1.8765768,260.1301,0,6.7556763
2019,33.0,0.75,1.9217175,256.4747,0,6.918183
2019,33.0,1.0,1.9422537,255.79399,0,6.992113
2019,33.0,1.25,1.8349905,200.83142,0,6.6059656
2019,33.0,1.5,1.700945,175.28455,0,6.123402
2019,33.0,1.75,1.6646274,149.06856,0,5.9926586
2019,33.0,2.0,1.6754365,152.60983,0,6.0315714
2019,33.0,2.25,1.6812757,155.56177,0,6.0525923
2019,33.0,2.5,1.7449555,156.15843,0,6.28184
2019,33.0,2.75,1.7695066,157.02881,0,6.3702235
2019,33.0,3.0,1.8059787,156.30678,0,6.501523
2019,33.0,3.25,1.8678893,154.47305,0,6.7244015
2019,33.0,3.5,1.9981021,180.26881,0,7.193167
2019,33.0,3.75,2.0632484,208.56288,0,7.427694
2019,33.0,4.0,2.1115003,178.41125,0,7.601401
2019,33.0,4.25,2.132138,178.51735,0,7.675697
2019,33.0,4.5,2.1326663,177.59265,0,7.6775985
2019,33.0,4.75,2.0782335,175.44475,0,7.4816403
2019,33.0,5.0,1.9929098,174.10912,0,7.174475
2019,33.0,5.25,1.8873892,174.57549,0,6.794601
2019,33.0,5.5,1.7974283,146.96614,0,6.4707417
2019,33.0,5.75,1.7626333,150.30815,0,6.34548
2019,33.0,6.0,1.77495,155.11592,0,6.38982
2019,33.0,6.25,1.8482093,158.21425,0,6.653553
2019,33.0,6.5,1.9380466,129.71793,0,6.9769673
2019,33.0,6.75,2.0053227,159.64043,0,7.2191615
2019,33.0,7.0,2.058689,157.42555,0,7.4112806
2019,33.0,7.25,2.0922587,154.791,0,7.532131
2019,33.0,7.5,2.1048868,152.87462,0,7.5775924
2019,33.0,7.75,2.1056702,151.57494,0,7.5804124
2019,33.0,8.0,2.1061506,151.29604,0,7.582142
2019,33.0,8.25,2.145549,152.33354,0,7.7239766
2019,33.0,8.5,2.1782348,153.41841,0,7.8416452
2019,33.0,8.75,2.2327497,154.26295,0,8.037899
2019,33.0,9.0,2.3198624,154.78111,0,8.351504
2019,33.0,9.25,2.390401,155.13252,0,8.605443
2019,33.0,9.5,2.497308,124.496925,0,8.990309
2019,33.0,9.75,2.569354,123.71063,0,9.249675
2019,33.0,10.0,2.5299225,153.02147,0,9.10772
2019,33.0,10.25,2.3460732,149.25294,0,8.445863
2019,33.0,10.5,2.1700647,169.86273,0,7.8122325
2019,33.0,10.75,2.1252372,159.96516,0,7.6508536
2019,33.0,11.0,2.2340293,131.32904,0,8.042505
2019,33.0,11.25,2.4373682,133.63281,0,8.774525
2019,33.0,11.5,2.6217234,134.78026,0,9.438204
2019,33.0,11.75,2.8258505,134.78662,0,10.173061
2019,33.0,12.0,3.0725586,134.96208,0,11.061211
2019,32.75,-9.0,3.175293,21.472277,0,11.431054
2019,32.75,-8.75,2.4300787,47.524815,0,8.748283
2019,32.75,-8.5,2.008458,88.49374,0,7.2304482
2019,32.75,-8.25,1.8533651,142.3767,0,6.672114
2019,32.75,-8.0,1.7966747,226.71198,0,6.468029
2019,32.75,-7.75,1.9012904,236.5374,0,6.8446455
2019,32.75,-7.5,1.9321104,181.89433,0,6.9555974
2019,32.75,-7.25,1.869246,181.41771,0,6.7292852
2019,32.75,-7.0,1.7401942,264.4641,0,6.264699
2019,32.75,-6.75,1.5775933,284.88675,0,5.6793356
2019,32.75,-6.5,1.2362583,278.33627,0,4.4505296
2019,32.75,-6.25,0.8200101,248.89815,0,2.9520364
2019,32.75,-6.0,0.6681606,233.54053,0,2.405378
2019,32.75,-5.75,0.68708295,228.87224,0,2.4734986
2019,32.75,-5.5,0.7978963,227.16248,0,2.8724267
2019,32.75,-5.25,1.1649218,241.01793,0,4.1937184
2019,32.75,-5.0,1.4784812,251.93257,0,5.322532
2019,32.75,-4.75,1.5297532,265.24316,0,5.5071115
2019,32.75,-4.5,1.3416313,248.20972,0,4.8298726
2019,32.75,-4.25,1.2213537,236.87312,0,4.396873
2019,32.75,-4.0,1.1546841,234.67957,0,4.1568627
2019,32.75,-3.75,1.1914464,233.65367,0,4.289207
2019,32.75,-3.5,1.4535538,238.8568,0,5.2327933
2019,32.75,-3.25,1.5558871,248.07703,0,5.6011934
2019,32.75,-3.0,1.3590417,256.4457,0,4.89255
2019,32.75,-2.75,1.2325438,231.15767,0,4.4371576
2019,32.75,-2.5,1.2468306,201.56476,0,4.48859
2019,32.75,-2.25,1.321652,201.87144,0,4.7579474
2019,32.75,-2.0,1.4210035,200.0793,0,5.1156125
2019,32.75,-1.75,1.390515,231.86436,0,5.0058537
2019,32.75,-1.5,1.3786806,234.22844,0,4.96325
2019,32.75,-1.25,1.4604659,235.00867,0,5.257677
2019,32.75,-1.0,1.4678472,229.06743,0,5.28425
2019,32.75,-0.75,1.3596888,254.46208,0,4.8948793
2019,32.75,-0.5,1.3085237,255.00676,0,4.7106853
2019,32.75,-0.25,1.340982,259.61655,0,4.827535
2019,32.75,0.0,1.4110807,262.4399,0,5.0798903
2019,32.75,0.25,1.5356597,235.90544,0,5.5283747
2019,32.75,0.5,1.6788167,231.6966,0,6.04374
2019,32.75,0.75,1.7767512,203.24739,0,6.396304
2019,32.75,1.0,1.7970982,204.83257,0,6.469553
2019,32.75,1.25,1.7447134,178.65135,0,6.280968
2019,32.75,1.5,1.6918821,152.53122,0,6.0907755
2019,32.75,1.75,1.6990532,155.67311,0,6.1165915
2019,32.75,2.0,1.7280422,157.94899,0,6.220952
2019,32.75,2.25,1.7341685,159.88579,0,6.2430067
2019,32.75,2.5,1.7658976,160.64326,0,6.357231
2019,32.75,2.75,1.7987776,160.15399,0,6.4755993
2019,32.75,3.0,1.8617462,158.3484,0,6.7022862
2019,32.75,3.25,1.957162,155.27611,0,7.045783
2019,32.75,3.5,2.0790308,150.18182,0,7.4845104
2019,32.75,3.75,2.0880353,177.92793,0,7.5169272
2019,32.75,4.0,2.0777013,177.2666,0,7.4797244
2019,32.75,4.25,2.054868,147.4614,0,7.3975244
2019,32.75,4.5,2.028901,147.63945,0,7.304044
2019,32.75,4.75,1.9755391,176.89874,0,7.1119404
2019,32.75,5.0,1.9281162,174.7181,0,6.9412184
2019,32.75,5.25,1.8582126,173.97368,0,6.689565
2019,32.75,5.5,1.7869452,175.57709,0,6.4330025
2019,32.75,5.75,1.7790753,150.62682,0,6.4046707
2019,32.75,6.0,1.8197027,126.912926,0,6.5509295
2019,32.75,6.25,1.8896047,129.14589,0,6.8025765
2019,32.75,6.5,1.9567491,129.43694,0,7.0442967
2019,32.75,6.75,2.004313,128.48152,0,7.2155266
2019,32.75,7.0,2.0172863,127.27893,0,7.2622304
2019,32.75,7.25,2.027765,125.78077,0,7.299954
2019,32.75,7.5,2.0477073,124.9884,0,7.371746
2019,32.75,7.75,2.0751178,124.86585,0,7.470424
2019,32.75,8.0,2.0981736,125.80044,0,7.553425
2019,32.75,8.25,2.138872,127.09487,0,7.699939
2019,32.75,8.5,2.185967,127.9403,0,7.869481
2019,32.75,8.75,2.2402236,128.29195,0,8.064805
2019,32.75,9.0,2.305015,128.22954,0,8.298054
2019,32.75,9.25,2.394201,127.95618,0,8.619123
2019,32.75,9.5,2.5427253,126.94232,0,9.1538105
2019,32.75,9.75,2.6275585,126.099495,0,9.45921
2019,32.75,10.0,2.5686698,155.19778,0,9.247211
2019,32.75,10.25,2.347875,151.32237,0,8.452351
2019,32.75,10.5,2.1733844,158.68657,0,7.824184
2019,32.75,10.75,2.1467555,125.39323,0,7.7283196
2019,32.75,11.0,2.164767,126.05072,0,7.793161
2019,32.75,11.25,2.1951144,127.838264,0,7.9024115
2019,32.75,11.5,2.2015038,129.72028,0,7.925413
2019,32.75,11.75,2.3155096,130.22818,0,8.3358345
2019,32.75,12.0,2.3598878,130.09085,0,8.495596
2019,32.5,-9.0,2.8737676,25.094511,0,10.345563
2019,32.5,-8.75,2.3212397,56.93001,0,8.3564625
2019,32.5,-8.5,2.0808532,60.768097,0,7.491071
2019,32.5,-8.25,1.967748,146.12819,0,7.083893
2019,32.5,-8.0,2.1369932,341.71786,0,7.6931753
2019,32.5,-7.75,2.2675087,334.47424,0,8.163032
2019,32.5,-7.5,2.0608437,338.3353,0,7.4190373
2019,32.5,-7.25,1.6658515,309.45703,0,5.997065
2019,32.5,-7.0,1.3987818,331.17703,0,5.0356145
2019,32.5,-6.75,1.0201702,298.72357,0,3.6726127
2019,32.5,-6.5,0.7538099,267.78452,0,2.7137156
2019,32.5,-6.25,0.68634135,254.43536,0,2.4708288
2019,32.5,-6.0,0.729397,247.81488,0,2.6258292
2019,32.5,-5.75,0.77294374,241.02812,0,2.7825973
2019,32.5,-5.5,0.82153416,241.69878,0,2.9575229
2019,32.5,-5.25,0.9284997,242.34619,0,3.342599
2019,32.5,-5.0,1.1127453,250.3899,0,4.0058827
2019,32.5,-4.75,1.1801091,259.02078,0,4.2483926
2019,32.5,-4.5,0.96132827,270.6534,0,3.4607816
2019,32.5,-4.25,0.9789012,249.063,0,3.5240443
2019,32.5,-4.0,1.1014417,287.1947,0,3.9651902
2019,32.5,-3.75,1.2833364,286.311,0,4.620011
2019,32.5,-3.5,1.414996,286.19882,0,5.0939856
2019,32.5,-3.25,1.215748,253.03204,0,4.3766923
2019,32.5,-3.0,1.1070148,232.66728,0,3.985253
2019,32.5,-2.75,1.084431,203.28546,0,3.9039516
2019,32.5,-2.5,1.1747297,202.7674,0,4.229027
2019,32.5,-2.25,1.1433738,97.25393,0,4.1161456
2019,32.5,-2.0,1.0004112,153.30363,0,3.60148
2019,32.5,-1.75,1.053672,234.88684,0,3.7932189
2019,32.5,-1.5,1.217766,230.87872,0,4.383958
2019,32.5,-1.25,1.3385406,234.45619,0,4.818746
2019,32.5,-1.0,1.3381596,231.92157,0,4.817374
2019,32.5,-0.75,1.1473218,228.80812,0,4.130358
2019,32.5,-0.5,1.1394238,229.56221,0,4.101926
2019,32.5,-0.25,1.2997776,233.3315,0,4.679199
2019,32.5,0.0,1.380239,236.25392,0,4.96886
2019,32.5,0.25,1.5086975,170.07631,0,5.4313107
2019,32.5,0.5,1.6723114,163.70378,0,6.020321
2019,32.5,0.75,1.783089,162.78773,0,6.4191203
2019,32.5,1.0,1.8100042,160.41628,0,6.516015
2019,32.5,1.25,1.8056551,160.3939,0,6.500358
2019,32.5,1.5,1.7578293,159.7913,0,6.3281856
2019,32.5,1.75,1.7362324,160.17244,0,6.2504363
2019,32.5,2.0,1.7230052,160.19545,0,6.2028184
2019,32.5,2.25,1.7414399,161.00417,0,6.2691836
2019,32.5,2.5,1.7933341,161.82222,0,6.4560027
2019,32.5,2.75,1.82592,162.07617,0,6.573312
2019,32.5,3.0,1.8738003,160.5998,0,6.745681
2019,32.5,3.25,1.9304501,156.57402,0,6.9496202
2019,32.5,3.5,2.0139084,150.33058,0,7.25007
2019,32.5,3.75,2.022682,147.96915,0,7.281655
2019,32.5,4.0,2.0023677,147.42102,0,7.2085238
2019,32.5,4.25,1.9787067,147.67616,0,7.123344
2019,32.5,4.5,1.9831268,148.06024,0,7.139256
2019,32.5,4.75,1.9891562,147.18411,0,7.160962
2019,32.5,5.0,1.9442167,144.72229,0,6.99918
2019,32.5,5.25,1.8675971,173.51172,0,6.7233496
2019,32.5,5.5,1.7873927,143.70387,0,6.4346137
2019,32.5,5.75,1.7912316,133.78593,0,6.448434
2019,32.5,6.0,1.8613435,132.82388,0,6.7008367
2019,32.5,6.25,1.9215821,132.42177,0,6.9176955
2019,32.5,6.5,1.9563609,131.82777,0,7.042899
2019,32.5,6.75,1.9820992,131.3926,0,7.1355567
2019,32.5,7.0,2.0084083,130.40532,0,7.23027
2019,32.5,7.25,2.0148094,129.99707,0,7.2533135
2019,32.5,7.5,2.0305598,129.34935,0,7.310015
2019,32.5,7.75,2.0595214,129.37675,0,7.414277
2019,32.5,8.0,2.1038477,129.60854,0,7.5738516
2019,32.5,8.25,2.143884,129.78908,0,7.717982
2019,32.5,8.5,2.203481,129.61003,0,7.9325314
2019,32.5,8.75,2.268485,129.43855,0,8.166546
2019,32.5,9.0,2.341086,129.08614,0,8.427909
2019,32.5,9.25,2.3940609,128.9217,0,8.618619
2019,32.5,9.5,2.510011,127.48171,0,9.036039
2019,32.5,9.75,2.6112406,126.304565,0,9.400466
2019,32.5,10.0,2.6015215,155.25749,0,9.365478
2019,32.5,10.25,2.4615939,150.47672,0,8.861737
2019,32.5,10.5,2.240929,138.7792,0,8.067344
2019,32.5,10.75,2.1863034,127.27273,0,7.870692
2019,32.5,11.0,2.158188,126.282326,0,7.769477
2019,32.5,11.25,2.161978,127.369835,0,7.7831206
2019,32.5,11.5,2.1094878,128.16846,0,7.594156
2019,32.5,11.75,2.0730202,129.55254,0,7.4628725
2019,32.5,12.0,2.0544584,130.10219,0,7.39605
2019,32.25,-9.0,2.508025,25.657837,0,9.02889
2019,32.25,-8.75,2.410676,75.48725,0,8.678433
2019,32.25,-8.5,2.2024467,67.067535,0,7.9288077
2019,32.25,-8.25,2.0520089,152.24818,0,7.387232
2019,32.25,-8.0,2.149847,289.80063,0,7.739449
2019,32.25,-7.75,2.1021106,335.03586,0,7.567598
2019,32.25,-7.5,1.8027319,319.07547,0,6.489835
2019,32.25,-7.25,1.4293646,309.52194,0,5.1457124
2019,32.25,-7.0,1.0334822,295.86798,0,3.7205358
2019,32.25,-6.75,0.7093641,280.3209,0,2.5537107
2019,32.25,-6.5,0.5677261,251.75867,0,2.0438137
2019,32.25,-6.25,0.4852976,249.13892,0,1.7470713
2019,32.25,-6.0,0.53664756,243.88586,0,1.9319311
2019,32.25,-5.75,0.8231518,247.76021,0,2.9633465
2019,32.25,-5.5,1.1610757,257.07108,0,4.1798725
2019,32.25,-5.25,1.1099402,257.0381,0,3.9957845
2019,32.25,-5.0,0.90667456,258.51797,0,3.2640283
2019,32.25,-4.75,0.86944467,261.43982,0,3.1300008
2019,32.25,-4.5,0.7713193,255.50743,0,2.7767496
2019,32.25,-4.25,0.8050584,275.4189,0,2.8982103
2019,32.25,-4.0,0.93369657,253.83406,0,3.3613076
2019,32.25,-3.75,0.9673601,255.55116,0,3.4824963
2019,32.25,-3.5,0.9901678,256.1876,0,3.564604
2019,32.25,-3.25,0.98709506,205.07501,0,3.5535421
2019,32.25,-3.0,1.0515897,210.79527,0,3.785723
2019,32.25,-2.75,1.127569,120.04217,0,4.059248
2019,32.25,-2.5,1.2708927,125.39463,0,4.575214
2019,32.25,-2.25,1.3729326,105.35729,0,4.942557
2019,32.25,-2.0,1.110096,128.98283,0,3.9963455
2019,32.25,-1.75,1.1008345,232.75053,0,3.963004
2019,32.25,-1.5,1.2559379,228.47798,0,4.5213766
2019,32.25,-1.25,1.2054789,233.58899,0,4.339724
2019,32.25,-1.0,1.1663805,236.02376,0,4.19897
2019,32.25,-0.75,1.1001531,235.0367,0,3.960551
2019,32.25,-0.5,1.1697198,205.2364,0,4.2109914
2019,32.25,-0.25,1.3049635,175.43848,0,4.6978683
2019,32.25,0.0,1.4483258,170.48267,0,5.2139726
2019,32.25,0.25,1.5643868,167.94212,0,5.6317925
2019,32.25,0.5,1.6543998,166.68115,0,5.955839
2019,32.25,0.75,1.752091,165.75072,0,6.3075275
2019,32.25,1.0,1.8157492,163.37483,0,6.536697
2019,32.25,1.25,1.8086495,164.0125,0,6.511138
2019,32.25,1.5,1.7713871,164.05554,0,6.376993
2019,32.25,1.75,1.7471371,163.63524,0,6.2896934
2019,32.25,2.0,1.7413772,163.08388,0,6.268958
2019,32.25,2.25,1.722185,162.02953,0,6.199866
2019,32.25,2.5,1.7313596,161.83943,0,6.2328944
2019,32.25,2.75,1.7746458,162.39856,0,6.388725
2019,32.25,3.0,1.846042,161.31593,0,6.645751
2019,32.25,3.25,1.9242767,157.38219,0,6.927396
2019,32.25,3.5,1.9993768,151.74135,0,7.1977563
2019,32.25,3.75,1.9900842,148.89604,0,7.164303
2019,32.25,4.0,1.977747,147.90266,0,7.119889
2019,32.25,4.25,1.9727403,147.46089,0,7.101865
2019,32.25,4.5,1.9725447,147.04144,0,7.1011605
2019,32.25,4.75,1.9618406,145.56845,0,7.062626
2019,32.25,5.0,1.9139237,142.88927,0,6.8901253
2019,32.25,5.25,1.8472743,140.54222,0,6.6501875
2019,32.25,5.5,1.8081692,138.10841,0,6.509409
2019,32.25,5.75,1.8508921,136.98466,0,6.6632113
2019,32.25,6.0,1.9161342,136.62563,0,6.898083
2019,32.25,6.25,1.9531401,135.7516,0,7.0313044
2019,32.25,6.5,1.9816805,135.04526,0,7.13405
2019,32.25,6.75,1.9984454,134.54768,0,7.194403
2019,32.25,7.0,1.9992448,133.42863,0,7.1972814
2019,32.25,7.25,2.011109,132.20728,0,7.2399926
2019,32.25,7.5,2.0366852,131.50706,0,7.3320665
2019,32.25,7.75,2.0713346,131.13232,0,7.4568043
2019,32.25,8.0,2.1063082,130.74762,0,7.5827093
2019,32.25,8.25,2.1546726,130.49948,0,7.756821
2019,32.25,8.5,2.2084045,130.20644,0,7.9502563
2019,32.25,8.75,2.2630708,129.68584,0,8.147055
2019,32.25,9.0,2.3227928,129.12553,0,8.362054
2019,32.25,9.25,2.3847525,128.53157,0,8.585109
2019,32.25,9.5,2.461756,126.60958,0,8.862321
2019,32.25,9.75,2.5687757,125.2405,0,9.247592
2019,32.25,10.0,2.6201386,123.24777,0,9.432499
2019,32.25,10.25,2.523659,150.233,0,9.085172
2019,32.25,10.5,2.262678,145.95544,0,8.14564
2019,32.25,10.75,2.0684135,143.05588,0,7.4462886
2019,32.25,11.0,2.0019646,140.65593,0,7.2070723
2019,32.25,11.25,1.9138247,140.62035,0,6.8897686
2019,32.25,11.5,1.8486468,142.89955,0,6.655128
2019,32.25,11.75,1.8162584,150.38751,0,6.5385303
2019,32.25,12.0,1.7528791,153.66362,0,6.3103647
2019,32.0,-9.0,2.1188605,95.94912,0,7.6278977
2019,32.0,-8.75,2.2823966,154.57942,0,8.216627
2019,32.0,-8.5,2.3905163,129.38174,0,8.605859
2019,32.0,-8.25,2.2146304,127.23345,0,7.972669
2019,32.0,-8.0,2.0394413,151.65315,0,7.3419886
2019,32.0,-7.75,1.6832312,283.64285,0,6.0596323
2019,32.0,-7.5,1.3393701,324.81372,0,4.8217325
2019,32.0,-7.25,0.9921958,304.7159,0,3.5719047
2019,32.0,-7.0,0.654213,270.63193,0,2.3551667
2019,32.0,-6.75,0.48453948,245.09521,0,1.7443421
2019,32.0,-6.5,0.4736662,248.98445,0,1.7051983
2019,32.0,-6.25,0.41208962,246.6389,0,1.4835225
2019,32.0,-6.0,0.5885226,254.73,0,2.1186814
2019,32.0,-5.75,0.945098,257.27167,0,3.4023526
2019,32.0,-5.5,1.2389071,257.45227,0,4.4600654
2019,32.0,-5.25,0.96995467,252.40088,0,3.4918368
2019,32.0,-5.0,0.8015895,252.58983,0,2.8857222
2019,32.0,-4.75,0.615872,242.65468,0,2.2171392
2019,32.0,-4.5,0.5180549,231.63762,0,1.8649976
2019,32.0,-4.25,0.54496497,227.89453,0,1.9618739
2019,32.0,-4.0,0.6245582,197.74834,0,2.2484095
2019,32.0,-3.75,0.70078725,195.70924,0,2.522834
2019,32.0,-3.5,0.74680203,197.38446,0,2.6884873
2019,32.0,-3.25,0.873005,177.38867,0,3.1428177
2019,32.0,-3.0,1.0024158,120.45348,0,3.6086967
2019,32.0,-2.75,1.1905895,124.434975,0,4.2861223
2019,32.0,-2.5,1.3704596,100.36556,0,4.9336543
2019,32.0,-2.25,1.3631474,102.432365,0,4.9073305
2019,32.0,-2.0,1.0561935,154.20906,0,3.8022964
2019,32.0,-1.75,1.056894,201.58716,0,3.8048182
2019,32.0,-1.5,1.0877491,173.99316,0,3.9158967
2019,32.0,-1.25,1.0450642,179.36183,0,3.762231
2019,32.0,-1.0,1.0883336,177.86665,0,3.918001
2019,32.0,-0.75,1.2319711,174.26347,0,4.435096
2019,32.0,-0.5,1.3292946,175.30186,0,4.7854605
2019,32.0,-0.25,1.4363419,176.8874,0,5.1708307
2019,32.0,0.0,1.5780462,173.83769,0,5.6809664
2019,32.0,0.25,1.6210793,171.03758,0,5.8358855
2019,32.0,0.5,1.6960472,170.06743,0,6.1057696
2019,32.0,0.75,1.7201796,167.1349,0,6.192646
2019,32.0,1.0,1.7663836,164.67561,0,6.358981
2019,32.0,1.25,1.7483419,165.4445,0,6.2940307
2019,32.0,1.5,1.7284002,167.27087,0,6.2222404
2019,32.0,1.75,1.7153717,166.35054,0,6.1753383
2019,32.0,2.0,1.7437357,164.98982,0,6.277448
2019,32.0,2.25,1.7539614,163.55798,0,6.314261
2019,32.0,2.5,1.7792062,163.32982,0,6.405142
2019,32.0,2.75,1.8063684,162.61223,0,6.502926
2019,32.0,3.0,1.8723122,161.71538,0,6.7403235
2019,32.0,3.25,1.9316487,157.83965,0,6.953935
2019,32.0,3.5,2.001861,152.94109,0,7.2067
2019,32.0,3.75,1.9854461,149.97316,0,7.147606
2019,32.0,4.0,1.9702898,148.40111,0,7.0930433
2019,32.0,4.25,1.9675442,147.61526,0,7.083159
2019,32.0,4.5,1.9737862,146.61024,0,7.1056304
2019,32.0,4.75,1.9777259,144.72842,0,7.119813
2019,32.0,5.0,1.9318894,142.21306,0,6.9548016
2019,32.0,5.25,1.8630857,140.22083,0,6.7071085
2019,32.0,5.5,1.8258222,138.39435,0,6.57296
2019,32.0,5.75,1.8873668,138.03458,0,6.7945204
2019,32.0,6.0,1.9491469,137.48495,0,7.0169287
2019,32.0,6.25,1.9813018,136.68233,0,7.132686
2019,32.0,6.5,1.9950866,135.4019,0,7.1823115
2019,32.0,6.75,2.017988,134.5265,0,7.2647567
2019,32.0,7.0,2.0148351,133.50175,0,7.253406
2019,32.0,7.25,2.019242,132.71425,0,7.2692714
2019,32.0,7.5,2.0454204,131.89983,0,7.3635135
2019,32.0,7.75,2.0760124,131.47809,0,7.4736443
2019,32.0,8.0,2.1034992,131.05928,0,7.572597
2019,32.0,8.25,2.146459,130.71591,0,7.7272525
2019,32.0,8.5,2.1983886,130.16812,0,7.914199
2019,32.0,8.75,2.2511222,129.5579,0,8.10404
2019,32.0,9.0,2.2943141,128.47766,0,8.259531
2019,32.0,9.25,2.3417056,127.65048,0,8.43014
2019,32.0,9.5,2.407553,125.75751,0,8.667191
2019,32.0,9.75,2.469024,123.62256,0,8.888486
2019,32.0,10.0,2.5108755,121.81442,0,9.039151
2019,32.0,10.25,2.5082707,120.285484,0,9.029775
2019,32.0,10.5,2.2869356,148.67174,0,8.232967
2019,32.0,10.75,2.070845,146.73161,0,7.4550414
2019,32.0,11.0,1.8827835,145.78589,0,6.7780204
2019,32.0,11.25,1.7776651,146.32793,0,6.3995943
2019,32.0,11.5,1.6957997,146.97118,0,6.104879
2019,32.0,11.75,1.6456639,148.8972,0,5.92439
2019,32.0,12.0,1.579741,150.86887,0,5.6870675
2019,31.75,-9.0,1.821765,91.47698,0,6.5583534
2019,31.75,-8.75,2.1112828,150.52376,0,7.600618
2019,31.75,-8.5,2.217128,153.50107,0,7.981661
2019,31.75,-8.25,1.6624845,126.26426,0,5.9849443
2019,31.75,-8.0,1.2833205,127.89971,0,4.6199536
2019,31.75,-7.75,0.9035917,196.2817,0,3.25293
2019,31.75,-7.5,0.8281011,274.8123,0,2.981164
2019,31.75,-7.25,0.52226394,271.6888,0,1.8801502
2019,31.75,-7.0,0.45781302,279.0813,0,1.6481268
2019,31.75,-6.75,0.3749462,258.18698,0,1.3498063
2019,31.75,-6.5,0.38433194,249.12111,0,1.383595
2019,31.75,-6.25,0.47668064,270.89627,0,1.7160503
2019,31.75,-6.0,0.81393313,267.26382,0,2.930159
2019,31.75,-5.75,1.0614367,264.7948,0,3.8211718
2019,31.75,-5.5,0.9803326,250.99007,0,3.5291972
2019,31.75,-5.25,0.7696001,236.46492,0,2.7705603
2019,31.75,-5.0,0.6428079,232.09492,0,2.3141084
2019,31.75,-4.75,0.56641906,234.87386,0,2.0391085
2019,31.75,-4.5,0.5201131,201.32635,0,1.8724072
2019,31.75,-4.25,0.5278606,142.51595,0,1.900298
2019,31.75,-4.0,0.6770889,138.85365,0,2.43752
2019,31.75,-3.75,0.80463696,142.40602,0,2.896693
2019,31.75,-3.5,0.86772424,154.08675,0,3.1238072
2019,31.75,-3.25,0.86787397,149.11682,0,3.1243463
2019,31.75,-3.0,0.95322496,151.10442,0,3.4316099
2019,31.75,-2.75,1.1518849,126.97501,0,4.1467857
2019,31.75,-2.5,1.2884198,128.44601,0,4.6383114
2019,31.75,-2.25,1.2150792,128.2314,0,4.3742847
2019,31.75,-2.0,0.92851335,151.19151,0,3.342648
2019,31.75,-1.75,0.88893086,150.78535,0,3.200151
2019,31.75,-1.5,0.92138225,148.85515,0,3.316976
2019,31.75,-1.25,1.130875,154.48338,0,4.07115
2019,31.75,-1.0,1.2790738,183.34222,0,4.6046658
2019,31.75,-0.75,1.4143254,180.99855,0,5.0915713
2019,31.75,-0.5,1.4777536,178.46234,0,5.319913
2019,31.75,-0.25,1.5863794,179.46962,0,5.7109656
2019,31.75,0.0,1.6955389,177.28334,0,6.10394
2019,31.75,0.25,1.7187891,174.92165,0,6.1876407
2019,31.75,0.5,1.7282091,173.1991,0,6.221553
2019,31.75,0.75,1.7517418,170.3503,0,6.30627
2019,31.75,1.0,1.7220358,167.3599,0,6.1993284
2019,31.75,1.25,1.6959323,167.24477,0,6.105356
2019,31.75,1.5,1.6872624,168.3066,0,6.0741444
2019,31.75,1.75,1.7152905,167.36258,0,6.175046
2019,31.75,2.0,1.7586716,165.51355,0,6.331218
2019,31.75,2.25,1.8094468,164.70886,0,6.5140085
2019,31.75,2.5,1.861732,164.29193,0,6.702235
2019,31.75,2.75,1.8930782,163.30727,0,6.8150816
2019,31.75,3.0,1.9110004,160.59668,0,6.879601
2019,31.75,3.25,1.9585694,157.24458,0,7.05085
2019,31.75,3.5,2.007301,153.49446,0,7.2262836
2019,31.75,3.75,2.000856,150.7507,0,7.203081
2019,31.75,4.0,1.986127,149.00525,0,7.1500573
2019,31.75,4.25,1.9807559,147.37291,0,7.130721
2019,31.75,4.5,1.9853851,146.03941,0,7.147386
2019,31.75,4.75,1.9879994,144.39948,0,7.156798
2019,31.75,5.0,1.9575934,142.41087,0,7.047336
2019,31.75,5.25,1.8919706,140.33168,0,6.8110943
2019,31.75,5.5,1.8681937,138.85573,0,6.7254972
2019,31.75,5.75,1.9207374,138.61421,0,6.9146543
2019,31.75,6.0,1.9721003,137.75406,0,7.0995607
2019,31.75,6.25,1.9875137,136.46591,0,7.155049
2019,31.75,6.5,2.0024128,135.24078,0,7.208686
2019,31.75,6.75,2.0188935,134.2181,0,7.2680163
2019,31.75,7.0,2.018884,133.27715,0,7.267982
2019,31.75,7.25,2.0258777,132.49365,0,7.2931595
2019,31.75,7.5,2.0414207,131.90141,0,7.3491144
2019,31.75,7.75,2.0702324,131.37486,0,7.4528365
2019,31.75,8.0,2.0970485,130.86989,0,7.5493746
2019,31.75,8.25,2.1242764,130.47795,0,7.6473947
2019,31.75,8.5,2.1726868,129.91249,0,7.8216724
2019,31.75,8.75,2.2138188,129.17337,0,7.9697475
2019,31.75,9.0,2.257002,128.07457,0,8.125207
2019,31.75,9.25,2.2836716,127.06671,0,8.221217
2019,31.75,9.5,2.3205326,125.576164,0,8.353917
2019,31.75,9.75,2.382249,123.34348,0,8.576097
2019,31.75,10.0,2.4129891,122.01474,0,8.686761
2019,31.75,10.25,2.4190867,120.889885,0,8.708712
2019,31.75,10.5,2.2756793,119.838234,0,8.192446
2019,31.75,10.75,2.2124002,149.0815,0,7.9646406
2019,31.75,11.0,2.0070055,148.45358,0,7.2252192
2019,31.75,11.25,1.9172319,148.37529,0,6.9020348
2019,31.75,11.5,1.8125305,147.54152,0,6.52511
2019,31.75,11.75,1.7512231,147.84938,0,6.304403
2019,31.75,12.0,1.7193009,148.12431,0,6.189483
2019,31.5,-9.0,1.6727847,41.692818,0,6.0220246
2019,31.5,-8.75,1.7612768,41.110073,0,6.3405967
2019,31.5,-8.5,1.5069588,236.41792,0,5.4250517
2019,31.5,-8.25,0.9384809,266.5085,0,3.3785312
2019,31.5,-8.0,0.5421322,234.85345,0,1.9516759
2019,31.5,-7.75,0.43965232,240.26955,0,1.5827483
2019,31.5,-7.5,0.42500758,274.29324,0,1.5300273
2019,31.5,-7.25,0.4375724,277.70703,0,1.5752605
2019,31.5,-7.0,0.49484167,253.86543,0,1.78143
2019,31.5,-6.75,0.5896989,281.97034,0,2.122916
2019,31.5,-6.5,0.6268888,268.23392,0,2.2567997
2019,31.5,-6.25,0.85227245,266.44003,0,3.0681808
2019,31.5,-6.0,0.8917763,270.26086,0,3.2103946
2019,31.5,-5.75,1.033722,268.2933,0,3.7213993
2019,31.5,-5.5,0.87858444,231.92163,0,3.162904
2019,31.5,-5.25,0.714587,221.9506,0,2.572513
2019,31.5,-5.0,0.5803961,223.95215,0,2.089426
2019,31.5,-4.75,0.6008844,233.34718,0,2.1631837
2019,31.5,-4.5,0.63928324,173.29216,0,2.3014195
2019,31.5,-4.25,0.7137828,137.68138,0,2.569618
2019,31.5,-4.0,0.95775574,107.25143,0,3.4479206
2019,31.5,-3.75,1.0249101,143.77306,0,3.6896763
2019,31.5,-3.5,1.0131842,161.80457,0,3.647463
2019,31.5,-3.25,0.93676585,154.72575,0,3.372357
2019,31.5,-3.0,0.9862023,156.23358,0,3.5503283
2019,31.5,-2.75,1.0692505,128.85889,0,3.8493016
2019,31.5,-2.5,1.2092701,130.32755,0,4.353372
2019,31.5,-2.25,1.192679,133.20792,0,4.2936444
2019,31.5,-2.0,1.0169352,135.56094,0,3.6609666
2019,31.5,-1.75,0.989325,134.74951,0,3.56157
2019,31.5,-1.5,1.0915719,130.04185,0,3.929659
2019,31.5,-1.25,1.3486524,131.5081,0,4.8551483
2019,31.5,-1.0,1.5086203,129.56311,0,5.4310327
2019,31.5,-0.75,1.5364445,156.73973,0,5.5312004
2019,31.5,-0.5,1.5973576,154.02263,0,5.7504873
2019,31.5,-0.25,1.627923,151.10234,0,5.8605227
2019,31.5,0.0,1.7092444,178.64928,0,6.15328
2019,31.5,0.25,1.732786,177.5873,0,6.2380295
2019,31.5,0.5,1.7399334,175.81519,0,6.26376
2019,31.5,0.75,1.7567482,174.0229,0,6.324293
2019,31.5,1.0,1.716773,171.01854,0,6.1803827
2019,31.5,1.25,1.69866,169.58969,0,6.1151757
2019,31.5,1.5,1.7219032,168.2797,0,6.1988516
2019,31.5,1.75,1.7665101,166.89787,0,6.3594365
2019,31.5,2.0,1.8237356,165.05602,0,6.565448
2019,31.5,2.25,1.8788557,164.2882,0,6.7638803
2019,31.5,2.5,1.9350065,163.72037,0,6.9660234
2019,31.5,2.75,1.9633155,161.82161,0,7.0679355
2019,31.5,3.0,1.9873238,159.28513,0,7.1543655
2019,31.5,3.25,1.9773947,156.21509,0,7.118621
2019,31.5,3.5,1.9992899,153.0589,0,7.1974435
2019,31.5,3.75,2.0008128,150.49918,0,7.2029257
2019,31.5,4.0,2.0117865,148.78311,0,7.242431
2019,31.5,4.25,2.008736,146.97447,0,7.231449
2019,31.5,4.5,2.0011742,145.22197,0,7.204227
2019,31.5,4.75,1.9853841,143.43416,0,7.1473827
2019,31.5,5.0,1.9600859,141.41368,0,7.0563087
2019,31.5,5.25,1.932746,139.77032,0,6.9578857
2019,31.5,5.5,1.9199967,138.32637,0,6.9119883
2019,31.5,5.75,1.9466496,138.13356,0,7.0079384
2019,31.5,6.0,1.9579077,137.1911,0,7.0484676
2019,31.5,6.25,1.9754554,135.94627,0,7.1116395
2019,31.5,6.5,1.992973,134.8205,0,7.1747026
2019,31.5,6.75,2.0072324,133.80614,0,7.2260365
2019,31.5,7.0,2.0084376,132.93486,0,7.2303753
2019,31.5,7.25,2.0202873,132.28177,0,7.273034
2019,31.5,7.5,2.036744,131.61981,0,7.3322787
2019,31.5,7.75,2.0552225,131.14967,0,7.398801
2019,31.5,8.0,2.0811894,130.57997,0,7.4922814
2019,31.5,8.25,2.101778,130.09714,0,7.5664005
2019,31.5,8.5,2.1251447,129.4853,0,7.650521
2019,31.5,8.75,2.1654255,128.72366,0,7.7955317
2019,31.5,9.0,2.1919572,127.77036,0,7.891046
2019,31.5,9.25,2.2065065,126.831566,0,7.9434233
2019,31.5,9.5,2.2387874,125.41898,0,8.059634
2019,31.5,9.75,2.2594624,124.13977,0,8.134065
2019,31.5,10.0,2.2873654,122.78068,0,8.234515
2019,31.5,10.25,2.315258,122.31252,0,8.3349285
2019,31.5,10.5,2.280335,121.625435,0,8.209206
2019,31.5,10.75,2.228003,121.11642,0,8.020811
2019,31.5,11.0,2.1927857,151.06807,0,7.8940287
2019,31.5,11.25,2.111543,151.44093,0,7.6015544
2019,31.5,11.5,2.0146534,150.96461,0,7.2527523
2019,31.5,11.75,1.9615151,151.09413,0,7.0614543
2019,31.5,12.0,1.9479657,152.49123,0,7.0126767
2019,31.25,-9.0,1.4374992,52.87834,0,5.174997
2019,31.25,-8.75,1.0278957,48.728016,0,3.7004244
2019,31.25,-8.5,0.6579719,151.11247,0,2.3686988
2019,31.25,-8.25,0.54589206,249.33931,0,1.9652114
2019,31.25,-8.0,0.34422278,236.45473,0,1.239202
2019,31.25,-7.75,0.3744675,275.8007,0,1.3480829
2019,31.25,-7.5,0.55459696,301.03284,0,1.996549
2019,31.25,-7.25,0.76285774,298.94077,0,2.7462878
2019,31.25,-7.0,0.84092283,224.318,0,3.027322
2019,31.25,-6.75,0.8250196,271.591,0,2.9700704
2019,31.25,-6.5,0.8674302,264.2455,0,3.1227486
2019,31.25,-6.25,0.85631627,249.59888,0,3.0827384
2019,31.25,-6.0,0.9312661,252.23523,0,3.352558
2019,31.25,-5.75,0.9704201,234.69885,0,3.4935124
2019,31.25,-5.5,0.90607506,221.1498,0,3.2618701
2019,31.25,-5.25,0.8027633,209.3294,0,2.8899477
2019,31.25,-5.0,0.6766544,201.3509,0,2.4359558
2019,31.25,-4.75,0.6554844,180.38184,0,2.3597436
2019,31.25,-4.5,0.72493577,169.86931,0,2.6097686
2019,31.25,-4.25,0.8643267,131.4489,0,3.111576
2019,31.25,-4.0,1.1237895,115.20866,0,4.0456424
2019,31.25,-3.75,1.2225512,104.33157,0,4.401184
2019,31.25,-3.5,1.0986764,142.8656,0,3.955235
2019,31.25,-3.25,0.9829075,160.97612,0,3.538467
2019,31.25,-3.0,0.96365577,156.50804,0,3.4691608
2019,31.25,-2.75,1.0194325,159.17654,0,3.6699572
2019,31.25,-2.5,1.1837485,139.36089,0,4.2614946
2019,31.25,-2.25,1.3198253,146.19008,0,4.751371
2019,31.25,-2.0,1.2689439,149.32915,0,4.5681977
2019,31.25,-1.75,1.3249971,146.1225,0,4.7699895
2019,31.25,-1.5,1.4057099,142.04315,0,5.0605555
2019,31.25,-1.25,1.4937001,134.44371,0,5.3773203
2019,31.25,-1.0,1.5650234,131.88469,0,5.634084
2019,31.25,-0.75,1.572022,159.52803,0,5.659279
2019,31.25,-0.5,1.6172968,156.9884,0,5.8222685
2019,31.25,-0.25,1.6367389,153.80919,0,5.89226
2019,31.25,0.0,1.6678702,151.14235,0,6.0043325
2019,31.25,0.25,1.6935693,120.45699,0,6.0968494
2019,31.25,0.5,1.7011051,118.70864,0,6.123978
2019,31.25,0.75,1.7161676,146.40764,0,6.178203
2019,31.25,1.0,1.7403578,173.20624,0,6.265288
2019,31.25,1.25,1.754714,169.09947,0,6.3169703
2019,31.25,1.5,1.8050985,167.51158,0,6.4983544
2019,31.25,1.75,1.8627653,166.55644,0,6.705955
2019,31.25,2.0,1.9184397,164.73643,0,6.906383
2019,31.25,2.25,1.9554836,163.1284,0,7.0397406
2019,31.25,2.5,1.9967866,162.1722,0,7.1884317
2019,31.25,2.75,2.0234625,160.53569,0,7.284465
2019,31.25,3.0,2.0355039,157.93257,0,7.3278136
2019,31.25,3.25,2.0243056,154.83098,0,7.2875
2019,31.25,3.5,2.017501,151.79608,0,7.263004
2019,31.25,3.75,2.0180674,149.81644,0,7.2650423
2019,31.25,4.0,2.0324104,148.07402,0,7.316677
2019,31.25,4.25,2.0240324,146.22127,0,7.286516
2019,31.25,4.5,2.0177584,144.2228,0,7.26393
2019,31.25,4.75,1.9947888,141.78053,0,7.1812396
2019,31.25,5.0,1.9582028,139.7058,0,7.04953
2019,31.25,5.25,1.9417237,138.05363,0,6.9902053
2019,31.25,5.5,1.9419589,137.15611,0,6.9910517
2019,31.25,5.75,1.958738,136.92488,0,7.0514565
2019,31.25,6.0,1.9549252,136.19157,0,7.0377307
2019,31.25,6.25,1.9556164,135.52046,0,7.040219
2019,31.25,6.5,1.9749957,134.43025,0,7.1099844
2019,31.25,6.75,1.9934078,133.50621,0,7.176268
2019,31.25,7.0,1.9978329,132.69675,0,7.1921983
2019,31.25,7.25,2.0115654,131.98566,0,7.2416353
2019,31.25,7.5,2.0260637,131.36975,0,7.293829
2019,31.25,7.75,2.0440633,130.93825,0,7.358628
2019,31.25,8.0,2.0565727,130.3242,0,7.4036613
2019,31.25,8.25,2.068442,129.70499,0,7.4463916
2019,31.25,8.5,2.088316,129.04895,0,7.517937
2019,31.25,8.75,2.101172,128.27559,0,7.564219
2019,31.25,9.0,2.1190202,127.322655,0,7.628473
2019,31.25,9.25,2.1283128,126.73629,0,7.661926
2019,31.25,9.5,2.140594,125.58359,0,7.706138
2019,31.25,9.75,2.1592114,124.25892,0,7.773161
2019,31.25,10.0,2.1745508,123.31854,0,7.8283825
2019,31.25,10.25,2.2044086,123.392334,0,7.935871
2019,31.25,10.5,2.1973865,123.269005,0,7.910591
2019,31.25,10.75,2.186044,123.507774,0,7.869758
2019,31.25,11.0,2.1457486,153.5475,0,7.7246947
2019,31.25,11.25,2.1010334,153.6538,0,7.56372
2019,31.25,11.5,2.029744,153.34119,0,7.307078
2019,31.25,11.75,1.9875525,153.39873,0,7.155189
2019,31.25,12.0,1.9977752,153.50752,0,7.1919904
2019,31.0,-9.0,0.61035603,65.83767,0,2.1972816
2019,31.0,-8.75,0.38427365,86.0744,0,1.3833851
2019,31.0,-8.5,0.34490022,133.39235,0,1.2416408
2019,31.0,-8.25,0.40445054,238.07458,0,1.4560219
2019,31.0,-8.0,0.45158818,178.27563,0,1.6257174
2019,31.0,-7.75,0.7991736,279.50146,0,2.877025
2019,31.0,-7.5,0.96995825,285.47452,0,3.4918497
2019,31.0,-7.25,0.96261746,285.72122,0,3.4654229
2019,31.0,-7.0,0.91252613,300.26672,0,3.285094
2019,31.0,-6.75,0.8071174,262.27002,0,2.9056225
2019,31.0,-6.5,0.69794077,217.21667,0,2.5125866
2019,31.0,-6.25,0.7353285,211.85066,0,2.6471825
2019,31.0,-6.0,0.76980853,200.94405,0,2.7713106
2019,31.0,-5.75,0.85148525,216.67406,0,3.0653467
2019,31.0,-5.5,0.92435765,205.4506,0,3.3276875
2019,31.0,-5.25,0.8304949,197.26765,0,2.9897814
2019,31.0,-5.0,0.7304786,187.30925,0,2.6297228
2019,31.0,-4.75,0.72248673,173.33818,0,2.6009521
2019,31.0,-4.5,0.8312643,139.52802,0,2.9925516
2019,31.0,-4.25,1.0992062,138.49434,0,3.9571424
2019,31.0,-4.0,1.2764379,132.64903,0,4.595176
2019,31.0,-3.75,1.3045448,124.72385,0,4.696361
2019,31.0,-3.5,1.1581677,142.01436,0,4.1694036
2019,31.0,-3.25,1.0197451,165.70439,0,3.6710823
2019,31.0,-3.0,0.9529686,160.07079,0,3.430687
2019,31.0,-2.75,0.9315569,159.61845,0,3.3536048
2019,31.0,-2.5,1.0860778,145.55621,0,3.90988
2019,31.0,-2.25,1.3984928,127.87287,0,5.034574
2019,31.0,-2.0,1.5536255,122.61703,0,5.5930514
2019,31.0,-1.75,1.5924305,149.1371,0,5.7327495
2019,31.0,-1.5,1.5772613,143.03636,0,5.6781406
2019,31.0,-1.25,1.5672163,135.82457,0,5.6419783
2019,31.0,-1.0,1.5492817,134.3836,0,5.577414
2019,31.0,-0.75,1.5815696,132.33,0,5.6936502
2019,31.0,-0.5,1.6376745,130.23671,0,5.895628
2019,31.0,-0.25,1.6895026,128.31581,0,6.082209
2019,31.0,0.0,1.717543,126.0683,0,6.1831546
2019,31.0,0.25,1.7243799,125.09043,0,6.2077675
2019,31.0,0.5,1.720483,124.396126,0,6.1937385
2019,31.0,0.75,1.7354035,124.9924,0,6.2474527
2019,31.0,1.0,1.7871428,133.68143,0,6.433714
2019,31.0,1.25,1.8449893,135.43556,0,6.641961
2019,31.0,1.5,1.9128135,135.55634,0,6.8861284
2019,31.0,1.75,1.963676,135.17628,0,7.0692334
2019,31.0,2.0,1.9926435,164.35054,0,7.1735163
2019,31.0,2.25,2.0167456,162.8842,0,7.260284
2019,31.0,2.5,2.0584133,161.45668,0,7.4102874
2019,31.0,2.75,2.0828316,159.71051,0,7.4981937
2019,31.0,3.0,2.1005614,157.11838,0,7.562021
2019,31.0,3.25,2.1031637,154.08151,0,7.571389
2019,31.0,3.5,2.0822668,151.13768,0,7.4961605
2019,31.0,3.75,2.0794637,149.12843,0,7.486069
2019,31.0,4.0,2.0703702,146.74185,0,7.4533324
2019,31.0,4.25,2.0595386,144.50706,0,7.4143386
2019,31.0,4.5,2.031579,142.48141,0,7.3136845
2019,31.0,4.75,2.0086105,140.13649,0,7.2309976
2019,31.0,5.0,1.9755559,138.1397,0,7.112001
2019,31.0,5.25,1.9624548,136.95232,0,7.064837
2019,31.0,5.5,1.9631385,136.25584,0,7.0672984
2019,31.0,5.75,1.9707423,136.04582,0,7.094672
2019,31.0,6.0,1.9624724,135.45729,0,7.0649004
2019,31.0,6.25,1.9569573,134.97038,0,7.0450463
2019,31.0,6.5,1.9620076,134.40825,0,7.063227
2019,31.0,6.75,1.9791036,133.55751,0,7.1247725
2019,31.0,7.0,1.9945179,132.64764,0,7.1802645
2019,31.0,7.25,2.0023725,131.8898,0,7.208541
2019,31.0,7.5,2.0168555,131.20561,0,7.2606797
2019,31.0,7.75,2.0293157,130.57605,0,7.3055363
2019,31.0,8.0,2.0334015,129.88193,0,7.3202453
2019,31.0,8.25,2.0347617,129.27992,0,7.325142
2019,31.0,8.5,2.0329342,128.51512,0,7.318563
2019,31.0,8.75,2.0438607,127.716644,0,7.357898
2019,31.0,9.0,2.0542529,126.950165,0,7.39531
2019,31.0,9.25,2.0611222,126.66305,0,7.4200397
2019,31.0,9.5,2.0616188,125.739105,0,7.4218273
2019,31.0,9.75,2.0611126,124.79245,0,7.4200053
2019,31.0,10.0,2.0724933,123.81561,0,7.4609756
2019,31.0,10.25,2.0960476,123.622375,0,7.545771
2019,31.0,10.5,2.131482,124.42816,0,7.6733346
2019,31.0,10.75,2.1230724,125.26736,0,7.64306
2019,31.0,11.0,2.1009207,126.01652,0,7.5633144
2019,31.0,11.25,2.0476696,155.92744,0,7.3716106
2019,31.0,11.5,1.9894966,155.24501,0,7.1621876
2019,31.0,11.75,1.9666945,154.86888,0,7.0801
2019,31.0,12.0,1.9800105,154.8708,0,7.1280375
2019,30.75,-9.0,0.5802371,273.2538,0,2.0888534
2019,30.75,-8.75,0.58764476,260.97372,0,2.115521
2019,30.75,-8.5,0.602598,249.56007,0,2.1693528
2019,30.75,-8.25,0.55948883,247.77473,0,2.0141597
2019,30.75,-8.0,0.56800836,212.30449,0,2.04483
2019,30.75,-7.75,1.0698215,275.086,0,3.8513572
2019,30.75,-7.5,1.4392449,266.35367,0,5.1812816
2019,30.75,-7.25,1.5108651,259.8119,0,5.439114
2019,30.75,-7.0,1.2984434,249.30672,0,4.674396
2019,30.75,-6.75,1.2297665,235.67451,0,4.4271593
2019,30.75,-6.5,0.94144136,228.24731,0,3.3891888
2019,30.75,-6.25,0.7432899,220.17589,0,2.6758435
2019,30.75,-6.0,0.7228157,210.02515,0,2.6021364
2019,30.75,-5.75,0.7626229,204.08685,0,2.7454424
2019,30.75,-5.5,0.76919216,202.4096,0,2.7690916
2019,30.75,-5.25,0.6959514,191.55037,0,2.505425
2019,30.75,-5.0,0.7341535,169.50218,0,2.6429527
2019,30.75,-4.75,0.9227472,152.83276,0,3.3218899
2019,30.75,-4.5,1.0681039,147.86205,0,3.845174
2019,30.75,-4.25,1.2362933,145.08276,0,4.450656
2019,30.75,-4.0,1.3725244,141.4749,0,4.9410877
2019,30.75,-3.75,1.3808385,137.43266,0,4.9710183
2019,30.75,-3.5,1.2571666,143.44916,0,4.5257998
2019,30.75,-3.25,1.1062542,139.83405,0,3.982515
2019,30.75,-3.0,1.0238501,163.87901,0,3.6858602
2019,30.75,-2.75,1.0089573,159.70699,0,3.632246
2019,30.75,-2.5,1.1332895,148.19328,0,4.079842
2019,30.75,-2.25,1.4584016,123.32452,0,5.2502456
2019,30.75,-2.0,1.6998738,104.13271,0,6.1195455
2019,30.75,-1.75,1.7705084,122.532326,0,6.3738303
2019,30.75,-1.5,1.7463845,144.83424,0,6.286984
2019,30.75,-1.25,1.6915922,138.97453,0,6.0897317
2019,30.75,-1.0,1.6588033,136.31778,0,5.971692
2019,30.75,-0.75,1.6765889,133.68083,0,6.03572
2019,30.75,-0.5,1.7181257,131.7819,0,6.185252
2019,30.75,-0.25,1.7743951,130.73994,0,6.387822
2019,30.75,0.0,1.8146653,130.10295,0,6.532795
2019,30.75,0.25,1.8346473,128.7718,0,6.60473
2019,30.75,0.5,1.8539548,128.06133,0,6.6742373
2019,30.75,0.75,1.8813225,129.12195,0,6.772761
2019,30.75,1.0,1.919098,131.07547,0,6.908753
2019,30.75,1.25,1.9588876,132.93196,0,7.0519953
2019,30.75,1.5,1.9933143,132.9437,0,7.175931
2019,30.75,1.75,2.016927,132.70741,0,7.260937
2019,30.75,2.0,2.0438282,132.31949,0,7.3577814
2019,30.75,2.25,2.0806773,131.9504,0,7.490438
2019,30.75,2.5,2.109479,161.03583,0,7.594124
2019,30.75,2.75,2.1385396,159.40279,0,7.6987424
2019,30.75,3.0,2.151075,157.14684,0,7.7438693
2019,30.75,3.25,2.1496148,154.31721,0,7.738613
2019,30.75,3.5,2.1158342,150.79219,0,7.617003
2019,30.75,3.75,2.1042676,147.79094,0,7.575363
2019,30.75,4.0,2.0886273,145.00552,0,7.519058
2019,30.75,4.25,2.0654073,142.274,0,7.435466
2019,30.75,4.5,2.044953,140.1635,0,7.361831
2019,30.75,4.75,2.0203097,138.5298,0,7.2731147
2019,30.75,5.0,2.0035498,137.21153,0,7.212779
2019,30.75,5.25,1.9993911,136.06859,0,7.197808
2019,30.75,5.5,1.9945887,135.50566,0,7.180519
2019,30.75,5.75,1.9684124,135.39128,0,7.0862846
2019,30.75,6.0,1.9556001,134.68199,0,7.04016
2019,30.75,6.25,1.9618992,134.2913,0,7.0628366
2019,30.75,6.5,1.9734464,133.79736,0,7.104407
2019,30.75,6.75,1.9769894,132.9659,0,7.1171618
2019,30.75,7.0,1.9840776,132.02747,0,7.142679
2019,30.75,7.25,1.9918871,131.25537,0,7.1707935
2019,30.75,7.5,2.004196,130.28249,0,7.215105
2019,30.75,7.75,2.0187624,129.55824,0,7.2675443
2019,30.75,8.0,2.013879,129.57329,0,7.249964
2019,30.75,8.25,1.9835647,129.17294,0,7.140833
2019,30.75,8.5,1.9745752,128.29932,0,7.1084704
2019,30.75,8.75,1.9813372,127.37622,0,7.132814
2019,30.75,9.0,1.9936818,126.63642,0,7.177254
2019,30.75,9.25,2.0019567,125.859436,0,7.207044
2019,30.75,9.5,1.9974142,125.23719,0,7.190691
2019,30.75,9.75,1.9944234,124.54861,0,7.179924
2019,30.75,10.0,1.996545,124.045876,0,7.1875615
2019,30.75,10.25,2.0005155,123.99471,0,7.2018557
2019,30.75,10.5,2.0502498,125.37723,0,7.380899
2019,30.75,10.75,2.0715725,127.291595,0,7.457661
2019,30.75,11.0,2.0660992,128.51326,0,7.437957
2019,30.75,11.25,2.0394022,158.73033,0,7.341848
2019,30.75,11.5,1.9965957,157.98256,0,7.1877446
2019,30.75,11.75,1.9804658,157.41922,0,7.129677
2019,30.75,12.0,2.0256846,157.20406,0,7.2924643
2019,30.5,-9.0,0.8843143,235.60881,0,3.1835313
2019,30.5,-8.75,0.8939731,231.86787,0,3.2183032
2019,30.5,-8.5,0.94467396,210.83644,0,3.4008262
2019,30.5,-8.25,0.9522757,231.5213,0,3.4281924
2019,30.5,-8.0,0.9782842,277.0797,0,3.521823
2019,30.5,-7.75,1.264481,282.09045,0,4.552131
2019,30.5,-7.5,1.5111252,278.63287,0,5.4400506
2019,30.5,-7.25,1.4500009,267.0473,0,5.220003
2019,30.5,-7.0,1.1180422,253.38545,0,4.024952
2019,30.5,-6.75,1.1208733,241.53188,0,4.035144
2019,30.5,-6.5,1.0637122,234.6367,0,3.829364
2019,30.5,-6.25,0.85281277,224.43811,0,3.0701258
2019,30.5,-6.0,0.63517654,210.62445,0,2.2866354
2019,30.5,-5.75,0.5770712,203.92053,0,2.0774562
2019,30.5,-5.5,0.7554474,181.96106,0,2.7196105
2019,30.5,-5.25,0.90008736,169.92766,0,3.2403145
2019,30.5,-5.0,1.0514065,163.34714,0,3.7850633
2019,30.5,-4.75,1.1732999,157.85255,0,4.2238793
2019,30.5,-4.5,1.1685659,154.23805,0,4.206837
2019,30.5,-4.25,1.3215649,144.1181,0,4.7576337
2019,30.5,-4.0,1.4351555,140.18323,0,5.1665597
2019,30.5,-3.75,1.4209719,138.94095,0,5.1154985
2019,30.5,-3.5,1.2937764,146.9681,0,4.6575947
2019,30.5,-3.25,1.1933378,145.38344,0,4.2960157
2019,30.5,-3.0,1.1493216,143.102,0,4.1375575
2019,30.5,-2.75,1.1520437,139.7581,0,4.147357
2019,30.5,-2.5,1.2388823,146.65259,0,4.459976
2019,30.5,-2.25,1.5070785,113.19528,0,5.4254827
2019,30.5,-2.0,1.7505469,103.633644,0,6.3019686
2019,30.5,-1.75,1.8326684,93.2369,0,6.597606
2019,30.5,-1.5,1.8385891,115.47418,0,6.6189203
2019,30.5,-1.25,1.8200976,140.83128,0,6.552351
2019,30.5,-1.0,1.7958363,137.3966,0,6.4650106
2019,30.5,-0.75,1.7925683,135.04988,0,6.4532456
2019,30.5,-0.5,1.8202659,133.14067,0,6.552957
2019,30.5,-0.25,1.870746,131.54536,0,6.7346854
2019,30.5,0.0,1.9223417,129.81627,0,6.92043
2019,30.5,0.25,1.9467983,128.73029,0,7.008474
2019,30.5,0.5,1.969128,128.48601,0,7.0888605
2019,30.5,0.75,1.9936372,128.69812,0,7.177094
2019,30.5,1.0,2.0234983,128.87262,0,7.2845936
2019,30.5,1.25,2.0714025,128.01677,0,7.457049
2019,30.5,1.5,2.0906007,128.19109,0,7.5261626
2019,30.5,1.75,2.1045232,130.3041,0,7.5762835
2019,30.5,2.0,2.1224089,132.5047,0,7.6406717
2019,30.5,2.25,2.1306863,131.64368,0,7.67047
2019,30.5,2.5,2.1271677,160.23112,0,7.6578035
2019,30.5,2.75,2.124065,157.92635,0,7.6466336
2019,30.5,3.0,2.1161783,155.51247,0,7.618242
2019,30.5,3.25,2.1110773,152.90698,0,7.5998783
2019,30.5,3.5,2.1405194,149.84096,0,7.7058697
2019,30.5,3.75,2.1293056,145.8684,0,7.6655
2019,30.5,4.0,2.0891767,142.49522,0,7.5210357
2019,30.5,4.25,2.0459838,139.73302,0,7.3655415
2019,30.5,4.5,2.0310025,137.83904,0,7.311609
2019,30.5,4.75,2.0310192,136.64656,0,7.311669
2019,30.5,5.0,2.0259001,136.00003,0,7.29324
2019,30.5,5.25,2.018292,135.43687,0,7.265851
2019,30.5,5.5,2.0030208,135.02315,0,7.2108746
2019,30.5,5.75,1.9755555,134.66423,0,7.112
2019,30.5,6.0,1.9586157,134.41077,0,7.0510163
2019,30.5,6.25,1.959826,134.17586,0,7.055373
2019,30.5,6.5,1.966781,133.64192,0,7.0804114
2019,30.5,6.75,1.9702498,132.59271,0,7.092899
2019,30.5,7.0,1.9714546,131.53886,0,7.0972366
2019,30.5,7.25,1.9792236,130.03859,0,7.125205
2019,30.5,7.5,1.990511,128.79674,0,7.165839
2019,30.5,7.75,1.9946674,128.35991,0,7.1808023
2019,30.5,8.0,1.9722527,129.2121,0,7.1001096
2019,30.5,8.25,1.9300727,128.57384,0,6.9482613
2019,30.5,8.5,1.9301206,127.40881,0,6.948434
2019,30.5,8.75,1.9446007,126.56707,0,7.000562
2019,30.5,9.0,1.94885,126.42579,0,7.01586
2019,30.5,9.25,1.9279714,126.02127,0,6.9406967
2019,30.5,9.5,1.9050317,125.37109,0,6.858114
2019,30.5,9.75,1.8955936,124.38227,0,6.8241367
2019,30.5,10.0,1.9098226,123.65216,0,6.875361
2019,30.5,10.25,1.954048,124.1363,0,7.0345726
2019,30.5,10.5,2.0003746,126.64347,0,7.2013483
2019,30.5,10.75,2.0025852,128.97026,0,7.2093062
2019,30.5,11.0,1.9864086,130.49823,0,7.1510706
2019,30.5,11.25,1.9677128,130.88033,0,7.083766
2019,30.5,11.5,1.9727712,160.4244,0,7.101976
2019,30.5,11.75,1.9784775,159.49985,0,7.1225185
2019,30.5,12.0,2.0312848,158.9766,0,7.312625
2019,30.25,-9.0,1.3233076,216.65143,0,4.7639074
2019,30.25,-8.75,1.079094,220.91032,0,3.8847384
2019,30.25,-8.5,0.86623114,232.55699,0,3.118432
2019,30.25,-8.25,0.86410993,278.09158,0,3.1107957
2019,30.25,-8.0,0.9748867,289.1464,0,3.509592
2019,30.25,-7.75,1.1793326,285.66342,0,4.2455974
2019,30.25,-7.5,1.1402022,275.40366,0,4.1047277
2019,30.25,-7.25,0.8278615,272.0692,0,2.9803014
2019,30.25,-7.0,0.6201751,245.37578,0,2.2326305
2019,30.25,-6.75,0.6926818,240.7018,0,2.4936545
2019,30.25,-6.5,0.85416675,234.85652,0,3.0750003
2019,30.25,-6.25,0.97853327,216.83026,0,3.5227196
2019,30.25,-6.0,0.86518246,199.86827,0,3.1146567
2019,30.25,-5.75,0.8218766,190.8617,0,2.9587557
2019,30.25,-5.5,0.9126827,184.7414,0,3.2856576
2019,30.25,-5.25,1.0545591,178.2364,0,3.7964127
2019,30.25,-5.0,1.1367933,176.76428,0,4.0924554
2019,30.25,-4.75,1.1212597,177.32951,0,4.036535
2019,30.25,-4.5,1.1556809,143.19695,0,4.160451
2019,30.25,-4.25,1.3096573,137.0577,0,4.7147665
2019,30.25,-4.0,1.4860973,134.01476,0,5.3499503
2019,30.25,-3.75,1.4652504,129.04442,0,5.2749014
2019,30.25,-3.5,1.3733764,122.48806,0,4.9441547
2019,30.25,-3.25,1.3225393,148.81346,0,4.7611413
2019,30.25,-3.0,1.2833174,148.22443,0,4.6199427
2019,30.25,-2.75,1.2725233,145.91096,0,4.581084
2019,30.25,-2.5,1.3402864,142.78207,0,4.825031
2019,30.25,-2.25,1.5913959,96.87582,0,5.729025
2019,30.25,-2.0,1.8259448,95.474,0,6.573401
2019,30.25,-1.75,1.9314989,90.84551,0,6.953396
2019,30.25,-1.5,1.9450321,85.85409,0,7.0021152
2019,30.25,-1.25,1.9196869,82.17916,0,6.910873
2019,30.25,-1.0,1.9028274,107.94494,0,6.8501782
2019,30.25,-0.75,1.9146786,134.69052,0,6.892843
2019,30.25,-0.5,1.9453782,132.30608,0,7.003361
2019,30.25,-0.25,1.9796361,130.61513,0,7.12669
2019,30.25,0.0,2.0366461,129.40007,0,7.331926
2019,30.25,0.25,2.0842488,128.84972,0,7.5032954
2019,30.25,0.5,2.12578,127.02441,0,7.652808
2019,30.25,0.75,2.1481903,125.355225,0,7.7334847
2019,30.25,1.0,2.1570978,123.803795,0,7.765552
2019,30.25,1.25,2.168358,121.72854,0,7.806089
2019,30.25,1.5,2.1856937,119.38029,0,7.8684974
2019,30.25,1.75,2.1772919,119.11127,0,7.8382506
2019,30.25,2.0,2.1472485,126.60642,0,7.7300944
2019,30.25,2.25,2.1195912,128.87285,0,7.6305285
2019,30.25,2.5,2.1121287,128.0313,0,7.6036634
2019,30.25,2.75,2.0977826,155.03172,0,7.552017
2019,30.25,3.0,2.0820725,152.32262,0,7.495461
2019,30.25,3.25,2.0994983,149.80977,0,7.5581937
2019,30.25,3.5,2.1382496,147.24742,0,7.6976986
2019,30.25,3.75,2.136285,143.6521,0,7.690626
2019,30.25,4.0,2.0858066,140.193,0,7.5089035
2019,30.25,4.25,2.0503223,138.29471,0,7.3811603
2019,30.25,4.5,2.037749,137.13277,0,7.3358965
2019,30.25,4.75,2.0408142,136.26291,0,7.346931
2019,30.25,5.0,2.0462513,135.5005,0,7.3665047
2019,30.25,5.25,2.0280037,134.87738,0,7.300813
2019,30.25,5.5,1.9978455,134.47662,0,7.1922436
2019,30.25,5.75,1.970563,134.18182,0,7.094027
2019,30.25,6.0,1.9553701,134.01607,0,7.039332
2019,30.25,6.25,1.9493481,134.07133,0,7.017653
2019,30.25,6.5,1.9584093,133.03392,0,7.0502734
2019,30.25,6.75,1.9583936,131.72932,0,7.0502167
2019,30.25,7.0,1.9570469,130.22903,0,7.0453687
2019,30.25,7.25,1.9606628,128.58655,0,7.058386
2019,30.25,7.5,1.9697962,127.29959,0,7.091266
2019,30.25,7.75,1.9645585,127.66327,0,7.0724106
2019,30.25,8.0,1.9403324,127.725,0,6.9851966
2019,30.25,8.25,1.9114195,126.95667,0,6.88111
2019,30.25,8.5,1.9016361,125.87345,0,6.84589
2019,30.25,8.75,1.8992707,125.68912,0,6.837374
2019,30.25,9.0,1.8778812,125.45474,0,6.760372
2019,30.25,9.25,1.8670934,125.60046,0,6.721536
2019,30.25,9.5,1.8470379,126.03655,0,6.6493363
2019,30.25,9.75,1.8168578,126.53312,0,6.540688
2019,30.25,10.0,1.7904502,126.29305,0,6.4456205
2019,30.25,10.25,1.8601599,126.24581,0,6.696575
2019,30.25,10.5,1.9404448,128.19298,0,6.9856014
2019,30.25,10.75,1.9795507,130.5726,0,7.1263824
2019,30.25,11.0,1.9745594,132.31592,0,7.1084137
2019,30.25,11.25,1.9481373,132.47406,0,7.013294
2019,30.25,11.5,1.9670715,132.24959,0,7.081457
2019,30.25,11.75,2.002507,161.10744,0,7.209025
2019,30.25,12.0,2.0619545,159.89206,0,7.423036
2019,30.0,-9.0,0.7316546,234.5293,0,2.6339564
2019,30.0,-8.75,0.93465257,238.53697,0,3.3647492
2019,30.0,-8.5,1.0733279,263.12903,0,3.8639803
2019,30.0,-8.25,0.9416464,291.0253,0,3.389927
2019,30.0,-8.0,1.0194236,298.4301,0,3.669925
2019,30.0,-7.75,0.9898806,260.7958,0,3.5635703
2019,30.0,-7.5,0.78500444,245.33049,0,2.826016
2019,30.0,-7.25,0.6082528,244.97539,0,2.1897101
2019,30.0,-7.0,0.52782613,231.35109,0,1.900174
2019,30.0,-6.75,0.5928298,170.82617,0,2.1341872
2019,30.0,-6.5,0.67969316,186.90704,0,2.4468954
2019,30.0,-6.25,0.85058314,207.91992,0,3.0620992
2019,30.0,-6.0,0.86476827,196.96193,0,3.1131656
2019,30.0,-5.75,0.8621951,188.82835,0,3.103902
2019,30.0,-5.5,0.93601704,182.00105,0,3.3696613
2019,30.0,-5.25,1.0684893,179.8634,0,3.8465614
2019,30.0,-5.0,1.1715313,179.48451,0,4.2175126
2019,30.0,-4.75,1.1629083,176.49269,0,4.18647
2019,30.0,-4.5,1.2104517,142.11644,0,4.357626
2019,30.0,-4.25,1.3848828,138.94884,0,4.985578
2019,30.0,-4.0,1.5488378,131.96516,0,5.5758157
2019,30.0,-3.75,1.5792575,125.58502,0,5.6853266
2019,30.0,-3.5,1.5322598,122.768524,0,5.516135
2019,30.0,-3.25,1.4824706,122.053444,0,5.336894
2019,30.0,-3.0,1.4226718,120.277916,0,5.1216183
2019,30.0,-2.75,1.3491579,147.9771,0,4.8569684
2019,30.0,-2.5,1.3380547,143.04472,0,4.8169966
2019,30.0,-2.25,1.5021025,119.33929,0,5.407569
2019,30.0,-2.0,1.7450982,93.9256,0,6.2823534
2019,30.0,-1.75,1.8840472,90.46356,0,6.7825694
2019,30.0,-1.5,1.9701599,86.28479,0,7.0925756
2019,30.0,-1.25,1.9946293,82.03852,0,7.180665
2019,30.0,-1.0,1.997619,77.84689,0,7.191428
2019,30.0,-0.75,2.0149844,74.154236,0,7.2539434
2019,30.0,-0.5,2.0453532,71.69288,0,7.363271
2019,30.0,-0.25,2.0945883,69.7277,0,7.540518
2019,30.0,0.0,2.159961,67.40319,0,7.7758594
2019,30.0,0.25,2.224822,65.772316,0,8.009359
2019,30.0,0.5,2.2643197,63.826305,0,8.15155
2019,30.0,0.75,2.2831078,91.82183,0,8.219188
2019,30.0,1.0,2.2580116,120.828285,0,8.128841
2019,30.0,1.25,2.2492511,119.86092,0,8.097303
2019,30.0,1.5,2.2320483,120.07031,0,8.035374
2019,30.0,1.75,2.1832178,124.494415,0,7.859584
2019,30.0,2.0,2.1549933,126.98159,0,7.7579756
2019,30.0,2.25,2.1665676,128.576,0,7.799643
2019,30.0,2.5,2.174148,126.939064,0,7.826933
2019,30.0,2.75,2.1400883,153.61359,0,7.7043176
2019,30.0,3.0,2.126695,151.13696,0,7.6561017
2019,30.0,3.25,2.145283,148.58661,0,7.7230186
2019,30.0,3.5,2.1712637,145.34927,0,7.8165493
2019,30.0,3.75,2.152205,142.20477,0,7.7479377
2019,30.0,4.0,2.1019247,139.81944,0,7.5669284
2019,30.0,4.25,2.0641448,138.05658,0,7.430921
2019,30.0,4.5,2.0474782,136.85548,0,7.370921
2019,30.0,4.75,2.029299,135.87483,0,7.305476
2019,30.0,5.0,2.0205443,135.17914,0,7.273959
2019,30.0,5.25,2.0110362,135.1137,0,7.23973
2019,30.0,5.5,1.9982538,135.24353,0,7.1937137
2019,30.0,5.75,1.9765841,134.93176,0,7.1157026
2019,30.0,6.0,1.9606409,134.30812,0,7.058307
2019,30.0,6.25,1.9518396,134.08693,0,7.0266223
2019,30.0,6.5,1.9571342,132.8628,0,7.045683
2019,30.0,6.75,1.9541801,130.84206,0,7.0350485
2019,30.0,7.0,1.9548019,128.70865,0,7.0372868
2019,30.0,7.25,1.9552876,127.237465,0,7.0390353
2019,30.0,7.5,1.9506736,126.66488,0,7.0224247
2019,30.0,7.75,1.9222507,126.70638,0,6.9201026
2019,30.0,8.0,1.8937057,125.523445,0,6.8173404
2019,30.0,8.25,1.8713441,124.746056,0,6.7368383
2019,30.0,8.5,1.8551625,124.93109,0,6.678585
2019,30.0,8.75,1.8395368,125.28394,0,6.622332
2019,30.0,9.0,1.8216964,124.81024,0,6.558107
2019,30.0,9.25,1.8320509,126.365776,0,6.595383
2019,30.0,9.5,1.8186914,128.0963,0,6.547289
2019,30.0,9.75,1.7860829,130.99443,0,6.4298983
2019,30.0,10.0,1.7425417,131.7766,0,6.27315
2019,30.0,10.25,1.8093559,131.36156,0,6.513681
2019,30.0,10.5,1.9106126,131.92622,0,6.8782053
2019,30.0,10.75,1.9563961,133.97083,0,7.043026
2019,30.0,11.0,1.9456301,135.02635,0,7.004268
2019,30.0,11.25,1.9139062,134.44873,0,6.8900623
2019,30.0,11.5,1.9448467,133.82587,0,7.001448
2019,30.0,11.75,1.9987702,132.4803,0,7.195573
2019,30.0,12.0,2.0556264,160.97575,0,7.4002547
2019,29.75,-9.0,0.8241987,284.38022,0,2.9671154
2019,29.75,-8.75,1.1255704,270.62485,0,4.0520535
2019,29.75,-8.5,1.003479,304.55795,0,3.6125243
2019,29.75,-8.25,0.9669091,271.00626,0,3.4808726
2019,29.75,-8.0,0.9468618,274.28333,0,3.4087024
2019,29.75,-7.75,0.9362526,269.0497,0,3.3705091
2019,29.75,-7.5,0.70560765,259.23068,0,2.5401876
2019,29.75,-7.25,0.6742332,179.52391,0,2.4272394
2019,29.75,-7.0,0.74075556,151.52522,0,2.66672
2019,29.75,-6.75,0.84424615,167.2468,0,3.0392861
2019,29.75,-6.5,0.9361033,171.90405,0,3.3699718
2019,29.75,-6.25,1.0914598,176.23726,0,3.929255
2019,29.75,-6.0,1.1799253,177.24812,0,4.247731
2019,29.75,-5.75,1.1936942,172.93457,0,4.297299
2019,29.75,-5.5,1.1461165,164.63849,0,4.1260195
2019,29.75,-5.25,1.2398684,150.17271,0,4.4635262
2019,29.75,-5.0,1.2652266,177.76537,0,4.554816
2019,29.75,-4.75,1.2774566,174.48143,0,4.5988436
2019,29.75,-4.5,1.3264042,159.64775,0,4.775055
2019,29.75,-4.25,1.4586371,145.67699,0,5.2510934
2019,29.75,-4.0,1.6002506,137.42949,0,5.760902
2019,29.75,-3.75,1.60632,128.29477,0,5.782752
2019,29.75,-3.5,1.6188221,120.86157,0,5.8277593
2019,29.75,-3.25,1.5941714,120.35312,0,5.739017
2019,29.75,-3.0,1.5573236,120.74331,0,5.6063647
2019,29.75,-2.75,1.468393,119.372536,0,5.2862144
2019,29.75,-2.5,1.3322412,146.10153,0,4.796068
2019,29.75,-2.25,1.334304,144.70546,0,4.803494
2019,29.75,-2.0,1.530645,95.074684,0,5.510322
2019,29.75,-1.75,1.7703406,89.37684,0,6.3732257
2019,29.75,-1.5,1.8971106,84.015656,0,6.829598
2019,29.75,-1.25,2.0513816,80.189,0,7.3849735
2019,29.75,-1.0,2.09118,76.81649,0,7.5282483
2019,29.75,-0.75,2.1076686,73.18275,0,7.587607
2019,29.75,-0.5,2.143212,69.97941,0,7.7155633
2019,29.75,-0.25,2.2017293,67.65653,0,7.926225
2019,29.75,0.0,2.2506025,63.396057,0,8.102169
2019,29.75,0.25,2.3188274,62.244053,0,8.347778
2019,29.75,0.5,2.3622663,61.46913,0,8.504158
2019,29.75,0.75,2.3577468,62.74696,0,8.487888
2019,29.75,1.0,2.3295038,62.18925,0,8.386213
2019,29.75,1.25,2.2888765,92.828026,0,8.239955
2019,29.75,1.5,2.22658,98.13038,0,8.015687
2019,29.75,1.75,2.2032633,131.60558,0,7.9317474
2019,29.75,2.0,2.2495239,130.89519,0,8.098286
2019,29.75,2.25,2.2772543,129.63875,0,8.198115
2019,29.75,2.5,2.273784,126.879364,0,8.185622
2019,29.75,2.75,2.2031276,124.232765,0,7.931259
2019,29.75,3.0,2.1778557,151.22583,0,7.8402805
2019,29.75,3.25,2.1493568,147.62764,0,7.7376842
2019,29.75,3.5,2.156547,144.25851,0,7.7635694
2019,29.75,3.75,2.1134984,142.1301,0,7.6085944
2019,29.75,4.0,2.099425,140.75096,0,7.55793
2019,29.75,4.25,2.061716,138.76595,0,7.422178
2019,29.75,4.5,2.0379047,137.86395,0,7.336457
2019,29.75,4.75,2.0181715,137.06633,0,7.2654176
2019,29.75,5.0,2.0086787,136.8708,0,7.231243
2019,29.75,5.25,1.999339,136.38358,0,7.1976204
2019,29.75,5.5,1.9919947,136.24005,0,7.1711807
2019,29.75,5.75,1.9829836,135.5081,0,7.1387405
2019,29.75,6.0,1.9700122,134.91252,0,7.092044
2019,29.75,6.25,1.9598588,134.3435,0,7.0554914
2019,29.75,6.5,1.9569845,132.47676,0,7.045144
2019,29.75,6.75,1.9553152,129.48999,0,7.0391345
2019,29.75,7.0,1.9465455,127.226135,0,7.0075636
2019,29.75,7.25,1.9416631,125.95359,0,6.9899874
2019,29.75,7.5,1.9202908,126.14306,0,6.913047
2019,29.75,7.75,1.8919778,125.323395,0,6.81112
2019,29.75,8.0,1.8645612,124.33367,0,6.71242
2019,29.75,8.25,1.8361,124.26163,0,6.6099596
2019,29.75,8.5,1.8146244,124.59548,0,6.5326476
2019,29.75,8.75,1.79768,124.2069,0,6.4716477
2019,29.75,9.0,1.8319345,124.95974,0,6.594964
2019,29.75,9.25,1.8477131,127.42599,0,6.6517673
2019,29.75,9.5,1.8299817,131.34206,0,6.587934
2019,29.75,9.75,1.797051,134.5384,0,6.4693832
2019,29.75,10.0,1.764483,136.18578,0,6.3521385
2019,29.75,10.25,1.7941865,136.02998,0,6.459071
2019,29.75,10.5,1.8769506,136.07689,0,6.757022
2019,29.75,10.75,1.8996702,136.20662,0,6.838813
2019,29.75,11.0,1.895833,136.80725,0,6.824999
2019,29.75,11.25,1.8859525,135.53311,0,6.7894287
2019,29.75,11.5,1.9259816,134.71126,0,6.9335337
2019,29.75,11.75,1.9762206,133.35284,0,7.114394
2019,29.75,12.0,2.0323305,161.57057,0,7.3163896
2019,29.5,-9.0,1.4984369,283.88132,0,5.394373
2019,29.5,-8.75,1.5060154,304.12473,0,5.421655
2019,29.5,-8.5,1.1633123,295.88956,0,4.1879244
2019,29.5,-8.25,0.96180326,259.49924,0,3.4624918
2019,29.5,-8.0,0.98391706,262.40976,0,3.5421014
2019,29.5,-7.75,0.9119167,236.29057,0,3.2828999
2019,29.5,-7.5,0.86098075,178.30493,0,3.0995307
2019,29.5,-7.25,1.0421934,172.09212,0,3.7518961
2019,29.5,-7.0,1.1266683,175.64429,0,4.056006
2019,29.5,-6.75,1.2862576,176.62544,0,4.6305275
2019,29.5,-6.5,1.3512791,179.7953,0,4.864605
2019,29.5,-6.25,1.4777914,179.46419,0,5.320049
2019,29.5,-6.0,1.5247375,179.24463,0,5.4890547
2019,29.5,-5.75,1.4506516,178.2962,0,5.222346
2019,29.5,-5.5,1.3923274,175.29486,0,5.0123787
2019,29.5,-5.25,1.3501153,154.13182,0,4.860415
2019,29.5,-5.0,1.3499455,178.30609,0,4.8598037
2019,29.5,-4.75,1.3566298,173.08693,0,4.8838673
2019,29.5,-4.5,1.4101596,161.64073,0,5.0765743
2019,29.5,-4.25,1.5347654,148.6332,0,5.525155
2019,29.5,-4.0,1.6030287,144.0012,0,5.770903
2019,29.5,-3.75,1.5703554,135.67194,0,5.6532793
2019,29.5,-3.5,1.592866,124.3294,0,5.7343173
2019,29.5,-3.25,1.6487323,117.08594,0,5.9354362
2019,29.5,-3.0,1.6084646,117.62024,0,5.7904725
2019,29.5,-2.75,1.5689625,116.6921,0,5.648265
2019,29.5,-2.5,1.4705614,145.5626,0,5.2940207
2019,29.5,-2.25,1.4429187,143.86977,0,5.194507
2019,29.5,-2.0,1.4915562,112.83495,0,5.369602
2019,29.5,-1.75,1.7088917,112.98047,0,6.15201
2019,29.5,-1.5,1.844639,80.043175,0,6.6407
2019,29.5,-1.25,2.026819,78.01115,0,7.2965484
2019,29.5,-1.0,2.121459,75.567726,0,7.6372523
2019,29.5,-0.75,2.1793067,72.17861,0,7.8455043
2019,29.5,-0.5,2.219178,69.08343,0,7.9890404
2019,29.5,-0.25,2.2628624,64.45423,0,8.146304
2019,29.5,0.0,2.3149817,60.561893,0,8.333934
2019,29.5,0.25,2.36043,61.516796,0,8.497548
2019,29.5,0.5,2.3743877,65.16747,0,8.547795
2019,29.5,0.75,2.3726795,66.69929,0,8.541646
2019,29.5,1.0,2.344853,67.835724,0,8.44147
2019,29.5,1.25,2.306523,70.19988,0,8.303483
2019,29.5,1.5,2.2993839,76.458305,0,8.2777815
2019,29.5,1.75,2.3615243,74.98846,0,8.501488
2019,29.5,2.0,2.4004939,134.13081,0,8.641778
2019,29.5,2.25,2.4008408,132.06602,0,8.643026
2019,29.5,2.5,2.3573902,129.1726,0,8.486605
2019,29.5,2.75,2.2733638,126.13275,0,8.18411
2019,29.5,3.0,2.2171555,121.435356,0,7.9817595
2019,29.5,3.25,2.1887066,147.64647,0,7.8793435
2019,29.5,3.5,2.120518,144.5713,0,7.6338644
2019,29.5,3.75,2.0673215,143.60976,0,7.4423575
2019,29.5,4.0,2.080785,142.4858,0,7.490826
2019,29.5,4.25,2.061049,140.97896,0,7.419776
2019,29.5,4.5,2.0345204,140.02148,0,7.324273
2019,29.5,4.75,1.9977072,139.11812,0,7.1917458
2019,29.5,5.0,2.0014534,138.82579,0,7.205232
2019,29.5,5.25,1.9937615,138.158,0,7.1775413
2019,29.5,5.5,1.9848747,137.52583,0,7.145549
2019,29.5,5.75,1.9756681,136.79675,0,7.112405
2019,29.5,6.0,1.9776591,136.26106,0,7.1195726
2019,29.5,6.25,1.9687773,135.50507,0,7.0875983
2019,29.5,6.5,1.9599155,133.05183,0,7.0556955
2019,29.5,6.75,1.9481007,129.12135,0,7.013162
2019,29.5,7.0,1.9425821,126.009155,0,6.9932957
2019,29.5,7.25,1.9131737,126.33005,0,6.887425
2019,29.5,7.5,1.8859671,126.35333,0,6.7894816
2019,29.5,7.75,1.8590746,124.93884,0,6.6926684
2019,29.5,8.0,1.8434076,124.567345,0,6.636267
2019,29.5,8.25,1.8150536,124.565674,0,6.5341926
2019,29.5,8.5,1.7846569,124.7171,0,6.4247646
2019,29.5,8.75,1.7861952,123.34012,0,6.4303026
2019,29.5,9.0,1.8605008,125.12203,0,6.6978025
2019,29.5,9.25,1.8852364,129.58081,0,6.786851
2019,29.5,9.5,1.8714229,133.69731,0,6.737122
2019,29.5,9.75,1.8191401,135.58536,0,6.548904
2019,29.5,10.0,1.7967196,136.94344,0,6.46819
2019,29.5,10.25,1.8125046,136.83052,0,6.525017
2019,29.5,10.5,1.8167008,136.8954,0,6.540123
2019,29.5,10.75,1.8496451,137.30365,0,6.6587224
2019,29.5,11.0,1.8521175,136.71504,0,6.667623
2019,29.5,11.25,1.850149,135.4451,0,6.6605363
2019,29.5,11.5,1.889242,134.79858,0,6.8012714
2019,29.5,11.75,1.9351288,133.51703,0,6.9664636
2019,29.5,12.0,1.9884939,131.73854,0,7.158578
2019,29.25,-9.0,1.9734386,280.5897,0,7.1043787
2019,29.25,-8.75,1.5890228,299.38177,0,5.720482
2019,29.25,-8.5,1.1235471,284.1428,0,4.0447693
2019,29.25,-8.25,1.040705,246.71147,0,3.7465377
2019,29.25,-8.0,0.9836797,234.55608,0,3.541247
2019,29.25,-7.75,1.0753306,187.64375,0,3.87119
2019,29.25,-7.5,1.3142203,188.62962,0,4.731193
2019,29.25,-7.25,1.5064312,183.0689,0,5.4231524
2019,29.25,-7.0,1.5883483,183.9007,0,5.718054
2019,29.25,-6.75,1.4855589,182.75916,0,5.348012
2019,29.25,-6.5,1.5407666,186.01007,0,5.5467596
2019,29.25,-6.25,1.5208331,184.19348,0,5.474999
2019,29.25,-6.0,1.4883889,183.31934,0,5.3582
2019,29.25,-5.75,1.4385982,188.96303,0,5.178953
2019,29.25,-5.5,1.4249948,184.07178,0,5.129981
2019,29.25,-5.25,1.3758615,182.31306,0,4.953101
2019,29.25,-5.0,1.3744339,149.556,0,4.947962
2019,29.25,-4.75,1.3750916,147.13458,0,4.9503293
2019,29.25,-4.5,1.4389373,149.81505,0,5.1801744
2019,29.25,-4.25,1.5171404,147.92473,0,5.461705
2019,29.25,-4.0,1.5790046,144.17589,0,5.684417
2019,29.25,-3.75,1.5010577,139.47598,0,5.4038076
2019,29.25,-3.5,1.5181895,126.060326,0,5.465482
2019,29.25,-3.25,1.571644,117.94605,0,5.657918
2019,29.25,-3.0,1.606413,111.37246,0,5.783087
2019,29.25,-2.75,1.5769352,108.39865,0,5.6769667
2019,29.25,-2.5,1.614583,114.075294,0,5.8124986
2019,29.25,-2.25,1.6297024,112.28527,0,5.8669286
2019,29.25,-2.0,1.6784497,111.52009,0,6.042419
2019,29.25,-1.75,1.6995916,109.25213,0,6.11853
2019,29.25,-1.5,1.8194693,107.089195,0,6.5500894
2019,29.25,-1.25,1.9519125,76.89097,0,7.026885
2019,29.25,-1.0,2.1380694,75.84131,0,7.6970496
2019,29.25,-0.75,2.1999795,72.6572,0,7.919926
2019,29.25,-0.5,2.2121656,67.28616,0,7.963796
2019,29.25,-0.25,2.2601187,63.167904,0,8.136427
2019,29.25,0.0,2.3105178,61.85928,0,8.317863
2019,29.25,0.25,2.349627,67.9018,0,8.458657
2019,29.25,0.5,2.3739288,71.890274,0,8.546144
2019,29.25,0.75,2.3361216,73.27088,0,8.410037
2019,29.25,1.0,2.3126283,74.525986,0,8.325461
2019,29.25,1.25,2.3262954,77.89574,0,8.374663
2019,29.25,1.5,2.4114604,79.26511,0,8.681257
2019,29.25,1.75,2.4765046,77.342865,0,8.915416
2019,29.25,2.0,2.5134408,78.179436,0,9.048387
2019,29.25,2.25,2.498252,106.702934,0,8.993707
2019,29.25,2.5,2.4524772,105.45103,0,8.8289175
2019,29.25,2.75,2.3539612,128.21312,0,8.47426
2019,29.25,3.0,2.286027,122.51974,0,8.229697
2019,29.25,3.25,2.1843264,119.000404,0,7.863575
2019,29.25,3.5,2.10945,145.94426,0,7.5940204
2019,29.25,3.75,2.0632274,116.60644,0,7.4276185
2019,29.25,4.0,2.1052487,115.89286,0,7.578895
2019,29.25,4.25,2.0814457,144.01102,0,7.493204
2019,29.25,4.5,2.0327075,142.59297,0,7.3177466
2019,29.25,4.75,1.9929754,141.68314,0,7.174711
2019,29.25,5.0,1.9977727,141.03777,0,7.1919813
2019,29.25,5.25,1.9849063,140.3226,0,7.145663
2019,29.25,5.5,1.9763361,139.8235,0,7.11481
2019,29.25,5.75,1.9833978,139.2993,0,7.140232
2019,29.25,6.0,1.9860276,138.85323,0,7.149699
2019,29.25,6.25,1.9799714,138.1598,0,7.127897
2019,29.25,6.5,1.9650031,136.62619,0,7.0740113
2019,29.25,6.75,1.9545561,127.83222,0,7.0364017
2019,29.25,7.0,1.9308171,127.213066,0,6.9509416
2019,29.25,7.25,1.9021649,127.59202,0,6.8477936
2019,29.25,7.5,1.8648248,126.68323,0,6.713369
2019,29.25,7.75,1.8376333,125.66055,0,6.6154795
2019,29.25,8.0,1.8241323,125.49081,0,6.5668764
2019,29.25,8.25,1.8176626,126.27889,0,6.5435853
2019,29.25,8.5,1.7921939,126.55077,0,6.4518976
2019,29.25,8.75,1.7950468,122.964355,0,6.462168
2019,29.25,9.0,1.8976798,124.85406,0,6.831647
2019,29.25,9.25,1.9218941,129.95854,0,6.9188185
2019,29.25,9.5,1.8930758,132.85107,0,6.815073
2019,29.25,9.75,1.8366977,134.5868,0,6.6121116
2019,29.25,10.0,1.8050026,135.40572,0,6.498009
2019,29.25,10.25,1.8047866,135.40369,0,6.4972315
2019,29.25,10.5,1.810201,135.8439,0,6.5167236
2019,29.25,10.75,1.8157063,135.08849,0,6.5365424
2019,29.25,11.0,1.8150254,134.72122,0,6.5340915
2019,29.25,11.25,1.8317438,133.51668,0,6.594278
2019,29.25,11.5,1.8650931,132.915,0,6.714335
2019,29.25,11.75,1.9092946,131.96771,0,6.8734603
2019,29.25,12.0,1.9368604,130.79878,0,6.9726973
2019,29.0,-9.0,1.7963333,269.25208,0,6.4667997
2019,29.0,-8.75,1.4619207,282.9119,0,5.2629147
2019,29.0,-8.5,1.2344245,235.02773,0,4.443928
2019,29.0,-8.25,1.2626303,198.3551,0,4.5454693
2019,29.0,-8.0,1.4698886,207.76994,0,5.291599
2019,29.0,-7.75,1.5230212,204.8484,0,5.4828763
2019,29.0,-7.5,1.6915613,198.46155,0,6.0896206
2019,29.0,-7.25,1.7582833,191.44861,0,6.3298197
2019,29.0,-7.0,1.6222262,184.99866,0,5.8400145
2019,29.0,-6.75,1.5265627,182.66866,0,5.4956255
2019,29.0,-6.5,1.4483587,173.79541,0,5.214091
2019,29.0,-6.25,1.4010004,198.02667,0,5.043601
2019,29.0,-6.0,1.3780909,194.42558,0,4.961127
2019,29.0,-5.75,1.3701715,191.7879,0,4.9326177
2019,29.0,-5.5,1.3559932,187.65755,0,4.881575
2019,29.0,-5.25,1.3689741,183.41008,0,4.9283066
2019,29.0,-5.0,1.3778015,148.76082,0,4.9600854
2019,29.0,-4.75,1.3841696,143.55713,0,4.9830103
2019,29.0,-4.5,1.4529475,139.73103,0,5.230611
2019,29.0,-4.25,1.5332079,139.03014,0,5.5195484
2019,29.0,-4.0,1.5373673,135.7936,0,5.534522
2019,29.0,-3.75,1.4481901,129.60252,0,5.2134843
2019,29.0,-3.5,1.4740306,120.34396,0,5.30651
2019,29.0,-3.25,1.4777931,115.55652,0,5.320055
2019,29.0,-3.0,1.5119443,109.4076,0,5.4429994
2019,29.0,-2.75,1.5504521,101.88798,0,5.5816274
2019,29.0,-2.5,1.634569,96.543976,0,5.8844485
2019,29.0,-2.25,1.6865507,115.25408,0,6.0715823
2019,29.0,-2.0,1.770804,111.086525,0,6.3748946
2019,29.0,-1.75,1.8026749,108.78936,0,6.4896293
2019,29.0,-1.5,1.8281192,106.45629,0,6.5812287
2019,29.0,-1.25,1.910874,106.13035,0,6.879146
2019,29.0,-1.0,2.1067579,75.989006,0,7.584328
2019,29.0,-0.75,2.1991777,72.5673,0,7.91704
2019,29.0,-0.5,2.2213368,67.641365,0,7.9968123
2019,29.0,-0.25,2.1787965,65.40981,0,7.8436675
2019,29.0,0.0,2.2206109,67.68487,0,7.994199
2019,29.0,0.25,2.3178337,75.60265,0,8.344201
2019,29.0,0.5,2.3745258,77.909874,0,8.548292
2019,29.0,0.75,2.340708,79.43369,0,8.426549
2019,29.0,1.0,2.330905,78.88926,0,8.391257
2019,29.0,1.25,2.3813145,80.74856,0,8.572732
2019,29.0,1.5,2.4808939,79.14694,0,8.931217
2019,29.0,1.75,2.5183973,79.67895,0,9.06623
2019,29.0,2.0,2.5577228,80.3697,0,9.207802
2019,29.0,2.25,2.5854337,81.26566,0,9.307561
2019,29.0,2.5,2.5641458,108.98629,0,9.230925
2019,29.0,2.75,2.4365504,130.10583,0,8.771581
2019,29.0,3.0,2.3120606,125.27247,0,8.323418
2019,29.0,3.25,2.2038186,121.76798,0,7.933747
2019,29.0,3.5,2.1684115,120.60831,0,7.806281
2019,29.0,3.75,2.1454647,122.236824,0,7.7236724
2019,29.0,4.0,2.1804814,120.788475,0,7.849733
2019,29.0,4.25,2.1353152,117.10528,0,7.6871343
2019,29.0,4.5,2.0885684,145.34769,0,7.518846
2019,29.0,4.75,2.022431,144.9481,0,7.280751
2019,29.0,5.0,2.0120828,144.81926,0,7.243498
2019,29.0,5.25,1.9890642,143.83205,0,7.160631
2019,29.0,5.5,1.9976109,143.23906,0,7.191399
2019,29.0,5.75,2.0041919,142.85887,0,7.2150908
2019,29.0,6.0,2.0137298,142.73122,0,7.2494273
2019,29.0,6.25,2.009967,143.15083,0,7.2358813
2019,29.0,6.5,1.996225,114.520134,0,7.18641
2019,29.0,6.75,1.9632837,124.630646,0,7.067821
2019,29.0,7.0,1.9398614,126.19082,0,6.983501
2019,29.0,7.25,1.9170852,126.892365,0,6.9015064
2019,29.0,7.5,1.882638,127.075745,0,6.7774963
2019,29.0,7.75,1.8618798,128.01842,0,6.7027674
2019,29.0,8.0,1.8641644,128.51031,0,6.7109914
2019,29.0,8.25,1.8597499,128.23064,0,6.6950994
2019,29.0,8.5,1.8314239,128.13011,0,6.593126
2019,29.0,8.75,1.8166519,122.3406,0,6.539947
2019,29.0,9.0,1.9222488,122.24813,0,6.9200954
2019,29.0,9.25,1.9509206,126.748375,0,7.023314
2019,29.0,9.5,1.9161302,130.38597,0,6.8980684
2019,29.0,9.75,1.8472363,132.16347,0,6.6500506
2019,29.0,10.0,1.8037986,133.14215,0,6.4936748
2019,29.0,10.25,1.7964988,133.1389,0,6.4673953
2019,29.0,10.5,1.7856864,132.56178,0,6.4284706
2019,29.0,10.75,1.7914052,131.75781,0,6.4490585
2019,29.0,11.0,1.7871674,130.7148,0,6.4338026
2019,29.0,11.25,1.8060718,130.43843,0,6.501858
2019,29.0,11.5,1.8297129,131.44536,0,6.586966
2019,29.0,11.75,1.8594433,132.315,0,6.693996
2019,29.0,12.0,1.8971742,131.46466,0,6.8298273
2019,28.75,-9.0,1.9405352,280.09146,0,6.9859266
2019,28.75,-8.75,1.7364601,258.06116,0,6.251256
2019,28.75,-8.5,1.6853852,215.8337,0,6.0673866
2019,28.75,-8.25,1.8160864,214.24763,0,6.537911
2019,28.75,-8.0,1.7821697,213.8069,0,6.4158106
2019,28.75,-7.75,1.7896148,212.36444,0,6.442613
2019,28.75,-7.5,1.7295312,204.08759,0,6.226312
2019,28.75,-7.25,1.5887481,193.09058,0,5.719493
2019,28.75,-7.0,1.4550656,179.89827,0,5.238236
2019,28.75,-6.75,1.4188213,171.51178,0,5.1077566
2019,28.75,-6.5,1.3728348,165.5036,0,4.942205
2019,28.75,-6.25,1.349671,161.78983,0,4.8588157
2019,28.75,-6.0,1.3516331,158.21742,0,4.865879
2019,28.75,-5.75,1.3554691,155.40443,0,4.8796887
2019,28.75,-5.5,1.3768083,153.66704,0,4.9565096
2019,28.75,-5.25,1.4053229,151.70573,0,5.059162
2019,28.75,-5.0,1.410597,147.65451,0,5.078149
2019,28.75,-4.75,1.43865,139.84175,0,5.17914
2019,28.75,-4.5,1.5099474,135.5844,0,5.4358106
2019,28.75,-4.25,1.5425593,130.9872,0,5.553213
2019,28.75,-4.0,1.5518225,126.5527,0,5.586561
2019,28.75,-3.75,1.5225145,121.33234,0,5.481052
2019,28.75,-3.5,1.5080134,117.830605,0,5.428848
2019,28.75,-3.25,1.507824,113.75848,0,5.428166
2019,28.75,-3.0,1.5276562,109.710236,0,5.4995623
2019,28.75,-2.75,1.5569391,99.87693,0,5.6049805
2019,28.75,-2.5,1.6303958,93.93252,0,5.869425
2019,28.75,-2.25,1.7442665,87.99585,0,6.2793593
2019,28.75,-2.0,1.8521363,83.98861,0,6.6676903
2019,28.75,-1.75,1.9198294,80.99097,0,6.9113855
2019,28.75,-1.5,1.9473296,79.08418,0,7.0103865
2019,28.75,-1.25,1.958866,105.41166,0,7.0519176
2019,28.75,-1.0,2.062946,74.42737,0,7.4266057
2019,28.75,-0.75,2.174342,71.59853,0,7.8276305
2019,28.75,-0.5,2.1901634,70.17031,0,7.884588
2019,28.75,-0.25,2.1311195,69.67689,0,7.67203
2019,28.75,0.0,2.1287005,75.170906,0,7.6633215
2019,28.75,0.25,2.318574,80.20433,0,8.346866
2019,28.75,0.5,2.399102,81.42669,0,8.636766
2019,28.75,0.75,2.416884,80.442986,0,8.700782
2019,28.75,1.0,2.4123619,79.441505,0,8.684503
2019,28.75,1.25,2.4871259,78.60257,0,8.953653
2019,28.75,1.5,2.5565932,79.03737,0,9.203735
2019,28.75,1.75,2.582376,81.28727,0,9.296554
2019,28.75,2.0,2.6583846,82.857956,0,9.570184
2019,28.75,2.25,2.6937609,83.34902,0,9.697539
2019,28.75,2.5,2.6474273,107.933014,0,9.530738
2019,28.75,2.75,2.4858713,101.4624,0,8.949137
2019,28.75,3.0,2.3610392,98.033775,0,8.499741
2019,28.75,3.25,2.2945738,96.11306,0,8.260466
2019,28.75,3.5,2.284525,95.100334,0,8.22429
2019,28.75,3.75,2.2914226,96.12031,0,8.249121
2019,28.75,4.0,2.3149111,95.58197,0,8.33368
2019,28.75,4.25,2.2381685,121.36288,0,8.057406
2019,28.75,4.5,2.145222,117.85889,0,7.722799
2019,28.75,4.75,2.0643933,117.37032,0,7.4318156
2019,28.75,5.0,2.0428357,88.79651,0,7.3542085
2019,28.75,5.25,2.0303218,146.59535,0,7.3091583
2019,28.75,5.5,2.0443926,145.88039,0,7.359813
2019,28.75,5.75,2.056392,145.29617,0,7.403011
2019,28.75,6.0,2.075504,85.102715,0,7.4718146
2019,28.75,6.25,2.0732048,86.45327,0,7.4635367
2019,28.75,6.5,2.0437884,90.008736,0,7.3576384
2019,28.75,6.75,2.0081022,94.32636,0,7.2291675
2019,28.75,7.0,1.9826685,96.44523,0,7.1376066
2019,28.75,7.25,1.9652396,98.83267,0,7.0748625
2019,28.75,7.5,1.9651769,100.34901,0,7.074637
2019,28.75,7.75,1.9336861,101.479546,0,6.96127
2019,28.75,8.0,1.9327391,102.45721,0,6.957861
2019,28.75,8.25,1.9260181,132.32744,0,6.9336653
2019,28.75,8.5,1.8966562,131.92896,0,6.827962
2019,28.75,8.75,1.8637443,106.55398,0,6.7094793
2019,28.75,9.0,1.9441077,109.075714,0,6.9987874
2019,28.75,9.25,1.9622802,107.289246,0,7.0642085
2019,28.75,9.5,1.9346021,130.89632,0,6.9645677
2019,28.75,9.75,1.872491,130.31514,0,6.7409673
2019,28.75,10.0,1.8382701,130.25673,0,6.617772
2019,28.75,10.25,1.8246368,129.08739,0,6.568692
2019,28.75,10.5,1.8328882,126.35398,0,6.5983977
2019,28.75,10.75,1.8365564,124.39268,0,6.611603
2019,28.75,11.0,1.8544197,122.48676,0,6.675911
2019,28.75,11.25,1.8382236,120.33087,0,6.6176047
2019,28.75,11.5,1.8475066,117.52238,0,6.651024
2019,28.75,11.75,1.8837247,113.1296,0,6.781409
2019,28.75,12.0,1.8945093,139.80217,0,6.8202333
2019,28.5,-9.0,2.3151236,267.60315,0,8.334445
2019,28.5,-8.75,2.235729,238.87285,0,8.048624
2019,28.5,-8.5,2.1248214,228.8775,0,7.649357
2019,28.5,-8.25,1.9883686,224.71635,0,7.158127
2019,28.5,-8.0,1.8612032,224.53339,0,6.700331
2019,28.5,-7.75,1.7066078,225.47664,0,6.143788
2019,28.5,-7.5,1.5043592,191.26067,0,5.4156933
2019,28.5,-7.25,1.3620597,178.28255,0,4.9034147
2019,28.5,-7.0,1.3465881,170.1414,0,4.8477173
2019,28.5,-6.75,1.3642641,164.88316,0,4.9113507
2019,28.5,-6.5,1.3927269,161.88338,0,5.013817
2019,28.5,-6.25,1.4086996,158.89342,0,5.0713186
2019,28.5,-6.0,1.4285685,156.76344,0,5.1428466
2019,28.5,-5.75,1.4488624,155.43355,0,5.2159047
2019,28.5,-5.5,1.4743174,154.04988,0,5.307543
2019,28.5,-5.25,1.4858416,151.6638,0,5.3490295
2019,28.5,-5.0,1.4641923,148.00104,0,5.271092
2019,28.5,-4.75,1.5018449,141.64761,0,5.4066415
2019,28.5,-4.5,1.5284438,136.79402,0,5.5023975
2019,28.5,-4.25,1.5372592,131.60088,0,5.534133
2019,28.5,-4.0,1.5451201,126.201355,0,5.5624323
2019,28.5,-3.75,1.5783416,121.217064,0,5.6820297
2019,28.5,-3.5,1.5603985,116.47477,0,5.6174345
2019,28.5,-3.25,1.5689659,112.617424,0,5.6482773
2019,28.5,-3.0,1.603652,109.291466,0,5.773147
2019,28.5,-2.75,1.6670014,103.918175,0,6.001205
2019,28.5,-2.5,1.7587525,97.17938,0,6.3315086
2019,28.5,-2.25,1.8781942,90.98646,0,6.761499
2019,28.5,-2.0,1.9642161,87.077484,0,7.071178
2019,28.5,-1.75,2.0272949,83.68252,0,7.298261
2019,28.5,-1.5,2.0625503,79.74662,0,7.425181
2019,28.5,-1.25,2.075515,74.55921,0,7.4718537
2019,28.5,-1.0,2.115886,72.94047,0,7.6171894
2019,28.5,-0.75,2.1765032,72.64079,0,7.835411
2019,28.5,-0.5,2.1906042,72.83533,0,7.886175
2019,28.5,-0.25,2.1667314,74.208885,0,7.800233
2019,28.5,0.0,2.1524804,78.02198,0,7.748929
2019,28.5,0.25,2.3378904,81.62887,0,8.416405
2019,28.5,0.5,2.448177,82.37774,0,8.813437
2019,28.5,0.75,2.4817019,81.28847,0,8.934127
2019,28.5,1.0,2.4718087,79.48148,0,8.898511
2019,28.5,1.25,2.4977305,78.240715,0,8.99183
2019,28.5,1.5,2.5654054,80.91911,0,9.235459
2019,28.5,1.75,2.6869802,82.66726,0,9.673129
2019,28.5,2.0,2.8015308,82.64534,0,10.085511
2019,28.5,2.25,2.8662784,79.40162,0,10.318602
2019,28.5,2.5,2.7818925,74.88326,0,10.014812
2019,28.5,2.75,2.604345,101.24354,0,9.375642
2019,28.5,3.0,2.5114343,99.74999,0,9.041163
2019,28.5,3.25,2.4382281,98.481606,0,8.777621
2019,28.5,3.5,2.3602116,97.78165,0,8.496761
2019,28.5,3.75,2.3339553,99.48508,0,8.402239
2019,28.5,4.0,2.4093173,97.61895,0,8.673542
2019,28.5,4.25,2.3852448,91.8973,0,8.586882
2019,28.5,4.5,2.2888777,88.75488,0,8.23996
2019,28.5,4.75,2.1697419,89.94514,0,7.8110704
2019,28.5,5.0,2.149107,92.28833,0,7.736785
2019,28.5,5.25,2.131502,88.930565,0,7.6734066
2019,28.5,5.5,2.1116588,87.10358,0,7.6019716
2019,28.5,5.75,2.113508,85.4647,0,7.6086287
2019,28.5,6.0,2.13363,85.04276,0,7.681068
2019,28.5,6.25,2.131495,87.66717,0,7.673382
2019,28.5,6.5,2.1053638,92.290825,0,7.5793095
2019,28.5,6.75,2.0757358,95.25143,0,7.4726486
2019,28.5,7.0,2.0556142,97.13674,0,7.400211
2019,28.5,7.25,2.0474055,97.99274,0,7.3706594
2019,28.5,7.5,2.0636275,97.940346,0,7.4290586
2019,28.5,7.75,2.0220032,98.24172,0,7.279211
2019,28.5,8.0,2.0180228,97.97013,0,7.2648816
2019,28.5,8.25,2.0206845,97.62494,0,7.274464
2019,28.5,8.5,2.0239975,98.00129,0,7.286391
2019,28.5,8.75,2.0177996,99.80258,0,7.2640786
2019,28.5,9.0,2.0570977,101.56836,0,7.4055514
2019,28.5,9.25,2.0506165,101.13635,0,7.3822193
2019,28.5,9.5,2.024266,99.34043,0,7.2873573
2019,28.5,9.75,2.0052392,97.15537,0,7.218861
2019,28.5,10.0,2.0093904,95.59559,0,7.233805
2019,28.5,10.25,2.0067194,94.49726,0,7.2241893
2019,28.5,10.5,1.9949883,93.700966,0,7.1819577
2019,28.5,10.75,1.9836669,92.91006,0,7.1412005
2019,28.5,11.0,1.9541224,91.89801,0,7.0348406
2019,28.5,11.25,1.8844852,119.190544,0,6.784147
2019,28.5,11.5,1.854406,115.54429,0,6.6758614
2019,28.5,11.75,1.8210946,112.625916,0,6.5559406
2019,28.5,12.0,1.7966805,110.098366,0,6.4680495
2019,28.25,-9.0,2.508567,250.28264,0,9.030841
2019,28.25,-8.75,2.4294302,251.81291,0,8.745949
2019,28.25,-8.5,2.310766,258.85443,0,8.318757
2019,28.25,-8.25,2.127557,265.54105,0,7.659205
2019,28.25,-8.0,1.9276352,233.31859,0,6.9394865
2019,28.25,-7.75,1.6980096,200.27415,0,6.1128345
2019,28.25,-7.5,1.478796,197.21284,0,5.3236656
2019,28.25,-7.25,1.3726491,170.24873,0,4.9415364
2019,28.25,-7.0,1.3833917,168.94739,0,4.9802103
2019,28.25,-6.75,1.4396023,166.94716,0,5.182568
2019,28.25,-6.5,1.4815706,165.23357,0,5.333654
2019,28.25,-6.25,1.4822327,162.21832,0,5.3360376
2019,28.25,-6.0,1.4951458,160.5993,0,5.382525
2019,28.25,-5.75,1.5022707,159.35461,0,5.4081745
2019,28.25,-5.5,1.4978043,157.54079,0,5.392095
2019,28.25,-5.25,1.482741,154.23131,0,5.3378673
2019,28.25,-5.0,1.4788747,147.22589,0,5.323949
2019,28.25,-4.75,1.525957,140.22755,0,5.493445
2019,28.25,-4.5,1.5512031,135.6284,0,5.584331
2019,28.25,-4.25,1.564331,131.18825,0,5.631592
2019,28.25,-4.0,1.5779749,126.81245,0,5.6807094
2019,28.25,-3.75,1.6036215,121.9729,0,5.773037
2019,28.25,-3.5,1.625456,116.14346,0,5.851641
2019,28.25,-3.25,1.663836,112.191,0,5.9898095
2019,28.25,-3.0,1.7065042,109.15763,0,6.143415
2019,28.25,-2.75,1.7544508,105.551186,0,6.316023
2019,28.25,-2.5,1.8223842,100.2568,0,6.560583
2019,28.25,-2.25,1.8882189,95.727936,0,6.797588
2019,28.25,-2.0,1.9316192,92.02914,0,6.953829
2019,28.25,-1.75,1.9720558,87.38821,0,7.0994005
2019,28.25,-1.5,2.0189807,82.0104,0,7.2683306
2019,28.25,-1.25,2.056361,77.1195,0,7.4028993
2019,28.25,-1.0,2.0976744,74.36144,0,7.5516276
2019,28.25,-0.75,2.1677315,74.13102,0,7.8038335
2019,28.25,-0.5,2.220405,75.76624,0,7.9934583
2019,28.25,-0.25,2.245786,78.16355,0,8.084829
2019,28.25,0.0,2.2541254,80.68644,0,8.114851
2019,28.25,0.25,2.3428833,82.72587,0,8.43438
2019,28.25,0.5,2.4431255,82.781425,0,8.795252
2019,28.25,0.75,2.5046585,81.72985,0,9.01677
2019,28.25,1.0,2.5207329,80.62862,0,9.074638
2019,28.25,1.25,2.5159953,81.48121,0,9.057583
2019,28.25,1.5,2.6194632,83.680664,0,9.430067
2019,28.25,1.75,2.744828,81.07554,0,9.88138
2019,28.25,2.0,2.8855817,76.056946,0,10.388094
2019,28.25,2.25,3.0197804,70.73573,0,10.871209
2019,28.25,2.5,3.07423,66.91337,0,11.067227
2019,28.25,2.75,2.9604304,64.05418,0,10.657549
2019,28.25,3.0,2.8675444,64.2602,0,10.323159
2019,28.25,3.25,2.7368872,66.277664,0,9.852794
2019,28.25,3.5,2.5731752,98.6344,0,9.263431
2019,28.25,3.75,2.444229,98.51752,0,8.799224
2019,28.25,4.0,2.5118105,91.92355,0,9.042518
2019,28.25,4.25,2.542408,87.49256,0,9.152669
2019,28.25,4.5,2.4895215,88.17594,0,8.962277
2019,28.25,4.75,2.3912387,93.22071,0,8.608459
2019,28.25,5.0,2.312331,93.80823,0,8.324391
2019,28.25,5.25,2.2081301,89.21479,0,7.9492683
2019,28.25,5.5,2.1578832,88.14086,0,7.768379
2019,28.25,5.75,2.1526716,83.15355,0,7.7496176
2019,28.25,6.0,2.1925602,84.28126,0,7.8932166
2019,28.25,6.25,2.2385952,87.44497,0,8.058943
2019,28.25,6.5,2.2627451,91.050835,0,8.145883
2019,28.25,6.75,2.2252886,92.56561,0,8.011039
2019,28.25,7.0,2.173877,93.57379,0,7.825957
2019,28.25,7.25,2.1329863,93.95991,0,7.6787505
2019,28.25,7.5,2.1165402,93.315056,0,7.6195445
2019,28.25,7.75,2.1167676,92.746605,0,7.620363
2019,28.25,8.0,2.1457498,92.47793,0,7.724699
2019,28.25,8.25,2.1545954,92.91363,0,7.756543
2019,28.25,8.5,2.1445801,94.609314,0,7.720488
2019,28.25,8.75,2.1650581,97.6943,0,7.794209
2019,28.25,9.0,2.2415702,99.38605,0,8.069653
2019,28.25,9.25,2.248787,98.36686,0,8.095633
2019,28.25,9.5,2.2236834,96.0343,0,8.0052595
2019,28.25,9.75,2.1940887,93.72512,0,7.8987193
2019,28.25,10.0,2.1750946,92.73481,0,7.8303404
2019,28.25,10.25,2.1737175,92.52053,0,7.8253827
2019,28.25,10.5,2.1493623,92.486885,0,7.7377043
2019,28.25,10.75,2.1237195,92.58784,0,7.64539
2019,28.25,11.0,2.0825067,92.47207,0,7.4970236
2019,28.25,11.25,1.983868,90.885345,0,7.141925
2019,28.25,11.5,1.824834,86.75193,0,6.569402
2019,28.25,11.75,1.7089356,109.868996,0,6.1521683
2019,28.25,12.0,1.648312,129.25064,0,5.933923
2019,28.0,-9.0,2.8954108,259.36566,0,10.423478
2019,28.0,-8.75,2.7508678,257.62247,0,9.903124
2019,28.0,-8.5,2.4648001,254.53381,0,8.873281
2019,28.0,-8.25,2.2423306,259.526,0,8.07239
2019,28.0,-8.0,1.9693594,236.12929,0,7.0896935
2019,28.0,-7.75,1.7239876,209.66309,0,6.206355
2019,28.0,-7.5,1.5443555,198.02312,0,5.5596795
2019,28.0,-7.25,1.4587512,172.28383,0,5.2515044
2019,28.0,-7.0,1.4661903,172.51936,0,5.278285
2019,28.0,-6.75,1.4984837,170.31685,0,5.3945413
2019,28.0,-6.5,1.5175215,167.65938,0,5.463077
2019,28.0,-6.25,1.5108548,164.90106,0,5.4390774
2019,28.0,-6.0,1.5294253,163.9604,0,5.505931
2019,28.0,-5.75,1.5276743,163.24022,0,5.4996276
2019,28.0,-5.5,1.5036001,161.50528,0,5.41296
2019,28.0,-5.25,1.4784818,160.26967,0,5.322534
2019,28.0,-5.0,1.4946021,136.1511,0,5.3805676
2019,28.0,-4.75,1.5144302,135.16261,0,5.4519486
2019,28.0,-4.5,1.5381576,133.09486,0,5.5373673
2019,28.0,-4.25,1.5643268,131.27428,0,5.631576
2019,28.0,-4.0,1.5926803,128.57767,0,5.7336493
2019,28.0,-3.75,1.6095858,120.83752,0,5.7945085
2019,28.0,-3.5,1.6529222,115.77056,0,5.9505196
2019,28.0,-3.25,1.7044297,111.77535,0,6.1359468
2019,28.0,-3.0,1.7567858,107.540405,0,6.3244286
2019,28.0,-2.75,1.8068099,103.44095,0,6.5045156
2019,28.0,-2.5,1.8574768,99.63058,0,6.6869164
2019,28.0,-2.25,1.912238,96.9085,0,6.8840566
2019,28.0,-2.0,1.9567919,93.75393,0,7.0444508
2019,28.0,-1.75,1.9755611,89.1545,0,7.11202
2019,28.0,-1.5,1.9969662,83.8191,0,7.1890783
2019,28.0,-1.25,2.0083005,79.87485,0,7.229882
2019,28.0,-1.0,2.0672038,77.842896,0,7.441933
2019,28.0,-0.75,2.1520073,76.93612,0,7.747226
2019,28.0,-0.5,2.2436988,77.916626,0,8.077315
2019,28.0,-0.25,2.300124,80.61106,0,8.280446
2019,28.0,0.0,2.3411586,83.000435,0,8.428171
2019,28.0,0.25,2.3751552,84.056206,0,8.550558
2019,28.0,0.5,2.4605772,83.87873,0,8.858078
2019,28.0,0.75,2.5299191,82.76261,0,9.107709
2019,28.0,1.0,2.5673048,81.30542,0,9.242297
2019,28.0,1.25,2.6439168,81.22782,0,9.518101
2019,28.0,1.5,2.7656803,82.05548,0,9.956449
2019,28.0,1.75,2.774809,76.480995,0,9.989312
2019,28.0,2.0,2.7725618,68.95029,0,9.981222
2019,28.0,2.25,2.8657014,63.866367,0,10.3165245
2019,28.0,2.5,3.040223,61.845383,0,10.944802
2019,28.0,2.75,3.0021307,58.840466,0,10.807671
2019,28.0,3.0,2.9450476,58.88219,0,10.602171
2019,28.0,3.25,2.9441156,60.302246,0,10.598816
2019,28.0,3.5,2.9028454,61.681324,0,10.450243
2019,28.0,3.75,2.8534505,58.836994,0,10.272422
2019,28.0,4.0,2.7878954,83.590614,0,10.036424
2019,28.0,4.25,2.7593477,82.68558,0,9.933651
2019,28.0,4.5,2.7213738,57.87591,0,9.796946
2019,28.0,4.75,2.6995575,63.797577,0,9.718407
2019,28.0,5.0,2.6027317,91.293335,0,9.369834
2019,28.0,5.25,2.3551517,85.90131,0,8.478546
2019,28.0,5.5,2.2376647,82.212944,0,8.055593
2019,28.0,5.75,2.1803136,81.96235,0,7.8491287
2019,28.0,6.0,2.210238,84.135345,0,7.9568567
2019,28.0,6.25,2.270975,85.85375,0,8.17551
2019,28.0,6.5,2.3427322,91.00076,0,8.433836
2019,28.0,6.75,2.3432944,92.5398,0,8.43586
2019,28.0,7.0,2.3160393,92.171814,0,8.337741
2019,28.0,7.25,2.2681904,91.44336,0,8.165485
2019,28.0,7.5,2.2099304,90.9374,0,7.9557495
2019,28.0,7.75,2.1886747,91.04596,0,7.8792286
2019,28.0,8.0,2.2067761,91.17843,0,7.944394
2019,28.0,8.25,2.23537,92.331,0,8.047332
2019,28.0,8.5,2.257563,94.304726,0,8.127227
2019,28.0,8.75,2.283133,96.46882,0,8.219278
2019,28.0,9.0,2.31278,96.97294,0,8.326008
2019,28.0,9.25,2.329536,95.97372,0,8.38633
2019,28.0,9.5,2.3216128,94.46808,0,8.357806
2019,28.0,9.75,2.2947,93.02538,0,8.26092
2019,28.0,10.0,2.236434,92.64935,0,8.051162
2019,28.0,10.25,2.226648,93.200836,0,8.015933
2019,28.0,10.5,2.2239254,93.38294,0,8.006131
2019,28.0,10.75,2.213985,92.8108,0,7.9703455
2019,28.0,11.0,2.172856,91.62936,0,7.822282
2019,28.0,11.25,2.112639,89.68946,0,7.6055
2019,28.0,11.5,2.0009024,88.55103,0,7.2032485
2019,28.0,11.75,1.8535204,87.21164,0,6.672673
2019,28.0,12.0,1.7124157,83.57519,0,6.164696
2019,27.75,-9.0,3.083165,269.28708,0,11.099394
2019,27.75,-8.75,2.8158226,267.95767,0,10.136961
2019,27.75,-8.5,2.553418,266.3741,0,9.192305
2019,27.75,-8.25,2.2910378,236.57349,0,8.247736
2019,27.75,-8.0,2.0032291,238.1593,0,7.2116246
2019,27.75,-7.75,1.7025781,206.6065,0,6.129281
2019,27.75,-7.5,1.6081934,202.91057,0,5.789496
2019,27.75,-7.25,1.575637,173.00201,0,5.672293
2019,27.75,-7.0,1.5687305,172.53392,0,5.6474295
2019,27.75,-6.75,1.5723258,170.90251,0,5.6603727
2019,27.75,-6.5,1.5679733,168.73906,0,5.6447034
2019,27.75,-6.25,1.5550605,167.18327,0,5.5982175
2019,27.75,-6.0,1.5649962,166.46617,0,5.6339865
2019,27.75,-5.75,1.5616187,164.3986,0,5.621827
2019,27.75,-5.5,1.5402008,132.28824,0,5.544723
2019,27.75,-5.25,1.5239004,130.70827,0,5.486041
2019,27.75,-5.0,1.5313479,130.81413,0,5.512852
2019,27.75,-4.75,1.5500035,131.82013,0,5.5800123
2019,27.75,-4.5,1.5670172,132.90619,0,5.6412616
2019,27.75,-4.25,1.5869308,134.91425,0,5.7129507
2019,27.75,-4.0,1.6055732,138.59857,0,5.780063
2019,27.75,-3.75,1.625935,116.65332,0,5.853366
2019,27.75,-3.5,1.6534057,115.95697,0,5.95226
2019,27.75,-3.25,1.6866888,112.85464,0,6.0720797
2019,27.75,-3.0,1.7222344,108.340904,0,6.2000437
2019,27.75,-2.75,1.7794337,103.44147,0,6.405961
2019,27.75,-2.5,1.8414997,99.26101,0,6.629399
2019,27.75,-2.25,1.9217649,95.927765,0,6.918353
2019,27.75,-2.0,1.9986161,92.82162,0,7.195018
2019,27.75,-1.75,2.0369115,88.82126,0,7.332881
2019,27.75,-1.5,2.0248473,83.57522,0,7.28945
2019,27.75,-1.25,2.0469308,79.6923,0,7.368951
2019,27.75,-1.0,2.084894,77.28283,0,7.505618
2019,27.75,-0.75,2.1415403,77.542336,0,7.7095447
2019,27.75,-0.5,2.2088077,79.2409,0,7.9517074
2019,27.75,-0.25,2.3395126,82.903404,0,8.422245
2019,27.75,0.0,2.4234774,85.62388,0,8.724519
2019,27.75,0.25,2.4222195,85.70087,0,8.71999
2019,27.75,0.5,2.4719865,85.6589,0,8.899151
2019,27.75,0.75,2.5314472,85.34312,0,9.11321
2019,27.75,1.0,2.592899,84.22901,0,9.334436
2019,27.75,1.25,2.7014735,75.197784,0,9.725305
2019,27.75,1.5,2.8331137,73.59564,0,10.199209
2019,27.75,1.75,2.7694943,67.46291,0,9.97018
2019,27.75,2.0,2.7461853,62.09451,0,9.886267
2019,27.75,2.25,2.8805587,60.098217,0,10.370011
2019,27.75,2.5,3.0535243,59.775936,0,10.992687
2019,27.75,2.75,3.0967474,58.23439,0,11.148291
2019,27.75,3.0,3.0637586,58.273983,0,11.029531
2019,27.75,3.25,3.2875993,59.945995,0,11.835358
2019,27.75,3.5,3.4083507,58.787262,0,12.270062
2019,27.75,3.75,3.340998,56.124004,0,12.027593
2019,27.75,4.0,3.1652555,53.457367,0,11.394919
2019,27.75,4.25,2.954836,54.92166,0,10.637409
2019,27.75,4.5,2.8654537,60.433105,0,10.315633
2019,27.75,4.75,2.90079,62.923016,0,10.442843
2019,27.75,5.0,2.7908924,59.897724,0,10.047213
2019,27.75,5.25,2.5607302,85.333244,0,9.218629
2019,27.75,5.5,2.3578699,82.70489,0,8.488331
2019,27.75,5.75,2.2727935,82.34341,0,8.182056
2019,27.75,6.0,2.2815773,81.84624,0,8.213678
2019,27.75,6.25,2.282431,85.366974,0,8.216751
2019,27.75,6.5,2.3216803,91.16622,0,8.358048
2019,27.75,6.75,2.356803,94.05256,0,8.48449
2019,27.75,7.0,2.364733,93.60401,0,8.513039
2019,27.75,7.25,2.3309731,91.50028,0,8.391503
2019,27.75,7.5,2.2967467,89.60067,0,8.268288
2019,27.75,7.75,2.305356,89.21042,0,8.299281
2019,27.75,8.0,2.2612092,89.42283,0,8.140353
2019,27.75,8.25,2.2750902,91.3478,0,8.190325
2019,27.75,8.5,2.308988,93.679955,0,8.312357
2019,27.75,8.75,2.3316903,95.48208,0,8.394085
2019,27.75,9.0,2.2986553,95.46326,0,8.275159
2019,27.75,9.25,2.277578,95.52575,0,8.199281
2019,27.75,9.5,2.3142982,95.39374,0,8.331473
2019,27.75,9.75,2.295595,94.7124,0,8.264141
2019,27.75,10.0,2.2391663,94.35303,0,8.060998
2019,27.75,10.25,2.191134,94.550476,0,7.888082
2019,27.75,10.5,2.2096145,95.39965,0,7.9546123
2019,27.75,10.75,2.223642,93.975914,0,8.005112
2019,27.75,11.0,2.1829016,92.66277,0,7.8584456
2019,27.75,11.25,2.1199276,91.84454,0,7.631739
2019,27.75,11.5,2.0308192,91.683876,0,7.310949
2019,27.75,11.75,1.9163913,91.66953,0,6.8990083
2019,27.75,12.0,1.7862083,89.8696,0,6.43035
2019,27.5,-9.0,3.0968559,276.0587,0,11.148681
2019,27.5,-8.75,2.8510902,274.62076,0,10.263925
2019,27.5,-8.5,2.5970478,243.16125,0,9.349372
2019,27.5,-8.25,2.3125963,242.30353,0,8.325347
2019,27.5,-8.0,1.9997486,244.79997,0,7.199095
2019,27.5,-7.75,1.8031639,193.73595,0,6.4913898
2019,27.5,-7.5,1.7217804,201.64958,0,6.1984096
2019,27.5,-7.25,1.6990619,171.02336,0,6.1166224
2019,27.5,-7.0,1.6929034,172.1529,0,6.094452
2019,27.5,-6.75,1.6892372,174.35022,0,6.081254
2019,27.5,-6.5,1.6398805,168.45993,0,5.9035697
2019,27.5,-6.25,1.6259651,167.3893,0,5.853474
2019,27.5,-6.0,1.6274844,138.38606,0,5.858944
2019,27.5,-5.75,1.6009954,137.33261,0,5.763583
2019,27.5,-5.5,1.5766677,135.27083,0,5.6760035
2019,27.5,-5.25,1.566472,133.43326,0,5.6392994
2019,27.5,-5.0,1.5711004,133.34224,0,5.655961
2019,27.5,-4.75,1.5762736,135.44762,0,5.674585
2019,27.5,-4.5,1.6042141,138.39914,0,5.7751703
2019,27.5,-4.25,1.6588054,112.3613,0,5.971699
2019,27.5,-4.0,1.6935068,116.6914,0,6.0966244
2019,27.5,-3.75,1.7037145,118.46314,0,6.133372
2019,27.5,-3.5,1.6821915,115.7595,0,6.055889
2019,27.5,-3.25,1.6959285,112.115074,0,6.1053424
2019,27.5,-3.0,1.7112373,106.81551,0,6.1604543
2019,27.5,-2.75,1.7650236,101.1043,0,6.354085
2019,27.5,-2.5,1.8397927,97.35126,0,6.623254
2019,27.5,-2.25,1.9378734,94.6338,0,6.976344
2019,27.5,-2.0,2.0249813,91.75537,0,7.2899323
2019,27.5,-1.75,2.0821707,87.43024,0,7.4958143
2019,27.5,-1.5,2.0833294,82.65359,0,7.4999857
2019,27.5,-1.25,2.100982,79.475784,0,7.5635347
2019,27.5,-1.0,2.083306,75.57639,0,7.499902
2019,27.5,-0.75,2.1187737,75.90479,0,7.627585
2019,27.5,-0.5,2.1696393,79.42997,0,7.8107014
2019,27.5,-0.25,2.3171093,84.41623,0,8.341594
2019,27.5,0.0,2.4899323,88.02649,0,8.963756
2019,27.5,0.25,2.4613924,87.797386,0,8.861012
2019,27.5,0.5,2.487243,88.11079,0,8.954074
2019,27.5,0.75,2.5392053,89.497,0,9.141139
2019,27.5,1.0,2.6168315,93.43735,0,9.420593
2019,27.5,1.25,2.7897263,66.55088,0,10.043015
2019,27.5,1.5,2.9310398,65.534454,0,10.5517435
2019,27.5,1.75,2.9121866,59.230133,0,10.483871
2019,27.5,2.0,2.91926,55.704712,0,10.5093355
2019,27.5,2.25,3.0442235,55.405903,0,10.959205
2019,27.5,2.5,3.1612413,58.541275,0,11.380468
2019,27.5,2.75,3.2192094,58.519833,0,11.589153
2019,27.5,3.0,3.1832368,59.561935,0,11.459652
2019,27.5,3.25,3.4171553,61.92838,0,12.301759
2019,27.5,3.5,3.583581,60.806793,0,12.900891
2019,27.5,3.75,3.6070805,59.89864,0,12.985489
2019,27.5,4.0,3.4014883,59.223377,0,12.2453575
2019,27.5,4.25,3.2105906,59.803448,0,11.5581255
2019,27.5,4.5,3.0717812,62.9016,0,11.058412
2019,27.5,4.75,3.0122411,64.18507,0,10.844068
2019,27.5,5.0,2.8855212,62.98808,0,10.387876
2019,27.5,5.25,2.6745284,59.836567,0,9.628302
2019,27.5,5.5,2.5178983,85.3761,0,9.064434
2019,27.5,5.75,2.408242,83.03964,0,8.669671
2019,27.5,6.0,2.3048131,80.33746,0,8.297327
2019,27.5,6.25,2.2477725,85.8045,0,8.091981
2019,27.5,6.5,2.242858,91.94265,0,8.074288
2019,27.5,6.75,2.193278,93.70739,0,7.895801
2019,27.5,7.0,2.1935353,92.99319,0,7.896727
2019,27.5,7.25,2.275802,91.64121,0,8.192886
2019,27.5,7.5,2.2624595,89.12974,0,8.144854
2019,27.5,7.75,2.2683349,88.56733,0,8.166005
2019,27.5,8.0,2.2863321,89.66439,0,8.230796
2019,27.5,8.25,2.2808526,91.70447,0,8.211069
2019,27.5,8.5,2.3234072,94.459206,0,8.364265
2019,27.5,8.75,2.3489482,95.88843,0,8.456213
2019,27.5,9.0,2.288397,95.226746,0,8.238229
2019,27.5,9.25,2.2096355,96.667885,0,7.9546876
2019,27.5,9.5,2.2332008,97.5557,0,8.039522
2019,27.5,9.75,2.2140546,97.0232,0,7.9705963
2019,27.5,10.0,2.1589737,96.43743,0,7.772305
2019,27.5,10.25,2.1292908,96.00994,0,7.6654468
2019,27.5,10.5,2.1786103,97.57229,0,7.842997
2019,27.5,10.75,2.1734028,96.78503,0,7.8242497
2019,27.5,11.0,2.138477,96.4433,0,7.6985173
2019,27.5,11.25,2.0846183,96.09106,0,7.504626
2019,27.5,11.5,2.0423481,94.842224,0,7.352453
2019,27.5,11.75,1.9515382,94.04614,0,7.0255375
2019,27.5,12.0,1.8489351,92.856834,0,6.656166
2019,27.25,-9.0,3.0774734,281.68875,0,11.078904
2019,27.25,-8.75,2.8587773,250.98161,0,10.291598
2019,27.25,-8.5,2.638057,249.5789,0,9.4970045
2019,27.25,-8.25,2.3537488,249.70589,0,8.4734955
2019,27.25,-8.0,2.1943114,191.1038,0,7.899521
2019,27.25,-7.75,2.0219014,196.51653,0,7.278845
2019,27.25,-7.5,1.9263617,168.03926,0,6.9349017
2019,27.25,-7.25,1.8537387,166.67537,0,6.673459
2019,27.25,-7.0,1.8159803,170.08266,0,6.537529
2019,27.25,-6.75,1.7120923,175.38017,0,6.1635323
2019,27.25,-6.5,1.652207,171.27063,0,5.947945
2019,27.25,-6.25,1.6698691,169.60767,0,6.0115285
2019,27.25,-6.0,1.6730026,170.46306,0,6.022809
2019,27.25,-5.75,1.6472788,140.32518,0,5.9302034
2019,27.25,-5.5,1.6177472,140.1273,0,5.8238897
2019,27.25,-5.25,1.5986055,139.21321,0,5.7549796
2019,27.25,-5.0,1.6073089,139.42265,0,5.7863116
2019,27.25,-4.75,1.6248077,142.32715,0,5.8493075
2019,27.25,-4.5,1.682532,115.19163,0,6.057115
2019,27.25,-4.25,1.7745601,116.49534,0,6.3884163
2019,27.25,-4.0,1.8145081,117.94101,0,6.532229
2019,27.25,-3.75,1.7824329,115.475494,0,6.4167585
2019,27.25,-3.5,1.7664922,112.57559,0,6.359372
2019,27.25,-3.25,1.750754,107.475464,0,6.3027143
2019,27.25,-3.0,1.7531366,102.234436,0,6.3112917
2019,27.25,-2.75,1.7936534,96.86762,0,6.457152
2019,27.25,-2.5,1.8670964,93.818634,0,6.721547
2019,27.25,-2.25,1.9691882,91.76266,0,7.0890775
2019,27.25,-2.0,2.0602157,89.30646,0,7.416776
2019,27.25,-1.75,2.1253796,85.77311,0,7.651366
2019,27.25,-1.5,2.129505,82.229034,0,7.6662173
2019,27.25,-1.25,2.13474,79.831116,0,7.6850643
2019,27.25,-1.0,2.1157043,75.85461,0,7.616535
2019,27.25,-0.75,2.057805,132.8152,0,7.408098
2019,27.25,-0.5,2.085933,77.43273,0,7.5093584
2019,27.25,-0.25,2.2331204,85.45548,0,8.039233
2019,27.25,0.0,2.5041552,89.59403,0,9.014958
2019,27.25,0.25,2.5132453,89.54642,0,9.047683
2019,27.25,0.5,2.5084693,89.38062,0,9.030489
2019,27.25,0.75,2.564893,90.262794,0,9.233615
2019,27.25,1.0,2.7143743,90.69024,0,9.771748
2019,27.25,1.25,2.9059353,61.40764,0,10.461367
2019,27.25,1.5,3.0681918,58.393726,0,11.04549
2019,27.25,1.75,3.1087875,52.19914,0,11.191635
2019,27.25,2.0,3.1299112,49.96457,0,11.26768
2019,27.25,2.25,3.2045238,53.06313,0,11.536285
2019,27.25,2.5,3.319575,56.349903,0,11.95047
2019,27.25,2.75,3.3744109,57.13029,0,12.147879
2019,27.25,3.0,3.3732128,58.414886,0,12.143566
2019,27.25,3.25,3.5235376,60.790867,0,12.684735
2019,27.25,3.5,3.5449202,61.717136,0,12.761712
2019,27.25,3.75,3.5788996,60.884846,0,12.884038
2019,27.25,4.0,3.6561515,61.259304,0,13.162146
2019,27.25,4.25,3.4902468,61.82709,0,12.564888
2019,27.25,4.5,3.2907724,63.31693,0,11.846781
2019,27.25,4.75,3.1257813,65.866035,0,11.252812
2019,27.25,5.0,2.965779,65.496056,0,10.676805
2019,27.25,5.25,2.6783123,64.08668,0,9.641924
2019,27.25,5.5,2.4990528,60.29817,0,8.99659
2019,27.25,5.75,2.252552,84.98946,0,8.109187
2019,27.25,6.0,2.0859709,80.11533,0,7.509495
2019,27.25,6.25,2.111826,85.817635,0,7.6025734
2019,27.25,6.5,2.0970247,90.522095,0,7.5492887
2019,27.25,6.75,2.023554,92.63009,0,7.2847943
2019,27.25,7.0,1.8754421,90.8807,0,6.7515917
2019,27.25,7.25,1.9910955,90.37075,0,7.167944
2019,27.25,7.5,2.1387184,89.21005,0,7.699386
2019,27.25,7.75,2.141108,88.349174,0,7.7079887
2019,27.25,8.0,2.1612308,89.46845,0,7.780431
2019,27.25,8.25,2.2022643,92.094696,0,7.928151
2019,27.25,8.5,2.246162,95.04565,0,8.086183
2019,27.25,8.75,2.3071785,97.01746,0,8.305842
2019,27.25,9.0,2.2697258,96.684456,0,8.171013
2019,27.25,9.25,2.1863751,98.83384,0,7.87095
2019,27.25,9.5,2.1675038,100.36459,0,7.803014
2019,27.25,9.75,2.1445951,99.93571,0,7.7205424
2019,27.25,10.0,2.0707572,99.002785,0,7.4547257
2019,27.25,10.25,2.0394242,99.048546,0,7.341927
2019,27.25,10.5,2.132415,100.8682,0,7.676694
2019,27.25,10.75,2.1190631,100.011955,0,7.6286273
2019,27.25,11.0,2.08963,99.6442,0,7.5226674
2019,27.25,11.25,2.0847697,98.49877,0,7.505171
2019,27.25,11.5,2.041842,97.43209,0,7.3506308
2019,27.25,11.75,1.9759717,95.526375,0,7.1134977
2019,27.25,12.0,1.8922883,94.42676,0,6.8122377
2019,27.0,-9.0,2.991454,226.01062,0,10.769234
2019,27.0,-8.75,2.8149145,226.63069,0,10.133692
2019,27.0,-8.5,2.5991752,225.72221,0,9.357031
2019,27.0,-8.25,2.4227917,223.4453,0,8.72205
2019,27.0,-8.0,2.2652557,165.05043,0,8.154921
2019,27.0,-7.75,2.1215138,168.42436,0,7.6374497
2019,27.0,-7.5,2.0223827,169.70192,0,7.2805777
2019,27.0,-7.25,1.9032116,167.31749,0,6.8515615
2019,27.0,-7.0,1.7674016,168.72049,0,6.3626456
2019,27.0,-6.75,1.6725091,173.67255,0,6.0210323
2019,27.0,-6.5,1.6639832,173.59752,0,5.9903393
2019,27.0,-6.25,1.6882863,172.59467,0,6.0778303
2019,27.0,-6.0,1.685908,172.2304,0,6.0692687
2019,27.0,-5.75,1.6781279,172.14697,0,6.0412602
2019,27.0,-5.5,1.6522123,142.64293,0,5.947964
2019,27.0,-5.25,1.6367654,143.41505,0,5.892355
2019,27.0,-5.0,1.648253,145.74945,0,5.9337106
2019,27.0,-4.75,1.698536,116.11404,0,6.1147294
2019,27.0,-4.5,1.7718111,116.22742,0,6.37852
2019,27.0,-4.25,1.8653966,114.92218,0,6.715428
2019,27.0,-4.0,1.9103317,112.51099,0,6.877194
2019,27.0,-3.75,1.8941661,109.371796,0,6.818998
2019,27.0,-3.5,1.8740722,105.685936,0,6.7466598
2019,27.0,-3.25,1.8715893,100.809784,0,6.7377214
2019,27.0,-3.0,1.8578323,96.381676,0,6.688196
2019,27.0,-2.75,1.8439487,91.923645,0,6.638215
2019,27.0,-2.5,1.9208497,89.76548,0,6.9150586
2019,27.0,-2.25,2.0073876,88.84034,0,7.2265954
2019,27.0,-2.0,2.1048768,86.96701,0,7.577556
2019,27.0,-1.75,2.1497157,85.17038,0,7.738976
2019,27.0,-1.5,2.1529887,82.5004,0,7.750759
2019,27.0,-1.25,2.158632,80.37801,0,7.7710752
2019,27.0,-1.0,2.1442418,77.2093,0,7.71927
2019,27.0,-0.75,2.0827339,134.29245,0,7.497842
2019,27.0,-0.5,1.989443,134.50154,0,7.1619945
2019,27.0,-0.25,2.0707862,84.31697,0,7.45483
2019,27.0,0.0,2.4099677,90.308464,0,8.675883
2019,27.0,0.25,2.5710027,90.80396,0,9.2556095
2019,27.0,0.5,2.572027,90.80139,0,9.259296
2019,27.0,0.75,2.6376767,89.110954,0,9.495636
2019,27.0,1.0,2.8008308,83.23493,0,10.082991
2019,27.0,1.25,3.042061,53.48521,0,10.95142
2019,27.0,1.5,3.2308686,51.134937,0,11.631126
2019,27.0,1.75,3.2786872,47.420807,0,11.803274
2019,27.0,2.0,3.2728336,48.506683,0,11.782201
2019,27.0,2.25,3.3476076,51.517773,0,12.051387
2019,27.0,2.5,3.426389,53.75185,0,12.335
2019,27.0,2.75,3.4744828,54.50006,0,12.508138
2019,27.0,3.0,3.5207796,55.811436,0,12.674807
2019,27.0,3.25,3.4581575,57.855927,0,12.449367
2019,27.0,3.5,3.4261324,59.18456,0,12.334077
2019,27.0,3.75,3.5615282,59.501373,0,12.821501
2019,27.0,4.0,3.638345,59.93041,0,13.098042
2019,27.0,4.25,3.6613138,60.543476,0,13.180729
2019,27.0,4.5,3.4376924,62.33208,0,12.375692
2019,27.0,4.75,3.1845849,65.71396,0,11.464505
2019,27.0,5.0,2.795685,67.97436,0,10.0644655
2019,27.0,5.25,2.5040343,67.092415,0,9.0145235
2019,27.0,5.5,2.1742992,65.2309,0,7.827477
2019,27.0,5.75,1.9078418,88.607704,0,6.8682303
2019,27.0,6.0,1.705,78.29409,0,6.138
2019,27.0,6.25,1.8250986,81.88981,0,6.570355
2019,27.0,6.5,1.828885,86.85925,0,6.583986
2019,27.0,6.75,1.6547962,86.62393,0,5.9572663
2019,27.0,7.0,1.4971433,84.49343,0,5.3897157
2019,27.0,7.25,1.6461076,85.84341,0,5.9259872
2019,27.0,7.5,1.8806919,86.8415,0,6.7704906
2019,27.0,7.75,1.9440455,86.562225,0,6.998564
2019,27.0,8.0,2.02759,87.73452,0,7.299324
2019,27.0,8.25,2.066405,90.78541,0,7.439058
2019,27.0,8.5,2.0967748,95.87768,0,7.548389
2019,27.0,8.75,2.159059,98.49,0,7.7726126
2019,27.0,9.0,2.1614616,100.12624,0,7.7812614
2019,27.0,9.25,2.1408637,102.05259,0,7.707109
2019,27.0,9.5,2.1193721,103.25552,0,7.6297393
2019,27.0,9.75,2.0828176,101.55633,0,7.498143
2019,27.0,10.0,2.0086603,100.879944,0,7.231177
2019,27.0,10.25,1.9871163,102.02337,0,7.153619
2019,27.0,10.5,2.0722058,103.07957,0,7.4599404
2019,27.0,10.75,2.0623314,101.58993,0,7.424393
2019,27.0,11.0,2.0624554,100.37173,0,7.4248395
2019,27.0,11.25,2.0571868,99.23142,0,7.4058723
2019,27.0,11.5,2.0378184,96.16683,0,7.3361464
2019,27.0,11.75,1.9768939,94.04169,0,7.116818
2019,27.0,12.0,1.9108706,93.50113,0,6.8791337
2019,26.75,-9.0,2.8475933,230.03752,0,10.251336
2019,26.75,-8.75,2.701164,171.28021,0,9.72419
2019,26.75,-8.5,2.5306776,170.08153,0,9.110439
2019,26.75,-8.25,2.3487737,168.08842,0,8.4555855
2019,26.75,-8.0,2.179479,166.85457,0,7.8461237
2019,26.75,-7.75,2.0251,170.42287,0,7.29036
2019,26.75,-7.5,1.9866432,171.78632,0,7.1519156
2019,26.75,-7.25,1.8957845,170.32071,0,6.824824
2019,26.75,-7.0,1.7687873,170.49062,0,6.367634
2019,26.75,-6.75,1.7024093,173.18542,0,6.128673
2019,26.75,-6.5,1.6939615,174.44037,0,6.0982614
2019,26.75,-6.25,1.6968045,173.7613,0,6.108496
2019,26.75,-6.0,1.6813984,173.27101,0,6.053034
2019,26.75,-5.75,1.6814843,172.99144,0,6.0533433
2019,26.75,-5.5,1.6874038,143.8445,0,6.0746536
2019,26.75,-5.25,1.6766043,146.28728,0,6.035775
2019,26.75,-5.0,1.694789,117.14099,0,6.1012406
2019,26.75,-4.75,1.7566603,116.24292,0,6.323977
2019,26.75,-4.5,1.834073,111.6658,0,6.6026626
2019,26.75,-4.25,1.9286944,108.36117,0,6.9433
2019,26.75,-4.0,1.9921846,105.61032,0,7.1718645
2019,26.75,-3.75,2.0076756,102.615166,0,7.227632
2019,26.75,-3.5,2.0031722,98.94755,0,7.2114196
2019,26.75,-3.25,2.0126293,95.67651,0,7.2454653
2019,26.75,-3.0,2.0039787,92.09252,0,7.214323
2019,26.75,-2.75,1.9573866,88.23209,0,7.0465918
2019,26.75,-2.5,1.967392,86.486694,0,7.082611
2019,26.75,-2.25,2.0557106,86.25714,0,7.400558
2019,26.75,-2.0,2.1334467,86.20566,0,7.680408
2019,26.75,-1.75,2.1721041,84.896385,0,7.819575
2019,26.75,-1.5,2.1739194,83.19156,0,7.82611
2019,26.75,-1.25,2.1732314,81.28263,0,7.8236327
2019,26.75,-1.0,2.1631534,78.549,0,7.787352
2019,26.75,-0.75,2.1146064,76.20291,0,7.6125827
2019,26.75,-0.5,2.0167522,136.4294,0,7.260308
2019,26.75,-0.25,1.9552613,80.9689,0,7.038941
2019,26.75,0.0,2.2148826,89.8812,0,7.973577
2019,26.75,0.25,2.4622917,92.516884,0,8.86425
2019,26.75,0.5,2.5983438,95.228065,0,9.354037
2019,26.75,0.75,2.6746807,98.77597,0,9.62885
2019,26.75,1.0,2.8530533,73.02283,0,10.270991
2019,26.75,1.25,3.0975723,45.958683,0,11.15126
2019,26.75,1.5,3.298044,45.90866,0,11.872958
2019,26.75,1.75,3.3320897,45.623363,0,11.9955225
2019,26.75,2.0,3.3204985,47.165176,0,11.9537945
2019,26.75,2.25,3.3687923,49.49905,0,12.127652
2019,26.75,2.5,3.4436848,51.720276,0,12.397265
2019,26.75,2.75,3.452157,52.23457,0,12.427765
2019,26.75,3.0,3.4907415,53.782795,0,12.566669
2019,26.75,3.25,3.309558,55.86784,0,11.914408
2019,26.75,3.5,3.009101,56.908497,0,10.832763
2019,26.75,3.75,3.1660092,57.262756,0,11.397633
2019,26.75,4.0,3.470485,57.207703,0,12.493746
2019,26.75,4.25,3.5743237,58.05232,0,12.867565
2019,26.75,4.5,3.3029554,61.843292,0,11.890639
2019,26.75,4.75,2.8484077,65.39063,0,10.254268
2019,26.75,5.0,2.3987458,68.50648,0,8.635485
2019,26.75,5.25,2.0604796,68.48037,0,7.4177265
2019,26.75,5.5,1.7186532,67.58137,0,6.1871514
2019,26.75,5.75,1.5968461,88.185486,0,5.748646
2019,26.75,6.0,1.4028163,103.15685,0,5.0501385
2019,26.75,6.25,1.4400078,72.76526,0,5.184028
2019,26.75,6.5,1.5492831,78.96231,0,5.5774193
2019,26.75,6.75,1.3757726,77.684975,0,4.952781
2019,26.75,7.0,1.2704922,75.43702,0,4.573772
2019,26.75,7.25,1.364312,76.27713,0,4.9115233
2019,26.75,7.5,1.4922695,80.18359,0,5.37217
2019,26.75,7.75,1.6785383,113.004456,0,6.042738
2019,26.75,8.0,1.7764488,114.82849,0,6.3952155
2019,26.75,8.25,1.8528991,120.10572,0,6.6704364
2019,26.75,8.5,1.8873938,96.37628,0,6.7946177
2019,26.75,8.75,1.9352193,101.63035,0,6.9667892
2019,26.75,9.0,1.9584311,104.64275,0,7.050352
2019,26.75,9.25,1.984511,105.88717,0,7.1442394
2019,26.75,9.5,1.9885496,104.33558,0,7.158778
2019,26.75,9.75,1.9550885,102.565834,0,7.0383186
2019,26.75,10.0,1.9740604,100.98832,0,7.1066175
2019,26.75,10.25,1.961522,102.36707,0,7.061479
2019,26.75,10.5,2.0115721,101.94732,0,7.2416596
2019,26.75,10.75,2.0048318,100.4705,0,7.2173944
2019,26.75,11.0,2.0139632,99.38156,0,7.2502675
2019,26.75,11.25,2.012784,95.59977,0,7.246022
2019,26.75,11.5,2.0002105,92.286285,0,7.2007575
2019,26.75,11.75,1.9242238,93.149994,0,6.9272056
2019,26.75,12.0,1.8435413,95.876945,0,6.6367483
2019,26.5,-9.0,2.8204262,174.96092,0,10.153534
2019,26.5,-8.75,2.6659153,175.06425,0,9.597295
2019,26.5,-8.5,2.4913774,174.50714,0,8.968958
2019,26.5,-8.25,2.307616,174.1411,0,8.307417
2019,26.5,-8.0,2.138712,173.63672,0,7.6993628
2019,26.5,-7.75,2.0044663,171.9018,0,7.2160783
2019,26.5,-7.5,1.9884642,171.04321,0,7.158471
2019,26.5,-7.25,1.9139519,171.18279,0,6.8902264
2019,26.5,-7.0,1.8256699,172.1982,0,6.5724115
2019,26.5,-6.75,1.7533616,174.38698,0,6.3121014
2019,26.5,-6.5,1.7273494,175.75928,0,6.2184577
2019,26.5,-6.25,1.7157661,175.89722,0,6.176758
2019,26.5,-6.0,1.6856694,175.56325,0,6.06841
2019,26.5,-5.75,1.6827413,174.56721,0,6.0578685
2019,26.5,-5.5,1.7030679,145.2849,0,6.1310444
2019,26.5,-5.25,1.7242228,116.204895,0,6.207202
2019,26.5,-5.0,1.7498527,115.86114,0,6.2994695
2019,26.5,-4.75,1.792139,112.599945,0,6.4517
2019,26.5,-4.5,1.8697735,106.895546,0,6.7311845
2019,26.5,-4.25,1.9838101,103.9688,0,7.141716
2019,26.5,-4.0,2.0796905,101.81543,0,7.4868855
2019,26.5,-3.75,2.1048722,98.94906,0,7.57754
2019,26.5,-3.5,2.1094007,95.75516,0,7.5938425
2019,26.5,-3.25,2.1294892,92.93536,0,7.666161
2019,26.5,-3.0,2.133601,89.8406,0,7.680963
2019,26.5,-2.75,2.0800211,86.28576,0,7.4880757
2019,26.5,-2.5,2.0669687,84.99185,0,7.4410872
2019,26.5,-2.25,2.0942142,85.27184,0,7.5391707
2019,26.5,-2.0,2.16871,85.70571,0,7.807356
2019,26.5,-1.75,2.2186613,85.298584,0,7.9871807
2019,26.5,-1.5,2.2155333,84.283394,0,7.9759197
2019,26.5,-1.25,2.1934495,82.271965,0,7.896418
2019,26.5,-1.0,2.1816967,80.23517,0,7.854108
2019,26.5,-0.75,2.1444483,78.23629,0,7.7200136
2019,26.5,-0.5,2.080907,77.86965,0,7.4912653
2019,26.5,-0.25,1.9936022,80.48238,0,7.1769676
2019,26.5,0.0,2.0486298,86.910545,0,7.3750668
2019,26.5,0.25,2.2210987,90.51621,0,7.995955
2019,26.5,0.5,2.3972046,92.60685,0,8.629936
2019,26.5,0.75,2.5254002,94.5802,0,9.09144
2019,26.5,1.0,2.7134626,97.66131,0,9.768465
2019,26.5,1.25,2.9376628,71.03334,0,10.575586
2019,26.5,1.5,3.1261365,43.056427,0,11.254091
2019,26.5,1.75,3.1877146,45.011597,0,11.475772
2019,26.5,2.0,3.1965554,47.356586,0,11.507599
2019,26.5,2.25,3.2413137,49.328968,0,11.668729
2019,26.5,2.5,3.2958624,49.945175,0,11.865105
2019,26.5,2.75,3.3054638,50.561584,0,11.89967
2019,26.5,3.0,3.2753878,52.279858,0,11.791395
2019,26.5,3.25,3.0821133,55.80768,0,11.095608
2019,26.5,3.5,2.72641,56.1617,0,9.815076
2019,26.5,3.75,2.6431072,52.000683,0,9.515185
2019,26.5,4.0,2.9232073,51.89311,0,10.523546
2019,26.5,4.25,2.992938,57.242035,0,10.774577
2019,26.5,4.5,2.6851318,64.078285,0,9.666474
2019,26.5,4.75,2.1543148,66.45081,0,7.7555327
2019,26.5,5.0,1.8143841,64.0832,0,6.5317826
2019,26.5,5.25,1.5241648,63.87263,0,5.4869933
2019,26.5,5.5,1.5144291,66.58019,0,5.4519444
2019,26.5,5.75,1.4875226,98.10955,0,5.355081
2019,26.5,6.0,1.332713,92.27914,0,4.7977667
2019,26.5,6.25,1.1581234,133.28542,0,4.169244
2019,26.5,6.5,1.2397621,90.595436,0,4.4631433
2019,26.5,6.75,1.253624,100.68683,0,4.5130463
2019,26.5,7.0,1.2247362,101.89092,0,4.4090505
2019,26.5,7.25,1.2068244,98.88279,0,4.344568
2019,26.5,7.5,1.1738263,127.851524,0,4.225775
2019,26.5,7.75,1.3297075,124.32499,0,4.786947
2019,26.5,8.0,1.4074272,118.571556,0,5.0667377
2019,26.5,8.25,1.5196815,125.57343,0,5.470853
2019,26.5,8.5,1.6172228,130.13179,0,5.822002
2019,26.5,8.75,1.7056328,133.75812,0,6.140278
2019,26.5,9.0,1.7486044,135.48477,0,6.2949758
2019,26.5,9.25,1.7151307,135.85974,0,6.1744704
2019,26.5,9.5,1.724284,135.24635,0,6.2074223
2019,26.5,9.75,1.8265055,133.57387,0,6.57542
2019,26.5,10.0,1.8608216,101.99301,0,6.6989574
2019,26.5,10.25,1.9019685,100.33084,0,6.8470864
2019,26.5,10.5,1.9652561,99.19552,0,7.0749216
2019,26.5,10.75,1.9476789,98.60239,0,7.011644
2019,26.5,11.0,1.9536929,96.351036,0,7.033294
2019,26.5,11.25,1.9593878,91.80252,0,7.053796
2019,26.5,11.5,1.8770785,92.07221,0,6.7574825
2019,26.5,11.75,1.7939105,97.68569,0,6.4580774
2019,26.5,12.0,1.7105743,110.488106,0,6.158067
2019,26.25,-9.0,2.9691525,179.48622,0,10.688949
2019,26.25,-8.75,2.7648766,179.62752,0,9.953555
2019,26.25,-8.5,2.5666707,180.17525,0,9.240014
2019,26.25,-8.25,2.3772628,180.24586,0,8.5581455
2019,26.25,-8.0,2.2261794,178.88013,0,8.014245
2019,26.25,-7.75,2.0906599,175.77942,0,7.5263753
2019,26.25,-7.5,1.9788928,173.26959,0,7.124014
2019,26.25,-7.25,1.8654684,173.4662,0,6.715686
2019,26.25,-7.0,1.7896457,174.0157,0,6.442724
2019,26.25,-6.75,1.7315506,175.43486,0,6.233582
2019,26.25,-6.5,1.712309,177.24054,0,6.1643124
2019,26.25,-6.25,1.724136,178.91931,0,6.2068896
2019,26.25,-6.0,1.6946807,179.37105,0,6.10085
2019,26.25,-5.75,1.6986122,145.27707,0,6.1150036
2019,26.25,-5.5,1.7390207,114.13153,0,6.260474
2019,26.25,-5.25,1.7750088,114.628784,0,6.3900313
2019,26.25,-5.0,1.8125719,113.66406,0,6.5252585
2019,26.25,-4.75,1.8468221,110.67362,0,6.6485596
2019,26.25,-4.5,1.8833674,105.61031,0,6.7801228
2019,26.25,-4.25,2.0083148,102.10471,0,7.2299333
2019,26.25,-4.0,2.140115,99.39035,0,7.704414
2019,26.25,-3.75,2.2187426,96.312935,0,7.987473
2019,26.25,-3.5,2.2299151,93.663994,0,8.027695
2019,26.25,-3.25,2.2109811,91.89587,0,7.959532
2019,26.25,-3.0,2.201702,89.1885,0,7.9261274
2019,26.25,-2.75,2.1772747,86.47451,0,7.8381886
2019,26.25,-2.5,2.1472218,85.34668,0,7.729998
2019,26.25,-2.25,2.1503465,85.52418,0,7.741247
2019,26.25,-2.0,2.182854,85.987785,0,7.858274
2019,26.25,-1.75,2.2316864,86.221565,0,8.034071
2019,26.25,-1.5,2.2532852,85.909096,0,8.111826
2019,26.25,-1.25,2.249375,83.65293,0,8.09775
2019,26.25,-1.0,2.2271585,81.47691,0,8.017771
2019,26.25,-0.75,2.1930397,80.41793,0,7.8949428
2019,26.25,-0.5,2.1443045,80.694695,0,7.7194963
2019,26.25,-0.25,2.101496,82.51212,0,7.5653853
2019,26.25,0.0,2.1116436,86.50475,0,7.601917
2019,26.25,0.25,2.1543858,88.460144,0,7.755789
2019,26.25,0.5,2.2011118,88.14547,0,7.924002
2019,26.25,0.75,2.3134708,88.81879,0,8.328495
2019,26.25,1.0,2.458897,90.716,0,8.85203
2019,26.25,1.25,2.6495068,94.7413,0,9.538224
2019,26.25,1.5,2.787295,40.315685,0,10.034262
2019,26.25,1.75,2.9151342,45.124725,0,10.494483
2019,26.25,2.0,2.9347267,47.0901,0,10.565016
2019,26.25,2.25,2.9683478,47.228313,0,10.686051
2019,26.25,2.5,3.011433,47.187244,0,10.841158
2019,26.25,2.75,2.9996426,47.85454,0,10.798713
2019,26.25,3.0,2.93707,49.757008,0,10.573451
2019,26.25,3.25,2.801896,55.412716,0,10.086825
2019,26.25,3.5,2.3488054,53.076214,0,8.455699
2019,26.25,3.75,2.1433804,44.835865,0,7.7161694
2019,26.25,4.0,2.1239522,43.77881,0,7.6462274
2019,26.25,4.25,2.0588999,58.159378,0,7.4120393
2019,26.25,4.5,1.8389257,80.481865,0,6.6201324
2019,26.25,4.75,1.4798125,85.75483,0,5.327325
2019,26.25,5.0,1.2657378,108.09365,0,4.556656
2019,26.25,5.25,1.2930404,64.43029,0,4.6549454
2019,26.25,5.5,1.4166082,67.73444,0,5.0997896
2019,26.25,5.75,1.5522752,68.2519,0,5.5881906
2019,26.25,6.0,1.5022964,90.463295,0,5.408267
2019,26.25,6.25,1.2611135,132.58302,0,4.5400085
2019,26.25,6.5,1.1792732,122.072815,0,4.2453837
2019,26.25,6.75,1.1140803,117.85715,0,4.010689
2019,26.25,7.0,1.0793414,92.99466,0,3.885629
2019,26.25,7.25,1.1169692,95.76099,0,4.021089
2019,26.25,7.5,1.2296779,106.40753,0,4.4268403
2019,26.25,7.75,1.2898946,123.21943,0,4.6436205
2019,26.25,8.0,1.2760327,125.980316,0,4.5937176
2019,26.25,8.25,1.2991344,128.227,0,4.6768837
2019,26.25,8.5,1.3817104,133.25584,0,4.9741573
2019,26.25,8.75,1.4347982,136.06316,0,5.1652737
2019,26.25,9.0,1.4670209,138.9951,0,5.281275
2019,26.25,9.25,1.338902,137.6888,0,4.820047
2019,26.25,9.5,1.4387652,135.54955,0,5.1795545
2019,26.25,9.75,1.6076646,132.78545,0,5.7875924
2019,26.25,10.0,1.7219405,129.56837,0,6.1989856
2019,26.25,10.25,1.7619996,95.99253,0,6.3431983
2019,26.25,10.5,1.883615,98.11495,0,6.781014
2019,26.25,10.75,1.8601485,97.919136,0,6.6965346
2019,26.25,11.0,1.856266,96.83771,0,6.6825576
2019,26.25,11.25,1.8579286,102.22348,0,6.688543
2019,26.25,11.5,1.7941643,106.66504,0,6.4589915
2019,26.25,11.75,1.6554474,111.40296,0,5.9596105
2019,26.25,12.0,1.5718147,117.17325,0,5.6585326
2019,26.0,-9.0,2.95635,153.53795,0,10.64286
2019,26.0,-8.75,2.7334614,154.29321,0,9.840461
2019,26.0,-8.5,2.5641854,155.02037,0,9.231067
2019,26.0,-8.25,2.4278238,155.27847,0,8.740166
2019,26.0,-8.0,2.3247805,154.28601,0,8.369209
2019,26.0,-7.75,2.2256353,181.79811,0,8.012287
2019,26.0,-7.5,2.0436952,178.95448,0,7.3573027
2019,26.0,-7.25,1.8908042,178.71411,0,6.806895
2019,26.0,-7.0,1.7937855,178.21356,0,6.4576273
2019,26.0,-6.75,1.7327164,178.42015,0,6.237779
2019,26.0,-6.5,1.7126704,179.25848,0,6.1656137
2019,26.0,-6.25,1.7273254,180.74669,0,6.2183714
2019,26.0,-6.0,1.7267197,184.85115,0,6.216191
2019,26.0,-5.75,1.7683223,105.23881,0,6.36596
2019,26.0,-5.5,1.8160454,110.1123,0,6.537763
2019,26.0,-5.25,1.865667,111.620766,0,6.716401
2019,26.0,-5.0,1.9113427,111.59896,0,6.8808336
2019,26.0,-4.75,1.9388069,109.98301,0,6.979705
2019,26.0,-4.5,1.9411011,105.08805,0,6.9879637
2019,26.0,-4.25,2.0195894,100.234955,0,7.2705216
2019,26.0,-4.0,2.1703017,96.76142,0,7.813086
2019,26.0,-3.75,2.2987773,94.20071,0,8.275599
2019,26.0,-3.5,2.3558252,92.42791,0,8.48097
2019,26.0,-3.25,2.3351424,91.333405,0,8.406512
2019,26.0,-3.0,2.2668998,89.22296,0,8.160839
2019,26.0,-2.75,2.215095,87.548256,0,7.974342
2019,26.0,-2.5,2.1855793,86.452,0,7.8680854
2019,26.0,-2.25,2.1850207,86.251625,0,7.866074
2019,26.0,-2.0,2.209398,86.60281,0,7.9538326
2019,26.0,-1.75,2.2489946,86.90414,0,8.09638
2019,26.0,-1.5,2.2944448,86.68292,0,8.260001
2019,26.0,-1.25,2.3229868,84.79958,0,8.362752
2019,26.0,-1.0,2.2937548,82.71566,0,8.257517
2019,26.0,-0.75,2.248003,81.95449,0,8.092811
2019,26.0,-0.5,2.2053733,82.89454,0,7.9393435
2019,26.0,-0.25,2.1917665,85.26934,0,7.8903594
2019,26.0,0.0,2.2498095,88.49526,0,8.099314
2019,26.0,0.25,2.305664,88.726204,0,8.30039
2019,26.0,0.5,2.3248565,86.07712,0,8.369483
2019,26.0,0.75,2.3549173,83.74768,0,8.477702
2019,26.0,1.0,2.4091437,83.93337,0,8.672917
2019,26.0,1.25,2.492156,87.803795,0,8.971762
2019,26.0,1.5,2.5797973,64.81491,0,9.28727
2019,26.0,1.75,2.7071722,41.13376,0,9.745819
2019,26.0,2.0,2.7853243,43.39392,0,10.027167
2019,26.0,2.25,2.813325,42.814556,0,10.12797
2019,26.0,2.5,2.7954419,41.78129,0,10.06359
2019,26.0,2.75,2.7256167,42.175564,0,9.81222
2019,26.0,3.0,2.610812,44.355,0,9.398923
2019,26.0,3.25,2.302957,50.159893,0,8.290646
2019,26.0,3.5,1.7823739,73.86915,0,6.416546
2019,26.0,3.75,1.5451263,62.687336,0,5.5624547
2019,26.0,4.0,1.4889178,87.82101,0,5.360104
2019,26.0,4.25,1.3653854,65.91233,0,4.915387
2019,26.0,4.5,1.3175781,87.77387,0,4.743281
2019,26.0,4.75,1.2038658,126.70273,0,4.3339167
2019,26.0,5.0,1.1028651,127.41146,0,3.9703143
2019,26.0,5.25,1.28468,68.4999,0,4.624848
2019,26.0,5.5,1.6386935,72.573814,0,5.8992963
2019,26.0,5.75,1.8079352,74.69866,0,6.508567
2019,26.0,6.0,1.8637079,71.87939,0,6.709348
2019,26.0,6.25,1.5784717,67.57861,0,5.682498
2019,26.0,6.5,1.2869889,116.53683,0,4.6331596
2019,26.0,6.75,1.1237948,114.29017,0,4.045661
2019,26.0,7.0,1.0143963,116.35935,0,3.6518266
2019,26.0,7.25,1.0101777,121.186775,0,3.6366398
2019,26.0,7.5,1.189933,124.189445,0,4.2837586
2019,26.0,7.75,1.1478086,120.26618,0,4.1321106
2019,26.0,8.0,1.0651678,122.23557,0,3.834604
2019,26.0,8.25,1.0446005,157.66005,0,3.7605617
2019,26.0,8.5,1.0328712,161.68224,0,3.7183363
2019,26.0,8.75,0.98007995,135.64557,0,3.5282876
2019,26.0,9.0,1.0692949,139.31157,0,3.8494616
2019,26.0,9.25,1.1203957,136.4255,0,4.0334244
2019,26.0,9.5,1.298608,130.87987,0,4.6749883
2019,26.0,9.75,1.5288717,122.48501,0,5.5039377
2019,26.0,10.0,1.6507149,119.24618,0,5.9425735
2019,26.0,10.25,1.6312236,120.572334,0,5.8724046
2019,26.0,10.5,1.695062,98.2749,0,6.1022234
2019,26.0,10.75,1.6904782,100.989235,0,6.0857215
2019,26.0,11.0,1.7560447,104.05367,0,6.321761
2019,26.0,11.25,1.8607254,105.37994,0,6.6986113
2019,26.0,11.5,1.873958,110.17429,0,6.7462487
2019,26.0,11.75,1.7628435,115.6246,0,6.346236
2019,26.0,12.0,1.7136861,137.73804,0,6.16927
2019,25.75,-9.0,2.8605337,157.36067,0,10.297921
2019,25.75,-8.75,2.6541216,158.76485,0,9.554837
2019,25.75,-8.5,2.4823344,158.47307,0,8.936403
2019,25.75,-8.25,2.3735967,157.37212,0,8.544948
2019,25.75,-8.0,2.3110101,156.51003,0,8.319636
2019,25.75,-7.75,2.296532,156.27621,0,8.267514
2019,25.75,-7.5,2.1982026,185.20526,0,7.9135294
2019,25.75,-7.25,2.105037,185.92128,0,7.578133
2019,25.75,-7.0,2.01025,186.36456,0,7.2369003
2019,25.75,-6.75,1.9331776,185.67363,0,6.9594393
2019,25.75,-6.5,1.8690025,183.75163,0,6.728409
2019,25.75,-6.25,1.8276668,183.75499,0,6.5796003
2019,25.75,-6.0,1.7865585,159.34253,0,6.4316106
2019,25.75,-5.75,1.8296152,107.17807,0,6.5866146
2019,25.75,-5.5,1.8793446,110.033775,0,6.7656403
2019,25.75,-5.25,1.940032,111.17721,0,6.984115
2019,25.75,-5.0,1.9960922,112.05378,0,7.1859317
2019,25.75,-4.75,2.0409606,112.26139,0,7.347458
2019,25.75,-4.5,2.0489788,109.57583,0,7.3763237
2019,25.75,-4.25,2.0645359,94.845276,0,7.4323287
2019,25.75,-4.0,2.1355965,92.71304,0,7.688147
2019,25.75,-3.75,2.271692,91.88729,0,8.178091
2019,25.75,-3.5,2.4091806,91.60116,0,8.67305
2019,25.75,-3.25,2.4638293,90.78156,0,8.869785
2019,25.75,-3.0,2.4094236,89.735466,0,8.673924
2019,25.75,-2.75,2.3003528,88.88183,0,8.28127
2019,25.75,-2.5,2.2315793,87.76697,0,8.033686
2019,25.75,-2.25,2.1907785,87.205505,0,7.886802
2019,25.75,-2.0,2.203233,87.399635,0,7.9316387
2019,25.75,-1.75,2.24356,87.53738,0,8.076816
2019,25.75,-1.5,2.292126,87.23896,0,8.251653
2019,25.75,-1.25,2.3255463,85.60596,0,8.371966
2019,25.75,-1.0,2.3115683,84.50767,0,8.321646
2019,25.75,-0.75,2.2730405,84.402306,0,8.182945
2019,25.75,-0.5,2.2410884,85.5831,0,8.067918
2019,25.75,-0.25,2.2353375,87.556885,0,8.0472145
2019,25.75,0.0,2.2985637,89.43452,0,8.274829
2019,25.75,0.25,2.371264,88.951866,0,8.5365505
2019,25.75,0.5,2.391353,85.59296,0,8.6088705
2019,25.75,0.75,2.3758433,81.82079,0,8.553036
2019,25.75,1.0,2.381169,80.737366,0,8.572208
2019,25.75,1.25,2.3893678,83.14077,0,8.601724
2019,25.75,1.5,2.4494069,89.93455,0,8.817864
2019,25.75,1.75,2.5944796,65.909065,0,9.340126
2019,25.75,2.0,2.7328665,69.08523,0,9.838319
2019,25.75,2.25,2.729725,68.8079,0,9.827009
2019,25.75,2.5,2.5918417,67.67748,0,9.33063
2019,25.75,2.75,2.4315226,67.9417,0,8.753481
2019,25.75,3.0,2.2111619,70.1262,0,7.9601827
2019,25.75,3.25,1.8601876,72.11024,0,6.6966753
2019,25.75,3.5,1.568849,68.65739,0,5.647856
2019,25.75,3.75,1.4565911,64.73525,0,5.243728
2019,25.75,4.0,1.357581,64.416466,0,4.8872914
2019,25.75,4.25,1.194328,72.13429,0,4.2995806
2019,25.75,4.5,1.2638549,130.6155,0,4.549877
2019,25.75,4.75,1.3062938,119.382744,0,4.7026577
2019,25.75,5.0,1.2864728,133.07695,0,4.631302
2019,25.75,5.25,1.3131859,57.77055,0,4.7274694
2019,25.75,5.5,1.5007015,77.421,0,5.4025254
2019,25.75,5.75,1.559803,82.629906,0,5.6152906
2019,25.75,6.0,1.6117796,100.30167,0,5.8024063
2019,25.75,6.25,1.5595344,76.933464,0,5.6143236
2019,25.75,6.5,1.3635839,100.79902,0,4.908902
2019,25.75,6.75,1.2722955,124.20858,0,4.5802636
2019,25.75,7.0,1.1974055,122.075195,0,4.3106594
2019,25.75,7.25,1.1025681,118.31895,0,3.9692452
2019,25.75,7.5,1.180883,120.154305,0,4.2511787
2019,25.75,7.75,1.0724541,120.53042,0,3.8608346
2019,25.75,8.0,0.99702334,123.602844,0,3.589284
2019,25.75,8.25,0.9767714,131.3437,0,3.516377
2019,25.75,8.5,0.9428608,138.42522,0,3.3942988
2019,25.75,8.75,0.87186027,145.26503,0,3.138697
2019,25.75,9.0,0.97151875,145.5124,0,3.4974675
2019,25.75,9.25,1.124173,143.47565,0,4.047023
2019,25.75,9.5,1.2398051,134.82341,0,4.4632983
2019,25.75,9.75,1.3881668,113.10986,0,4.9974003
2019,25.75,10.0,1.4623448,113.8261,0,5.264441
2019,25.75,10.25,1.4171835,94.29156,0,5.1018605
2019,25.75,10.5,1.4237789,110.414856,0,5.1256037
2019,25.75,10.75,1.4927129,115.614624,0,5.373766
2019,25.75,11.0,1.5960664,105.62841,0,5.7458386
2019,25.75,11.25,1.7159091,104.79273,0,6.177273
2019,25.75,11.5,1.8370172,112.35493,0,6.6132617
2019,25.75,11.75,1.9411968,113.39249,0,6.9883084
2019,25.75,12.0,1.7978853,136.01491,0,6.472387
2019,25.5,-9.0,2.825858,160.86046,0,10.173089
2019,25.5,-8.75,2.6751642,131.88063,0,9.630591
2019,25.5,-8.5,2.5098999,131.14388,0,9.035639
2019,25.5,-8.25,2.3788743,129.57175,0,8.563948
2019,25.5,-8.0,2.280536,127.613335,0,8.209929
2019,25.5,-7.75,2.241611,127.2282,0,8.069799
2019,25.5,-7.5,2.25204,127.41416,0,8.107344
2019,25.5,-7.25,2.2552783,128.70972,0,8.119001
2019,25.5,-7.0,2.1946733,129.54622,0,7.9008236
2019,25.5,-6.75,2.1709368,99.24789,0,7.8153725
2019,25.5,-6.5,2.105058,128.04987,0,7.5782084
2019,25.5,-6.25,1.964417,127.483795,0,7.071901
2019,25.5,-6.0,1.8813372,132.0321,0,6.772814
2019,25.5,-5.75,1.9189568,106.91897,0,6.908244
2019,25.5,-5.5,1.9680828,107.39512,0,7.085098
2019,25.5,-5.25,2.021415,109.17313,0,7.277094
2019,25.5,-5.0,2.080263,112.045876,0,7.4889464
2019,25.5,-4.75,2.1388924,114.78058,0,7.7000127
2019,25.5,-4.5,2.2125518,117.52894,0,7.9651866
2019,25.5,-4.25,2.1865199,88.52328,0,7.8714714
2019,25.5,-4.0,2.1798277,89.38214,0,7.8473797
2019,25.5,-3.75,2.177132,90.89335,0,7.8376746
2019,25.5,-3.5,2.2784193,91.884254,0,8.202309
2019,25.5,-3.25,2.3866005,92.39982,0,8.591762
2019,25.5,-3.0,2.4050722,91.97216,0,8.658259
2019,25.5,-2.75,2.3536303,91.31769,0,8.473069
2019,25.5,-2.5,2.2764347,89.99685,0,8.195165
2019,25.5,-2.25,2.22703,89.209236,0,8.017308
2019,25.5,-2.0,2.215653,88.17013,0,7.9763503
2019,25.5,-1.75,2.258015,87.788994,0,8.128854
2019,25.5,-1.5,2.289933,87.35404,0,8.243758
2019,25.5,-1.25,2.2906713,86.35974,0,8.246417
2019,25.5,-1.0,2.2729578,85.795685,0,8.182648
2019,25.5,-0.75,2.2541664,86.06341,0,8.114999
2019,25.5,-0.5,2.2385104,87.06677,0,8.058637
2019,25.5,-0.25,2.2781818,88.15567,0,8.201454
2019,25.5,0.0,2.3415525,89.45977,0,8.429588
2019,25.5,0.25,2.4015985,88.70785,0,8.645754
2019,25.5,0.5,2.4124842,85.49283,0,8.684943
2019,25.5,0.75,2.3843968,81.77647,0,8.583828
2019,25.5,1.0,2.2921169,79.13874,0,8.25162
2019,25.5,1.25,2.2338314,80.264854,0,8.041793
2019,25.5,1.5,2.2115219,85.66299,0,7.9614787
2019,25.5,1.75,2.3658237,59.723125,0,8.516965
2019,25.5,2.0,2.5161824,63.8918,0,9.058256
2019,25.5,2.25,2.551801,66.23017,0,9.186483
2019,25.5,2.5,2.4252603,66.0904,0,8.730937
2019,25.5,2.75,2.1810405,66.69504,0,7.8517456
2019,25.5,3.0,1.8953356,67.80721,0,6.823208
2019,25.5,3.25,1.6392808,68.07369,0,5.9014106
2019,25.5,3.5,1.6062328,70.65887,0,5.782438
2019,25.5,3.75,1.5081887,68.44323,0,5.429479
2019,25.5,4.0,1.4449552,70.36385,0,5.2018385
2019,25.5,4.25,1.3791927,72.43155,0,4.9650936
2019,25.5,4.5,1.515685,126.93998,0,5.4564657
2019,25.5,4.75,1.6494466,112.59843,0,5.938008
2019,25.5,5.0,1.584341,102.611145,0,5.7036276
2019,25.5,5.25,1.2490506,52.379795,0,4.496582
2019,25.5,5.5,1.2633399,78.07105,0,4.548023
2019,25.5,5.75,1.3614068,76.88375,0,4.9010644
2019,25.5,6.0,1.5208039,122.816956,0,5.474894
2019,25.5,6.25,1.4950448,130.65321,0,5.382161
2019,25.5,6.5,1.6505593,80.36208,0,5.9420133
2019,25.5,6.75,1.5748824,79.457054,0,5.6695766
2019,25.5,7.0,1.3839475,108.004845,0,4.9822106
2019,25.5,7.25,1.2404577,119.819824,0,4.465647
2019,25.5,7.5,1.2820128,121.12353,0,4.615246
2019,25.5,7.75,1.2539496,120.898796,0,4.514219
2019,25.5,8.0,1.2555988,123.81162,0,4.5201554
2019,25.5,8.25,1.2638432,127.89027,0,4.549835
2019,25.5,8.5,1.2274433,132.88054,0,4.418796
2019,25.5,8.75,1.3396808,136.22438,0,4.8228507
2019,25.5,9.0,1.4770201,141.83032,0,5.317272
2019,25.5,9.25,1.4407296,147.36829,0,5.1866264
2019,25.5,9.5,1.2466909,142.80354,0,4.488087
2019,25.5,9.75,1.1730325,137.41699,0,4.222917
2019,25.5,10.0,1.0903888,114.93255,0,3.9253995
2019,25.5,10.25,1.1585293,81.54438,0,4.1707053
2019,25.5,10.5,1.3049664,115.003784,0,4.6978793
2019,25.5,10.75,1.3467678,121.77366,0,4.848364
2019,25.5,11.0,1.426839,106.09912,0,5.13662
2019,25.5,11.25,1.5933414,97.83485,0,5.7360287
2019,25.5,11.5,1.7788501,111.17669,0,6.40386
2019,25.5,11.75,2.0194519,110.65836,0,7.2700267
2019,25.5,12.0,1.8108664,105.16943,0,6.519119
2019,25.25,-9.0,2.8596585,132.62447,0,10.29477
2019,25.25,-8.75,2.7628648,133.61418,0,9.946313
2019,25.25,-8.5,2.6141202,103.41099,0,9.410832
2019,25.25,-8.25,2.446265,102.16147,0,8.806554
2019,25.25,-8.0,2.3354049,100.44039,0,8.407457
2019,25.25,-7.75,2.2213967,158.47148,0,7.997028
2019,25.25,-7.5,2.212161,157.67067,0,7.9637794
2019,25.25,-7.25,2.22976,98.96766,0,8.027136
2019,25.25,-7.0,2.2765281,99.91776,0,8.195501
2019,25.25,-6.75,2.255852,100.03048,0,8.121067
2019,25.25,-6.5,2.2215087,101.20795,0,7.9974313
2019,25.25,-6.25,2.1042187,102.34403,0,7.575187
2019,25.25,-6.0,2.0349796,104.548256,0,7.3259263
2019,25.25,-5.75,2.0456734,105.19049,0,7.3644238
2019,25.25,-5.5,2.0797737,106.12252,0,7.487185
2019,25.25,-5.25,2.0641365,108.59562,0,7.430891
2019,25.25,-5.0,2.1090076,111.707146,0,7.5924273
2019,25.25,-4.75,2.1505527,115.21311,0,7.7419896
2019,25.25,-4.5,2.2243695,117.79581,0,8.0077305
2019,25.25,-4.25,2.2224696,118.32409,0,8.00089
2019,25.25,-4.0,2.1695259,88.57856,0,7.8102927
2019,25.25,-3.75,2.1479337,90.94454,0,7.732561
2019,25.25,-3.5,2.1271615,93.64801,0,7.657781
2019,25.25,-3.25,2.1962836,94.60795,0,7.9066205
2019,25.25,-3.0,2.2556002,94.82635,0,8.12016
2019,25.25,-2.75,2.2895238,93.9179,0,8.242286
2019,25.25,-2.5,2.2397718,92.448975,0,8.063178
2019,25.25,-2.25,2.231249,90.235634,0,8.032496
2019,25.25,-2.0,2.2297516,88.830055,0,8.027105
2019,25.25,-1.75,2.2393112,87.893005,0,8.061521
2019,25.25,-1.5,2.2589748,87.59763,0,8.132309
2019,25.25,-1.25,2.2598631,86.88932,0,8.135507
2019,25.25,-1.0,2.257638,87.01309,0,8.127497
2019,25.25,-0.75,2.244366,87.19354,0,8.079717
2019,25.25,-0.5,2.2702582,87.62362,0,8.172929
2019,25.25,-0.25,2.311502,88.629036,0,8.321407
2019,25.25,0.0,2.3545396,88.61615,0,8.476342
2019,25.25,0.25,2.4091694,87.81873,0,8.67301
2019,25.25,0.5,2.4273202,85.1806,0,8.738353
2019,25.25,0.75,2.3950996,83.11915,0,8.622358
2019,25.25,1.0,2.3011737,80.92657,0,8.284225
2019,25.25,1.25,2.125746,80.24828,0,7.6526856
2019,25.25,1.5,2.0159888,54.202534,0,7.25756
2019,25.25,1.75,2.0336778,55.134247,0,7.32124
2019,25.25,2.0,2.069556,57.367382,0,7.4504013
2019,25.25,2.25,2.1063297,61.103302,0,7.5827866
2019,25.25,2.5,2.021465,66.25039,0,7.277274
2019,25.25,2.75,1.7758609,67.70023,0,6.3930993
2019,25.25,3.0,1.5221972,66.736946,0,5.47991
2019,25.25,3.25,1.4716653,67.57368,0,5.2979946
2019,25.25,3.5,1.4540828,72.06519,0,5.2346983
2019,25.25,3.75,1.5261842,74.98742,0,5.494263
2019,25.25,4.0,1.4969033,75.98824,0,5.3888516
2019,25.25,4.25,1.7934827,72.80811,0,6.4565372
2019,25.25,4.5,1.8993708,66.30102,0,6.8377347
2019,25.25,4.75,1.9253683,85.94629,0,6.931326
2019,25.25,5.0,1.5485245,57.152115,0,5.574688
2019,25.25,5.25,1.2872964,73.08554,0,4.634267
2019,25.25,5.5,0.9738944,77.77827,0,3.5060198
2019,25.25,5.75,1.1754274,132.2228,0,4.231539
2019,25.25,6.0,1.4870753,125.73523,0,5.3534713
2019,25.25,6.25,1.5194658,123.62284,0,5.4700766
2019,25.25,6.5,1.6058879,76.15093,0,5.781196
2019,25.25,6.75,1.707819,83.95419,0,6.148148
2019,25.25,7.0,1.5370184,86.47208,0,5.533266
2019,25.25,7.25,1.3884444,129.54872,0,4.9983997
2019,25.25,7.5,1.3930563,123.842384,0,5.0150023
2019,25.25,7.75,1.3327515,120.84426,0,4.7979054
2019,25.25,8.0,1.4043784,116.37595,0,5.0557623
2019,25.25,8.25,1.3795897,116.83661,0,4.9665227
2019,25.25,8.5,1.3072062,115.07031,0,4.705942
2019,25.25,8.75,1.3456097,118.98566,0,4.844195
2019,25.25,9.0,1.5974445,125.51975,0,5.7508
2019,25.25,9.25,1.6162047,135.53139,0,5.818337
2019,25.25,9.5,1.4487553,138.89667,0,5.215519
2019,25.25,9.75,1.1490761,169.02885,0,4.136674
2019,25.25,10.0,0.8974328,134.13329,0,3.230758
2019,25.25,10.25,0.9322528,88.37485,0,3.35611
2019,25.25,10.5,1.2794074,115.14135,0,4.6058664
2019,25.25,10.75,1.3166522,111.22457,0,4.739948
2019,25.25,11.0,1.3948523,95.384,0,5.021468
2019,25.25,11.25,1.6349052,89.3478,0,5.8856587
2019,25.25,11.5,1.9287578,109.70919,0,6.9435277
2019,25.25,11.75,2.1129916,109.40283,0,7.6067696
2019,25.25,12.0,1.8662472,105.20739,0,6.7184896
2019,25.0,-9.0,2.8884075,133.14464,0,10.398267
2019,25.0,-8.75,2.7972739,104.74,0,10.070186
2019,25.0,-8.5,2.7200851,106.01386,0,9.792306
2019,25.0,-8.25,2.5532386,105.05413,0,9.191659
2019,25.0,-8.0,2.4208457,103.13441,0,8.715044
2019,25.0,-7.75,2.3046904,100.9574,0,8.2968855
2019,25.0,-7.5,2.2257516,128.06538,0,8.012706
2019,25.0,-7.25,2.1936963,128.6787,0,7.8973064
2019,25.0,-7.0,2.2241743,99.53477,0,8.007027
2019,25.0,-6.75,2.208511,101.24442,0,7.9506397
2019,25.0,-6.5,2.174857,102.59959,0,7.8294845
2019,25.0,-6.25,2.2168794,105.19041,0,7.9807653
2019,25.0,-6.0,2.1970901,105.820595,0,7.9095244
2019,25.0,-5.75,2.1859894,105.10696,0,7.8695617
2019,25.0,-5.5,2.1437871,106.52695,0,7.7176337
2019,25.0,-5.25,2.1265163,108.89384,0,7.6554585
2019,25.0,-5.0,2.0512142,112.82367,0,7.384371
2019,25.0,-4.75,2.0671077,116.079315,0,7.4415874
2019,25.0,-4.5,2.0795815,118.47391,0,7.486493
2019,25.0,-4.25,2.0920558,119.31708,0,7.5314007
2019,25.0,-4.0,2.0529683,119.68882,0,7.3906856
2019,25.0,-3.75,2.0653634,91.44999,0,7.435308
2019,25.0,-3.5,2.0503662,95.710915,0,7.381318
2019,25.0,-3.25,2.0659902,95.95582,0,7.4375644
2019,25.0,-3.0,2.1165361,95.86035,0,7.6195297
2019,25.0,-2.75,2.1744115,94.548,0,7.8278813
2019,25.0,-2.5,2.2159998,93.19808,0,7.977599
2019,25.0,-2.25,2.2143447,90.57061,0,7.971641
2019,25.0,-2.0,2.2247083,88.674644,0,8.008949
2019,25.0,-1.75,2.2302911,87.66801,0,8.029048
2019,25.0,-1.5,2.2337499,87.72701,0,8.041499
2019,25.0,-1.25,2.234489,87.207344,0,8.04416
2019,25.0,-1.0,2.2408803,87.31068,0,8.067168
2019,25.0,-0.75,2.26532,87.39391,0,8.155152
2019,25.0,-0.5,2.2922764,87.72909,0,8.252194
2019,25.0,-0.25,2.3264086,88.12435,0,8.375071
2019,25.0,0.0,2.3646357,87.49766,0,8.512689
2019,25.0,0.25,2.407447,86.80291,0,8.666809
2019,25.0,0.5,2.41557,85.13441,0,8.696052
2019,25.0,0.75,2.385314,83.21032,0,8.587131
2019,25.0,1.0,2.3178606,83.231255,0,8.344298
2019,25.0,1.25,2.1549985,53.405354,0,7.7579947
2019,25.0,1.5,2.0044556,55.537884,0,7.2160397
2019,25.0,1.75,1.8336887,52.474888,0,6.6012793
2019,25.0,2.0,1.8174714,53.866714,0,6.5428967
2019,25.0,2.25,1.661421,57.885723,0,5.9811153
2019,25.0,2.5,1.5555931,63.74518,0,5.6001353
2019,25.0,2.75,1.3606167,66.35442,0,4.89822
2019,25.0,3.0,1.2059957,93.61442,0,4.341584
2019,25.0,3.25,1.2399035,125.73821,0,4.463652
2019,25.0,3.5,1.3855147,76.74148,0,4.987853
2019,25.0,3.75,1.4757713,79.60941,0,5.3127766
2019,25.0,4.0,1.8157727,78.51334,0,6.5367813
2019,25.0,4.25,2.1397753,75.1273,0,7.703191
2019,25.0,4.5,2.173841,67.54366,0,7.8258276
2019,25.0,4.75,1.9693104,61.92308,0,7.089517
2019,25.0,5.0,1.6473943,69.39266,0,5.9306192
2019,25.0,5.25,1.062743,88.33079,0,3.8258746
2019,25.0,5.5,0.8245688,117.22117,0,2.9684477
2019,25.0,5.75,0.9335868,125.570366,0,3.3609123
2019,25.0,6.0,1.2787895,127.23685,0,4.603642
2019,25.0,6.25,1.4195895,121.50183,0,5.1105223
2019,25.0,6.5,1.4665622,130.73444,0,5.2796235
2019,25.0,6.75,1.5321598,83.46629,0,5.515775
2019,25.0,7.0,1.6326176,89.29147,0,5.8774233
2019,25.0,7.25,1.5282952,135.23357,0,5.5018625
2019,25.0,7.5,1.4803551,130.09917,0,5.3292785
2019,25.0,7.75,1.4046912,128.14404,0,5.056888
2019,25.0,8.0,1.4243073,122.17413,0,5.1275063
2019,25.0,8.25,1.3945063,113.18262,0,5.0202227
2019,25.0,8.5,1.3249184,112.99835,0,4.7697062
2019,25.0,8.75,1.4009906,85.64816,0,5.043566
2019,25.0,9.0,1.5965885,118.923645,0,5.7477183
2019,25.0,9.25,1.5813254,118.78744,0,5.6927714
2019,25.0,9.5,1.5936872,122.495605,0,5.7372737
2019,25.0,9.75,1.2668041,144.93773,0,4.5604944
2019,25.0,10.0,0.86792296,173.55272,0,3.1245227
2019,25.0,10.25,0.69751,126.78158,0,2.511036
2019,25.0,10.5,1.2069528,117.35892,0,4.34503
2019,25.0,10.75,1.3713275,134.5536,0,4.936779
2019,25.0,11.0,1.3743734,109.63736,0,4.9477444
2019,25.0,11.25,1.7821894,93.3504,0,6.4158816
2019,25.0,11.5,2.039364,107.346405,0,7.3417106
2019,25.0,11.75,2.1689055,109.713554,0,7.8080597
2019,25.0,12.0,1.9181539,105.56449,0,6.905354
2019,24.75,-9.0,2.8922145,133.60175,0,10.411972
2019,24.75,-8.75,2.7843301,105.86173,0,10.023588
2019,24.75,-8.5,2.7194185,107.42408,0,9.7899065
2019,24.75,-8.25,2.6707919,107.99238,0,9.61485
2019,24.75,-8.0,2.5351532,106.383156,0,9.126551
2019,24.75,-7.75,2.4450119,102.97703,0,8.802042
2019,24.75,-7.5,2.3362541,99.89069,0,8.410515
2019,24.75,-7.25,2.2699838,100.000435,0,8.171942
2019,24.75,-7.0,2.2176683,129.70302,0,7.983606
2019,24.75,-6.75,2.2017787,101.4705,0,7.926403
2019,24.75,-6.5,2.2041092,104.34795,0,7.934793
2019,24.75,-6.25,2.267864,107.040276,0,8.16431
2019,24.75,-6.0,2.2659373,106.59934,0,8.157374
2019,24.75,-5.75,2.1762884,105.95508,0,7.834638
2019,24.75,-5.5,2.1137211,107.94999,0,7.609396
2019,24.75,-5.25,2.0232847,112.592834,0,7.2838244
2019,24.75,-5.0,1.9675819,116.86562,0,7.0832944
2019,24.75,-4.75,1.9393247,119.188255,0,6.981569
2019,24.75,-4.5,1.9382048,120.45285,0,6.977537
2019,24.75,-4.25,1.9473982,119.881615,0,7.0106335
2019,24.75,-4.0,1.9589735,119.95218,0,7.0523047
2019,24.75,-3.75,1.9672275,121.223854,0,7.082019
2019,24.75,-3.5,2.026914,122.34104,0,7.29689
2019,24.75,-3.25,2.043225,93.688354,0,7.35561
2019,24.75,-3.0,2.094572,93.24473,0,7.540459
2019,24.75,-2.75,2.1623254,92.843445,0,7.7843714
2019,24.75,-2.5,2.2246869,91.42576,0,8.008872
2019,24.75,-2.25,2.2386515,90.5195,0,8.059145
2019,24.75,-2.0,2.2532809,88.48411,0,8.111811
2019,24.75,-1.75,2.2302413,87.90322,0,8.028869
2019,24.75,-1.5,2.2262366,88.064964,0,8.014451
2019,24.75,-1.25,2.221493,87.43732,0,7.9973745
2019,24.75,-1.0,2.2462256,87.4581,0,8.086411
2019,24.75,-0.75,2.2717032,87.45457,0,8.178131
2019,24.75,-0.5,2.3053563,87.161415,0,8.299282
2019,24.75,-0.25,2.3398697,87.339355,0,8.423531
2019,24.75,0.0,2.3633492,86.23059,0,8.508057
2019,24.75,0.25,2.3754385,85.234116,0,8.5515785
2019,24.75,0.5,2.3834345,83.47004,0,8.580364
2019,24.75,0.75,2.3519578,53.19469,0,8.467048
2019,24.75,1.0,2.2846658,53.62457,0,8.224796
2019,24.75,1.25,2.1794488,55.764755,0,7.8460155
2019,24.75,1.5,2.063757,58.761776,0,7.429525
2019,24.75,1.75,1.895917,56.74585,0,6.825301
2019,24.75,2.0,1.7799193,85.28049,0,6.407709
2019,24.75,2.25,1.6328918,59.43816,0,5.8784103
2019,24.75,2.5,1.35542,61.62619,0,4.879512
2019,24.75,2.75,1.1533091,63.704678,0,4.1519127
2019,24.75,3.0,1.0267502,150.19382,0,3.6963007
2019,24.75,3.25,1.0380329,120.89652,0,3.7369182
2019,24.75,3.5,1.1987307,74.38578,0,4.3154306
2019,24.75,3.75,1.5718759,80.01015,0,5.6587534
2019,24.75,4.0,1.9150988,78.750824,0,6.8943553
2019,24.75,4.25,2.1276815,75.36504,0,7.659653
2019,24.75,4.5,2.1196618,68.40137,0,7.630782
2019,24.75,4.75,1.8167003,65.09518,0,6.540121
2019,24.75,5.0,1.444332,75.76676,0,5.199595
2019,24.75,5.25,0.9070721,96.66703,0,3.2654595
2019,24.75,5.5,0.7366121,134.05681,0,2.6518035
2019,24.75,5.75,0.76314116,107.79612,0,2.747308
2019,24.75,6.0,0.99063253,141.9337,0,3.566277
2019,24.75,6.25,1.3351117,143.28883,0,4.806402
2019,24.75,6.5,1.3438708,123.44059,0,4.8379345
2019,24.75,6.75,1.4165668,137.485,0,5.0996404
2019,24.75,7.0,1.5279642,110.619255,0,5.500671
2019,24.75,7.25,1.5547341,138.84059,0,5.5970426
2019,24.75,7.5,1.4886141,136.00238,0,5.3590107
2019,24.75,7.75,1.4538908,138.45717,0,5.234007
2019,24.75,8.0,1.4015318,130.0186,0,5.0455146
2019,24.75,8.25,1.3795484,121.870544,0,4.9663744
2019,24.75,8.5,1.3564936,127.184906,0,4.8833766
2019,24.75,8.75,1.4722103,62.827106,0,5.299957
2019,24.75,9.0,1.6608616,75.631935,0,5.9791017
2019,24.75,9.25,1.6152154,85.79614,0,5.8147755
2019,24.75,9.5,1.529365,119.03052,0,5.5057135
2019,24.75,9.75,1.5360049,116.472496,0,5.5296173
2019,24.75,10.0,1.1050186,144.25777,0,3.978067
2019,24.75,10.25,0.7137514,117.66181,0,2.569505
2019,24.75,10.5,1.1249126,123.256775,0,4.0496855
2019,24.75,10.75,1.3808361,132.35828,0,4.9710097
2019,24.75,11.0,1.3504639,102.56347,0,4.86167
2019,24.75,11.25,1.6895939,96.22708,0,6.082538
2019,24.75,11.5,2.1218274,99.3241,0,7.6385784
2019,24.75,11.75,2.2418525,109.61697,0,8.070669
2019,24.75,12.0,1.9702703,105.462494,0,7.0929728
2019,24.5,-9.0,2.8764613,104.60807,0,10.35526
2019,24.5,-8.75,2.7668133,106.911644,0,9.960527
2019,24.5,-8.5,2.7022665,109.047264,0,9.728159
2019,24.5,-8.25,2.6641324,109.662964,0,9.590877
2019,24.5,-8.0,2.637493,107.79856,0,9.494974
2019,24.5,-7.75,2.5663097,104.456764,0,9.238714
2019,24.5,-7.5,2.4846625,102.232605,0,8.944785
2019,24.5,-7.25,2.4316757,102.005554,0,8.754032
2019,24.5,-7.0,2.363924,101.55352,0,8.510126
2019,24.5,-6.75,2.3043954,103.07806,0,8.295823
2019,24.5,-6.5,2.3074472,105.86222,0,8.306809
2019,24.5,-6.25,2.2794647,108.36554,0,8.206073
2019,24.5,-6.0,2.2319312,108.44184,0,8.034952
2019,24.5,-5.75,2.0809069,109.09408,0,7.4912643
2019,24.5,-5.5,1.9410129,113.832726,0,6.987646
2019,24.5,-5.25,1.8884096,119.55261,0,6.7982745
2019,24.5,-5.0,1.8995098,121.45856,0,6.838235
2019,24.5,-4.75,1.8881527,123.27096,0,6.7973495
2019,24.5,-4.5,1.8876529,122.141815,0,6.7955503
2019,24.5,-4.25,1.8920307,120.52417,0,6.8113103
2019,24.5,-4.0,1.9176706,120.25399,0,6.903614
2019,24.5,-3.75,1.975231,120.74386,0,7.1108317
2019,24.5,-3.5,2.0444283,121.2573,0,7.359942
2019,24.5,-3.25,2.0946043,120.73827,0,7.540575
2019,24.5,-3.0,2.1674035,120.31549,0,7.8026524
2019,24.5,-2.75,2.233269,90.309975,0,8.039768
2019,24.5,-2.5,2.287125,90.052124,0,8.23365
2019,24.5,-2.25,2.3031356,89.14736,0,8.291288
2019,24.5,-2.0,2.2745092,89.255226,0,8.188232
2019,24.5,-1.75,2.2447617,88.89465,0,8.081141
2019,24.5,-1.5,2.2271504,88.680664,0,8.017741
2019,24.5,-1.25,2.2204955,87.68555,0,7.9937835
2019,24.5,-1.0,2.2492044,87.54745,0,8.097136
2019,24.5,-0.75,2.263464,87.11596,0,8.14847
2019,24.5,-0.5,2.2995617,86.68317,0,8.278422
2019,24.5,-0.25,2.3235614,85.873604,0,8.3648205
2019,24.5,0.0,2.3339097,84.10479,0,8.402075
2019,24.5,0.25,2.3347192,51.737152,0,8.404989
2019,24.5,0.5,2.3163307,78.94555,0,8.33879
2019,24.5,0.75,2.288787,75.69049,0,8.239633
2019,24.5,1.0,2.2231686,70.05567,0,8.003407
2019,24.5,1.25,2.1328099,66.87382,0,7.6781154
2019,24.5,1.5,2.0518847,65.64766,0,7.3867846
2019,24.5,1.75,2.0286124,65.1088,0,7.3030043
2019,24.5,2.0,1.9115237,62.79758,0,6.881485
2019,24.5,2.25,1.7219172,91.49875,0,6.1989017
2019,24.5,2.5,1.4307443,122.80142,0,5.150679
2019,24.5,2.75,1.1949018,123.85571,0,4.301646
2019,24.5,3.0,0.99893713,120.24564,0,3.5961735
2019,24.5,3.25,0.9560705,146.25737,0,3.4418538
2019,24.5,3.5,1.1976385,96.76983,0,4.3114986
2019,24.5,3.75,1.5502566,74.003365,0,5.5809236
2019,24.5,4.0,1.7226615,76.16568,0,6.201581
2019,24.5,4.25,1.8672801,72.51934,0,6.7222085
2019,24.5,4.5,1.8022908,70.12072,0,6.488247
2019,24.5,4.75,1.5313283,70.790375,0,5.5127816
2019,24.5,5.0,1.2188686,86.00437,0,4.387927
2019,24.5,5.25,1.0095935,91.060326,0,3.6345365
2019,24.5,5.5,0.8771186,128.81004,0,3.1576269
2019,24.5,5.75,0.7700259,150.00746,0,2.7720933
2019,24.5,6.0,0.92232615,124.25651,0,3.320374
2019,24.5,6.25,1.2947959,128.29446,0,4.661265
2019,24.5,6.5,1.1909902,144.70128,0,4.2875648
2019,24.5,6.75,1.3165556,146.60785,0,4.7396
2019,24.5,7.0,1.4581636,150.09782,0,5.2493887
2019,24.5,7.25,1.4951429,157.11806,0,5.3825145
2019,24.5,7.5,1.3991375,135.30263,0,5.036895
2019,24.5,7.75,1.3989137,136.18309,0,5.0360894
2019,24.5,8.0,1.3401426,128.65358,0,4.8245134
2019,24.5,8.25,1.3676505,126.82758,0,4.9235415
2019,24.5,8.5,1.3516811,102.50828,0,4.8660517
2019,24.5,8.75,1.4909773,65.569954,0,5.367518
2019,24.5,9.0,1.7269721,70.81715,0,6.217099
2019,24.5,9.25,1.7157484,74.35508,0,6.1766944
2019,24.5,9.5,1.5437969,83.88093,0,5.5576687
2019,24.5,9.75,1.4006358,116.3992,0,5.042289
2019,24.5,10.0,1.5614625,140.46416,0,5.621265
2019,24.5,10.25,1.1669208,138.85112,0,4.200915
2019,24.5,10.5,1.1748219,115.91239,0,4.2293587
2019,24.5,10.75,1.4326423,107.534485,0,5.157512
2019,24.5,11.0,1.4030131,102.5307,0,5.050847
2019,24.5,11.25,1.5934452,91.87095,0,5.7364025
2019,24.5,11.5,2.013736,94.67391,0,7.2494493
2019,24.5,11.75,2.277903,108.06037,0,8.200451
2019,24.5,12.0,2.000467,103.890785,0,7.201681
2019,24.25,-9.0,2.841573,105.77337,0,10.229663
2019,24.25,-8.75,2.7750397,108.31094,0,9.990143
2019,24.25,-8.5,2.7052927,110.36536,0,9.739054
2019,24.25,-8.25,2.6708276,110.371216,0,9.614979
2019,24.25,-8.0,2.6450005,108.409424,0,9.522001
2019,24.25,-7.75,2.621354,105.56254,0,9.436874
2019,24.25,-7.5,2.5858974,103.86643,0,9.309231
2019,24.25,-7.25,2.5704367,103.60022,0,9.2535715
2019,24.25,-7.0,2.5002162,104.17724,0,9.000778
2019,24.25,-6.75,2.4331057,105.700745,0,8.75918
2019,24.25,-6.5,2.3562524,108.306274,0,8.482509
2019,24.25,-6.25,2.2887027,110.91458,0,8.239329
2019,24.25,-6.0,2.1911657,112.69425,0,7.8881965
2019,24.25,-5.75,2.0346806,115.109764,0,7.32485
2019,24.25,-5.5,1.9245429,120.16763,0,6.9283543
2019,24.25,-5.25,1.9223188,121.84675,0,6.9203477
2019,24.25,-5.0,1.9389596,123.16,0,6.980254
2019,24.25,-4.75,1.9490877,122.55796,0,7.0167155
2019,24.25,-4.5,1.9584233,120.60772,0,7.0503235
2019,24.25,-4.25,1.9664208,119.58018,0,7.0791144
2019,24.25,-4.0,2.0038507,120.563286,0,7.2138624
2019,24.25,-3.75,2.062629,121.02659,0,7.425464
2019,24.25,-3.5,2.08683,120.57035,0,7.5125875
2019,24.25,-3.25,2.137852,119.55755,0,7.6962667
2019,24.25,-3.0,2.1905544,118.85613,0,7.8859954
2019,24.25,-2.75,2.249684,118.4939,0,8.098863
2019,24.25,-2.5,2.310124,88.40823,0,8.316446
2019,24.25,-2.25,2.3529432,89.98209,0,8.470595
2019,24.25,-2.0,2.3237848,90.58396,0,8.365625
2019,24.25,-1.75,2.252495,89.93009,0,8.108982
2019,24.25,-1.5,2.219416,88.93011,0,7.9898973
2019,24.25,-1.25,2.2264135,87.4397,0,8.015088
2019,24.25,-1.0,2.2324727,86.48083,0,8.036901
2019,24.25,-0.75,2.2422814,85.903625,0,8.072213
2019,24.25,-0.5,2.254134,84.50571,0,8.1148815
2019,24.25,-0.25,2.2816012,110.11753,0,8.213764
2019,24.25,0.0,2.297486,75.12092,0,8.270949
2019,24.25,0.25,2.3045735,72.67588,0,8.296465
2019,24.25,0.5,2.2803414,70.122795,0,8.2092285
2019,24.25,0.75,2.2273195,68.27579,0,8.01835
2019,24.25,1.0,2.1667469,68.219246,0,7.8002887
2019,24.25,1.25,2.1083908,100.2902,0,7.5902066
2019,24.25,1.5,1.9985176,100.3906,0,7.1946635
2019,24.25,1.75,2.004203,100.138214,0,7.215131
2019,24.25,2.0,1.9603058,98.87272,0,7.057101
2019,24.25,2.25,1.772092,97.28303,0,6.379531
2019,24.25,2.5,1.5630697,126.23114,0,5.627051
2019,24.25,2.75,1.3459768,126.52592,0,4.8455167
2019,24.25,3.0,1.1440456,124.57482,0,4.118564
2019,24.25,3.25,1.1314718,121.03353,0,4.073298
2019,24.25,3.5,1.392918,66.12049,0,5.0145044
2019,24.25,3.75,1.5179019,68.48525,0,5.4644465
2019,24.25,4.0,1.6336957,70.62396,0,5.8813043
2019,24.25,4.25,1.5755626,72.61694,0,5.672025
2019,24.25,4.5,1.4826231,76.2407,0,5.337443
2019,24.25,4.75,1.3848166,84.62203,0,4.9853396
2019,24.25,5.0,1.3724118,89.81509,0,4.9406824
2019,24.25,5.25,1.1474882,91.653984,0,4.1309576
2019,24.25,5.5,1.046034,130.16524,0,3.7657223
2019,24.25,5.75,0.9508342,148.56017,0,3.4230032
2019,24.25,6.0,1.0094787,180.02623,0,3.634123
2019,24.25,6.25,1.205907,204.77568,0,4.341265
2019,24.25,6.5,1.1488113,154.69511,0,4.1357207
2019,24.25,6.75,1.2066891,160.54834,0,4.344081
2019,24.25,7.0,1.3374475,162.80363,0,4.8148108
2019,24.25,7.25,1.429653,162.46207,0,5.146751
2019,24.25,7.5,1.323148,158.22252,0,4.763333
2019,24.25,7.75,1.3034322,160.7664,0,4.692356
2019,24.25,8.0,1.3284026,130.873,0,4.7822495
2019,24.25,8.25,1.2930944,127.305016,0,4.65514
2019,24.25,8.5,1.2630172,127.65592,0,4.5468616
2019,24.25,8.75,1.2948176,85.01101,0,4.661343
2019,24.25,9.0,1.516728,77.40695,0,5.460221
2019,24.25,9.25,1.6771437,74.37854,0,6.0377173
2019,24.25,9.5,1.5725632,79.96339,0,5.661227
2019,24.25,9.75,1.6323498,82.20898,0,5.876459
2019,24.25,10.0,1.6911511,112.77828,0,6.088144
2019,24.25,10.25,1.7207736,106.770546,0,6.1947846
2019,24.25,10.5,1.483078,108.500465,0,5.339081
2019,24.25,10.75,1.5944189,107.64563,0,5.7399077
2019,24.25,11.0,1.4724079,104.24566,0,5.3006682
2019,24.25,11.25,1.5568072,109.92094,0,5.6045055
2019,24.25,11.5,1.9469825,86.33679,0,7.0091367
2019,24.25,11.75,2.194915,111.60218,0,7.901694
2019,24.25,12.0,2.0307977,100.07069,0,7.3108716
2019,24.0,-9.0,2.801522,106.36056,0,10.085479
2019,24.0,-8.75,2.7452595,109.20919,0,9.882934
2019,24.0,-8.5,2.7167807,111.40436,0,9.78041
2019,24.0,-8.25,2.6848385,111.32312,0,9.665419
2019,24.0,-8.0,2.6491456,109.266,0,9.536924
2019,24.0,-7.75,2.6157224,106.502525,0,9.4166
2019,24.0,-7.5,2.5934107,105.21024,0,9.336278
2019,24.0,-7.25,2.5526206,106.384926,0,9.189434
2019,24.0,-7.0,2.4699972,108.03406,0,8.89199
2019,24.0,-6.75,2.3818076,110.3392,0,8.574507
2019,24.0,-6.5,2.3027608,113.279015,0,8.289939
2019,24.0,-6.25,2.2457778,115.71594,0,8.0848
2019,24.0,-6.0,2.1762254,117.86432,0,7.834411
2019,24.0,-5.75,2.0895152,119.342224,0,7.5222545
2019,24.0,-5.5,2.0807865,119.56718,0,7.490831
2019,24.0,-5.25,2.0968683,119.913185,0,7.5487256
2019,24.0,-5.0,2.128931,119.87723,0,7.6641517
2019,24.0,-4.75,2.1604757,119.361855,0,7.7777123
2019,24.0,-4.5,2.1590326,118.9372,0,7.772517
2019,24.0,-4.25,2.123203,119.39814,0,7.643531
2019,24.0,-4.0,2.1492562,120.762596,0,7.7373223
2019,24.0,-3.75,2.1703467,121.40766,0,7.813248
2019,24.0,-3.5,2.1749082,120.953186,0,7.829669
2019,24.0,-3.25,2.1560667,119.83181,0,7.76184
2019,24.0,-3.0,2.1697438,118.826416,0,7.8110776
2019,24.0,-2.75,2.2167866,116.86905,0,7.9804316
2019,24.0,-2.5,2.2492743,116.05231,0,8.097387
2019,24.0,-2.25,2.322775,88.69525,0,8.361989
2019,24.0,-2.0,2.3746936,92.526344,0,8.548897
2019,24.0,-1.75,2.3018577,92.85319,0,8.286688
2019,24.0,-1.5,2.1853426,89.452,0,7.867233
2019,24.0,-1.25,2.2041018,86.46636,0,7.9347663
2019,24.0,-1.0,2.2145324,83.541595,0,7.9723163
2019,24.0,-0.75,2.2256508,105.017265,0,8.012342
2019,24.0,-0.5,2.2518113,72.57787,0,8.106521
2019,24.0,-0.25,2.2690222,71.65942,0,8.16848
2019,24.0,0.0,2.2743618,70.40183,0,8.187702
2019,24.0,0.25,2.2744691,67.6614,0,8.188088
2019,24.0,0.5,2.2408192,123.46795,0,8.066949
2019,24.0,0.75,2.1935606,117.588005,0,7.896818
2019,24.0,1.0,2.1447194,113.18256,0,7.7209897
2019,24.0,1.25,2.1040223,110.36368,0,7.57448
2019,24.0,1.5,2.050762,108.935585,0,7.382743
2019,24.0,1.75,2.0096495,106.52966,0,7.234738
2019,24.0,2.0,1.9467006,103.702545,0,7.008122
2019,24.0,2.25,1.8007113,101.64075,0,6.4825606
2019,24.0,2.5,1.6372313,100.38854,0,5.8940325
2019,24.0,2.75,1.5091339,129.97353,0,5.432882
2019,24.0,3.0,1.4075979,129.93665,0,5.0673523
2019,24.0,3.25,1.4419608,98.71902,0,5.1910586
2019,24.0,3.5,1.5375324,68.5194,0,5.5351167
2019,24.0,3.75,1.5311254,69.21768,0,5.5120516
2019,24.0,4.0,1.4350423,71.35051,0,5.166152
2019,24.0,4.25,1.3157538,75.906746,0,4.7367134
2019,24.0,4.5,1.2092518,82.60193,0,4.3533063
2019,24.0,4.75,1.2320724,96.90151,0,4.4354606
2019,24.0,5.0,1.3150588,93.29348,0,4.7342114
2019,24.0,5.25,1.276709,99.81718,0,4.5961523
2019,24.0,5.5,1.2114123,136.75403,0,4.361084
2019,24.0,5.75,1.2176955,138.21407,0,4.3837037
2019,24.0,6.0,1.2215272,142.97383,0,4.3974977
2019,24.0,6.25,1.2527059,172.65173,0,4.5097413
2019,24.0,6.5,1.2187346,177.90222,0,4.3874445
2019,24.0,6.75,1.2320894,180.51076,0,4.4355216
2019,24.0,7.0,1.2079693,180.34546,0,4.3486896
2019,24.0,7.25,1.2735429,188.67513,0,4.5847545
2019,24.0,7.5,1.2400788,151.257,0,4.4642835
2019,24.0,7.75,1.3897306,151.63467,0,5.00303
2019,24.0,8.0,1.3579589,146.84091,0,4.888652
2019,24.0,8.25,1.2261399,138.96283,0,4.4141035
2019,24.0,8.5,1.1625067,130.81691,0,4.185024
2019,24.0,8.75,1.210661,130.4119,0,4.35838
2019,24.0,9.0,1.3994757,92.530174,0,5.038112
2019,24.0,9.25,1.582746,110.1468,0,5.6978855
2019,24.0,9.5,1.7902279,76.822136,0,6.4448204
2019,24.0,9.75,1.9753761,72.96613,0,7.111354
2019,24.0,10.0,2.17357,73.03515,0,7.8248515
2019,24.0,10.25,2.2686045,101.85824,0,8.166976
2019,24.0,10.5,1.9809119,104.34121,0,7.1312823
2019,24.0,10.75,1.8202883,110.296974,0,6.5530376
2019,24.0,11.0,1.6318842,106.66266,0,5.874783
2019,24.0,11.25,1.4820714,105.499596,0,5.335457
2019,24.0,11.5,1.7737056,81.06774,0,6.38534
2019,24.0,11.75,2.215889,76.91073,0,7.9772
2019,24.0,12.0,2.2065437,96.62854,0,7.9435573
2019,23.75,-9.0,2.7711093,106.909035,0,9.975993
2019,23.75,-8.75,2.7172213,109.89262,0,9.781997
2019,23.75,-8.5,2.7073357,112.0268,0,9.746408
2019,23.75,-8.25,2.7028239,112.0036,0,9.7301655
2019,23.75,-8.0,2.6785755,110.22079,0,9.642872
2019,23.75,-7.75,2.624133,108.1563,0,9.446879
2019,23.75,-7.5,2.53847,108.29236,0,9.138492
2019,23.75,-7.25,2.4323463,111.30605,0,8.756447
2019,23.75,-7.0,2.3305101,113.994835,0,8.389836
2019,23.75,-6.75,2.2575397,116.329216,0,8.127143
2019,23.75,-6.5,2.216977,118.273766,0,7.981117
2019,23.75,-6.25,2.2054694,119.56991,0,7.9396896
2019,23.75,-6.0,2.2177308,119.74398,0,7.9838305
2019,23.75,-5.75,2.2283947,118.60679,0,8.022221
2019,23.75,-5.5,2.2561913,117.4874,0,8.122289
2019,23.75,-5.25,2.2855227,117.25305,0,8.227881
2019,23.75,-5.0,2.3150296,117.7276,0,8.334106
2019,23.75,-4.75,2.339564,118.453285,0,8.42243
2019,23.75,-4.5,2.330428,119.246796,0,8.38954
2019,23.75,-4.25,2.3116703,119.751015,0,8.322013
2019,23.75,-4.0,2.3239162,120.986664,0,8.366098
2019,23.75,-3.75,2.3356714,122.08353,0,8.408417
2019,23.75,-3.5,2.3196807,122.32345,0,8.35085
2019,23.75,-3.25,2.2656102,121.2808,0,8.156197
2019,23.75,-3.0,2.2001474,118.90615,0,7.9205303
2019,23.75,-2.75,2.158072,114.53839,0,7.769059
2019,23.75,-2.5,2.1130342,112.56823,0,7.606923
2019,23.75,-2.25,2.1722136,118.36619,0,7.8199687
2019,23.75,-2.0,2.2951443,96.30413,0,8.262519
2019,23.75,-1.75,2.3316476,99.14407,0,8.393931
2019,23.75,-1.5,2.222902,101.31622,0,8.002447
2019,23.75,-1.25,2.2363865,102.017,0,8.050991
2019,23.75,-1.0,2.2467537,100.39148,0,8.088313
2019,23.75,-0.75,2.2488759,69.09088,0,8.095953
2019,23.75,-0.5,2.2515898,97.45816,0,8.105723
2019,23.75,-0.25,2.2590325,94.79181,0,8.132517
2019,23.75,0.0,2.2658985,121.238365,0,8.157234
2019,23.75,0.25,2.2620904,117.60993,0,8.143525
2019,23.75,0.5,2.2404125,115.714836,0,8.065485
2019,23.75,0.75,2.2080774,114.137695,0,7.9490786
2019,23.75,1.0,2.1598265,112.97579,0,7.7753754
2019,23.75,1.25,2.1052735,112.14706,0,7.5789843
2019,23.75,1.5,2.1004312,111.3296,0,7.561552
2019,23.75,1.75,2.0369904,109.497986,0,7.333165
2019,23.75,2.0,1.9343843,106.90792,0,6.9637833
2019,23.75,2.25,1.7791017,105.359505,0,6.404766
2019,23.75,2.5,1.5634025,104.455376,0,5.628249
2019,23.75,2.75,1.3440198,133.65802,0,4.838471
2019,23.75,3.0,1.2981652,135.1353,0,4.6733947
2019,23.75,3.25,1.3449606,105.73822,0,4.841858
2019,23.75,3.5,1.3762926,104.4118,0,4.9546533
2019,23.75,3.75,1.3439842,104.37887,0,4.838343
2019,23.75,4.0,1.2701715,105.83486,0,4.5726175
2019,23.75,4.25,1.2141153,77.76834,0,4.370815
2019,23.75,4.5,1.2254089,78.916084,0,4.411472
2019,23.75,4.75,1.2612267,102.783356,0,4.540416
2019,23.75,5.0,1.3832265,105.597206,0,4.979615
2019,23.75,5.25,1.5149355,117.09799,0,5.453768
2019,23.75,5.5,1.5561223,133.18755,0,5.6020403
2019,23.75,5.75,1.5872499,153.44865,0,5.7140994
2019,23.75,6.0,1.5259519,169.04457,0,5.4934263
2019,23.75,6.25,1.4748696,185.39668,0,5.3095303
2019,23.75,6.5,1.3863177,196.8192,0,4.9907436
2019,23.75,6.75,1.2686833,207.08586,0,4.56726
2019,23.75,7.0,1.1732945,222.77696,0,4.2238603
2019,23.75,7.25,1.1246397,164.0106,0,4.048703
2019,23.75,7.5,1.163713,141.71465,0,4.189367
2019,23.75,7.75,1.477191,143.1778,0,5.3178873
2019,23.75,8.0,1.4855725,141.10115,0,5.3480606
2019,23.75,8.25,1.3524938,139.20216,0,4.8689775
2019,23.75,8.5,1.2495269,135.65111,0,4.4982967
2019,23.75,8.75,1.2825089,129.55786,0,4.6170316
2019,23.75,9.0,1.433435,123.82858,0,5.1603656
2019,23.75,9.25,1.6011974,116.775795,0,5.7643104
2019,23.75,9.5,1.790792,109.34924,0,6.446851
2019,23.75,9.75,2.0980563,73.439125,0,7.5530024
2019,23.75,10.0,2.5034378,65.73455,0,9.012376
2019,23.75,10.25,2.7866142,62.299175,0,10.031811
2019,23.75,10.5,2.6145256,71.23126,0,9.412292
2019,23.75,10.75,2.3305593,80.988464,0,8.390013
2019,23.75,11.0,1.9731394,109.67396,0,7.1033015
2019,23.75,11.25,1.6836008,105.55361,0,6.0609627
2019,23.75,11.5,1.7032838,77.834404,0,6.1318216
2019,23.75,11.75,2.1228964,70.282814,0,7.642427
2019,23.75,12.0,2.3794196,62.401978,0,8.56591
2019,23.5,-9.0,2.7009385,108.06541,0,9.723378
2019,23.5,-8.75,2.6459248,110.63555,0,9.525329
2019,23.5,-8.5,2.636504,112.52926,0,9.491414
2019,23.5,-8.25,2.6364486,112.782135,0,9.491215
2019,23.5,-8.0,2.613445,111.78882,0,9.4084015
2019,23.5,-7.75,2.5465944,111.67977,0,9.16774
2019,23.5,-7.5,2.4470966,114.161446,0,8.809547
2019,23.5,-7.25,2.3634865,117.39419,0,8.508552
2019,23.5,-7.0,2.3000996,118.43873,0,8.280358
2019,23.5,-6.75,2.2565777,119.03474,0,8.123679
2019,23.5,-6.5,2.2546334,118.28076,0,8.11668
2019,23.5,-6.25,2.2707021,118.00048,0,8.174527
2019,23.5,-6.0,2.3230731,117.64521,0,8.363063
2019,23.5,-5.75,2.3588624,116.97178,0,8.491904
2019,23.5,-5.5,2.3723526,116.53681,0,8.540469
2019,23.5,-5.25,2.3808713,117.22296,0,8.571136
2019,23.5,-5.0,2.3975494,118.444176,0,8.631178
2019,23.5,-4.75,2.4018734,120.136665,0,8.646744
2019,23.5,-4.5,2.391137,121.2936,0,8.608092
2019,23.5,-4.25,2.3692014,122.16973,0,8.529125
2019,23.5,-4.0,2.3587072,123.44769,0,8.491345
2019,23.5,-3.75,2.3926592,124.39261,0,8.613573
2019,23.5,-3.5,2.4451818,124.22831,0,8.802654
2019,23.5,-3.25,2.4430487,123.052956,0,8.794975
2019,23.5,-3.0,2.3774211,122.092186,0,8.558716
2019,23.5,-2.75,2.2311704,123.19541,0,8.032213
2019,23.5,-2.5,2.085618,127.706055,0,7.5082245
2019,23.5,-2.25,2.032129,133.39311,0,7.3156643
2019,23.5,-2.0,2.1507611,140.0684,0,7.7427397
2019,23.5,-1.75,2.309069,80.98963,0,8.312648
2019,23.5,-1.5,2.286206,141.04016,0,8.230341
2019,23.5,-1.25,2.288347,147.72234,0,8.238049
2019,23.5,-1.0,2.312222,148.5285,0,8.323999
2019,23.5,-0.75,2.3180969,118.46594,0,8.345148
2019,23.5,-0.5,2.3104851,118.07902,0,8.317746
2019,23.5,-0.25,2.309633,117.26142,0,8.314678
2019,23.5,0.0,2.2915933,116.42377,0,8.249736
2019,23.5,0.25,2.276691,115.444695,0,8.196087
2019,23.5,0.5,2.2372975,114.48954,0,8.054271
2019,23.5,0.75,2.2001348,113.46115,0,7.920485
2019,23.5,1.0,2.163064,112.66238,0,7.78703
2019,23.5,1.25,2.1246297,112.37949,0,7.648667
2019,23.5,1.5,2.103171,111.93107,0,7.571416
2019,23.5,1.75,2.0328968,110.53312,0,7.318428
2019,23.5,2.0,1.9353689,109.45993,0,6.967328
2019,23.5,2.25,1.7646629,109.046,0,6.352786
2019,23.5,2.5,1.4888111,108.01593,0,5.3597198
2019,23.5,2.75,1.2076641,135.47514,0,4.347591
2019,23.5,3.0,1.2671983,137.20569,0,4.561914
2019,23.5,3.25,1.3102773,109.41724,0,4.716998
2019,23.5,3.5,1.2898431,107.86981,0,4.643435
2019,23.5,3.75,1.2493916,107.02991,0,4.4978094
2019,23.5,4.0,1.191885,137.57103,0,4.290786
2019,23.5,4.25,1.1314589,137.59325,0,4.0732517
2019,23.5,4.5,1.1346995,138.30688,0,4.084918
2019,23.5,4.75,1.1284233,131.91032,0,4.062324
2019,23.5,5.0,1.2721496,118.03589,0,4.579738
2019,23.5,5.25,1.386134,130.79045,0,4.9900823
2019,23.5,5.5,1.4704776,152.37933,0,5.2937193
2019,23.5,5.75,1.634944,171.9992,0,5.885798
2019,23.5,6.0,1.5708361,186.81758,0,5.6550097
2019,23.5,6.25,1.6000184,206.61499,0,5.760066
2019,23.5,6.5,1.4791294,211.85162,0,5.324866
2019,23.5,6.75,1.1865188,221.16264,0,4.2714677
2019,23.5,7.0,1.0585886,199.84467,0,3.810919
2019,23.5,7.25,1.076537,135.91454,0,3.875533
2019,23.5,7.5,1.3118728,109.17336,0,4.722742
2019,23.5,7.75,1.6432043,142.06544,0,5.9155354
2019,23.5,8.0,1.5968355,138.70123,0,5.7486076
2019,23.5,8.25,1.4531174,138.03893,0,5.2312226
2019,23.5,8.5,1.3769144,136.40253,0,4.9568915
2019,23.5,8.75,1.4407502,130.75389,0,5.186701
2019,23.5,9.0,1.5478326,121.79245,0,5.5721974
2019,23.5,9.25,1.7241384,118.75024,0,6.206898
2019,23.5,9.5,1.9156474,85.863304,0,6.8963304
2019,23.5,9.75,2.171671,80.6893,0,7.818015
2019,23.5,10.0,2.542116,72.66459,0,9.151617
2019,23.5,10.25,2.9469469,68.044945,0,10.609009
2019,23.5,10.5,3.010194,70.96315,0,10.836699
2019,23.5,10.75,2.9144602,75.86056,0,10.492057
2019,23.5,11.0,2.6344264,78.818596,0,9.483934
2019,23.5,11.25,2.2540624,78.47839,0,8.114624
2019,23.5,11.5,1.9524447,105.33524,0,7.0288005
2019,23.5,11.75,2.025223,71.85807,0,7.2908025
2019,23.5,12.0,2.3893847,61.91798,0,8.601785
2019,23.25,-9.0,2.6416047,109.507965,0,9.509776
2019,23.25,-8.75,2.576531,111.78046,0,9.275511
2019,23.25,-8.5,2.5495343,113.62055,0,9.178324
2019,23.25,-8.25,2.5313056,114.315216,0,9.1126995
2019,23.25,-8.0,2.4643557,114.937355,0,8.87168
2019,23.25,-7.75,2.3814716,115.93464,0,8.5732975
2019,23.25,-7.5,2.36009,119.20712,0,8.496324
2019,23.25,-7.25,2.3698094,119.76562,0,8.531314
2019,23.25,-7.0,2.334806,119.546364,0,8.405301
2019,23.25,-6.75,2.329542,117.814606,0,8.386351
2019,23.25,-6.5,2.3301523,116.862495,0,8.388548
2019,23.25,-6.25,2.334771,116.522285,0,8.405175
2019,23.25,-6.0,2.380378,117.026184,0,8.569361
2019,23.25,-5.75,2.4321508,117.06793,0,8.755743
2019,23.25,-5.5,2.4573758,117.34629,0,8.846553
2019,23.25,-5.25,2.474484,118.11802,0,8.908142
2019,23.25,-5.0,2.5080376,119.528656,0,9.028935
2019,23.25,-4.75,2.5297806,121.22163,0,9.10721
2019,23.25,-4.5,2.5715616,122.04873,0,9.257622
2019,23.25,-4.25,2.5797746,124.032616,0,9.287189
2019,23.25,-4.0,2.5440092,125.41751,0,9.158433
2019,23.25,-3.75,2.4919646,126.57256,0,8.971072
2019,23.25,-3.5,2.5095139,127.44828,0,9.034249
2019,23.25,-3.25,2.5394194,129.01195,0,9.14191
2019,23.25,-3.0,2.5705173,131.14397,0,9.253862
2019,23.25,-2.75,2.4911208,131.9859,0,8.968035
2019,23.25,-2.5,2.2876647,133.97185,0,8.235593
2019,23.25,-2.25,2.1967328,141.55147,0,7.908238
2019,23.25,-2.0,2.214279,116.45072,0,7.971404
2019,23.25,-1.75,2.3485315,116.615456,0,8.454713
2019,23.25,-1.5,2.3838103,146.59254,0,8.581717
2019,23.25,-1.25,2.3757393,117.87826,0,8.552661
2019,23.25,-1.0,2.393383,117.88803,0,8.6161785
2019,23.25,-0.75,2.3895442,117.47433,0,8.602359
2019,23.25,-0.5,2.3793857,116.973854,0,8.565788
2019,23.25,-0.25,2.3690453,116.15287,0,8.528563
2019,23.25,0.0,2.3367233,115.59016,0,8.412204
2019,23.25,0.25,2.3192837,114.991516,0,8.3494215
2019,23.25,0.5,2.2734466,114.413574,0,8.184407
2019,23.25,0.75,2.2235277,113.60435,0,8.0047
2019,23.25,1.0,2.1599576,112.90356,0,7.7758474
2019,23.25,1.25,2.112027,112.513466,0,7.6032968
2019,23.25,1.5,2.061888,111.825714,0,7.4227967
2019,23.25,1.75,1.9891907,111.62668,0,7.1610866
2019,23.25,2.0,1.864685,111.40525,0,6.712866
2019,23.25,2.25,1.6557838,111.69344,0,5.9608216
2019,23.25,2.5,1.3924198,111.18936,0,5.012711
2019,23.25,2.75,1.2493452,109.60796,0,4.4976425
2019,23.25,3.0,1.3680834,110.74109,0,4.9251
2019,23.25,3.25,1.3865596,111.92095,0,4.9916143
2019,23.25,3.5,1.3131009,111.01809,0,4.7271633
2019,23.25,3.75,1.2526413,139.76271,0,4.5095086
2019,23.25,4.0,1.1638497,139.0879,0,4.189859
2019,23.25,4.25,1.093116,139.7738,0,3.9352176
2019,23.25,4.5,1.0420796,142.26451,0,3.7514863
2019,23.25,4.75,1.0371903,138.87018,0,3.733885
2019,23.25,5.0,1.2258728,121.97885,0,4.4131417
2019,23.25,5.25,1.206792,132.19728,0,4.344451
2019,23.25,5.5,1.306078,172.22667,0,4.7018805
2019,23.25,5.75,1.5914243,181.4977,0,5.7291274
2019,23.25,6.0,1.4250506,203.90144,0,5.1301823
2019,23.25,6.25,1.2902216,218.51616,0,4.6447973
2019,23.25,6.5,1.2037888,196.91618,0,4.3336396
2019,23.25,6.75,1.1019834,175.85309,0,3.9671402
2019,23.25,7.0,1.1142434,137.14825,0,4.0112762
2019,23.25,7.25,1.2191347,91.46757,0,4.3888845
2019,23.25,7.5,1.6464869,104.316734,0,5.9273524
2019,23.25,7.75,1.939352,114.03652,0,6.981667
2019,23.25,8.0,1.7928057,115.81168,0,6.4541
2019,23.25,8.25,1.5493941,136.68123,0,5.577819
2019,23.25,8.5,1.4649287,133.39978,0,5.273743
2019,23.25,8.75,1.5902041,128.38857,0,5.724735
2019,23.25,9.0,1.7076107,119.81663,0,6.1473985
2019,23.25,9.25,1.880509,86.64194,0,6.769832
2019,23.25,9.5,2.1233404,87.04998,0,7.6440253
2019,23.25,9.75,2.3033435,83.05003,0,8.292036
2019,23.25,10.0,2.4171278,78.54825,0,8.70166
2019,23.25,10.25,2.6952477,74.13871,0,9.702891
2019,23.25,10.5,3.1304588,74.148224,0,11.269651
2019,23.25,10.75,3.3942015,73.00509,0,12.219125
2019,23.25,11.0,3.168455,72.656494,0,11.406437
2019,23.25,11.25,2.8922489,72.47785,0,10.412096
2019,23.25,11.5,2.6119962,71.76266,0,9.403186
2019,23.25,11.75,2.419674,70.82265,0,8.710826
2019,23.25,12.0,2.6212578,65.38567,0,9.436528
2019,23.0,-9.0,2.608799,140.10387,0,9.391676
2019,23.0,-8.75,2.537772,112.98807,0,9.135979
2019,23.0,-8.5,2.5007493,115.44449,0,9.002697
2019,23.0,-8.25,2.455809,116.82206,0,8.840913
2019,23.0,-8.0,2.3902452,117.677986,0,8.604882
2019,23.0,-7.75,2.3343022,118.72129,0,8.403487
2019,23.0,-7.5,2.3451684,120.91544,0,8.442606
2019,23.0,-7.25,2.3874607,120.37649,0,8.594858
2019,23.0,-7.0,2.416838,118.79464,0,8.700616
2019,23.0,-6.75,2.4165697,117.35586,0,8.699651
2019,23.0,-6.5,2.411385,117.29356,0,8.680986
2019,23.0,-6.25,2.4091246,117.37925,0,8.672849
2019,23.0,-6.0,2.4241848,118.50936,0,8.727065
2019,23.0,-5.75,2.4652908,118.91845,0,8.875047
2019,23.0,-5.5,2.4865925,119.244835,0,8.951733
2019,23.0,-5.25,2.5030951,119.94659,0,9.011143
2019,23.0,-5.0,2.5377915,121.367134,0,9.136049
2019,23.0,-4.75,2.5757504,121.66671,0,9.272701
2019,23.0,-4.5,2.6270378,121.99643,0,9.457335
2019,23.0,-4.25,2.7036512,124.52877,0,9.733144
2019,23.0,-4.0,2.7977545,126.71102,0,10.071916
2019,23.0,-3.75,2.7443068,128.27599,0,9.879504
2019,23.0,-3.5,2.64275,99.87759,0,9.5139
2019,23.0,-3.25,2.6172473,101.085686,0,9.422091
2019,23.0,-3.0,2.6481538,103.8614,0,9.533354
2019,23.0,-2.75,2.6979809,107.74189,0,9.712731
2019,23.0,-2.5,2.5516045,111.17084,0,9.185776
2019,23.0,-2.25,2.4273596,114.91027,0,8.738494
2019,23.0,-2.0,2.436044,117.4905,0,8.769758
2019,23.0,-1.75,2.4516718,117.56733,0,8.826018
2019,23.0,-1.5,2.4713154,117.18052,0,8.896735
2019,23.0,-1.25,2.4713142,117.88802,0,8.89673
2019,23.0,-1.0,2.4769752,117.7322,0,8.91711
2019,23.0,-0.75,2.4733908,117.34451,0,8.904206
2019,23.0,-0.5,2.453716,116.69045,0,8.833378
2019,23.0,-0.25,2.4348655,115.959595,0,8.765515
2019,23.0,0.0,2.4013205,115.65518,0,8.644753
2019,23.0,0.25,2.36366,115.27836,0,8.509176
2019,23.0,0.5,2.3179476,114.785194,0,8.344611
2019,23.0,0.75,2.2583807,114.244225,0,8.13017
2019,23.0,1.0,2.1948404,113.59214,0,7.9014254
2019,23.0,1.25,2.123048,112.78577,0,7.642973
2019,23.0,1.5,2.0506575,111.991585,0,7.3823667
2019,23.0,1.75,1.9547753,112.80335,0,7.037191
2019,23.0,2.0,1.8057634,113.77993,0,6.500748
2019,23.0,2.25,1.6183759,114.18461,0,5.8261533
2019,23.0,2.5,1.4997501,113.78509,0,5.3991003
2019,23.0,2.75,1.420895,113.84528,0,5.115222
2019,23.0,3.0,1.4866915,115.32138,0,5.3520894
2019,23.0,3.25,1.4284209,115.09083,0,5.142315
2019,23.0,3.5,1.3603374,114.74026,0,4.8972144
2019,23.0,3.75,1.2625982,144.51617,0,4.5453534
2019,23.0,4.0,1.1730934,144.61938,0,4.2231364
2019,23.0,4.25,1.093329,150.88234,0,3.9359841
2019,23.0,4.5,1.105693,129.05504,0,3.9804947
2019,23.0,4.75,1.2060707,123.61771,0,4.341854
2019,23.0,5.0,1.407227,115.157326,0,5.066017
2019,23.0,5.25,1.3550726,123.84681,0,4.878261
2019,23.0,5.5,1.4202889,162.96155,0,5.11304
2019,23.0,5.75,1.5768241,182.30334,0,5.6765666
2019,23.0,6.0,1.226201,171.49377,0,4.414324
2019,23.0,6.25,1.097967,149.91203,0,3.9526813
2019,23.0,6.5,1.1513067,153.88316,0,4.1447043
2019,23.0,6.75,1.231791,141.86292,0,4.434448
2019,23.0,7.0,1.3054444,116.10435,0,4.6995997
2019,23.0,7.25,1.4358755,101.20878,0,5.169152
2019,23.0,7.5,1.8829559,102.96906,0,6.778641
2019,23.0,7.75,2.1455498,110.4664,0,7.723979
2019,23.0,8.0,2.0909264,109.826256,0,7.5273347
2019,23.0,8.25,1.8126785,106.32803,0,6.5256424
2019,23.0,8.5,1.6422081,100.62634,0,5.911949
2019,23.0,8.75,1.747048,94.39773,0,6.289373
2019,23.0,9.0,1.8442135,86.51479,0,6.6391683
2019,23.0,9.25,2.0303974,83.268074,0,7.3094306
2019,23.0,9.5,2.2974522,83.956245,0,8.270827
2019,23.0,9.75,2.371611,83.6195,0,8.5378
2019,23.0,10.0,2.4610045,79.17588,0,8.859616
2019,23.0,10.25,2.5851161,76.40972,0,9.306417
2019,23.0,10.5,3.030593,75.81309,0,10.910134
2019,23.0,10.75,3.31547,72.76244,0,11.935692
2019,23.0,11.0,3.3362863,67.61275,0,12.010631
2019,23.0,11.25,3.154648,65.965515,0,11.356732
2019,23.0,11.5,3.1875887,66.12119,0,11.475319
2019,23.0,11.75,3.0218265,66.613335,0,10.878575
2019,23.0,12.0,2.8252418,66.15951,0,10.17087
2019,22.75,-9.0,2.5538387,139.99413,0,9.193819
2019,22.75,-8.75,2.5212126,143.79384,0,9.076365
2019,22.75,-8.5,2.5021439,147.42546,0,9.007718
2019,22.75,-8.25,2.466675,118.64783,0,8.88003
2019,22.75,-8.0,2.417246,118.80957,0,8.7020855
2019,22.75,-7.75,2.3724692,119.12463,0,8.540889
2019,22.75,-7.5,2.4083965,119.75083,0,8.670227
2019,22.75,-7.25,2.4636962,119.00063,0,8.869307
2019,22.75,-7.0,2.4948094,118.01562,0,8.981314
2019,22.75,-6.75,2.498681,118.29391,0,8.995252
2019,22.75,-6.5,2.492346,118.891075,0,8.9724455
2019,22.75,-6.25,2.4727623,119.29946,0,8.901944
2019,22.75,-6.0,2.4732985,120.481445,0,8.903874
2019,22.75,-5.75,2.4919453,121.153786,0,8.971003
2019,22.75,-5.5,2.4951785,121.65277,0,8.982642
2019,22.75,-5.25,2.5070508,122.276146,0,9.025382
2019,22.75,-5.0,2.5319488,122.466225,0,9.115015
2019,22.75,-4.75,2.5494897,122.01377,0,9.178163
2019,22.75,-4.5,2.5599606,121.68357,0,9.2158575
2019,22.75,-4.25,2.633512,124.17694,0,9.480643
2019,22.75,-4.0,2.716942,96.97406,0,9.780992
2019,22.75,-3.75,2.7589366,99.626595,0,9.932172
2019,22.75,-3.5,2.8059404,102.29529,0,10.101385
2019,22.75,-3.25,2.7354937,105.034996,0,9.847777
2019,22.75,-3.0,2.6734526,109.3258,0,9.624429
2019,22.75,-2.75,2.7241027,113.13192,0,9.806769
2019,22.75,-2.5,2.6854532,116.08863,0,9.667631
2019,22.75,-2.25,2.6231327,118.25869,0,9.443277
2019,22.75,-2.0,2.590237,117.74851,0,9.324853
2019,22.75,-1.75,2.5788968,117.36881,0,9.284028
2019,22.75,-1.5,2.561682,117.528534,0,9.2220545
2019,22.75,-1.25,2.5619557,117.93274,0,9.223041
2019,22.75,-1.0,2.5639555,117.71869,0,9.23024
2019,22.75,-0.75,2.554571,117.26354,0,9.196455
2019,22.75,-0.5,2.5386474,116.7503,0,9.139131
2019,22.75,-0.25,2.4836223,116.39744,0,8.94104
2019,22.75,0.0,2.4583447,116.29962,0,8.85004
2019,22.75,0.25,2.4179106,115.969666,0,8.704478
2019,22.75,0.5,2.3647034,115.52952,0,8.512932
2019,22.75,0.75,2.3065321,114.96218,0,8.303515
2019,22.75,1.0,2.238333,114.41352,0,8.057999
2019,22.75,1.25,2.1610854,113.77688,0,7.779907
2019,22.75,1.5,2.0668607,113.072136,0,7.440698
2019,22.75,1.75,1.956778,114.12574,0,7.0444007
2019,22.75,2.0,1.8637174,115.386314,0,6.7093825
2019,22.75,2.25,1.7520591,115.574486,0,6.3074126
2019,22.75,2.5,1.6394113,115.82293,0,5.9018807
2019,22.75,2.75,1.5872062,117.50207,0,5.7139425
2019,22.75,3.0,1.5830106,119.382385,0,5.6988378
2019,22.75,3.25,1.4933165,119.59205,0,5.3759394
2019,22.75,3.5,1.400205,119.65041,0,5.040738
2019,22.75,3.75,1.3367096,152.39825,0,4.8121543
2019,22.75,4.0,1.277839,156.49352,0,4.60022
2019,22.75,4.25,1.272517,133.93977,0,4.581061
2019,22.75,4.5,1.3686491,140.06577,0,4.927137
2019,22.75,4.75,1.4899777,111.54797,0,5.3639197
2019,22.75,5.0,1.6343931,121.58716,0,5.883815
2019,22.75,5.25,1.7230302,122.67754,0,6.2029085
2019,22.75,5.5,1.7407656,136.01132,0,6.266756
2019,22.75,5.75,1.664917,150.65862,0,5.993701
2019,22.75,6.0,1.3450142,135.8012,0,4.842051
2019,22.75,6.25,1.2106727,109.95498,0,4.358422
2019,22.75,6.5,1.2261003,119.698265,0,4.413961
2019,22.75,6.75,1.3495425,121.21805,0,4.8583527
2019,22.75,7.0,1.4712416,98.930885,0,5.2964697
2019,22.75,7.25,1.6974306,102.43423,0,6.11075
2019,22.75,7.5,2.0869296,100.53594,0,7.512946
2019,22.75,7.75,2.3706262,102.706276,0,8.534254
2019,22.75,8.0,2.315359,103.17642,0,8.335293
2019,22.75,8.25,2.045871,99.07703,0,7.3651357
2019,22.75,8.5,1.830798,94.215614,0,6.590873
2019,22.75,8.75,1.8850651,89.34432,0,6.786234
2019,22.75,9.0,1.9654475,84.72621,0,7.075611
2019,22.75,9.25,2.1180608,81.80085,0,7.6250186
2019,22.75,9.5,2.4300854,82.65241,0,8.748307
2019,22.75,9.75,2.5430512,82.01058,0,9.154984
2019,22.75,10.0,2.4678934,79.18604,0,8.884416
2019,22.75,10.25,2.5296814,75.850204,0,9.106853
2019,22.75,10.5,2.90255,73.91097,0,10.44918
2019,22.75,10.75,3.2380145,70.08634,0,11.656852
2019,22.75,11.0,3.3111649,65.075554,0,11.920193
2019,22.75,11.25,3.5368783,62.273956,0,12.732761
2019,22.75,11.5,3.6924343,62.022533,0,13.292763
2019,22.75,11.75,3.330142,63.03957,0,11.988511
2019,22.75,12.0,2.983302,62.828888,0,10.739887
2019,22.5,-9.0,2.4701257,169.75432,0,8.892452
2019,22.5,-8.75,2.481307,144.36891,0,8.932705
2019,22.5,-8.5,2.53604,147.61287,0,9.129744
2019,22.5,-8.25,2.5137908,148.98763,0,9.049646
2019,22.5,-8.0,2.4795444,148.6389,0,8.926359
2019,22.5,-7.75,2.4632144,148.47252,0,8.867572
2019,22.5,-7.5,2.4970133,118.370056,0,8.989247
2019,22.5,-7.25,2.528657,118.92153,0,9.103165
2019,22.5,-7.0,2.5540009,118.985596,0,9.194403
2019,22.5,-6.75,2.5561135,119.64002,0,9.202008
2019,22.5,-6.5,2.5538912,120.279236,0,9.194008
2019,22.5,-6.25,2.5498557,120.550514,0,9.179481
2019,22.5,-6.0,2.5596344,121.22708,0,9.214684
2019,22.5,-5.75,2.557942,121.63465,0,9.2085905
2019,22.5,-5.5,2.5495694,152.06146,0,9.17845
2019,22.5,-5.25,2.5601513,151.43239,0,9.216544
2019,22.5,-5.0,2.548519,150.44658,0,9.174667
2019,22.5,-4.75,2.5400407,148.55278,0,9.144146
2019,22.5,-4.5,2.5089748,147.5766,0,9.032309
2019,22.5,-4.25,2.4748302,147.50836,0,8.909389
2019,22.5,-4.0,2.57495,119.73306,0,9.269819
2019,22.5,-3.75,2.6587029,111.62522,0,9.57133
2019,22.5,-3.5,2.7668903,111.04783,0,9.960805
2019,22.5,-3.25,2.8137856,111.74163,0,10.129628
2019,22.5,-3.0,2.7146103,113.31292,0,9.772597
2019,22.5,-2.75,2.7158263,116.85276,0,9.776975
2019,22.5,-2.5,2.745372,118.88989,0,9.883339
2019,22.5,-2.25,2.7263098,119.37015,0,9.814715
2019,22.5,-2.0,2.7036219,118.09788,0,9.733039
2019,22.5,-1.75,2.681503,117.541046,0,9.653411
2019,22.5,-1.5,2.6646416,117.82876,0,9.59271
2019,22.5,-1.25,2.6540914,117.84182,0,9.5547285
2019,22.5,-1.0,2.650046,117.676735,0,9.540166
2019,22.5,-0.75,2.6194952,117.72082,0,9.430182
2019,22.5,-0.5,2.5873678,117.374146,0,9.314524
2019,22.5,-0.25,2.5332177,117.09669,0,9.119583
2019,22.5,0.0,2.5085843,116.94869,0,9.030903
2019,22.5,0.25,2.4669282,116.70225,0,8.880941
2019,22.5,0.5,2.4132116,116.292015,0,8.687561
2019,22.5,0.75,2.347204,115.72,0,8.449934
2019,22.5,1.0,2.2806008,115.193214,0,8.210162
2019,22.5,1.25,2.2103708,114.836975,0,7.9573345
2019,22.5,1.5,2.1114776,114.43179,0,7.6013193
2019,22.5,1.75,1.996173,115.094604,0,7.1862226
2019,22.5,2.0,1.9081858,115.985016,0,6.8694687
2019,22.5,2.25,1.8257807,116.317055,0,6.5728106
2019,22.5,2.5,1.748476,118.1196,0,6.2945137
2019,22.5,2.75,1.6958641,120.16607,0,6.1051106
2019,22.5,3.0,1.6185122,122.66742,0,5.8266435
2019,22.5,3.25,1.5325626,123.72577,0,5.5172253
2019,22.5,3.5,1.4504986,154.97618,0,5.2217946
2019,22.5,3.75,1.4367762,159.19829,0,5.1723943
2019,22.5,4.0,1.4409391,164.82549,0,5.1873803
2019,22.5,4.25,1.550015,139.39134,0,5.580054
2019,22.5,4.5,1.6768628,113.06262,0,6.036706
2019,22.5,4.75,1.8116131,110.058655,0,6.5218067
2019,22.5,5.0,1.8925194,132.3768,0,6.8130693
2019,22.5,5.25,1.9854187,122.10998,0,7.147507
2019,22.5,5.5,1.9740855,140.75883,0,7.1067076
2019,22.5,5.75,1.8212038,128.70135,0,6.5563335
2019,22.5,6.0,1.6059084,121.27572,0,5.78127
2019,22.5,6.25,1.4064431,122.73996,0,5.063195
2019,22.5,6.5,1.3192935,126.27466,0,4.7494564
2019,22.5,6.75,1.4796904,125.51901,0,5.326885
2019,22.5,7.0,1.6876281,108.88383,0,6.0754614
2019,22.5,7.25,1.8606547,100.93052,0,6.6983566
2019,22.5,7.5,2.2214847,96.46655,0,7.9973445
2019,22.5,7.75,2.5020957,92.56543,0,9.0075445
2019,22.5,8.0,2.4973671,91.108025,0,8.990521
2019,22.5,8.25,2.2540581,87.15338,0,8.114609
2019,22.5,8.5,2.1191723,86.80247,0,7.62902
2019,22.5,8.75,2.0930283,85.53733,0,7.5349016
2019,22.5,9.0,2.0646746,86.00256,0,7.4328284
2019,22.5,9.25,2.1921508,83.69408,0,7.8917427
2019,22.5,9.5,2.441046,82.46517,0,8.7877655
2019,22.5,9.75,2.6162658,80.59879,0,9.418556
2019,22.5,10.0,2.5780985,77.54203,0,9.281155
2019,22.5,10.25,2.591944,73.94549,0,9.330998
2019,22.5,10.5,2.8662274,70.643036,0,10.3184185
2019,22.5,10.75,3.1732073,67.65902,0,11.423546
2019,22.5,11.0,3.3635902,63.753475,0,12.108925
2019,22.5,11.25,3.6079862,61.271107,0,12.98875
2019,22.5,11.5,3.7437344,61.279343,0,13.477444
2019,22.5,11.75,3.4370682,61.03043,0,12.3734455
2019,22.5,12.0,3.1413043,57.62785,0,11.308695
2019,22.25,-9.0,2.4443452,170.40913,0,8.799643
2019,22.25,-8.75,2.4679956,143.34093,0,8.884784
2019,22.25,-8.5,2.5273015,147.0783,0,9.098286
2019,22.25,-8.25,2.5609748,148.39534,0,9.219509
2019,22.25,-8.0,2.536177,148.0617,0,9.130237
2019,22.25,-7.75,2.527423,148.09218,0,9.098722
2019,22.25,-7.5,2.5342758,148.60088,0,9.123392
2019,22.25,-7.25,2.565409,149.16736,0,9.235472
2019,22.25,-7.0,2.5953147,149.37508,0,9.343133
2019,22.25,-6.75,2.5990894,149.80717,0,9.356722
2019,22.25,-6.5,2.620447,149.85251,0,9.433609
2019,22.25,-6.25,2.646265,149.76395,0,9.526554
2019,22.25,-6.0,2.6730976,149.58345,0,9.623151
2019,22.25,-5.75,2.6941366,149.23817,0,9.698892
2019,22.25,-5.5,2.6927063,148.12033,0,9.693743
2019,22.25,-5.25,2.692931,147.39563,0,9.694551
2019,22.25,-5.0,2.6749036,145.83769,0,9.629653
2019,22.25,-4.75,2.622095,144.7047,0,9.439542
2019,22.25,-4.5,2.5736473,144.44049,0,9.26513
2019,22.25,-4.25,2.5199769,144.80714,0,9.071917
2019,22.25,-4.0,2.486533,144.62688,0,8.951518
2019,22.25,-3.75,2.5626028,114.77936,0,9.225369
2019,22.25,-3.5,2.6117249,114.91868,0,9.402209
2019,22.25,-3.25,2.7220917,115.02222,0,9.79953
2019,22.25,-3.0,2.692393,116.35482,0,9.692615
2019,22.25,-2.75,2.7218122,118.94398,0,9.798524
2019,22.25,-2.5,2.760046,120.61063,0,9.936166
2019,22.25,-2.25,2.7953203,119.6858,0,10.063152
2019,22.25,-2.0,2.786441,118.088196,0,10.031188
2019,22.25,-1.75,2.7785757,117.51516,0,10.002872
2019,22.25,-1.5,2.782231,117.929344,0,10.016031
2019,22.25,-1.25,2.7665513,117.90177,0,9.959584
2019,22.25,-1.0,2.7319295,117.62072,0,9.834946
2019,22.25,-0.75,2.700989,117.67706,0,9.72356
2019,22.25,-0.5,2.6607807,117.93908,0,9.57881
2019,22.25,-0.25,2.610842,117.6839,0,9.399031
2019,22.25,0.0,2.555146,117.257835,0,9.198525
2019,22.25,0.25,2.5106332,117.18271,0,9.03828
2019,22.25,0.5,2.463123,117.0991,0,8.867243
2019,22.25,0.75,2.3957493,116.5496,0,8.624698
2019,22.25,1.0,2.3155696,115.872246,0,8.33605
2019,22.25,1.25,2.2484267,115.54675,0,8.094336
2019,22.25,1.5,2.156507,115.56051,0,7.763425
2019,22.25,1.75,2.037815,116.075615,0,7.336134
2019,22.25,2.0,1.9402218,116.80871,0,6.9847984
2019,22.25,2.25,1.8472137,117.91616,0,6.649969
2019,22.25,2.5,1.7726374,119.79998,0,6.3814945
2019,22.25,2.75,1.6867691,122.50568,0,6.0723686
2019,22.25,3.0,1.6063484,125.34317,0,5.782854
2019,22.25,3.25,1.5247425,127.18325,0,5.489073
2019,22.25,3.5,1.4969369,160.5508,0,5.3889728
2019,22.25,3.75,1.5199524,164.58504,0,5.4718285
2019,22.25,4.0,1.6229483,167.86165,0,5.8426137
2019,22.25,4.25,1.7511836,170.98457,0,6.3042607
2019,22.25,4.5,1.8997846,111.912544,0,6.8392243
2019,22.25,4.75,2.0648406,109.216835,0,7.433426
2019,22.25,5.0,2.13016,132.44695,0,7.6685762
2019,22.25,5.25,2.1336758,124.12124,0,7.681233
2019,22.25,5.5,2.1230671,143.58476,0,7.6430416
2019,22.25,5.75,2.0895731,137.60266,0,7.5224633
2019,22.25,6.0,1.866083,131.4767,0,6.717899
2019,22.25,6.25,1.675059,129.4394,0,6.030212
2019,22.25,6.5,1.5375661,130.57133,0,5.535238
2019,22.25,6.75,1.728022,109.03123,0,6.220879
2019,22.25,7.0,1.8922869,111.78886,0,6.8122325
2019,22.25,7.25,2.0775182,93.38027,0,7.4790654
2019,22.25,7.5,2.2587135,91.20074,0,8.131369
2019,22.25,7.75,2.5440123,87.23523,0,9.158444
2019,22.25,8.0,2.6261156,82.92004,0,9.454016
2019,22.25,8.25,2.5151517,81.83436,0,9.054546
2019,22.25,8.5,2.3758125,82.21389,0,8.552925
2019,22.25,8.75,2.2488678,86.451904,0,8.095923
2019,22.25,9.0,2.218798,87.242485,0,7.9876723
2019,22.25,9.25,2.1806405,86.45868,0,7.8503056
2019,22.25,9.5,2.348171,83.58437,0,8.453415
2019,22.25,9.75,2.5799515,79.708206,0,9.287826
2019,22.25,10.0,2.6469233,75.88075,0,9.528924
2019,22.25,10.25,2.6476667,72.181145,0,9.5316
2019,22.25,10.5,2.7518768,68.775856,0,9.906756
2019,22.25,10.75,3.0434582,65.61939,0,10.9564495
2019,22.25,11.0,3.2378604,62.90744,0,11.656298
2019,22.25,11.25,3.4421558,60.87578,0,12.391761
2019,22.25,11.5,3.5475655,61.026142,0,12.771235
2019,22.25,11.75,3.5453815,60.549206,0,12.763373
2019,22.25,12.0,3.2475874,56.93991,0,11.691315
2019,22.0,-9.0,2.518222,170.32715,0,9.065599
2019,22.0,-8.75,2.5337725,172.5905,0,9.121581
2019,22.0,-8.5,2.561283,145.5601,0,9.220619
2019,22.0,-8.25,2.606523,147.41786,0,9.383483
2019,22.0,-8.0,2.5879776,147.88521,0,9.316719
2019,22.0,-7.75,2.5757034,148.85222,0,9.2725315
2019,22.0,-7.5,2.5646098,149.20409,0,9.2325945
2019,22.0,-7.25,2.5656326,148.96492,0,9.236277
2019,22.0,-7.0,2.5992506,148.65251,0,9.357302
2019,22.0,-6.75,2.6448996,147.96095,0,9.521638
2019,22.0,-6.5,2.6932619,147.28464,0,9.695743
2019,22.0,-6.25,2.7434397,146.88321,0,9.876383
2019,22.0,-6.0,2.8023055,146.31378,0,10.0883
2019,22.0,-5.75,2.8321686,145.74068,0,10.1958065
2019,22.0,-5.5,2.8468063,116.07679,0,10.248503
2019,22.0,-5.25,2.8590667,115.85502,0,10.29264
2019,22.0,-5.0,2.8753605,115.050545,0,10.351297
2019,22.0,-4.75,2.796006,114.37728,0,10.065621
2019,22.0,-4.5,2.738144,114.46647,0,9.857318
2019,22.0,-4.25,2.7058527,114.48544,0,9.74107
2019,22.0,-4.0,2.6576664,114.65625,0,9.567599
2019,22.0,-3.75,2.5883427,114.90702,0,9.318033
2019,22.0,-3.5,2.5432882,115.4266,0,9.155837
2019,22.0,-3.25,2.5512602,116.77981,0,9.184537
2019,22.0,-3.0,2.6535864,118.81518,0,9.552911
2019,22.0,-2.75,2.7295172,120.36526,0,9.8262615
2019,22.0,-2.5,2.8187292,119.97589,0,10.147425
2019,22.0,-2.25,2.8667355,118.888115,0,10.320248
2019,22.0,-2.0,2.8715923,117.77068,0,10.337732
2019,22.0,-1.75,2.8693292,117.12695,0,10.329585
2019,22.0,-1.5,2.8803585,117.86044,0,10.36929
2019,22.0,-1.25,2.866538,118.2989,0,10.319537
2019,22.0,-1.0,2.8301516,117.86074,0,10.188545
2019,22.0,-0.75,2.779403,117.66998,0,10.005851
2019,22.0,-0.5,2.736496,117.97289,0,9.851385
2019,22.0,-0.25,2.679662,118.20913,0,9.646783
2019,22.0,0.0,2.5833194,117.69592,0,9.29995
2019,22.0,0.25,2.5276399,117.75158,0,9.0995035
2019,22.0,0.5,2.4900029,117.837135,0,8.96401
2019,22.0,0.75,2.4410777,117.52543,0,8.78788
2019,22.0,1.0,2.3577642,116.88279,0,8.487951
2019,22.0,1.25,2.263213,116.566444,0,8.147566
2019,22.0,1.5,2.166976,116.79134,0,7.801113
2019,22.0,1.75,2.0618985,117.52427,0,7.4228344
2019,22.0,2.0,1.9446812,118.24351,0,7.000852
2019,22.0,2.25,1.8503226,119.55569,0,6.6611614
2019,22.0,2.5,1.7585007,121.8491,0,6.330602
2019,22.0,2.75,1.6775693,125.00864,0,6.0392494
2019,22.0,3.0,1.5930796,127.62803,0,5.7350864
2019,22.0,3.25,1.4851784,160.24756,0,5.346642
2019,22.0,3.5,1.4932275,164.39436,0,5.375619
2019,22.0,3.75,1.5940685,167.29498,0,5.7386465
2019,22.0,4.0,1.7120813,169.05235,0,6.1634927
2019,22.0,4.25,1.823383,168.85109,0,6.5641785
2019,22.0,4.5,1.9691724,138.9751,0,7.0890203
2019,22.0,4.75,2.1242929,137.0093,0,7.6474543
2019,22.0,5.0,2.1956482,160.97667,0,7.904333
2019,22.0,5.25,2.1862018,153.93156,0,7.8703265
2019,22.0,5.5,2.1889136,149.40388,0,7.880089
2019,22.0,5.75,2.1591756,144.42223,0,7.773032
2019,22.0,6.0,2.137456,141.2284,0,7.6948414
2019,22.0,6.25,2.0197082,138.17963,0,7.2709494
2019,22.0,6.5,1.9105431,137.55559,0,6.877955
2019,22.0,6.75,1.953792,115.28763,0,7.033651
2019,22.0,7.0,2.0989933,69.357216,0,7.5563755
2019,22.0,7.25,2.2656054,81.491875,0,8.156179
2019,22.0,7.5,2.4289372,84.640076,0,8.744174
2019,22.0,7.75,2.6331832,86.26487,0,9.47946
2019,22.0,8.0,2.800453,82.85296,0,10.081631
2019,22.0,8.25,2.7462428,80.86802,0,9.886474
2019,22.0,8.5,2.5970602,83.339066,0,9.349417
2019,22.0,8.75,2.459072,87.69851,0,8.852659
2019,22.0,9.0,2.3517287,90.545166,0,8.466223
2019,22.0,9.25,2.27725,90.37075,0,8.1981
2019,22.0,9.5,2.215108,84.709236,0,7.974388
2019,22.0,9.75,2.4434404,78.85548,0,8.796386
2019,22.0,10.0,2.5670125,74.46177,0,9.241245
2019,22.0,10.25,2.6543133,70.26986,0,9.555528
2019,22.0,10.5,2.7396498,66.96618,0,9.862739
2019,22.0,10.75,2.8476467,64.81587,0,10.251528
2019,22.0,11.0,3.0204828,61.860188,0,10.873737
2019,22.0,11.25,3.1885712,60.41399,0,11.478856
2019,22.0,11.5,3.3201272,60.7213,0,11.952457
2019,22.0,11.75,3.4047706,60.926174,0,12.257174
2019,22.0,12.0,3.3811328,60.65323,0,12.172078
2019,21.75,-9.0,2.6575217,170.84796,0,9.567078
2019,21.75,-8.75,2.6488216,172.03986,0,9.535757
2019,21.75,-8.5,2.652075,144.25237,0,9.54747
2019,21.75,-8.25,2.6605306,147.2743,0,9.577909
2019,21.75,-8.0,2.6401541,148.59515,0,9.504555
2019,21.75,-7.75,2.6396542,149.63661,0,9.502755
2019,21.75,-7.5,2.6214254,149.22133,0,9.437131
2019,21.75,-7.25,2.613269,148.17844,0,9.407768
2019,21.75,-7.0,2.619071,146.81082,0,9.428656
2019,21.75,-6.75,2.664029,145.81691,0,9.590504
2019,21.75,-6.5,2.7343395,145.5043,0,9.843622
2019,21.75,-6.25,2.796399,145.25638,0,10.067037
2019,21.75,-6.0,2.8464277,144.72102,0,10.247139
2019,21.75,-5.75,2.8411477,114.67228,0,10.228131
2019,21.75,-5.5,2.862136,115.44584,0,10.303689
2019,21.75,-5.25,2.9312608,116.07838,0,10.552539
2019,21.75,-5.0,3.0001166,115.50409,0,10.80042
2019,21.75,-4.75,2.9875343,114.63745,0,10.755123
2019,21.75,-4.5,2.934673,114.67423,0,10.564823
2019,21.75,-4.25,2.8948462,114.961235,0,10.421446
2019,21.75,-4.0,2.8677807,115.57224,0,10.32401
2019,21.75,-3.75,2.8068259,115.994286,0,10.104573
2019,21.75,-3.5,2.710476,115.97638,0,9.757713
2019,21.75,-3.25,2.5934994,117.05886,0,9.336597
2019,21.75,-3.0,2.675271,119.4607,0,9.630976
2019,21.75,-2.75,2.7835264,119.89542,0,10.020695
2019,21.75,-2.5,2.878394,119.30157,0,10.362218
2019,21.75,-2.25,2.9242392,118.514305,0,10.527261
2019,21.75,-2.0,2.929342,117.64728,0,10.545631
2019,21.75,-1.75,2.9026403,117.09711,0,10.449505
2019,21.75,-1.5,2.9029124,118.252106,0,10.450484
2019,21.75,-1.25,2.8981676,118.974815,0,10.433403
2019,21.75,-1.0,2.8404274,118.03249,0,10.225538
2019,21.75,-0.75,2.7794323,117.79714,0,10.005956
2019,21.75,-0.5,2.7395356,118.98727,0,9.862328
2019,21.75,-0.25,2.7008293,119.996254,0,9.722985
2019,21.75,0.0,2.588994,119.20109,0,9.320378
2019,21.75,0.25,2.5040588,118.62921,0,9.014611
2019,21.75,0.5,2.4548948,118.451195,0,8.837621
2019,21.75,0.75,2.4273,118.31231,0,8.738279
2019,21.75,1.0,2.378425,118.020134,0,8.562329
2019,21.75,1.25,2.2858143,117.80298,0,8.228931
2019,21.75,1.5,2.1663055,118.36997,0,7.7987
2019,21.75,1.75,2.062391,119.39846,0,7.4246078
2019,21.75,2.0,1.9403795,120.47354,0,6.985366
2019,21.75,2.25,1.8275652,122.3193,0,6.5792346
2019,21.75,2.5,1.7404336,124.86576,0,6.2655606
2019,21.75,2.75,1.6749245,127.54321,0,6.029728
2019,21.75,3.0,1.6122783,130.3249,0,5.804202
2019,21.75,3.25,1.4656458,162.32831,0,5.2763247
2019,21.75,3.5,1.4885211,166.88394,0,5.358676
2019,21.75,3.75,1.6320127,169.02095,0,5.8752456
2019,21.75,4.0,1.755432,168.61417,0,6.3195553
2019,21.75,4.25,1.8472338,166.91634,0,6.6500416
2019,21.75,4.5,1.9406282,165.6342,0,6.9862614
2019,21.75,4.75,2.0977807,134.37407,0,7.5520105
2019,21.75,5.0,2.1527972,158.64021,0,7.7500696
2019,21.75,5.25,2.1437852,154.86186,0,7.7176266
2019,21.75,5.5,2.172052,152.19191,0,7.8193865
2019,21.75,5.75,2.2153409,150.10869,0,7.975227
2019,21.75,6.0,2.2327905,147.72926,0,8.038046
2019,21.75,6.25,2.2156146,145.68456,0,7.976212
2019,21.75,6.5,2.10954,143.499,0,7.5943437
2019,21.75,6.75,2.0567572,119.214775,0,7.404326
2019,21.75,7.0,2.172571,68.69817,0,7.821255
2019,21.75,7.25,2.361102,76.174355,0,8.499968
2019,21.75,7.5,2.5568619,81.827484,0,9.204702
2019,21.75,7.75,2.7287624,85.32729,0,9.8235445
2019,21.75,8.0,2.828873,85.60986,0,10.183942
2019,21.75,8.25,2.8017082,84.33333,0,10.086149
2019,21.75,8.5,2.7335663,86.316734,0,9.840838
2019,21.75,8.75,2.7023823,89.5061,0,9.728576
2019,21.75,9.0,2.5805216,91.806435,0,9.289878
2019,21.75,9.25,2.3349411,90.399025,0,8.405787
2019,21.75,9.5,2.1321127,84.19713,0,7.675606
2019,21.75,9.75,2.2985327,78.32645,0,8.274717
2019,21.75,10.0,2.4661987,73.53656,0,8.878315
2019,21.75,10.25,2.5750725,69.20932,0,9.270261
2019,21.75,10.5,2.6477067,66.253265,0,9.531744
2019,21.75,10.75,2.726328,64.32921,0,9.81478
2019,21.75,11.0,2.8202002,62.79512,0,10.15272
2019,21.75,11.25,2.9280157,61.518208,0,10.540856
2019,21.75,11.5,3.1536703,61.443684,0,11.353212
2019,21.75,11.75,3.28302,63.487564,0,11.8188715
2019,21.75,12.0,3.3040695,64.354675,0,11.8946495
2019,21.5,-9.0,2.6912215,171.25832,0,9.688397
2019,21.5,-8.75,2.692379,172.28123,0,9.692564
2019,21.5,-8.5,2.7089758,144.0062,0,9.752313
2019,21.5,-8.25,2.7334893,148.35275,0,9.840561
2019,21.5,-8.0,2.7384498,149.86415,0,9.858419
2019,21.5,-7.75,2.7424324,149.68599,0,9.872756
2019,21.5,-7.5,2.7340171,148.66249,0,9.842462
2019,21.5,-7.25,2.7146435,147.04982,0,9.7727165
2019,21.5,-7.0,2.6995442,145.72493,0,9.718359
2019,21.5,-6.75,2.70911,145.25423,0,9.752796
2019,21.5,-6.5,2.7577927,145.2683,0,9.928054
2019,21.5,-6.25,2.7905142,145.06767,0,10.045851
2019,21.5,-6.0,2.7909143,114.69727,0,10.047291
2019,21.5,-5.75,2.761843,114.99186,0,9.942635
2019,21.5,-5.5,2.7839186,116.144196,0,10.022107
2019,21.5,-5.25,2.870671,117.12948,0,10.334415
2019,21.5,-5.0,2.9563391,116.858185,0,10.64282
2019,21.5,-4.75,2.9836867,116.19211,0,10.741272
2019,21.5,-4.5,2.9822588,115.9927,0,10.736132
2019,21.5,-4.25,2.9672482,116.00594,0,10.682094
2019,21.5,-4.0,2.9519231,116.47583,0,10.626923
2019,21.5,-3.75,2.9375055,116.97079,0,10.57502
2019,21.5,-3.5,2.9050884,117.1757,0,10.458318
2019,21.5,-3.25,2.8144329,117.662575,0,10.131958
2019,21.5,-3.0,2.8105586,118.598755,0,10.1180105
2019,21.5,-2.75,2.8700082,118.64676,0,10.332029
2019,21.5,-2.5,2.9313965,118.39493,0,10.553027
2019,21.5,-2.25,2.9750671,118.06354,0,10.710241
2019,21.5,-2.0,2.979168,117.61562,0,10.725004
2019,21.5,-1.75,2.9260216,117.184845,0,10.533677
2019,21.5,-1.5,2.8934348,118.82009,0,10.416365
2019,21.5,-1.25,2.9070318,119.711006,0,10.465314
2019,21.5,-1.0,2.8314857,118.76476,0,10.193349
2019,21.5,-0.75,2.7401,118.776,0,9.86436
2019,21.5,-0.5,2.6961114,120.41007,0,9.706001
2019,21.5,-0.25,2.6994827,121.92246,0,9.718138
2019,21.5,0.0,2.6316237,121.098145,0,9.4738455
2019,21.5,0.25,2.5006282,120.11735,0,9.002261
2019,21.5,0.5,2.416323,119.34076,0,8.698762
2019,21.5,0.75,2.3779001,118.89449,0,8.56044
2019,21.5,1.0,2.3394105,118.7665,0,8.421878
2019,21.5,1.25,2.2630775,119.085884,0,8.1470785
2019,21.5,1.5,2.1503239,120.226906,0,7.7411656
2019,21.5,1.75,2.0382483,122.19961,0,7.3376937
2019,21.5,2.0,1.9190611,124.01211,0,6.90862
2019,21.5,2.25,1.8079,126.15473,0,6.5084395
2019,21.5,2.5,1.7153124,128.79388,0,6.175124
2019,21.5,2.75,1.65336,132.03523,0,5.952096
2019,21.5,3.0,1.6128572,133.43317,0,5.806286
2019,21.5,3.25,1.501635,161.54893,0,5.4058857
2019,21.5,3.5,1.5210868,164.71387,0,5.4759126
2019,21.5,3.75,1.6887523,167.59279,0,6.0795083
2019,21.5,4.0,1.8128661,167.02322,0,6.5263176
2019,21.5,4.25,1.8502145,163.99248,0,6.660772
2019,21.5,4.5,1.8756624,161.07036,0,6.7523847
2019,21.5,4.75,2.0147483,130.19604,0,7.2530937
2019,21.5,5.0,2.0964532,155.94434,0,7.547231
2019,21.5,5.25,2.0992856,153.62054,0,7.557428
2019,21.5,5.5,2.1520145,152.25182,0,7.747252
2019,21.5,5.75,2.2061632,150.00609,0,7.9421873
2019,21.5,6.0,2.2125337,147.74649,0,7.9651213
2019,21.5,6.25,2.1685302,118.56771,0,7.806709
2019,21.5,6.5,2.084732,119.73501,0,7.5050354
2019,21.5,6.75,2.058637,90.168915,0,7.4110928
2019,21.5,7.0,2.159198,67.2747,0,7.773113
2019,21.5,7.25,2.347861,75.171906,0,8.452299
2019,21.5,7.5,2.5623646,81.69737,0,9.224512
2019,21.5,7.75,2.7259216,86.08553,0,9.813317
2019,21.5,8.0,2.746868,88.45092,0,9.888724
2019,21.5,8.25,2.7268302,88.23596,0,9.816588
2019,21.5,8.5,2.8012753,88.82183,0,10.084591
2019,21.5,8.75,2.8238351,89.829765,0,10.165806
2019,21.5,9.0,2.6950996,89.888954,0,9.702358
2019,21.5,9.25,2.415384,87.73063,0,8.695382
2019,21.5,9.5,2.1140015,83.00251,0,7.6104054
2019,21.5,9.75,2.144602,77.07715,0,7.720567
2019,21.5,10.0,2.329522,72.6435,0,8.386278
2019,21.5,10.25,2.4638784,69.36315,0,8.869962
2019,21.5,10.5,2.5297813,66.84192,0,9.107213
2019,21.5,10.75,2.5758328,64.7051,0,9.272998
2019,21.5,11.0,2.652894,62.943512,0,9.550418
2019,21.5,11.25,2.7281392,62.008106,0,9.8213005
2019,21.5,11.5,2.9297295,62.600666,0,10.547026
2019,21.5,11.75,3.0843465,64.491486,0,11.103647
2019,21.5,12.0,3.1845229,65.61759,0,11.464282
2019,21.25,-9.0,2.7217162,141.75783,0,9.798178
2019,21.25,-8.75,2.7254925,171.89693,0,9.811772
2019,21.25,-8.5,2.7324314,172.74036,0,9.836753
2019,21.25,-8.25,2.775232,150.41762,0,9.990835
2019,21.25,-8.0,2.808633,151.26393,0,10.111079
2019,21.25,-7.75,2.8089647,150.6863,0,10.112273
2019,21.25,-7.5,2.8217707,119.14388,0,10.158374
2019,21.25,-7.25,2.8182719,117.565025,0,10.145779
2019,21.25,-7.0,2.8003654,116.53771,0,10.081315
2019,21.25,-6.75,2.7822437,116.14921,0,10.016077
2019,21.25,-6.5,2.7963398,115.923195,0,10.066823
2019,21.25,-6.25,2.812133,115.772026,0,10.123679
2019,21.25,-6.0,2.8030226,115.781654,0,10.090881
2019,21.25,-5.75,2.767268,116.233154,0,9.962164
2019,21.25,-5.5,2.7688043,117.25121,0,9.967695
2019,21.25,-5.25,2.83193,118.1155,0,10.194947
2019,21.25,-5.0,2.8820498,117.92541,0,10.375379
2019,21.25,-4.75,2.902954,117.422615,0,10.450635
2019,21.25,-4.5,2.91832,117.25232,0,10.505952
2019,21.25,-4.25,2.9402313,117.4224,0,10.584832
2019,21.25,-4.0,2.9438763,117.78424,0,10.597955
2019,21.25,-3.75,2.9508018,118.11672,0,10.622887
2019,21.25,-3.5,2.9441128,118.35909,0,10.598805
2019,21.25,-3.25,2.9449766,118.36239,0,10.601915
2019,21.25,-3.0,2.9403741,118.361694,0,10.585346
2019,21.25,-2.75,2.938113,118.30956,0,10.577207
2019,21.25,-2.5,2.9297907,118.23578,0,10.547246
2019,21.25,-2.25,2.942478,118.07461,0,10.59292
2019,21.25,-2.0,2.9387195,117.80239,0,10.57939
2019,21.25,-1.75,2.9064934,117.475586,0,10.463376
2019,21.25,-1.5,2.8889315,118.70492,0,10.400153
2019,21.25,-1.25,2.9286811,119.60819,0,10.543252
2019,21.25,-1.0,2.8810349,119.1802,0,10.371725
2019,21.25,-0.75,2.8007126,119.41717,0,10.082565
2019,21.25,-0.5,2.7462273,120.75143,0,9.886418
2019,21.25,-0.25,2.740964,121.98743,0,9.86747
2019,21.25,0.0,2.7232897,122.092896,0,9.803843
2019,21.25,0.25,2.6259382,121.77319,0,9.453377
2019,21.25,0.5,2.506388,119.86967,0,9.022996
2019,21.25,0.75,2.406359,118.560844,0,8.662892
2019,21.25,1.0,2.3323267,118.84414,0,8.396376
2019,21.25,1.25,2.2404642,120.72385,0,8.065671
2019,21.25,1.5,2.1220963,122.89551,0,7.6395464
2019,21.25,1.75,2.0143945,125.61264,0,7.25182
2019,21.25,2.0,1.929212,128.21852,0,6.945163
2019,21.25,2.25,1.8271452,130.42432,0,6.5777225
2019,21.25,2.5,1.7083966,132.56451,0,6.1502275
2019,21.25,2.75,1.629469,135.79645,0,5.8660884
2019,21.25,3.0,1.6400656,137.09007,0,5.904236
2019,21.25,3.25,1.6923186,163.84877,0,6.0923467
2019,21.25,3.5,1.7103572,165.532,0,6.1572857
2019,21.25,3.75,1.7815161,167.77888,0,6.413458
2019,21.25,4.0,1.8460113,165.95834,0,6.6456404
2019,21.25,4.25,1.8345288,160.66696,0,6.6043034
2019,21.25,4.5,1.8469172,156.29597,0,6.6489015
2019,21.25,4.75,1.9918083,126.230385,0,7.17051
2019,21.25,5.0,2.0941207,125.21241,0,7.5388346
2019,21.25,5.25,2.0704377,152.42702,0,7.4535756
2019,21.25,5.5,2.093654,151.17696,0,7.5371537
2019,21.25,5.75,2.1513107,149.23438,0,7.744718
2019,21.25,6.0,2.1998322,117.70862,0,7.919396
2019,21.25,6.25,2.2044141,119.408905,0,7.9358907
2019,21.25,6.5,2.2465808,61.038868,0,8.08769
2019,21.25,6.75,2.2502646,59.985092,0,8.100952
2019,21.25,7.0,2.2774832,65.275345,0,8.198939
2019,21.25,7.25,2.3635554,74.44561,0,8.5088
2019,21.25,7.5,2.541043,81.96233,0,9.147755
2019,21.25,7.75,2.7030747,85.64831,0,9.731069
2019,21.25,8.0,2.752662,87.0209,0,9.909583
2019,21.25,8.25,2.7089517,87.40983,0,9.752226
2019,21.25,8.5,2.7894413,88.46047,0,10.041988
2019,21.25,8.75,2.849837,88.71698,0,10.259413
2019,21.25,9.0,2.769581,87.54183,0,9.970491
2019,21.25,9.25,2.4955807,84.968475,0,8.98409
2019,21.25,9.5,2.1249611,80.98028,0,7.64986
2019,21.25,9.75,2.0111687,75.73916,0,7.240207
2019,21.25,10.0,2.1625519,71.9074,0,7.785187
2019,21.25,10.25,2.3258052,69.17813,0,8.372898
2019,21.25,10.5,2.4085453,67.12136,0,8.670763
2019,21.25,10.75,2.42569,65.74526,0,8.732484
2019,21.25,11.0,2.4581683,64.39252,0,8.849405
2019,21.25,11.25,2.54401,63.005493,0,9.158436
2019,21.25,11.5,2.6385949,63.60964,0,9.498941
2019,21.25,11.75,2.8132517,64.2377,0,10.127706
2019,21.25,12.0,2.995794,64.215965,0,10.784859
2019,21.0,-9.0,2.7928827,141.72844,0,10.054378
2019,21.0,-8.75,2.7754233,140.97115,0,9.991524
2019,21.0,-8.5,2.7642481,139.17842,0,9.951293
2019,21.0,-8.25,2.7925599,127.122314,0,10.053215
2019,21.0,-8.0,2.8113604,124.15045,0,10.120897
2019,21.0,-7.75,2.8094637,122.58979,0,10.114069
2019,21.0,-7.5,2.8192682,120.31571,0,10.149365
2019,21.0,-7.25,2.833432,118.787025,0,10.200355
2019,21.0,-7.0,2.8469431,118.10079,0,10.248995
2019,21.0,-6.75,2.8431132,117.642235,0,10.235208
2019,21.0,-6.5,2.8114455,116.99564,0,10.121203
2019,21.0,-6.25,2.8087788,117.11529,0,10.111604
2019,21.0,-6.0,2.8112402,117.39321,0,10.120464
2019,21.0,-5.75,2.797691,117.6542,0,10.071688
2019,21.0,-5.5,2.80229,118.32551,0,10.0882435
2019,21.0,-5.25,2.8392127,118.49268,0,10.221166
2019,21.0,-5.0,2.8836339,118.2465,0,10.381082
2019,21.0,-4.75,2.8979032,118.01825,0,10.432451
2019,21.0,-4.5,2.8962882,117.84003,0,10.426637
2019,21.0,-4.25,2.9189293,117.97595,0,10.508145
2019,21.0,-4.0,2.954408,118.17103,0,10.635868
2019,21.0,-3.75,2.9769707,118.44486,0,10.717094
2019,21.0,-3.5,3.002077,118.66691,0,10.807477
2019,21.0,-3.25,3.010186,118.68206,0,10.836669
2019,21.0,-3.0,3.0137193,118.76629,0,10.849389
2019,21.0,-2.75,2.9986343,118.66549,0,10.795083
2019,21.0,-2.5,2.9851534,118.51272,0,10.746552
2019,21.0,-2.25,2.954324,118.22407,0,10.635566
2019,21.0,-2.0,2.9267921,117.84784,0,10.536451
2019,21.0,-1.75,2.8642933,117.57925,0,10.311456
2019,21.0,-1.5,2.814945,118.64652,0,10.133801
2019,21.0,-1.25,2.8543308,119.87774,0,10.275591
2019,21.0,-1.0,2.859483,119.98592,0,10.294139
2019,21.0,-0.75,2.8038228,120.124306,0,10.093761
2019,21.0,-0.5,2.7710788,120.93296,0,9.9758835
2019,21.0,-0.25,2.760523,122.18301,0,9.937882
2019,21.0,0.0,2.7555504,123.4688,0,9.919981
2019,21.0,0.25,2.6996324,122.97291,0,9.718677
2019,21.0,0.5,2.5798967,119.982155,0,9.287628
2019,21.0,0.75,2.4556978,118.85915,0,8.840511
2019,21.0,1.0,2.3195405,120.44522,0,8.350346
2019,21.0,1.25,2.2211516,123.222046,0,7.9961457
2019,21.0,1.5,2.0975175,126.609314,0,7.5510626
2019,21.0,1.75,2.0117185,129.31554,0,7.2421865
2019,21.0,2.0,1.9429092,131.80266,0,6.994473
2019,21.0,2.25,1.8691883,133.10071,0,6.729078
2019,21.0,2.5,1.7628981,134.77538,0,6.346433
2019,21.0,2.75,1.6610266,166.50926,0,5.979696
2019,21.0,3.0,1.6274041,167.98766,0,5.8586545
2019,21.0,3.25,1.6797395,167.37807,0,6.047062
2019,21.0,3.5,1.7939407,137.52307,0,6.458186
2019,21.0,3.75,1.855759,166.57747,0,6.6807323
2019,21.0,4.0,1.8224629,160.77,0,6.5608664
2019,21.0,4.25,1.7964486,154.8629,0,6.4672146
2019,21.0,4.5,1.8319839,152.72667,0,6.595142
2019,21.0,4.75,2.0158503,124.887024,0,7.257061
2019,21.0,5.0,2.121742,125.04728,0,7.638271
2019,21.0,5.25,2.0809138,151.90723,0,7.4912896
2019,21.0,5.5,2.0923107,150.63603,0,7.532318
2019,21.0,5.75,2.1342235,119.35355,0,7.683204
2019,21.0,6.0,2.1846201,118.01359,0,7.864632
2019,21.0,6.25,2.287899,119.48377,0,8.236436
2019,21.0,6.5,2.4169257,60.008667,0,8.7009325
2019,21.0,6.75,2.4163218,60.509266,0,8.698758
2019,21.0,7.0,2.3815823,66.50597,0,8.573696
2019,21.0,7.25,2.4414134,74.45042,0,8.789088
2019,21.0,7.5,2.5494647,81.126205,0,9.178073
2019,21.0,7.75,2.6783295,84.8142,0,9.641986
2019,21.0,8.0,2.7727134,86.53922,0,9.981768
2019,21.0,8.25,2.750474,90.910675,0,9.901706
2019,21.0,8.5,2.776517,94.29362,0,9.9954605
2019,21.0,8.75,2.7765532,96.23354,0,9.995591
2019,21.0,9.0,2.670378,94.43467,0,9.61336
2019,21.0,9.25,2.3891656,87.684654,0,8.600996
2019,21.0,9.5,2.0439475,79.438446,0,7.3582106
2019,21.0,9.75,1.9036032,73.23647,0,6.8529716
2019,21.0,10.0,1.9834634,71.41749,0,7.140468
2019,21.0,10.25,2.1369605,69.05362,0,7.6930575
2019,21.0,10.5,2.2553666,67.231415,0,8.119319
2019,21.0,10.75,2.3004737,65.74175,0,8.281705
2019,21.0,11.0,2.2906852,65.1943,0,8.246467
2019,21.0,11.25,2.3465042,63.926636,0,8.447415
2019,21.0,11.5,2.436639,64.85541,0,8.7719
2019,21.0,11.75,2.596204,65.56536,0,9.346334
2019,21.0,12.0,2.7875614,65.2126,0,10.035221
2019,20.75,-9.0,2.857974,142.35258,0,10.288707
2019,20.75,-8.75,2.8411248,141.50203,0,10.228049
2019,20.75,-8.5,2.8396103,136.04578,0,10.222597
2019,20.75,-8.25,2.831933,129.04146,0,10.194959
2019,20.75,-8.0,2.826297,126.14197,0,10.174669
2019,20.75,-7.75,2.8313863,123.96499,0,10.19299
2019,20.75,-7.5,2.8494816,121.70046,0,10.258134
2019,20.75,-7.25,2.8517332,120.48391,0,10.266239
2019,20.75,-7.0,2.8728888,120.06946,0,10.3424
2019,20.75,-6.75,2.8770096,119.30255,0,10.357234
2019,20.75,-6.5,2.8359327,118.70963,0,10.209357
2019,20.75,-6.25,2.8132105,118.792366,0,10.127558
2019,20.75,-6.0,2.8120422,119.12302,0,10.123352
2019,20.75,-5.75,2.8053858,119.17089,0,10.099389
2019,20.75,-5.5,2.7982767,118.85262,0,10.073795
2019,20.75,-5.25,2.8143957,118.8439,0,10.1318245
2019,20.75,-5.0,2.841092,118.60022,0,10.227931
2019,20.75,-4.75,2.8548615,118.47058,0,10.277501
2019,20.75,-4.5,2.863448,118.263466,0,10.308413
2019,20.75,-4.25,2.887701,118.16632,0,10.395723
2019,20.75,-4.0,2.920683,118.39312,0,10.514459
2019,20.75,-3.75,2.9769335,118.69759,0,10.71696
2019,20.75,-3.5,3.016712,119.03072,0,10.860163
2019,20.75,-3.25,3.043646,119.15249,0,10.957126
2019,20.75,-3.0,3.0607939,119.181175,0,11.018858
2019,20.75,-2.75,3.057722,119.020386,0,11.007799
2019,20.75,-2.5,3.0507777,118.74447,0,10.9828
2019,20.75,-2.25,3.0271504,118.531555,0,10.897741
2019,20.75,-2.0,2.9709713,118.35435,0,10.695497
2019,20.75,-1.75,2.8825743,118.44483,0,10.377267
2019,20.75,-1.5,2.8190248,119.11163,0,10.148489
2019,20.75,-1.25,2.8313742,119.98398,0,10.192946
2019,20.75,-1.0,2.8370216,120.098785,0,10.213278
2019,20.75,-0.75,2.8034952,120.24186,0,10.092583
2019,20.75,-0.5,2.7744296,121.26531,0,9.9879465
2019,20.75,-0.25,2.7611096,123.15867,0,9.939994
2019,20.75,0.0,2.7514627,124.54525,0,9.905266
2019,20.75,0.25,2.7195475,123.43029,0,9.790371
2019,20.75,0.5,2.5975282,121.00109,0,9.351101
2019,20.75,0.75,2.4329293,121.06683,0,8.758545
2019,20.75,1.0,2.3054879,123.614174,0,8.299756
2019,20.75,1.25,2.208852,127.12595,0,7.951867
2019,20.75,1.5,2.1096509,130.3381,0,7.594743
2019,20.75,1.75,2.0362017,132.80103,0,7.330326
2019,20.75,2.0,1.9823809,134.66014,0,7.136571
2019,20.75,2.25,1.883412,135.39366,0,6.780283
2019,20.75,2.5,1.7952849,136.62976,0,6.4630256
2019,20.75,2.75,1.7170008,167.1121,0,6.181203
2019,20.75,3.0,1.6538259,167.93636,0,5.953773
2019,20.75,3.25,1.6740855,168.04124,0,6.0267076
2019,20.75,3.5,1.7740313,167.62965,0,6.3865123
2019,20.75,3.75,1.8839661,163.98317,0,6.7822776
2019,20.75,4.0,1.8660806,156.00154,0,6.7178903
2019,20.75,4.25,1.76859,151.1812,0,6.366924
2019,20.75,4.5,1.8328911,152.76543,0,6.5984077
2019,20.75,4.75,2.050923,126.47519,0,7.383323
2019,20.75,5.0,2.1449683,95.9765,0,7.7218857
2019,20.75,5.25,2.109657,123.00494,0,7.594765
2019,20.75,5.5,2.107121,121.5115,0,7.585635
2019,20.75,5.75,2.1442683,119.05099,0,7.7193656
2019,20.75,6.0,2.2038388,117.2514,0,7.93382
2019,20.75,6.25,2.2946932,118.11933,0,8.260896
2019,20.75,6.5,2.4234364,59.09625,0,8.724371
2019,20.75,6.75,2.4335334,61.15102,0,8.76072
2019,20.75,7.0,2.4294007,67.5303,0,8.745842
2019,20.75,7.25,2.5102763,74.92792,0,9.036995
2019,20.75,7.5,2.6100643,81.82932,0,9.396231
2019,20.75,7.75,2.678858,85.99381,0,9.643888
2019,20.75,8.0,2.7470477,89.776276,0,9.889371
2019,20.75,8.25,2.8015347,95.62018,0,10.085525
2019,20.75,8.5,2.8928947,102.32602,0,10.414421
2019,20.75,8.75,2.8429916,106.77392,0,10.23477
2019,20.75,9.0,2.4946907,104.639,0,8.980886
2019,20.75,9.25,2.119675,93.79657,0,7.6308293
2019,20.75,9.5,1.8400826,82.120735,0,6.624297
2019,20.75,9.75,1.7409896,74.12777,0,6.2675624
2019,20.75,10.0,1.8156561,70.17627,0,6.5363617
2019,20.75,10.25,1.9537406,67.64516,0,7.033466
2019,20.75,10.5,2.0675533,66.111206,0,7.4431915
2019,20.75,10.75,2.1533895,65.41034,0,7.752202
2019,20.75,11.0,2.1630225,65.42038,0,7.786881
2019,20.75,11.25,2.1959884,64.48242,0,7.905558
2019,20.75,11.5,2.293457,65.56436,0,8.256445
2019,20.75,11.75,2.42827,67.31585,0,8.741772
2019,20.75,12.0,2.6260471,67.39579,0,9.45377
2019,20.5,-9.0,2.9431994,142.606,0,10.595517
2019,20.5,-8.75,2.937378,140.90756,0,10.57456
2019,20.5,-8.5,2.967723,136.17818,0,10.683803
2019,20.5,-8.25,2.9401634,129.54445,0,10.584588
2019,20.5,-8.0,2.886473,126.897255,0,10.391302
2019,20.5,-7.75,2.9000642,124.63162,0,10.440231
2019,20.5,-7.5,2.897607,123.41447,0,10.431385
2019,20.5,-7.25,2.903104,122.52692,0,10.451175
2019,20.5,-7.0,2.9132817,121.515015,0,10.487814
2019,20.5,-6.75,2.921466,120.61886,0,10.517278
2019,20.5,-6.5,2.903697,120.53393,0,10.453309
2019,20.5,-6.25,2.8539436,120.40142,0,10.274197
2019,20.5,-6.0,2.8385355,120.46308,0,10.218728
2019,20.5,-5.75,2.8175707,119.945335,0,10.143254
2019,20.5,-5.5,2.8110416,119.627464,0,10.119749
2019,20.5,-5.25,2.803383,119.325836,0,10.092179
2019,20.5,-5.0,2.8152096,119.04598,0,10.134754
2019,20.5,-4.75,2.8340454,118.79131,0,10.202563
2019,20.5,-4.5,2.8486602,118.561035,0,10.255177
2019,20.5,-4.25,2.8700879,118.38885,0,10.332316
2019,20.5,-4.0,2.8923748,118.55173,0,10.412549
2019,20.5,-3.75,2.9447253,118.858734,0,10.60101
2019,20.5,-3.5,2.9985335,119.181244,0,10.794721
2019,20.5,-3.25,3.0365193,119.38987,0,10.931469
2019,20.5,-3.0,3.0758946,119.538536,0,11.07322
2019,20.5,-2.75,3.0844867,119.37207,0,11.104152
2019,20.5,-2.5,3.0803769,119.10549,0,11.089356
2019,20.5,-2.25,3.0624797,118.867676,0,11.024927
2019,20.5,-2.0,3.022791,119.10154,0,10.882047
2019,20.5,-1.75,2.9610462,119.68457,0,10.659766
2019,20.5,-1.5,2.8876927,119.70266,0,10.395694
2019,20.5,-1.25,2.859107,119.32941,0,10.292785
2019,20.5,-1.0,2.8622053,119.61019,0,10.303939
2019,20.5,-0.75,2.810962,120.789314,0,10.119463
2019,20.5,-0.5,2.7660573,121.98871,0,9.957806
2019,20.5,-0.25,2.7428968,123.883354,0,9.874428
2019,20.5,0.0,2.7444317,125.02012,0,9.879954
2019,20.5,0.25,2.701423,123.54887,0,9.725122
2019,20.5,0.5,2.5944865,122.4281,0,9.340151
2019,20.5,0.75,2.4455817,123.29409,0,8.804093
2019,20.5,1.0,2.349466,96.66355,0,8.458077
2019,20.5,1.25,2.2638988,100.72592,0,8.150036
2019,20.5,1.5,2.165801,103.21537,0,7.7968836
2019,20.5,1.75,2.0928545,105.29478,0,7.534276
2019,20.5,2.0,2.0436618,136.72072,0,7.3571825
2019,20.5,2.25,1.9473723,136.62523,0,7.01054
2019,20.5,2.5,1.8359586,167.16289,0,6.609451
2019,20.5,2.75,1.7708665,167.71188,0,6.375119
2019,20.5,3.0,1.7392945,167.14076,0,6.2614603
2019,20.5,3.25,1.7734123,164.89645,0,6.3842845
2019,20.5,3.5,1.8745412,163.95808,0,6.748348
2019,20.5,3.75,1.8876203,160.09245,0,6.795433
2019,20.5,4.0,1.8713814,153.30424,0,6.736973
2019,20.5,4.25,1.7869319,152.33076,0,6.432955
2019,20.5,4.5,1.8653393,126.375084,0,6.7152214
2019,20.5,4.75,2.0940592,98.34564,0,7.538613
2019,20.5,5.0,2.1718976,95.84045,0,7.8188314
2019,20.5,5.25,2.1471756,123.57522,0,7.7298317
2019,20.5,5.5,2.1532788,121.93087,0,7.7518034
2019,20.5,5.75,2.191977,119.26257,0,7.891117
2019,20.5,6.0,2.1885235,117.28977,0,7.8786845
2019,20.5,6.25,2.2464514,117.124016,0,8.087225
2019,20.5,6.5,2.354554,58.96742,0,8.476394
2019,20.5,6.75,2.4076483,62.22375,0,8.667534
2019,20.5,7.0,2.4279478,68.14016,0,8.740612
2019,20.5,7.25,2.498545,74.459404,0,8.994761
2019,20.5,7.5,2.5862849,80.38552,0,9.310625
2019,20.5,7.75,2.587179,84.92568,0,9.313844
2019,20.5,8.0,2.6279132,90.03889,0,9.460487
2019,20.5,8.25,2.7392569,98.55508,0,9.861324
2019,20.5,8.5,2.8447914,106.27018,0,10.241249
2019,20.5,8.75,2.6739538,113.71548,0,9.626233
2019,20.5,9.0,2.1782904,113.024925,0,7.841845
2019,20.5,9.25,1.7296416,97.87757,0,6.2267094
2019,20.5,9.5,1.647903,82.98193,0,5.9324503
2019,20.5,9.75,1.5909134,73.68757,0,5.7272882
2019,20.5,10.0,1.6239556,68.4905,0,5.84624
2019,20.5,10.25,1.7551421,65.83578,0,6.3185115
2019,20.5,10.5,1.8916272,64.89098,0,6.809858
2019,20.5,10.75,1.9913298,64.51612,0,7.168787
2019,20.5,11.0,2.0467432,65.08765,0,7.368275
2019,20.5,11.25,2.085818,64.92283,0,7.508945
2019,20.5,11.5,2.1890137,65.98283,0,7.8804493
2019,20.5,11.75,2.3475115,67.87225,0,8.451041
2019,20.5,12.0,2.5307744,68.474785,0,9.110787
2019,20.25,-9.0,3.0273724,111.98969,0,10.8985405
2019,20.25,-8.75,2.9838674,108.64297,0,10.741922
2019,20.25,-8.5,3.0143034,134.52113,0,10.851492
2019,20.25,-8.25,3.0337064,130.12408,0,10.921343
2019,20.25,-8.0,2.984951,127.706085,0,10.745824
2019,20.25,-7.75,2.9407704,126.12179,0,10.586773
2019,20.25,-7.5,2.9388428,125.056,0,10.579834
2019,20.25,-7.25,2.9481761,124.04266,0,10.613434
2019,20.25,-7.0,2.9398031,122.5922,0,10.583291
2019,20.25,-6.75,2.927304,121.70394,0,10.538294
2019,20.25,-6.5,2.9722564,122.38639,0,10.700123
2019,20.25,-6.25,2.931997,122.15037,0,10.555189
2019,20.25,-6.0,2.8972044,121.29197,0,10.429935
2019,20.25,-5.75,2.8761995,120.79005,0,10.354318
2019,20.25,-5.5,2.8541164,120.14614,0,10.274819
2019,20.25,-5.25,2.8465996,119.89221,0,10.247758
2019,20.25,-5.0,2.8366091,119.40796,0,10.211793
2019,20.25,-4.75,2.8520925,119.10554,0,10.267532
2019,20.25,-4.5,2.8690407,118.88528,0,10.328547
2019,20.25,-4.25,2.891444,118.686066,0,10.409198
2019,20.25,-4.0,2.9119046,118.73752,0,10.482856
2019,20.25,-3.75,2.935334,118.79652,0,10.567202
2019,20.25,-3.5,2.9894397,119.12164,0,10.761983
2019,20.25,-3.25,3.0298588,119.61557,0,10.907492
2019,20.25,-3.0,3.0695505,119.76098,0,11.050382
2019,20.25,-2.75,3.0841086,119.829216,0,11.102791
2019,20.25,-2.5,3.0789511,119.56115,0,11.084224
2019,20.25,-2.25,3.0498521,119.24703,0,10.979467
2019,20.25,-2.0,3.0415742,120.1404,0,10.949667
2019,20.25,-1.75,3.0125391,120.87255,0,10.84514
2019,20.25,-1.5,2.949193,119.5602,0,10.617095
2019,20.25,-1.25,2.9213784,119.19098,0,10.516962
2019,20.25,-1.0,2.877559,120.584595,0,10.359212
2019,20.25,-0.75,2.8279095,121.82123,0,10.180474
2019,20.25,-0.5,2.7265294,123.06531,0,9.815505
2019,20.25,-0.25,2.6894083,124.70295,0,9.6818695
2019,20.25,0.0,2.7036371,125.10018,0,9.733093
2019,20.25,0.25,2.6352572,123.267845,0,9.486926
2019,20.25,0.5,2.5526898,93.12799,0,9.189683
2019,20.25,0.75,2.4984252,96.17083,0,8.99433
2019,20.25,1.0,2.4171255,100.01585,0,8.701652
2019,20.25,1.25,2.3277867,103.79716,0,8.380032
2019,20.25,1.5,2.2356336,106.606285,0,8.048281
2019,20.25,1.75,2.1653216,108.064415,0,7.7951574
2019,20.25,2.0,2.1250143,109.347145,0,7.650051
2019,20.25,2.25,2.0708234,138.30534,0,7.454964
2019,20.25,2.5,1.938283,166.86484,0,6.9778185
2019,20.25,2.75,1.8592709,167.09418,0,6.693375
2019,20.25,3.0,1.8566813,166.1982,0,6.6840525
2019,20.25,3.25,1.8983898,164.15796,0,6.8342032
2019,20.25,3.5,1.9587284,131.13814,0,7.051422
2019,20.25,3.75,1.9882883,157.1996,0,7.157838
2019,20.25,4.0,1.9440502,155.41527,0,6.9985805
2019,20.25,4.25,1.8696266,156.10736,0,6.7306557
2019,20.25,4.5,1.9357471,100.3854,0,6.9686894
2019,20.25,4.75,2.1377926,100.11997,0,7.696053
2019,20.25,5.0,2.2082458,97.07926,0,7.9496846
2019,20.25,5.25,2.199864,95.43061,0,7.91951
2019,20.25,5.5,2.209245,93.920876,0,7.953282
2019,20.25,5.75,2.216426,91.84225,0,7.979133
2019,20.25,6.0,2.2132232,119.673256,0,7.967603
2019,20.25,6.25,2.1748493,119.232,0,7.8294573
2019,20.25,6.5,2.2487767,60.874664,0,8.095595
2019,20.25,6.75,2.3105652,64.66404,0,8.318034
2019,20.25,7.0,2.3367093,68.87195,0,8.412153
2019,20.25,7.25,2.3766708,74.29694,0,8.556015
2019,20.25,7.5,2.3860476,77.908134,0,8.589771
2019,20.25,7.75,2.376216,82.44962,0,8.554378
2019,20.25,8.0,2.4268942,88.450645,0,8.736819
2019,20.25,8.25,2.5326653,97.38758,0,9.117595
2019,20.25,8.5,2.4060771,102.83542,0,8.661878
2019,20.25,8.75,2.1282547,111.40121,0,7.6617165
2019,20.25,9.0,1.6143875,110.21494,0,5.8117948
2019,20.25,9.25,1.380046,92.68055,0,4.9681654
2019,20.25,9.5,1.4299212,77.20231,0,5.147716
2019,20.25,9.75,1.4936606,70.98147,0,5.3771777
2019,20.25,10.0,1.5341278,65.56414,0,5.52286
2019,20.25,10.25,1.5863279,63.61928,0,5.71078
2019,20.25,10.5,1.7177682,62.981262,0,6.183965
2019,20.25,10.75,1.8442723,63.13371,0,6.63938
2019,20.25,11.0,1.9293551,64.05273,0,6.945678
2019,20.25,11.25,2.0144832,64.75292,0,7.2521396
2019,20.25,11.5,2.1101196,66.06029,0,7.5964303
2019,20.25,11.75,2.2758114,68.10898,0,8.192921
2019,20.25,12.0,2.43236,69.12353,0,8.756495
2019,20.0,-9.0,3.0726721,110.63602,0,11.06162
2019,20.0,-8.75,2.9678023,106.20828,0,10.684088
2019,20.0,-8.5,2.9428604,103.04954,0,10.594297
2019,20.0,-8.25,3.0033445,100.7858,0,10.81204
2019,20.0,-8.0,3.0393827,99.06315,0,10.941777
2019,20.0,-7.75,2.9960136,97.81137,0,10.785649
2019,20.0,-7.5,2.9924545,96.75537,0,10.772836
2019,20.0,-7.25,3.0042953,125.69042,0,10.815463
2019,20.0,-7.0,2.9504135,123.898155,0,10.621489
2019,20.0,-6.75,2.908501,123.04376,0,10.470603
2019,20.0,-6.5,2.981022,123.95535,0,10.731679
2019,20.0,-6.25,3.013981,123.69699,0,10.850331
2019,20.0,-6.0,2.976139,122.66006,0,10.714101
2019,20.0,-5.75,2.9516134,121.55776,0,10.625808
2019,20.0,-5.5,2.9292662,120.96372,0,10.545358
2019,20.0,-5.25,2.922863,120.34579,0,10.522306
2019,20.0,-5.0,2.9070723,119.88308,0,10.46546
2019,20.0,-4.75,2.9059725,119.37952,0,10.461501
2019,20.0,-4.5,2.9211476,119.10038,0,10.516131
2019,20.0,-4.25,2.94458,118.89331,0,10.600488
2019,20.0,-4.0,2.964049,118.76998,0,10.670576
2019,20.0,-3.75,2.9788752,118.77183,0,10.72395
2019,20.0,-3.5,2.9942148,119.0625,0,10.779173
2019,20.0,-3.25,3.0345056,119.567505,0,10.92422
2019,20.0,-3.0,3.0637732,120.08976,0,11.029583
2019,20.0,-2.75,3.0792036,120.22229,0,11.085133
2019,20.0,-2.5,3.064254,120.0307,0,11.031314
2019,20.0,-2.25,3.0166986,119.75292,0,10.860115
2019,20.0,-2.0,3.0108776,120.987366,0,10.839159
2019,20.0,-1.75,3.0403922,122.072,0,10.945412
2019,20.0,-1.5,2.9696271,120.457924,0,10.690658
2019,20.0,-1.25,2.8453703,118.99351,0,10.243333
2019,20.0,-1.0,2.8007572,120.43998,0,10.082726
2019,20.0,-0.75,2.7965012,123.74127,0,10.067404
2019,20.0,-0.5,2.6936255,125.174416,0,9.697051
2019,20.0,-0.25,2.6127741,125.185814,0,9.405987
2019,20.0,0.0,2.6161027,124.865974,0,9.41797
2019,20.0,0.25,2.534633,122.83991,0,9.124679
2019,20.0,0.5,2.485836,94.32487,0,8.94901
2019,20.0,0.75,2.4565725,98.183556,0,8.843661
2019,20.0,1.0,2.432759,104.21517,0,8.757933
2019,20.0,1.25,2.3570573,108.54539,0,8.485406
2019,20.0,1.5,2.2706037,110.72666,0,8.174173
2019,20.0,1.75,2.2056665,112.30753,0,7.940399
2019,20.0,2.0,2.2025855,112.78655,0,7.9293075
2019,20.0,2.25,2.1930177,111.59931,0,7.8948636
2019,20.0,2.5,2.0737813,168.98174,0,7.4656124
2019,20.0,2.75,1.9443961,167.62325,0,6.999826
2019,20.0,3.0,1.95056,137.27623,0,7.0220156
2019,20.0,3.25,1.9924865,135.54152,0,7.172951
2019,20.0,3.5,2.057632,102.78672,0,7.407475
2019,20.0,3.75,2.1023846,101.438515,0,7.5685844
2019,20.0,4.0,2.0590215,100.7406,0,7.412477
2019,20.0,4.25,2.013038,101.20709,0,7.2469363
2019,20.0,4.5,2.042025,103.60636,0,7.35129
2019,20.0,4.75,2.1924028,102.78774,0,7.89265
2019,20.0,5.0,2.2268102,100.39212,0,8.016517
2019,20.0,5.25,2.2331462,99.12943,0,8.039326
2019,20.0,5.5,2.2425022,98.42554,0,8.073008
2019,20.0,5.75,2.2474015,96.33077,0,8.090645
2019,20.0,6.0,2.2031639,94.4488,0,7.93139
2019,20.0,6.25,2.1517239,94.01853,0,7.746206
2019,20.0,6.5,2.1326692,65.71932,0,7.677609
2019,20.0,6.75,2.152782,69.05891,0,7.750015
2019,20.0,7.0,2.1623096,71.96826,0,7.7843146
2019,20.0,7.25,2.1673923,74.93508,0,7.802612
2019,20.0,7.5,2.156534,78.22676,0,7.763522
2019,20.0,7.75,2.3043363,84.335365,0,8.29561
2019,20.0,8.0,2.3617337,89.815796,0,8.502241
2019,20.0,8.25,2.5772665,91.82074,0,9.278159
2019,20.0,8.5,2.3621702,94.85785,0,8.503813
2019,20.0,8.75,1.7808658,94.453766,0,6.4111166
2019,20.0,9.0,1.2992079,85.95535,0,4.6771483
2019,20.0,9.25,1.2911645,76.08257,0,4.648192
2019,20.0,9.5,1.320619,70.81461,0,4.754228
2019,20.0,9.75,1.4152573,64.83866,0,5.0949264
2019,20.0,10.0,1.4685091,62.819103,0,5.2866325
2019,20.0,10.25,1.5209794,60.964233,0,5.475526
2019,20.0,10.5,1.5873551,60.301117,0,5.7144785
2019,20.0,10.75,1.7044878,60.79129,0,6.136156
2019,20.0,11.0,1.8263992,62.67333,0,6.575037
2019,20.0,11.25,1.9560107,64.01789,0,7.0416384
2019,20.0,11.5,2.0511987,65.92184,0,7.384315
2019,20.0,11.75,2.2026765,68.315315,0,7.9296355
2019,20.0,12.0,2.3496122,69.44598,0,8.458604
2019,19.75,-9.0,3.1040118,109.1767,0,11.174442
2019,19.75,-8.75,2.9845216,105.31207,0,10.744278
2019,19.75,-8.5,2.9402173,103.25779,0,10.584782
2019,19.75,-8.25,2.9643881,101.924965,0,10.671797
2019,19.75,-8.0,3.0184038,100.654816,0,10.866253
2019,19.75,-7.75,3.0520613,99.4881,0,10.98742
2019,19.75,-7.5,3.066231,98.39389,0,11.038431
2019,19.75,-7.25,3.071318,97.09261,0,11.056745
2019,19.75,-7.0,3.0114062,95.44117,0,10.841062
2019,19.75,-6.75,2.942518,94.39706,0,10.593064
2019,19.75,-6.5,2.9772236,94.972145,0,10.718005
2019,19.75,-6.25,3.0396564,94.77267,0,10.942762
2019,19.75,-6.0,3.0445042,123.58541,0,10.960215
2019,19.75,-5.75,3.020075,122.47174,0,10.87227
2019,19.75,-5.5,3.0051212,121.679726,0,10.818436
2019,19.75,-5.25,3.0001268,121.065575,0,10.800456
2019,19.75,-5.0,2.9904604,120.31024,0,10.765657
2019,19.75,-4.75,2.9891357,119.642975,0,10.760888
2019,19.75,-4.5,2.9888477,119.09574,0,10.759851
2019,19.75,-4.25,2.9936285,118.86149,0,10.777062
2019,19.75,-4.0,3.0061586,118.81628,0,10.82217
2019,19.75,-3.75,3.010105,118.89724,0,10.836377
2019,19.75,-3.5,3.0196412,119.18801,0,10.8707075
2019,19.75,-3.25,3.0284564,119.62164,0,10.902443
2019,19.75,-3.0,3.0521212,120.177704,0,10.987636
2019,19.75,-2.75,3.0602868,120.62299,0,11.017032
2019,19.75,-2.5,3.046034,120.50415,0,10.965722
2019,19.75,-2.25,2.9863641,120.57479,0,10.750911
2019,19.75,-2.0,2.9475641,121.711525,0,10.611231
2019,19.75,-1.75,2.9919136,122.909294,0,10.770888
2019,19.75,-1.5,2.9254427,121.59936,0,10.531593
2019,19.75,-1.25,2.779063,119.88729,0,10.004626
2019,19.75,-1.0,2.685793,121.35727,0,9.668855
2019,19.75,-0.75,2.6895351,125.20472,0,9.682326
2019,19.75,-0.5,2.6644287,126.65522,0,9.591943
2019,19.75,-0.25,2.568218,125.51718,0,9.2455845
2019,19.75,0.0,2.52572,153.91154,0,9.092591
2019,19.75,0.25,2.4387193,151.43651,0,8.779389
2019,19.75,0.5,2.3865435,93.145226,0,8.591557
2019,19.75,0.75,2.3877697,72.01167,0,8.595971
2019,19.75,1.0,2.3937285,79.98035,0,8.617422
2019,19.75,1.25,2.363908,82.94004,0,8.510069
2019,19.75,1.5,2.283499,115.0447,0,8.220596
2019,19.75,1.75,2.2294245,116.185486,0,8.025928
2019,19.75,2.0,2.2384694,116.41538,0,8.05849
2019,19.75,2.25,2.2521627,115.80746,0,8.107785
2019,19.75,2.5,2.153448,113.837975,0,7.752413
2019,19.75,2.75,2.0202854,142.40895,0,7.273027
2019,19.75,3.0,1.9835726,141.64653,0,7.140861
2019,19.75,3.25,2.0235517,109.98444,0,7.2847857
2019,19.75,3.5,2.06619,108.74323,0,7.438284
2019,19.75,3.75,2.1126292,108.01578,0,7.605465
2019,19.75,4.0,2.1661751,107.761314,0,7.79823
2019,19.75,4.25,2.1591375,107.53021,0,7.772895
2019,19.75,4.5,2.16506,107.461266,0,7.794216
2019,19.75,4.75,2.233088,106.72613,0,8.039117
2019,19.75,5.0,2.252955,105.236,0,8.110638
2019,19.75,5.25,2.2645795,105.02402,0,8.152486
2019,19.75,5.5,2.2596118,104.36759,0,8.134603
2019,19.75,5.75,2.2227592,102.519875,0,8.001933
2019,19.75,6.0,2.1749227,100.79236,0,7.8297215
2019,19.75,6.25,2.105866,100.80796,0,7.581117
2019,19.75,6.5,2.0497143,72.054115,0,7.3789716
2019,19.75,6.75,2.0242534,73.74205,0,7.287312
2019,19.75,7.0,2.0258653,75.26794,0,7.293115
2019,19.75,7.25,2.022714,77.36951,0,7.2817698
2019,19.75,7.5,2.1955006,82.861244,0,7.903802
2019,19.75,7.75,2.4114256,88.06201,0,8.681132
2019,19.75,8.0,2.7488072,90.213745,0,9.895705
2019,19.75,8.25,3.016825,91.28028,0,10.86057
2019,19.75,8.5,3.0174065,91.897804,0,10.862663
2019,19.75,8.75,2.361598,86.10669,0,8.501753
2019,19.75,9.0,1.5065519,71.15277,0,5.4235864
2019,19.75,9.25,1.3470682,91.24221,0,4.8494453
2019,19.75,9.5,1.2741541,61.161366,0,4.5869546
2019,19.75,9.75,1.3478855,60.2888,0,4.8523874
2019,19.75,10.0,1.4162483,58.72238,0,5.098494
2019,19.75,10.25,1.4854078,57.284077,0,5.347468
2019,19.75,10.5,1.5423783,56.59444,0,5.5525618
2019,19.75,10.75,1.6099147,57.987957,0,5.7956924
2019,19.75,11.0,1.7138199,61.07149,0,6.169751
2019,19.75,11.25,1.8788981,63.819122,0,6.7640333
2019,19.75,11.5,2.007041,66.58567,0,7.2253475
2019,19.75,11.75,2.147292,69.21456,0,7.730251
2019,19.75,12.0,2.2528183,70.900566,0,8.110146
2019,19.5,-9.0,3.18238,108.20896,0,11.456568
2019,19.5,-8.75,3.1064596,105.420494,0,11.183254
2019,19.5,-8.5,3.0528977,103.535706,0,10.990432
2019,19.5,-8.25,3.050682,102.49841,0,10.982455
2019,19.5,-8.0,3.080248,101.43197,0,11.088893
2019,19.5,-7.75,3.1219292,100.39142,0,11.238945
2019,19.5,-7.5,3.13637,99.41744,0,11.290932
2019,19.5,-7.25,3.1297853,98.099884,0,11.267227
2019,19.5,-7.0,3.111914,96.55665,0,11.202889
2019,19.5,-6.75,3.0483873,95.28446,0,10.974194
2019,19.5,-6.5,3.0556648,95.68702,0,11.000393
2019,19.5,-6.25,3.0937288,95.37262,0,11.1374235
2019,19.5,-6.0,3.0968692,94.17593,0,11.148729
2019,19.5,-5.75,3.089678,93.11364,0,11.122841
2019,19.5,-5.5,3.0791194,92.29767,0,11.084829
2019,19.5,-5.25,3.0661156,91.5615,0,11.038016
2019,19.5,-5.0,3.0528555,120.76968,0,10.990279
2019,19.5,-4.75,3.0406513,119.971535,0,10.946344
2019,19.5,-4.5,3.0300233,119.4039,0,10.908084
2019,19.5,-4.25,3.031875,119.0115,0,10.914749
2019,19.5,-4.0,3.0245788,119.07365,0,10.888483
2019,19.5,-3.75,3.0278022,119.240845,0,10.900087
2019,19.5,-3.5,3.0211813,119.42545,0,10.876252
2019,19.5,-3.25,3.0218213,119.771324,0,10.878556
2019,19.5,-3.0,3.0245798,120.17544,0,10.888487
2019,19.5,-2.75,3.020833,120.60733,0,10.874998
2019,19.5,-2.5,3.0103118,121.11817,0,10.837122
2019,19.5,-2.25,2.9709597,121.7767,0,10.695455
2019,19.5,-2.0,2.913892,122.60508,0,10.490011
2019,19.5,-1.75,2.908007,123.430824,0,10.468824
2019,19.5,-1.5,2.8544369,122.67385,0,10.275972
2019,19.5,-1.25,2.715026,151.56099,0,9.774093
2019,19.5,-1.0,2.615799,152.49693,0,9.416876
2019,19.5,-0.75,2.6171498,155.30232,0,9.42174
2019,19.5,-0.5,2.6339056,127.02589,0,9.48206
2019,19.5,-0.25,2.5522635,125.46067,0,9.1881485
2019,19.5,0.0,2.4745982,151.62962,0,8.908553
2019,19.5,0.25,2.3966281,147.92525,0,8.627861
2019,19.5,0.5,2.3352072,88.69817,0,8.406746
2019,19.5,0.75,2.3479137,87.7608,0,8.452489
2019,19.5,1.0,2.4176152,85.04389,0,8.703414
2019,19.5,1.25,2.4121068,86.16647,0,8.683584
2019,19.5,1.5,2.3501961,86.35798,0,8.460706
2019,19.5,1.75,2.3001893,117.75549,0,8.280681
2019,19.5,2.0,2.2938664,119.52642,0,8.257918
2019,19.5,2.25,2.2844102,119.749176,0,8.223877
2019,19.5,2.5,2.1714847,118.82078,0,7.8173447
2019,19.5,2.75,2.0683382,117.496605,0,7.4460173
2019,19.5,3.0,2.0371096,115.7352,0,7.3335943
2019,19.5,3.25,2.0477679,114.32678,0,7.371964
2019,19.5,3.5,2.0747583,113.93696,0,7.4691296
2019,19.5,3.75,2.116426,114.24741,0,7.6191335
2019,19.5,4.0,2.1799858,114.08866,0,7.8479486
2019,19.5,4.25,2.2236927,83.367035,0,8.005293
2019,19.5,4.5,2.2450693,82.6208,0,8.082249
2019,19.5,4.75,2.2614963,111.86501,0,8.141386
2019,19.5,5.0,2.2565305,111.28162,0,8.123509
2019,19.5,5.25,2.2791164,111.02673,0,8.204819
2019,19.5,5.5,2.2662783,109.97449,0,8.158602
2019,19.5,5.75,2.222759,108.396355,0,8.001932
2019,19.5,6.0,2.159393,107.68507,0,7.7738147
2019,19.5,6.25,2.0739787,78.118935,0,7.466323
2019,19.5,6.5,1.9869981,77.41431,0,7.153193
2019,19.5,6.75,1.9337317,77.596436,0,6.961434
2019,19.5,7.0,1.9314419,77.91272,0,6.953191
2019,19.5,7.25,1.9971577,80.0637,0,7.1897674
2019,19.5,7.5,2.2556136,85.51533,0,8.120209
2019,19.5,7.75,2.5838275,86.59671,0,9.301779
2019,19.5,8.0,2.9441679,87.4139,0,10.599004
2019,19.5,8.25,3.1924553,89.21841,0,11.492839
2019,19.5,8.5,3.2455342,91.233086,0,11.683923
2019,19.5,8.75,2.605398,91.72196,0,9.379433
2019,19.5,9.0,1.3200032,79.881935,0,4.7520113
2019,19.5,9.25,1.0895445,116.98395,0,3.9223602
2019,19.5,9.5,1.2262025,81.80924,0,4.414329
2019,19.5,9.75,1.2827649,53.7718,0,4.617954
2019,19.5,10.0,1.390061,53.809986,0,5.0042195
2019,19.5,10.25,1.4615189,53.541645,0,5.261468
2019,19.5,10.5,1.5173593,54.007618,0,5.462493
2019,19.5,10.75,1.5819384,55.849804,0,5.694978
2019,19.5,11.0,1.6407679,60.03404,0,5.9067645
2019,19.5,11.25,1.8004712,64.88601,0,6.481696
2019,19.5,11.5,1.9464194,69.10612,0,7.0071096
2019,19.5,11.75,2.063756,72.90107,0,7.4295216
2019,19.5,12.0,2.175698,74.895935,0,7.832513
2019,19.25,-9.0,3.2285194,107.58612,0,11.622669
2019,19.25,-8.75,3.2477381,105.57337,0,11.691857
2019,19.25,-8.5,3.218344,104.01461,0,11.586038
2019,19.25,-8.25,3.1913872,102.89213,0,11.488994
2019,19.25,-8.0,3.1788657,102.00889,0,11.443916
2019,19.25,-7.75,3.1824245,101.27044,0,11.456728
2019,19.25,-7.5,3.1920614,100.44217,0,11.491421
2019,19.25,-7.25,3.1913273,99.24353,0,11.488778
2019,19.25,-7.0,3.1726863,97.77542,0,11.421671
2019,19.25,-6.75,3.1362867,96.553444,0,11.290632
2019,19.25,-6.5,3.1367557,96.31519,0,11.29232
2019,19.25,-6.25,3.1473033,95.422005,0,11.330292
2019,19.25,-6.0,3.1436262,94.30599,0,11.317054
2019,19.25,-5.75,3.1426938,93.56897,0,11.313697
2019,19.25,-5.5,3.1374776,92.997314,0,11.294919
2019,19.25,-5.25,3.126403,92.2695,0,11.255051
2019,19.25,-5.0,3.1181476,91.40225,0,11.225331
2019,19.25,-4.75,3.104451,90.45519,0,11.1760235
2019,19.25,-4.5,3.081606,89.83643,0,11.0937805
2019,19.25,-4.25,3.067045,119.28364,0,11.041362
2019,19.25,-4.0,3.0426178,119.395874,0,10.9534235
2019,19.25,-3.75,3.0259392,119.49475,0,10.893381
2019,19.25,-3.5,3.0044289,119.53965,0,10.815944
2019,19.25,-3.25,2.9917738,119.70664,0,10.770386
2019,19.25,-3.0,2.9904919,90.08236,0,10.765771
2019,19.25,-2.75,2.9857538,90.66238,0,10.7487135
2019,19.25,-2.5,2.985077,91.44552,0,10.746277
2019,19.25,-2.25,2.988166,92.289085,0,10.757398
2019,19.25,-2.0,2.9433348,92.85742,0,10.596005
2019,19.25,-1.75,2.9007776,123.672554,0,10.442799
2019,19.25,-1.5,2.8426743,93.77213,0,10.233627
2019,19.25,-1.25,2.7250755,92.94663,0,9.810271
2019,19.25,-1.0,2.606017,92.975746,0,9.381661
2019,19.25,-0.75,2.5660975,94.04135,0,9.23795
2019,19.25,-0.5,2.582668,94.129456,0,9.297605
2019,19.25,-0.25,2.535152,121.74683,0,9.126547
2019,19.25,0.0,2.4450452,118.396385,0,8.802162
2019,19.25,0.25,2.348017,146.40858,0,8.452861
2019,19.25,0.5,2.296641,88.05201,0,8.267908
2019,19.25,0.75,2.3685224,91.351845,0,8.52668
2019,19.25,1.0,2.4775207,92.06991,0,8.919074
2019,19.25,1.25,2.5047526,91.163246,0,9.017109
2019,19.25,1.5,2.4573374,91.04847,0,8.846415
2019,19.25,1.75,2.4147584,91.764626,0,8.6931305
2019,19.25,2.0,2.410636,122.05605,0,8.678289
2019,19.25,2.25,2.3630867,122.96985,0,8.507112
2019,19.25,2.5,2.1916068,122.501,0,7.8897843
2019,19.25,2.75,2.1095831,120.206665,0,7.594499
2019,19.25,3.0,2.1181905,118.37589,0,7.625486
2019,19.25,3.25,2.1411238,117.69181,0,7.7080455
2019,19.25,3.5,2.1632102,117.686134,0,7.787556
2019,19.25,3.75,2.1857336,117.64541,0,7.8686404
2019,19.25,4.0,2.2081025,87.21751,0,7.9491687
2019,19.25,4.25,2.2427082,86.92639,0,8.07375
2019,19.25,4.5,2.2880208,86.45874,0,8.236875
2019,19.25,4.75,2.298785,85.84015,0,8.275625
2019,19.25,5.0,2.2859223,85.33435,0,8.22932
2019,19.25,5.25,2.2683077,84.828926,0,8.165908
2019,19.25,5.5,2.2388175,83.82801,0,8.059743
2019,19.25,5.75,2.2036304,83.04004,0,7.933069
2019,19.25,6.0,2.1565177,82.99072,0,7.7634635
2019,19.25,6.25,2.0819075,82.91003,0,7.494867
2019,19.25,6.5,1.9813007,81.70484,0,7.1326823
2019,19.25,6.75,1.8658094,80.48452,0,6.7169137
2019,19.25,7.0,1.8574189,79.91604,0,6.686708
2019,19.25,7.25,1.8975205,81.75263,0,6.8310738
2019,19.25,7.5,2.0247364,84.80141,0,7.289051
2019,19.25,7.75,2.2097719,84.03834,0,7.9551787
2019,19.25,8.0,2.3669713,84.441444,0,8.521096
2019,19.25,8.25,2.4170053,87.05715,0,8.701219
2019,19.25,8.5,2.2822375,87.7536,0,8.216055
2019,19.25,8.75,1.7995006,89.00119,0,6.478202
2019,19.25,9.0,0.8078565,102.02706,0,2.9082832
2019,19.25,9.25,0.464004,158.3902,0,1.6704144
2019,19.25,9.5,0.8085187,177.50903,0,2.9106672
2019,19.25,9.75,1.1139575,128.67928,0,4.0102468
2019,19.25,10.0,1.3271908,105.22976,0,4.7778864
2019,19.25,10.25,1.4506431,49.067184,0,5.222315
2019,19.25,10.5,1.5011226,51.14723,0,5.4040413
2019,19.25,10.75,1.5482693,54.8727,0,5.573769
2019,19.25,11.0,1.6146609,61.179363,0,5.812779
2019,19.25,11.25,1.7269272,68.993835,0,6.2169375
2019,19.25,11.5,1.9077312,76.60138,0,6.867832
2019,19.25,11.75,2.0267417,81.47843,0,7.29627
2019,19.25,12.0,2.1359165,82.74653,0,7.689299
2019,19.0,-9.0,3.3482068,77.505005,0,12.053544
2019,19.0,-8.75,3.3406236,105.937965,0,12.026245
2019,19.0,-8.5,3.3469133,104.688835,0,12.048887
2019,19.0,-8.25,3.3351371,104.1164,0,12.006494
2019,19.0,-8.0,3.299462,103.60993,0,11.878063
2019,19.0,-7.75,3.2763288,102.98467,0,11.794784
2019,19.0,-7.5,3.277282,102.04893,0,11.798215
2019,19.0,-7.25,3.2497272,100.80172,0,11.699018
2019,19.0,-7.0,3.2024775,99.299904,0,11.528918
2019,19.0,-6.75,3.2053306,98.0604,0,11.53919
2019,19.0,-6.5,3.212246,97.124,0,11.564085
2019,19.0,-6.25,3.208003,95.88513,0,11.548811
2019,19.0,-6.0,3.2134345,94.79777,0,11.568364
2019,19.0,-5.75,3.2091732,94.14045,0,11.553023
2019,19.0,-5.5,3.1952083,93.54346,0,11.502749
2019,19.0,-5.25,3.1792696,92.86764,0,11.44537
2019,19.0,-5.0,3.155495,92.27442,0,11.359781
2019,19.0,-4.75,3.1297548,91.40509,0,11.267117
2019,19.0,-4.5,3.0991528,90.53254,0,11.15695
2019,19.0,-4.25,3.072278,89.72024,0,11.060201
2019,19.0,-4.0,3.05627,89.77682,0,11.002571
2019,19.0,-3.75,3.0490122,89.94782,0,10.976443
2019,19.0,-3.5,3.0219183,89.97608,0,10.878905
2019,19.0,-3.25,2.982773,89.89556,0,10.737983
2019,19.0,-3.0,2.9590528,90.08094,0,10.65259
2019,19.0,-2.75,2.944474,90.59147,0,10.600106
2019,19.0,-2.5,2.9454305,121.29724,0,10.60355
2019,19.0,-2.25,2.9485855,122.27206,0,10.614907
2019,19.0,-2.0,2.9372082,93.52853,0,10.573949
2019,19.0,-1.75,2.901344,94.551506,0,10.444839
2019,19.0,-1.5,2.841327,95.14001,0,10.228777
2019,19.0,-1.25,2.7498827,94.106636,0,9.899577
2019,19.0,-1.0,2.6573153,93.03845,0,9.566335
2019,19.0,-0.75,2.6061306,92.31454,0,9.38207
2019,19.0,-0.5,2.5789495,90.72253,0,9.284218
2019,19.0,-0.25,2.5215414,88.97109,0,9.077549
2019,19.0,0.0,2.443857,88.14655,0,8.797885
2019,19.0,0.25,2.341584,147.48582,0,8.429702
2019,19.0,0.5,2.2928483,118.95347,0,8.254253
2019,19.0,0.75,2.3776157,92.39856,0,8.559416
2019,19.0,1.0,2.4976022,94.448006,0,8.991367
2019,19.0,1.25,2.5352712,95.32667,0,9.126976
2019,19.0,1.5,2.5007923,95.93148,0,9.0028515
2019,19.0,1.75,2.4894743,96.50645,0,8.962108
2019,19.0,2.0,2.5232978,96.72822,0,9.083872
2019,19.0,2.25,2.49518,96.39846,0,8.982647
2019,19.0,2.5,2.3038871,93.92794,0,8.293993
2019,19.0,2.75,2.1997752,121.36798,0,7.9191904
2019,19.0,3.0,2.1964948,120.78744,0,7.907381
2019,19.0,3.25,2.2279356,120.69724,0,8.020568
2019,19.0,3.5,2.2564337,90.190285,0,8.123161
2019,19.0,3.75,2.2774174,89.57742,0,8.198703
2019,19.0,4.0,2.2957087,89.19721,0,8.264551
2019,19.0,4.25,2.308015,88.869385,0,8.308854
2019,19.0,4.5,2.3250341,88.90487,0,8.370123
2019,19.0,4.75,2.3407242,88.74935,0,8.426607
2019,19.0,5.0,2.316207,87.92999,0,8.338345
2019,19.0,5.25,2.271568,87.15261,0,8.177645
2019,19.0,5.5,2.2271574,86.30761,0,8.017766
2019,19.0,5.75,2.1709936,85.794106,0,7.8155766
2019,19.0,6.0,2.1118405,85.71844,0,7.6026254
2019,19.0,6.25,2.040745,85.24636,0,7.346682
2019,19.0,6.5,1.9373056,84.10593,0,6.9743
2019,19.0,6.75,1.8125418,81.456085,0,6.5251503
2019,19.0,7.0,1.7323579,80.259926,0,6.2364883
2019,19.0,7.25,1.6365957,82.356636,0,5.8917446
2019,19.0,7.5,1.6117072,87.443825,0,5.802146
2019,19.0,7.75,1.6375221,88.04783,0,5.8950796
2019,19.0,8.0,1.5813257,90.83134,0,5.6927724
2019,19.0,8.25,1.5711136,95.97158,0,5.6560087
2019,19.0,8.5,1.58714,93.6993,0,5.7137036
2019,19.0,8.75,1.4303209,86.21225,0,5.149155
2019,19.0,9.0,1.100588,69.008224,0,3.9621165
2019,19.0,9.25,0.80489665,62.523743,0,2.8976278
2019,19.0,9.5,0.87650436,81.94358,0,3.1554155
2019,19.0,9.75,1.0424677,126.59106,0,3.7528837
2019,19.0,10.0,1.2323618,130.35649,0,4.4365025
2019,19.0,10.25,1.3754455,107.04511,0,4.9516034
2019,19.0,10.5,1.4517965,50.523193,0,5.2264676
2019,19.0,10.75,1.5376159,53.43346,0,5.535417
2019,19.0,11.0,1.6528292,65.16567,0,5.950185
2019,19.0,11.25,1.7237439,79.74369,0,6.2054777
2019,19.0,11.5,1.9286793,83.936005,0,6.9432454
2019,19.0,11.75,2.0431442,87.25824,0,7.355319
2019,19.0,12.0,2.1361141,89.198296,0,7.6900105
2019,18.75,-9.0,3.584222,76.68868,0,12.903199
2019,18.75,-8.75,3.5183713,75.89024,0,12.666137
2019,18.75,-8.5,3.472418,74.9622,0,12.500705
2019,18.75,-8.25,3.4662712,74.98772,0,12.478576
2019,18.75,-8.0,3.4090893,75.432884,0,12.272721
2019,18.75,-7.75,3.357701,75.07675,0,12.087724
2019,18.75,-7.5,3.3189857,103.99341,0,11.948348
2019,18.75,-7.25,3.3068821,102.416115,0,11.904776
2019,18.75,-7.0,3.2927644,100.46598,0,11.853951
2019,18.75,-6.75,3.2530766,98.878105,0,11.711075
2019,18.75,-6.5,3.245423,97.45831,0,11.683523
2019,18.75,-6.25,3.234974,96.5303,0,11.6459055
2019,18.75,-6.0,3.231823,95.61289,0,11.6345625
2019,18.75,-5.75,3.2282867,95.392845,0,11.621832
2019,18.75,-5.5,3.2221775,94.99313,0,11.599838
2019,18.75,-5.25,3.2098796,94.40188,0,11.555567
2019,18.75,-5.0,3.1763897,93.77041,0,11.435002
2019,18.75,-4.75,3.1540687,92.29691,0,11.354647
2019,18.75,-4.5,3.1302147,90.75312,0,11.268772
2019,18.75,-4.25,3.10378,89.662895,0,11.173608
2019,18.75,-4.0,3.0741804,89.47169,0,11.067049
2019,18.75,-3.75,3.0566876,89.80575,0,11.004075
2019,18.75,-3.5,3.035434,90.161385,0,10.927562
2019,18.75,-3.25,3.0031388,90.3457,0,10.811299
2019,18.75,-3.0,2.9694421,90.60319,0,10.689991
2019,18.75,-2.75,2.9485881,121.358,0,10.614917
2019,18.75,-2.5,2.9113553,122.09315,0,10.480879
2019,18.75,-2.25,2.8861306,123.09442,0,10.39007
2019,18.75,-2.0,2.8747027,94.00532,0,10.348929
2019,18.75,-1.75,2.8711746,94.5928,0,10.336228
2019,18.75,-1.5,2.831076,94.546875,0,10.191873
2019,18.75,-1.25,2.785142,93.330956,0,10.026511
2019,18.75,-1.0,2.7203531,92.00897,0,9.793271
2019,18.75,-0.75,2.6912787,91.04364,0,9.688603
2019,18.75,-0.5,2.665787,89.84974,0,9.596833
2019,18.75,-0.25,2.6014588,89.284035,0,9.365252
2019,18.75,0.0,2.5302765,89.45221,0,9.108995
2019,18.75,0.25,2.416661,118.67523,0,8.69998
2019,18.75,0.5,2.349952,119.487175,0,8.459826
2019,18.75,0.75,2.4203248,93.25842,0,8.713169
2019,18.75,1.0,2.510105,96.10966,0,9.036377
2019,18.75,1.25,2.5487409,97.46026,0,9.175467
2019,18.75,1.5,2.5448306,98.50531,0,9.161389
2019,18.75,1.75,2.5476012,99.238014,0,9.171364
2019,18.75,2.0,2.579033,99.44018,0,9.284518
2019,18.75,2.25,2.5708115,98.5318,0,9.254921
2019,18.75,2.5,2.4348705,95.27421,0,8.765533
2019,18.75,2.75,2.3343403,92.85165,0,8.403625
2019,18.75,3.0,2.324694,92.26142,0,8.368897
2019,18.75,3.25,2.3403428,91.86129,0,8.425234
2019,18.75,3.5,2.3601003,91.21859,0,8.496361
2019,18.75,3.75,2.3756356,90.451416,0,8.552288
2019,18.75,4.0,2.3972118,90.2564,0,8.629962
2019,18.75,4.25,2.3694139,90.13566,0,8.52989
2019,18.75,4.5,2.3578742,90.75153,0,8.488347
2019,18.75,4.75,2.351949,90.83179,0,8.467016
2019,18.75,5.0,2.2927516,89.75387,0,8.253905
2019,18.75,5.25,2.2481928,89.102295,0,8.093493
2019,18.75,5.5,2.1878312,88.556694,0,7.876192
2019,18.75,5.75,2.1159797,117.97686,0,7.6175265
2019,18.75,6.0,2.0262759,117.41183,0,7.294593
2019,18.75,6.25,1.9532462,117.05143,0,7.0316863
2019,18.75,6.5,1.8642613,115.76373,0,6.7113404
2019,18.75,6.75,1.746964,112.5823,0,6.28907
2019,18.75,7.0,1.6128243,111.13908,0,5.8061676
2019,18.75,7.25,1.4000882,83.52756,0,5.0403175
2019,18.75,7.5,1.3888264,96.158104,0,4.999775
2019,18.75,7.75,1.4734092,101.92724,0,5.304273
2019,18.75,8.0,1.5052284,105.02844,0,5.4188223
2019,18.75,8.25,1.6935159,103.89099,0,6.0966573
2019,18.75,8.5,1.86828,98.862976,0,6.725808
2019,18.75,8.75,1.9977098,83.47118,0,7.191755
2019,18.75,9.0,1.7997317,67.482994,0,6.479034
2019,18.75,9.25,1.5954565,60.87618,0,5.7436433
2019,18.75,9.5,1.3843998,57.362865,0,4.983839
2019,18.75,9.75,1.337629,102.96714,0,4.815464
2019,18.75,10.0,1.3583559,126.86038,0,4.890081
2019,18.75,10.25,1.4532108,72.296104,0,5.231559
2019,18.75,10.5,1.4681643,77.311104,0,5.2853913
2019,18.75,10.75,1.5402111,77.363625,0,5.5447598
2019,18.75,11.0,1.7162037,77.39121,0,6.1783333
2019,18.75,11.25,1.8120852,82.0035,0,6.523506
2019,18.75,11.5,2.0111964,86.6369,0,7.240307
2019,18.75,11.75,2.1268528,89.724304,0,7.6566696
2019,18.75,12.0,2.2106917,91.221825,0,7.95849
2019,18.5,-9.0,3.592286,77.423584,0,12.93223
2019,18.5,-8.75,3.6436894,76.37917,0,13.117282
2019,18.5,-8.5,3.5829127,75.56316,0,12.898485
2019,18.5,-8.25,3.6062648,76.96578,0,12.9825535
2019,18.5,-8.0,3.5699542,77.65702,0,12.851834
2019,18.5,-7.75,3.4787905,77.50232,0,12.523645
2019,18.5,-7.5,3.412799,76.70298,0,12.286076
2019,18.5,-7.25,3.3365223,74.65886,0,12.01148
2019,18.5,-7.0,3.3271892,101.483635,0,11.9778805
2019,18.5,-6.75,3.2981834,99.144745,0,11.87346
2019,18.5,-6.5,3.287051,97.68197,0,11.833384
2019,18.5,-6.25,3.2665083,97.39951,0,11.75943
2019,18.5,-6.0,3.2500753,97.68285,0,11.700271
2019,18.5,-5.75,3.243963,97.72393,0,11.678267
2019,18.5,-5.5,3.2334116,97.630486,0,11.640282
2019,18.5,-5.25,3.217694,97.3926,0,11.583698
2019,18.5,-5.0,3.1951475,96.58828,0,11.502531
2019,18.5,-4.75,3.1757154,95.22693,0,11.432575
2019,18.5,-4.5,3.1468945,115.620384,0,11.328819
2019,18.5,-4.25,3.1379368,112.74015,0,11.296573
2019,18.5,-4.0,3.1187,111.46506,0,11.22732
2019,18.5,-3.75,3.0944738,101.91068,0,11.140105
2019,18.5,-3.5,3.0717926,101.33805,0,11.058453
2019,18.5,-3.25,3.0246572,101.21655,0,10.888765
2019,18.5,-3.0,2.9858456,129.47302,0,10.749043
2019,18.5,-2.75,2.936821,127.31057,0,10.572556
2019,18.5,-2.5,2.8940983,125.713196,0,10.418754
2019,18.5,-2.25,2.8628004,124.56362,0,10.306081
2019,18.5,-2.0,2.8372881,123.80398,0,10.214237
2019,18.5,-1.75,2.8222694,93.33374,0,10.16017
2019,18.5,-1.5,2.8035958,92.725586,0,10.092944
2019,18.5,-1.25,2.771247,91.93095,0,9.976489
2019,18.5,-1.0,2.7638748,91.5366,0,9.949949
2019,18.5,-0.75,2.7454855,91.01278,0,9.883748
2019,18.5,-0.5,2.7226584,90.61029,0,9.80157
2019,18.5,-0.25,2.668937,90.360054,0,9.608172
2019,18.5,0.0,2.625839,90.80593,0,9.45302
2019,18.5,0.25,2.4968529,89.76717,0,8.98867
2019,18.5,0.5,2.4148977,120.62586,0,8.693631
2019,18.5,0.75,2.450391,124.1145,0,8.821407
2019,18.5,1.0,2.5394757,97.079346,0,9.142112
2019,18.5,1.25,2.5795715,98.94567,0,9.286457
2019,18.5,1.5,2.5789464,99.96409,0,9.284206
2019,18.5,1.75,2.573737,100.72176,0,9.265452
2019,18.5,2.0,2.6015072,101.0791,0,9.365426
2019,18.5,2.25,2.6242487,99.63589,0,9.447295
2019,18.5,2.5,2.5431492,96.3027,0,9.155337
2019,18.5,2.75,2.4615111,93.89376,0,8.86144
2019,18.5,3.0,2.4568818,92.93963,0,8.844774
2019,18.5,3.25,2.4631677,92.664795,0,8.867403
2019,18.5,3.5,2.4394567,91.53928,0,8.782043
2019,18.5,3.75,2.4472578,90.73641,0,8.810127
2019,18.5,4.0,2.4565458,91.02676,0,8.843565
2019,18.5,4.25,2.439513,91.47816,0,8.782247
2019,18.5,4.5,2.413124,92.478455,0,8.687246
2019,18.5,4.75,2.3739655,92.07019,0,8.546275
2019,18.5,5.0,2.3000624,90.977425,0,8.280225
2019,18.5,5.25,2.198846,90.581245,0,7.915846
2019,18.5,5.5,2.1334999,120.16392,0,7.680599
2019,18.5,5.75,2.046478,119.672005,0,7.3673205
2019,18.5,6.0,1.9616885,119.022095,0,7.0620785
2019,18.5,6.25,1.863207,118.2093,0,6.707545
2019,18.5,6.5,1.7633873,116.47177,0,6.348194
2019,18.5,6.75,1.6516289,113.02125,0,5.9458637
2019,18.5,7.0,1.521012,111.8704,0,5.4756427
2019,18.5,7.25,1.365729,102.55877,0,4.916624
2019,18.5,7.5,1.4575588,105.87649,0,5.2472115
2019,18.5,7.75,1.6482188,108.56469,0,5.9335876
2019,18.5,8.0,2.0296865,105.03735,0,7.306871
2019,18.5,8.25,2.2664669,104.0073,0,8.159281
2019,18.5,8.5,2.3150146,103.58364,0,8.334052
2019,18.5,8.75,2.272869,85.94928,0,8.182328
2019,18.5,9.0,1.8387132,76.80561,0,6.619367
2019,18.5,9.25,1.6944579,62.061893,0,6.100048
2019,18.5,9.5,1.696147,55.7441,0,6.1061287
2019,18.5,9.75,1.6766658,41.481647,0,6.0359964
2019,18.5,10.0,1.6609343,35.076065,0,5.9793634
2019,18.5,10.25,1.5800987,69.90589,0,5.6883554
2019,18.5,10.5,1.5950742,73.98383,0,5.7422667
2019,18.5,10.75,1.6519424,74.15118,0,5.9469924
2019,18.5,11.0,1.8294302,79.67887,0,6.5859485
2019,18.5,11.25,1.9350902,82.86338,0,6.9663243
2019,18.5,11.5,2.10959,87.25655,0,7.594524
2019,18.5,11.75,2.2338123,90.17991,0,8.041724
2019,18.5,12.0,2.3112266,91.711975,0,8.3204155
2019,18.25,-9.0,3.5662882,83.78716,0,12.838637
2019,18.25,-8.75,3.6383526,81.904366,0,13.098069
2019,18.25,-8.5,3.5995648,79.91753,0,12.958433
2019,18.25,-8.25,3.6365564,80.301216,0,13.091602
2019,18.25,-8.0,3.692023,78.9641,0,13.291283
2019,18.25,-7.75,3.6012783,79.20716,0,12.9646015
2019,18.25,-7.5,3.527632,79.16061,0,12.699475
2019,18.25,-7.25,3.4379501,79.41916,0,12.37662
2019,18.25,-7.0,3.3463218,83.69933,0,12.046759
2019,18.25,-6.75,3.3322966,120.06403,0,11.996267
2019,18.25,-6.5,3.3168726,120.71108,0,11.940741
2019,18.25,-6.25,3.281416,112.53774,0,11.813097
2019,18.25,-6.0,3.2700737,107.12363,0,11.7722645
2019,18.25,-5.75,3.2661731,106.35803,0,11.758223
2019,18.25,-5.5,3.2573225,105.87345,0,11.726361
2019,18.25,-5.25,3.2732,105.909035,0,11.78352
2019,18.25,-5.0,3.2622564,106.819466,0,11.7441225
2019,18.25,-4.75,3.242526,107.25454,0,11.673094
2019,18.25,-4.5,3.2221076,106.9591,0,11.599587
2019,18.25,-4.25,3.2092507,106.13678,0,11.553302
2019,18.25,-4.0,3.175022,105.262184,0,11.4300785
2019,18.25,-3.75,3.1489804,104.36135,0,11.336329
2019,18.25,-3.5,3.1092145,103.93186,0,11.193172
2019,18.25,-3.25,3.0626278,133.08012,0,11.025459
2019,18.25,-3.0,3.0237672,131.10576,0,10.885562
2019,18.25,-2.75,2.9778078,128.76558,0,10.720108
2019,18.25,-2.5,2.914088,126.63067,0,10.490717
2019,18.25,-2.25,2.882365,124.78594,0,10.3765135
2019,18.25,-2.0,2.8510053,123.62621,0,10.263618
2019,18.25,-1.75,2.80437,93.18945,0,10.095732
2019,18.25,-1.5,2.7782338,92.69376,0,10.001641
2019,18.25,-1.25,2.758362,92.49185,0,9.930103
2019,18.25,-1.0,2.751703,92.266,0,9.906131
2019,18.25,-0.75,2.7648957,92.381836,0,9.953624
2019,18.25,-0.5,2.744193,92.127075,0,9.879095
2019,18.25,-0.25,2.7221787,92.437935,0,9.799843
2019,18.25,0.0,2.6965706,92.58962,0,9.707654
2019,18.25,0.25,2.561095,91.64031,0,9.219942
2019,18.25,0.5,2.4457538,122.61065,0,8.804713
2019,18.25,0.75,2.4778194,125.80184,0,8.92015
2019,18.25,1.0,2.5451624,98.4938,0,9.162584
2019,18.25,1.25,2.5851758,100.29443,0,9.306632
2019,18.25,1.5,2.606406,101.290245,0,9.383061
2019,18.25,1.75,2.6101909,102.01101,0,9.396687
2019,18.25,2.0,2.633748,101.876396,0,9.481493
2019,18.25,2.25,2.6563382,100.02712,0,9.562818
2019,18.25,2.5,2.609993,96.76264,0,9.395974
2019,18.25,2.75,2.5866725,94.51407,0,9.312021
2019,18.25,3.0,2.5775397,93.72234,0,9.279142
2019,18.25,3.25,2.546783,93.2356,0,9.168419
2019,18.25,3.5,2.5227354,92.15903,0,9.081847
2019,18.25,3.75,2.4700096,91.64568,0,8.892035
2019,18.25,4.0,2.4659421,92.12231,0,8.877392
2019,18.25,4.25,2.4563189,93.208275,0,8.842748
2019,18.25,4.5,2.4271097,93.89597,0,8.737595
2019,18.25,4.75,2.3803515,93.04723,0,8.569265
2019,18.25,5.0,2.2985086,92.270996,0,8.274631
2019,18.25,5.25,2.1918807,121.911194,0,7.8907704
2019,18.25,5.5,2.0690863,122.12726,0,7.4487104
2019,18.25,5.75,1.982982,121.50919,0,7.1387353
2019,18.25,6.0,1.8652807,120.50039,0,6.7150106
2019,18.25,6.25,1.7604748,119.52718,0,6.337709
2019,18.25,6.5,1.6588069,118.125305,0,5.971705
2019,18.25,6.75,1.5338389,114.70218,0,5.5218196
2019,18.25,7.0,1.4043127,109.8457,0,5.055526
2019,18.25,7.25,1.3512415,106.28461,0,4.864469
2019,18.25,7.5,1.437871,110.20792,0,5.1763353
2019,18.25,7.75,1.6556573,106.15821,0,5.9603662
2019,18.25,8.0,2.0141017,103.42152,0,7.2507663
2019,18.25,8.25,2.0152242,104.75478,0,7.254807
2019,18.25,8.5,1.9641613,110.12836,0,7.0709805
2019,18.25,8.75,1.9456443,90.483696,0,7.004319
2019,18.25,9.0,1.5715424,84.17646,0,5.6575522
2019,18.25,9.25,1.4151286,90.163536,0,5.094463
2019,18.25,9.5,1.7314168,48.4187,0,6.2331004
2019,18.25,9.75,1.7838613,35.31968,0,6.4219003
2019,18.25,10.0,1.7943087,35.747364,0,6.459511
2019,18.25,10.25,1.7502508,73.16985,0,6.300903
2019,18.25,10.5,1.7426358,70.9555,0,6.273489
2019,18.25,10.75,1.8184551,76.11041,0,6.546438
2019,18.25,11.0,1.9292833,80.64522,0,6.94542
2019,18.25,11.25,2.0404747,83.92109,0,7.3457084
2019,18.25,11.5,2.211214,88.07899,0,7.9603705
2019,18.25,11.75,2.3292687,90.09634,0,8.385367
2019,18.25,12.0,2.411672,91.59719,0,8.682019
2019,18.0,-9.0,3.6221542,90.90109,0,13.039755
2019,18.0,-8.75,3.6442854,90.476326,0,13.119428
2019,18.0,-8.5,3.6133778,89.18467,0,13.00816
2019,18.0,-8.25,3.5457249,87.136505,0,12.764609
2019,18.0,-8.0,3.5828705,84.561005,0,12.898334
2019,18.0,-7.75,3.6348171,81.07717,0,13.085341
2019,18.0,-7.5,3.5635555,82.06682,0,12.828799
2019,18.0,-7.25,3.5843256,84.7165,0,12.903572
2019,18.0,-7.0,3.4506826,86.49502,0,12.422457
2019,18.0,-6.75,3.375284,87.151855,0,12.151022
2019,18.0,-6.5,3.350565,86.44161,0,12.062034
2019,18.0,-6.25,3.3237398,84.59185,0,11.965463
2019,18.0,-6.0,3.310849,112.96816,0,11.919056
2019,18.0,-5.75,3.305178,111.43386,0,11.898641
2019,18.0,-5.5,3.31684,110.371826,0,11.940623
2019,18.0,-5.25,3.3336258,109.90259,0,12.001053
2019,18.0,-5.0,3.3320305,108.97036,0,11.99531
2019,18.0,-4.75,3.3145456,108.12107,0,11.9323635
2019,18.0,-4.5,3.2978957,106.834206,0,11.872424
2019,18.0,-4.25,3.2613995,105.71903,0,11.741038
2019,18.0,-4.0,3.218105,104.86481,0,11.585178
2019,18.0,-3.75,3.1788137,134.04431,0,11.443729
2019,18.0,-3.5,3.1399603,133.3604,0,11.303857
2019,18.0,-3.25,3.091901,131.66682,0,11.130843
2019,18.0,-3.0,3.0579126,128.97664,0,11.008485
2019,18.0,-2.75,3.0006685,126.8334,0,10.802406
2019,18.0,-2.5,2.9384556,125.15857,0,10.57844
2019,18.0,-2.25,2.9134843,124.23944,0,10.4885435
2019,18.0,-2.0,2.8718145,123.71314,0,10.3385315
2019,18.0,-1.75,2.8205574,93.7223,0,10.154006
2019,18.0,-1.5,2.7801113,93.65234,0,10.008401
2019,18.0,-1.25,2.7589233,93.54795,0,9.932123
2019,18.0,-1.0,2.748374,93.673775,0,9.894146
2019,18.0,-0.75,2.7604287,93.74756,0,9.937543
2019,18.0,-0.5,2.76268,93.93551,0,9.945648
2019,18.0,-0.25,2.753131,94.33456,0,9.911271
2019,18.0,0.0,2.7365577,94.30889,0,9.851607
2019,18.0,0.25,2.6194425,93.809364,0,9.429993
2019,18.0,0.5,2.506768,124.94065,0,9.024364
2019,18.0,0.75,2.505291,127.63647,0,9.019048
2019,18.0,1.0,2.5733304,100.18174,0,9.263989
2019,18.0,1.25,2.6033516,102.057945,0,9.372066
2019,18.0,1.5,2.623672,102.98612,0,9.445219
2019,18.0,1.75,2.6379726,102.64065,0,9.496701
2019,18.0,2.0,2.6573558,101.96481,0,9.566481
2019,18.0,2.25,2.6757727,99.89205,0,9.632781
2019,18.0,2.5,2.6683285,97.21261,0,9.605983
2019,18.0,2.75,2.6526377,95.231224,0,9.549496
2019,18.0,3.0,2.6277018,95.23171,0,9.459726
2019,18.0,3.25,2.5969274,94.75861,0,9.348938
2019,18.0,3.5,2.5345523,93.76113,0,9.124388
2019,18.0,3.75,2.4819334,93.32495,0,8.934959
2019,18.0,4.0,2.4443748,94.0007,0,8.799749
2019,18.0,4.25,2.4339266,95.15983,0,8.7621355
2019,18.0,4.5,2.398475,95.306145,0,8.634509
2019,18.0,4.75,2.3462555,94.38911,0,8.44652
2019,18.0,5.0,2.264922,123.90237,0,8.153719
2019,18.0,5.25,2.162203,124.36353,0,7.783931
2019,18.0,5.5,2.0426705,124.49526,0,7.3536134
2019,18.0,5.75,1.9006547,123.700195,0,6.8423567
2019,18.0,6.0,1.7827297,122.57719,0,6.417827
2019,18.0,6.25,1.660833,122.22811,0,5.9789987
2019,18.0,6.5,1.5545002,120.56402,0,5.5962005
2019,18.0,6.75,1.4087185,117.92019,0,5.0713863
2019,18.0,7.0,1.2710189,113.66834,0,4.575668
2019,18.0,7.25,1.2351075,112.63732,0,4.446387
2019,18.0,7.5,1.2649193,109.9414,0,4.5537095
2019,18.0,7.75,1.4611117,107.48319,0,5.2600017
2019,18.0,8.0,1.6023134,106.47282,0,5.768328
2019,18.0,8.25,1.6023879,109.48438,0,5.768596
2019,18.0,8.5,1.5516558,115.71094,0,5.5859604
2019,18.0,8.75,1.6293415,86.47067,0,5.865629
2019,18.0,9.0,1.5073966,71.565765,0,5.4266276
2019,18.0,9.25,1.4121567,80.19259,0,5.083764
2019,18.0,9.5,1.7135392,71.71107,0,6.168741
2019,18.0,9.75,1.7823561,66.32589,0,6.416482
2019,18.0,10.0,1.8361254,73.81715,0,6.610051
2019,18.0,10.25,1.9167317,71.07239,0,6.900234
2019,18.0,10.5,1.9287554,74.17173,0,6.943519
2019,18.0,10.75,1.9732109,76.98158,0,7.103559
2019,18.0,11.0,2.0493248,81.04977,0,7.3775687
2019,18.0,11.25,2.1518276,85.90607,0,7.746579
2019,18.0,11.5,2.2999358,89.51648,0,8.279769
2019,18.0,11.75,2.414824,91.30297,0,8.693366
2019,18.0,12.0,2.510413,92.56067,0,9.037486
