year,latitude,longitude,wspd,wdir,number,wspd_kmh
2018,37.0,-9.0,4.325731,275.66666,0,15.572631
2018,37.0,-8.75,3.5152447,299.85843,0,12.654881
2018,37.0,-8.5,3.0720756,294.8312,0,11.059472
2018,37.0,-8.25,2.8447037,292.32333,0,10.240933
2018,37.0,-8.0,2.696923,287.2125,0,9.708922
2018,37.0,-7.75,2.5229077,276.21643,0,9.082468
2018,37.0,-7.5,2.5058763,270.10275,0,9.021154
2018,37.0,-7.25,2.5740132,264.272,0,9.266447
2018,37.0,-7.0,2.6668527,259.46988,0,9.60067
2018,37.0,-6.75,2.5550683,256.0656,0,9.198245
2018,37.0,-6.5,2.054198,250.1486,0,7.3951125
2018,37.0,-6.25,1.6838235,211.85608,0,6.0617642
2018,37.0,-6.0,1.3751417,199.27808,0,4.95051
2018,37.0,-5.75,1.2421709,193.84532,0,4.471815
2018,37.0,-5.5,1.2378792,193.43391,0,4.4563646
2018,37.0,-5.25,1.2221892,204.72112,0,4.399881
2018,37.0,-5.0,1.2679242,227.46541,0,4.564527
2018,37.0,-4.75,0.9235572,243.5738,0,3.324806
2018,37.0,-4.5,0.8194907,251.9167,0,2.9501662
2018,37.0,-4.25,0.7978265,197.02618,0,2.8721755
2018,37.0,-4.0,0.7992386,256.4798,0,2.877259
2018,37.0,-3.75,0.70670754,217.17268,0,2.544147
2018,37.0,-3.5,0.67799395,237.49174,0,2.4407783
2018,37.0,-3.25,0.6881822,278.4404,0,2.4774559
2018,37.0,-3.0,0.6687141,259.89243,0,2.4073708
2018,37.0,-2.75,0.6587512,238.79869,0,2.3715043
2018,37.0,-2.5,0.74588877,226.10219,0,2.6851995
2018,37.0,-2.25,0.86919886,220.59283,0,3.1291158
2018,37.0,-2.0,1.0674713,213.90254,0,3.8428965
2018,37.0,-1.75,1.5384623,213.7744,0,5.538464
2018,37.0,-1.5,1.7932867,213.7981,0,6.455832
2018,37.0,-1.25,1.927319,212.8207,0,6.9383483
2018,37.0,-1.0,2.037743,210.53212,0,7.335875
2018,37.0,-0.75,2.155855,205.8615,0,7.7610774
2018,37.0,-0.5,2.252298,201.5541,0,8.108273
2018,37.0,-0.25,2.3489637,200.6449,0,8.456269
2018,37.0,0.0,2.444395,198.44875,0,8.799822
2018,37.0,0.25,2.5052223,196.53877,0,9.0188
2018,37.0,0.5,2.5963497,195.19585,0,9.346859
2018,37.0,0.75,2.6775663,193.84505,0,9.639238
2018,37.0,1.0,2.746631,193.62744,0,9.887871
2018,37.0,1.25,2.7113733,193.40552,0,9.760943
2018,37.0,1.5,2.6383853,193.37856,0,9.498187
2018,37.0,1.75,2.6043656,196.13855,0,9.375716
2018,37.0,2.0,2.5885952,170.67686,0,9.318942
2018,37.0,2.25,2.570667,172.13573,0,9.254401
2018,37.0,2.5,2.565626,173.19818,0,9.236253
2018,37.0,2.75,2.5334568,176.74779,0,9.120444
2018,37.0,3.0,2.4720633,153.37914,0,8.899427
2018,37.0,3.25,2.4617062,155.10748,0,8.862142
2018,37.0,3.5,2.4449449,156.01433,0,8.801802
2018,37.0,3.75,2.4279654,157.39804,0,8.740675
2018,37.0,4.0,2.3165522,163.52527,0,8.339587
2018,37.0,4.25,2.3658695,170.84332,0,8.51713
2018,37.0,4.5,2.3159053,174.3408,0,8.337259
2018,37.0,4.75,2.2214954,175.83607,0,7.997383
2018,37.0,5.0,2.172674,213.89105,0,7.821626
2018,37.0,5.25,2.2089698,152.53928,0,7.952291
2018,37.0,5.5,2.138546,181.54211,0,7.6987653
2018,37.0,5.75,2.0250733,184.2044,0,7.2902637
2018,37.0,6.0,1.7622428,186.23409,0,6.344074
2018,37.0,6.25,1.3244622,215.61598,0,4.7680635
2018,37.0,6.5,1.3191124,219.61247,0,4.7488046
2018,37.0,6.75,1.5379337,221.6624,0,5.536561
2018,37.0,7.0,1.8485826,222.67296,0,6.654897
2018,37.0,7.25,1.5736126,221.37093,0,5.665005
2018,37.0,7.5,1.4717847,219.88184,0,5.2984247
2018,37.0,7.75,1.5680748,218.97359,0,5.645069
2018,37.0,8.0,1.9521009,248.82697,0,7.027563
2018,37.0,8.25,2.1907434,270.22757,0,7.8866763
2018,37.0,8.5,2.2188587,288.31357,0,7.987891
2018,37.0,8.75,2.0824707,281.29883,0,7.4968944
2018,37.0,9.0,1.7511097,277.53763,0,6.3039947
2018,37.0,9.25,1.601593,276.6012,0,5.7657347
2018,37.0,9.5,1.573072,278.8496,0,5.6630588
2018,37.0,9.75,1.6827685,273.62878,0,6.057966
2018,37.0,10.0,1.8364129,276.6133,0,6.6110864
2018,37.0,10.25,2.40613,277.90823,0,8.662068
2018,37.0,10.5,2.535838,276.80368,0,9.129016
2018,37.0,10.75,2.390584,274.92563,0,8.606102
2018,37.0,11.0,2.0771825,272.61472,0,7.477857
2018,37.0,11.25,2.4447343,272.72192,0,8.8010435
2018,37.0,11.5,2.823393,272.14322,0,10.164215
2018,37.0,11.75,2.9698627,271.32712,0,10.691505
2018,37.0,12.0,2.9400597,269.87103,0,10.584214
2018,36.75,-9.0,4.540732,277.3801,0,16.346634
2018,36.75,-8.75,4.2352333,273.54263,0,15.24684
2018,36.75,-8.5,3.766297,270.02667,0,13.558669
2018,36.75,-8.25,3.4242792,267.17322,0,12.327405
2018,36.75,-8.0,3.1781137,235.38898,0,11.441209
2018,36.75,-7.75,2.9810028,261.13187,0,10.73161
2018,36.75,-7.5,2.8315065,238.40381,0,10.193423
2018,36.75,-7.25,2.8098137,239.39563,0,10.115329
2018,36.75,-7.0,2.7917309,264.00845,0,10.050231
2018,36.75,-6.75,2.6773636,255.50623,0,9.638509
2018,36.75,-6.5,2.1379862,246.35988,0,7.69675
2018,36.75,-6.25,1.5403953,197.9684,0,5.5454226
2018,36.75,-6.0,1.2950548,182.38737,0,4.662197
2018,36.75,-5.75,1.1879194,184.51038,0,4.27651
2018,36.75,-5.5,1.0418869,195.12468,0,3.7507927
2018,36.75,-5.25,1.0238672,206.4009,0,3.685922
2018,36.75,-5.0,0.9810905,228.47664,0,3.5319257
2018,36.75,-4.75,0.84390074,251.49445,0,3.0380425
2018,36.75,-4.5,0.92916745,230.50813,0,3.3450027
2018,36.75,-4.25,1.3288801,233.07362,0,4.783968
2018,36.75,-4.0,1.5538691,236.15375,0,5.593929
2018,36.75,-3.75,1.466678,240.31383,0,5.2800407
2018,36.75,-3.5,1.5071014,239.78767,0,5.425565
2018,36.75,-3.25,1.5889888,231.91487,0,5.7203593
2018,36.75,-3.0,1.627575,225.69946,0,5.85927
2018,36.75,-2.75,1.6593338,216.0775,0,5.973602
2018,36.75,-2.5,1.7431054,212.92682,0,6.2751794
2018,36.75,-2.25,1.8520476,203.87958,0,6.6673713
2018,36.75,-2.0,1.9806432,207.24174,0,7.1303153
2018,36.75,-1.75,2.2213457,238.32323,0,7.9968443
2018,36.75,-1.5,2.218215,234.06677,0,7.985574
2018,36.75,-1.25,2.3418822,232.33734,0,8.430776
2018,36.75,-1.0,2.3426583,229.08533,0,8.43357
2018,36.75,-0.75,2.3390157,227.45177,0,8.420456
2018,36.75,-0.5,2.3814285,222.55083,0,8.573142
2018,36.75,-0.25,2.379896,195.51678,0,8.567625
2018,36.75,0.0,2.4383216,193.26723,0,8.777958
2018,36.75,0.25,2.51654,189.96095,0,9.059544
2018,36.75,0.5,2.6111734,187.00288,0,9.400224
2018,36.75,0.75,2.7022932,186.31157,0,9.728255
2018,36.75,1.0,2.5913854,186.93617,0,9.328987
2018,36.75,1.25,2.5031295,187.18517,0,9.011266
2018,36.75,1.5,2.4363272,187.78532,0,8.770778
2018,36.75,1.75,2.3339028,189.55745,0,8.40205
2018,36.75,2.0,2.2567623,194.8077,0,8.124344
2018,36.75,2.25,2.195758,193.91539,0,7.904729
2018,36.75,2.5,1.9996783,190.1103,0,7.1988416
2018,36.75,2.75,1.8847216,187.7713,0,6.784998
2018,36.75,3.0,1.5126446,187.39366,0,5.4455204
2018,36.75,3.25,1.4054476,155.12796,0,5.0596113
2018,36.75,3.5,1.3818399,150.24323,0,4.974623
2018,36.75,3.75,1.305223,145.94342,0,4.6988025
2018,36.75,4.0,1.1664338,149.39526,0,4.1991615
2018,36.75,4.25,1.1817741,155.79182,0,4.254387
2018,36.75,4.5,1.2082376,159.78914,0,4.3496556
2018,36.75,4.75,1.1294118,162.13771,0,4.065882
2018,36.75,5.0,1.1322348,195.79576,0,4.076045
2018,36.75,5.25,1.2541484,150.92125,0,4.514934
2018,36.75,5.5,1.1993169,177.453,0,4.3175406
2018,36.75,5.75,1.0654339,177.30217,0,3.8355618
2018,36.75,6.0,0.95303303,208.05598,0,3.430919
2018,36.75,6.25,0.80033994,208.5476,0,2.8812237
2018,36.75,6.5,0.8742222,211.51074,0,3.1471999
2018,36.75,6.75,1.0648314,213.26003,0,3.8333929
2018,36.75,7.0,1.2648691,212.98846,0,4.553529
2018,36.75,7.25,1.1771616,268.6227,0,4.2377815
2018,36.75,7.5,1.0409151,266.1801,0,3.7472944
2018,36.75,7.75,0.97916585,235.77455,0,3.524997
2018,36.75,8.0,1.1515893,237.50732,0,4.1457214
2018,36.75,8.25,1.3528768,257.3807,0,4.870356
2018,36.75,8.5,1.4939641,289.42288,0,5.3782706
2018,36.75,8.75,1.3901634,286.8137,0,5.004588
2018,36.75,9.0,1.4222093,294.77414,0,5.119953
2018,36.75,9.25,1.569417,295.66898,0,5.649901
2018,36.75,9.5,1.5372974,268.17883,0,5.5342703
2018,36.75,9.75,1.4479233,276.1121,0,5.212524
2018,36.75,10.0,1.4240254,277.81308,0,5.1264915
2018,36.75,10.25,1.6381842,278.76132,0,5.897463
2018,36.75,10.5,1.7370602,278.25815,0,6.2534165
2018,36.75,10.75,1.6458302,275.817,0,5.9249883
2018,36.75,11.0,1.9373126,275.24625,0,6.974325
2018,36.75,11.25,2.449898,276.08252,0,8.819633
2018,36.75,11.5,2.7731273,275.02017,0,9.983258
2018,36.75,11.75,2.8981664,273.18338,0,10.433399
2018,36.75,12.0,2.924609,271.16733,0,10.528592
2018,36.5,-9.0,4.6516724,249.10164,0,16.74602
2018,36.5,-8.75,4.362292,246.6689,0,15.70425
2018,36.5,-8.5,4.083346,245.14333,0,14.700045
2018,36.5,-8.25,3.742502,243.43993,0,13.473007
2018,36.5,-8.0,3.4457676,242.74251,0,12.404763
2018,36.5,-7.75,3.2382557,243.26704,0,11.657721
2018,36.5,-7.5,3.0756366,213.45216,0,11.072291
2018,36.5,-7.25,2.8802016,215.1642,0,10.368726
2018,36.5,-7.0,2.7333534,215.55463,0,9.840072
2018,36.5,-6.75,2.5982692,215.5116,0,9.353769
2018,36.5,-6.5,2.3040602,238.74718,0,8.294617
2018,36.5,-6.25,1.835812,188.4623,0,6.608923
2018,36.5,-6.0,1.5086256,173.73857,0,5.431052
2018,36.5,-5.75,1.245709,179.88277,0,4.484552
2018,36.5,-5.5,1.1693295,195.07298,0,4.209586
2018,36.5,-5.25,1.3924781,218.39575,0,5.012921
2018,36.5,-5.0,1.7042402,231.05183,0,6.1352644
2018,36.5,-4.75,1.750904,224.08533,0,6.303254
2018,36.5,-4.5,1.9733065,225.935,0,7.1039033
2018,36.5,-4.25,2.3235977,217.16907,0,8.364951
2018,36.5,-4.0,2.5384088,223.47789,0,9.138271
2018,36.5,-3.75,2.5601325,223.56062,0,9.216476
2018,36.5,-3.5,2.657301,222.45393,0,9.566283
2018,36.5,-3.25,2.6203709,218.41515,0,9.433335
2018,36.5,-3.0,2.6388223,218.4297,0,9.49976
2018,36.5,-2.75,2.5821972,218.15504,0,9.29591
2018,36.5,-2.5,2.469491,220.21004,0,8.890167
2018,36.5,-2.25,2.5771136,219.99178,0,9.277609
2018,36.5,-2.0,2.6005921,218.66588,0,9.362131
2018,36.5,-1.75,2.6105332,214.38902,0,9.39792
2018,36.5,-1.5,2.6057072,238.98169,0,9.380546
2018,36.5,-1.25,2.5361276,233.03009,0,9.130059
2018,36.5,-1.0,2.510497,229.61818,0,9.037789
2018,36.5,-0.75,2.4861348,228.6734,0,8.950085
2018,36.5,-0.5,2.4867256,228.15936,0,8.952211
2018,36.5,-0.25,2.4665504,227.73518,0,8.879581
2018,36.5,0.0,2.4709747,201.4687,0,8.895509
2018,36.5,0.25,2.3612802,200.40028,0,8.500608
2018,36.5,0.5,2.3970757,171.77571,0,8.629472
2018,36.5,0.75,2.0915692,173.42989,0,7.529649
2018,36.5,1.0,1.7953395,175.70818,0,6.463222
2018,36.5,1.25,1.6610761,175.37001,0,5.9798737
2018,36.5,1.5,1.5863756,175.66225,0,5.710952
2018,36.5,1.75,1.4943523,179.13063,0,5.379668
2018,36.5,2.0,1.4528556,184.34471,0,5.23028
2018,36.5,2.25,1.3798323,180.62456,0,4.9673963
2018,36.5,2.5,1.2412676,174.763,0,4.468563
2018,36.5,2.75,1.1967415,173.44653,0,4.308269
2018,36.5,3.0,1.0346156,201.59784,0,3.7246163
2018,36.5,3.25,0.99489427,200.1509,0,3.5816193
2018,36.5,3.5,0.9482579,196.10704,0,3.4137285
2018,36.5,3.75,0.87738484,191.32939,0,3.1585853
2018,36.5,4.0,0.698284,192.82648,0,2.5138223
2018,36.5,4.25,0.66911,199.10132,0,2.4087958
2018,36.5,4.5,0.6939101,174.29907,0,2.4980764
2018,36.5,4.75,0.7757016,146.07509,0,2.7925255
2018,36.5,5.0,0.79611176,147.47716,0,2.8660023
2018,36.5,5.25,0.8708956,144.20204,0,3.135224
2018,36.5,5.5,0.85713476,209.12828,0,3.085685
2018,36.5,5.75,0.8112858,290.27295,0,2.9206288
2018,36.5,6.0,0.83831096,294.72293,0,3.0179193
2018,36.5,6.25,0.8074747,244.34026,0,2.9069088
2018,36.5,6.5,0.8755838,184.12024,0,3.1521018
2018,36.5,6.75,0.94496936,184.66289,0,3.4018896
2018,36.5,7.0,1.0959656,241.4402,0,3.945476
2018,36.5,7.25,1.0215914,264.7758,0,3.6777291
2018,36.5,7.5,0.9240756,262.81003,0,3.326672
2018,36.5,7.75,0.8713052,263.5091,0,3.1366987
2018,36.5,8.0,0.9798698,264.34988,0,3.5275311
2018,36.5,8.25,1.1477697,294.04672,0,4.131971
2018,36.5,8.5,1.2840487,295.83572,0,4.6225753
2018,36.5,8.75,1.2680997,296.5811,0,4.565159
2018,36.5,9.0,1.3150828,269.48526,0,4.7342978
2018,36.5,9.25,1.3957448,269.50473,0,5.024681
2018,36.5,9.5,1.3723807,276.6863,0,4.9405704
2018,36.5,9.75,1.3120221,278.82877,0,4.7232795
2018,36.5,10.0,1.3011414,280.50067,0,4.6841087
2018,36.5,10.25,1.2766386,253.28963,0,4.595899
2018,36.5,10.5,1.4009166,253.59428,0,5.0432997
2018,36.5,10.75,1.7620925,225.89062,0,6.3435326
2018,36.5,11.0,2.16699,223.17671,0,7.801164
2018,36.5,11.25,2.5083683,251.02821,0,9.030126
2018,36.5,11.5,2.6389601,248.87334,0,9.500257
2018,36.5,11.75,2.749798,276.6921,0,9.899273
2018,36.5,12.0,2.8819425,273.30176,0,10.374992
2018,36.25,-9.0,4.680681,250.90808,0,16.850452
2018,36.25,-8.75,4.4649014,249.81145,0,16.073645
2018,36.25,-8.5,4.181461,248.59404,0,15.053259
2018,36.25,-8.25,3.944883,248.17322,0,14.201579
2018,36.25,-8.0,3.6596797,218.00829,0,13.174847
2018,36.25,-7.75,3.4503431,218.87636,0,12.421235
2018,36.25,-7.5,3.2548275,220.47499,0,11.717379
2018,36.25,-7.25,3.0673704,221.62785,0,11.042533
2018,36.25,-7.0,2.9062433,193.41197,0,10.462476
2018,36.25,-6.75,2.7400532,195.16621,0,9.864191
2018,36.25,-6.5,2.413015,196.1084,0,8.686853
2018,36.25,-6.25,2.3208914,190.54967,0,8.355208
2018,36.25,-6.0,1.9731022,171.0415,0,7.103168
2018,36.25,-5.75,1.6542374,180.41219,0,5.9552546
2018,36.25,-5.5,1.8724777,209.23622,0,6.7409196
2018,36.25,-5.25,2.1540082,202.53125,0,7.7544293
2018,36.25,-5.0,2.6770754,222.65367,0,9.637471
2018,36.25,-4.75,2.8362896,216.89037,0,10.210643
2018,36.25,-4.5,3.0547636,218.23328,0,10.9971485
2018,36.25,-4.25,3.0559957,218.9646,0,11.001584
2018,36.25,-4.0,3.1049235,220.36723,0,11.177724
2018,36.25,-3.75,3.1420162,219.36635,0,11.311258
2018,36.25,-3.5,3.0549946,216.07306,0,10.99798
2018,36.25,-3.25,3.035319,212.88344,0,10.927149
2018,36.25,-3.0,2.920149,209.37169,0,10.512536
2018,36.25,-2.75,2.7765665,206.32558,0,9.995639
2018,36.25,-2.5,2.7375631,201.299,0,9.855227
2018,36.25,-2.25,2.7296727,227.05072,0,9.826821
2018,36.25,-2.0,2.737528,224.18091,0,9.855101
2018,36.25,-1.75,2.6999767,219.67885,0,9.719915
2018,36.25,-1.5,2.6330109,240.91786,0,9.478839
2018,36.25,-1.25,2.5631616,231.79732,0,9.227382
2018,36.25,-1.0,2.5740857,227.56865,0,9.266708
2018,36.25,-0.75,2.5931623,226.17647,0,9.335384
2018,36.25,-0.5,2.5967112,225.93153,0,9.34816
2018,36.25,-0.25,2.433687,226.2115,0,8.761272
2018,36.25,0.0,2.352935,224.7516,0,8.470566
2018,36.25,0.25,2.0571008,220.53047,0,7.4055624
2018,36.25,0.5,1.7115612,220.08942,0,6.16162
2018,36.25,0.75,1.4053965,217.82027,0,5.0594273
2018,36.25,1.0,1.2048947,217.11565,0,4.3376207
2018,36.25,1.25,1.1267498,218.04724,0,4.056299
2018,36.25,1.5,1.0563415,189.81123,0,3.8028295
2018,36.25,1.75,1.0879112,193.82947,0,3.9164803
2018,36.25,2.0,1.0788568,229.46785,0,3.8838844
2018,36.25,2.25,1.0293657,227.53227,0,3.7057164
2018,36.25,2.5,0.93817735,198.22359,0,3.3774383
2018,36.25,2.75,0.9026258,196.17485,0,3.2494528
2018,36.25,3.0,0.99489146,200.74823,0,3.5816092
2018,36.25,3.25,0.9961336,230.91734,0,3.586081
2018,36.25,3.5,0.95031357,256.74686,0,3.4211287
2018,36.25,3.75,0.8232742,226.53862,0,2.963787
2018,36.25,4.0,0.6774707,227.93733,0,2.4388945
2018,36.25,4.25,0.63357866,203.95284,0,2.280883
2018,36.25,4.5,0.659631,138.82074,0,2.3746717
2018,36.25,4.75,0.75130177,138.4712,0,2.7046862
2018,36.25,5.0,0.82225055,149.70502,0,2.9601018
2018,36.25,5.25,0.8598191,217.3954,0,3.0953488
2018,36.25,5.5,0.9136152,225.50423,0,3.2890148
2018,36.25,5.75,1.0251422,291.1748,0,3.6905117
2018,36.25,6.0,1.0585625,295.55014,0,3.8108249
2018,36.25,6.25,0.9752696,214.3702,0,3.5109706
2018,36.25,6.5,0.9536292,132.24144,0,3.433065
2018,36.25,6.75,1.0243701,132.36772,0,3.6877322
2018,36.25,7.0,1.1542705,217.9068,0,4.1553736
2018,36.25,7.25,1.0986212,271.56595,0,3.9550364
2018,36.25,7.5,1.0042602,240.64058,0,3.6153367
2018,36.25,7.75,1.1056026,272.96927,0,3.9801693
2018,36.25,8.0,1.2773575,304.2089,0,4.598487
2018,36.25,8.25,1.3472947,302.3444,0,4.8502607
2018,36.25,8.5,1.1447757,295.88208,0,4.1211925
2018,36.25,8.75,1.1456203,268.17502,0,4.1242332
2018,36.25,9.0,1.2252626,274.53665,0,4.4109454
2018,36.25,9.25,1.3004972,279.30118,0,4.68179
2018,36.25,9.5,1.303759,280.40335,0,4.693532
2018,36.25,9.75,1.2573012,255.72926,0,4.526284
2018,36.25,10.0,1.2588824,258.21033,0,4.5319767
2018,36.25,10.25,1.2842423,233.0172,0,4.623272
2018,36.25,10.5,1.6397877,176.40852,0,5.9032354
2018,36.25,10.75,2.03736,145.23386,0,7.3344955
2018,36.25,11.0,2.291044,202.02832,0,8.247758
2018,36.25,11.25,2.3807683,225.95679,0,8.5707655
2018,36.25,11.5,2.4990766,253.14484,0,8.9966755
2018,36.25,11.75,2.6538928,250.03429,0,9.554013
2018,36.25,12.0,2.7679672,246.47192,0,9.964682
2018,36.0,-9.0,4.674355,252.38977,0,16.827677
2018,36.0,-8.75,4.491824,251.40552,0,16.170567
2018,36.0,-8.5,4.3020816,250.71356,0,15.4874935
2018,36.0,-8.25,4.0644784,220.34047,0,14.632122
2018,36.0,-8.0,3.8344393,220.39055,0,13.803981
2018,36.0,-7.75,3.6460056,221.31458,0,13.12562
2018,36.0,-7.5,3.4478445,222.69304,0,12.41224
2018,36.0,-7.25,3.2794693,224.18797,0,11.806089
2018,36.0,-7.0,3.1215336,196.13036,0,11.237521
2018,36.0,-6.75,2.924142,198.56685,0,10.526911
2018,36.0,-6.5,2.8103218,168.25261,0,10.117158
2018,36.0,-6.25,2.6689327,165.7498,0,9.608157
2018,36.0,-6.0,2.3214877,160.9051,0,8.357355
2018,36.0,-5.75,1.9219608,207.39679,0,6.919059
2018,36.0,-5.5,2.201298,201.13536,0,7.9246726
2018,36.0,-5.25,2.685434,204.56624,0,9.6675625
2018,36.0,-5.0,3.138362,222.54187,0,11.298102
2018,36.0,-4.75,3.2292233,219.54237,0,11.625203
2018,36.0,-4.5,3.3327446,220.27531,0,11.99788
2018,36.0,-4.25,3.3472564,221.74707,0,12.050123
2018,36.0,-4.0,3.2351472,222.9712,0,11.64653
2018,36.0,-3.75,3.195163,215.08778,0,11.502586
2018,36.0,-3.5,3.1102064,214.72105,0,11.196743
2018,36.0,-3.25,3.043373,214.3459,0,10.956142
2018,36.0,-3.0,2.9439049,212.86702,0,10.598058
2018,36.0,-2.75,2.830671,211.0915,0,10.190415
2018,36.0,-2.5,2.7783687,207.7569,0,10.002127
2018,36.0,-2.25,2.763583,202.27681,0,9.948898
2018,36.0,-2.0,2.7154896,228.02013,0,9.775763
2018,36.0,-1.75,2.6257875,223.2007,0,9.452835
2018,36.0,-1.5,2.55711,224.70308,0,9.205596
2018,36.0,-1.25,2.549601,227.1747,0,9.178564
2018,36.0,-1.0,2.5718167,224.73088,0,9.25854
2018,36.0,-0.75,2.5861342,224.2569,0,9.310082
2018,36.0,-0.5,2.26783,224.14522,0,8.164187
2018,36.0,-0.25,2.123048,223.27351,0,7.642973
2018,36.0,0.0,1.8625895,218.91768,0,6.705322
2018,36.0,0.25,1.5270988,216.85246,0,5.4975553
2018,36.0,0.5,1.1807929,214.15746,0,4.2508545
2018,36.0,0.75,1.0787796,212.69841,0,3.8836064
2018,36.0,1.0,1.0291616,210.70186,0,3.7049816
2018,36.0,1.25,1.0000476,212.6782,0,3.600171
2018,36.0,1.5,0.9910388,216.4181,0,3.5677395
2018,36.0,1.75,1.0342526,220.27858,0,3.7233095
2018,36.0,2.0,1.1133696,227.1772,0,4.0081306
2018,36.0,2.25,1.0921727,230.54669,0,3.9318218
2018,36.0,2.5,0.9998615,232.2217,0,3.5995011
2018,36.0,2.75,0.894685,233.63472,0,3.2208657
2018,36.0,3.0,1.0253065,241.77425,0,3.6911032
2018,36.0,3.25,1.0506787,241.441,0,3.7824433
2018,36.0,3.5,1.1326127,252.26776,0,4.0774055
2018,36.0,3.75,1.0595832,232.60164,0,3.8144994
2018,36.0,4.0,0.94500023,179.11737,0,3.4020007
2018,36.0,4.25,0.6846044,145.7552,0,2.4645758
2018,36.0,4.5,0.65164804,142.51291,0,2.345933
2018,36.0,4.75,0.6275532,120.62173,0,2.2591915
2018,36.0,5.0,0.7122298,158.5252,0,2.564027
2018,36.0,5.25,0.81113166,167.91695,0,2.920074
2018,36.0,5.5,0.899843,195.57304,0,3.2394347
2018,36.0,5.75,0.9856033,209.18816,0,3.5481718
2018,36.0,6.0,1.1059544,265.61642,0,3.9814358
2018,36.0,6.25,1.0176827,215.0697,0,3.6636574
2018,36.0,6.5,0.994354,133.98378,0,3.5796742
2018,36.0,6.75,1.0177774,137.08733,0,3.6639986
2018,36.0,7.0,1.1366888,192.69695,0,4.0920796
2018,36.0,7.25,1.1176544,246.97546,0,4.0235558
2018,36.0,7.5,1.2482245,303.27597,0,4.493608
2018,36.0,7.75,1.3669032,305.15256,0,4.920851
2018,36.0,8.0,1.3891307,305.50827,0,5.00087
2018,36.0,8.25,1.2022973,274.08047,0,4.3282704
2018,36.0,8.5,1.0455359,242.99254,0,3.7639291
2018,36.0,8.75,1.110727,248.62471,0,3.998617
2018,36.0,9.0,1.2315434,281.86996,0,4.433556
2018,36.0,9.25,1.3185745,284.07556,0,4.746868
2018,36.0,9.5,1.2408103,259.18814,0,4.466917
2018,36.0,9.75,1.2428921,259.91776,0,4.4744115
2018,36.0,10.0,1.2259341,237.26155,0,4.413363
2018,36.0,10.25,1.2640995,178.82402,0,4.550758
2018,36.0,10.5,1.6511773,149.10765,0,5.944238
2018,36.0,10.75,1.9804775,149.49089,0,7.129719
2018,36.0,11.0,2.182206,147.46254,0,7.8559413
2018,36.0,11.25,2.2632332,171.66545,0,8.147639
2018,36.0,11.5,2.4177103,196.36041,0,8.703757
2018,36.0,11.75,2.5605955,252.90454,0,9.218143
2018,36.0,12.0,2.6366196,250.0752,0,9.49183
2018,35.75,-9.0,4.6578693,223.20491,0,16.76833
2018,35.75,-8.75,4.5227027,222.01282,0,16.281729
2018,35.75,-8.5,4.3349586,221.34082,0,15.60585
2018,35.75,-8.25,4.1577816,220.75856,0,14.968014
2018,35.75,-8.0,3.9535754,220.59547,0,14.232871
2018,35.75,-7.75,3.77553,221.17839,0,13.591908
2018,35.75,-7.5,3.589017,221.31157,0,12.920461
2018,35.75,-7.25,3.4018881,222.61957,0,12.246797
2018,35.75,-7.0,3.2684536,223.58665,0,11.766433
2018,35.75,-6.75,3.0616877,194.75244,0,11.022076
2018,35.75,-6.5,2.9111903,194.58418,0,10.480285
2018,35.75,-6.25,2.443422,163.29474,0,8.796319
2018,35.75,-6.0,2.04125,159.28635,0,7.3485
2018,35.75,-5.75,1.674091,193.30774,0,6.026727
2018,35.75,-5.5,1.8324013,200.22173,0,6.5966444
2018,35.75,-5.25,2.3259897,213.17725,0,8.373563
2018,35.75,-5.0,2.6702595,224.20232,0,9.612934
2018,35.75,-4.75,2.885414,228.15344,0,10.387489
2018,35.75,-4.5,3.0161211,230.386,0,10.858036
2018,35.75,-4.25,3.1836958,231.28603,0,11.461305
2018,35.75,-4.0,3.0712268,236.08446,0,11.0564165
2018,35.75,-3.75,2.9868393,212.33598,0,10.752622
2018,35.75,-3.5,2.9861,214.14258,0,10.74996
2018,35.75,-3.25,2.9310951,216.66866,0,10.551942
2018,35.75,-3.0,2.8994472,218.52214,0,10.438009
2018,35.75,-2.75,2.8471034,214.14436,0,10.249572
2018,35.75,-2.5,2.8033962,235.95518,0,10.092226
2018,35.75,-2.25,2.746625,232.10112,0,9.88785
2018,35.75,-2.0,2.6688583,228.50122,0,9.607889
2018,35.75,-1.75,2.5853498,225.62183,0,9.307259
2018,35.75,-1.5,2.465112,225.87358,0,8.874403
2018,35.75,-1.25,2.4803243,223.0716,0,8.929167
2018,35.75,-1.0,2.2718713,220.95839,0,8.178737
2018,35.75,-0.75,2.1762395,222.39333,0,7.834462
2018,35.75,-0.5,1.8247,221.2929,0,6.5689197
2018,35.75,-0.25,1.549231,219.0793,0,5.5772314
2018,35.75,0.0,1.3006521,241.18422,0,4.682348
2018,35.75,0.25,1.1882832,240.2929,0,4.2778196
2018,35.75,0.5,1.1533151,240.9641,0,4.151934
2018,35.75,0.75,1.0564257,210.55328,0,3.8031323
2018,35.75,1.0,1.0270939,210.91089,0,3.697538
2018,35.75,1.25,1.0401577,217.76947,0,3.7445676
2018,35.75,1.5,1.0451616,221.49446,0,3.7625816
2018,35.75,1.75,1.0432881,231.15302,0,3.7558372
2018,35.75,2.0,1.1900159,239.1624,0,4.284057
2018,35.75,2.25,1.2452201,241.10167,0,4.482792
2018,35.75,2.5,1.1940483,235.91914,0,4.2985735
2018,35.75,2.75,1.1035966,272.7657,0,3.9729476
2018,35.75,3.0,1.0894672,248.89204,0,3.9220817
2018,35.75,3.25,1.1861897,251.10497,0,4.2702827
2018,35.75,3.5,1.3239886,258.53806,0,4.766359
2018,35.75,3.75,1.4535013,261.42178,0,5.2326045
2018,35.75,4.0,1.2990241,209.28493,0,4.6764865
2018,35.75,4.25,0.9060013,182.16695,0,3.2616048
2018,35.75,4.5,0.7458861,141.43695,0,2.68519
2018,35.75,4.75,0.62236816,152.3217,0,2.2405252
2018,35.75,5.0,0.624676,161.68181,0,2.2488334
2018,35.75,5.25,0.62293386,160.66997,0,2.2425618
2018,35.75,5.5,0.66991824,158.54027,0,2.4117055
2018,35.75,5.75,0.7226164,174.44774,0,2.601419
2018,35.75,6.0,0.8418141,209.31828,0,3.0305307
2018,35.75,6.25,0.8086479,212.62006,0,2.9111323
2018,35.75,6.5,0.9227727,269.03348,0,3.3219817
2018,35.75,6.75,0.92758995,246.95831,0,3.3393238
2018,35.75,7.0,0.9526641,279.16324,0,3.4295907
2018,35.75,7.25,1.0699793,276.5776,0,3.8519254
2018,35.75,7.5,1.2118664,299.5859,0,4.362719
2018,35.75,7.75,1.2531921,297.7217,0,4.5114913
2018,35.75,8.0,1.130726,297.16513,0,4.0706134
2018,35.75,8.25,0.993493,247.54968,0,3.5765748
2018,35.75,8.5,1.0766737,251.38448,0,3.8760254
2018,35.75,8.75,1.2030784,284.6663,0,4.331082
2018,35.75,9.0,1.2979063,288.76437,0,4.6724625
2018,35.75,9.25,1.268226,262.26236,0,4.5656137
2018,35.75,9.5,1.230927,262.0765,0,4.431337
2018,35.75,9.75,1.1527159,208.30565,0,4.1497774
2018,35.75,10.0,1.1431906,181.80107,0,4.115486
2018,35.75,10.25,1.1686743,148.51271,0,4.2072277
2018,35.75,10.5,1.2360791,147.4787,0,4.4498844
2018,35.75,10.75,1.5240644,148.4154,0,5.486632
2018,35.75,11.0,1.8671993,148.9085,0,6.721917
2018,35.75,11.25,2.2493742,145.851,0,8.097747
2018,35.75,11.5,2.3522484,170.821,0,8.468094
2018,35.75,11.75,2.4784822,196.30281,0,8.922536
2018,35.75,12.0,2.557876,223.48268,0,9.208354
2018,35.5,-9.0,4.6044908,223.53796,0,16.576166
2018,35.5,-8.75,4.4976587,222.10435,0,16.19157
2018,35.5,-8.5,4.346375,221.19879,0,15.64695
2018,35.5,-8.25,4.179234,220.56206,0,15.045242
2018,35.5,-8.0,3.996093,219.5952,0,14.385935
2018,35.5,-7.75,3.8002932,219.20288,0,13.681055
2018,35.5,-7.5,3.6151097,218.80487,0,13.014395
2018,35.5,-7.25,3.4253485,217.89415,0,12.331254
2018,35.5,-7.0,3.272748,218.05275,0,11.781893
2018,35.5,-6.75,3.059454,217.35506,0,11.014034
2018,35.5,-6.5,2.6579046,212.28905,0,9.568457
2018,35.5,-6.25,2.0581615,206.42949,0,7.4093814
2018,35.5,-6.0,1.3485188,152.79497,0,4.8546677
2018,35.5,-5.75,1.1906159,165.87717,0,4.286217
2018,35.5,-5.5,1.1399844,192.22536,0,4.103944
2018,35.5,-5.25,1.195865,212.00407,0,4.305114
2018,35.5,-5.0,1.5022658,227.95947,0,5.408157
2018,35.5,-4.75,1.9946021,245.89001,0,7.1805673
2018,35.5,-4.5,2.3324792,248.1381,0,8.396925
2018,35.5,-4.25,2.512115,216.07225,0,9.043613
2018,35.5,-4.0,2.5878742,212.75665,0,9.316347
2018,35.5,-3.75,2.6851568,236.0722,0,9.666564
2018,35.5,-3.5,2.7196472,231.4154,0,9.7907295
2018,35.5,-3.25,2.6407518,231.7285,0,9.506706
2018,35.5,-3.0,2.5515368,233.755,0,9.185533
2018,35.5,-2.75,2.5920875,238.2256,0,9.331514
2018,35.5,-2.5,2.6374478,236.36858,0,9.494812
2018,35.5,-2.25,2.572254,226.50433,0,9.260114
2018,35.5,-2.0,2.5142653,240.14937,0,9.051354
2018,35.5,-1.75,2.5331395,230.95323,0,9.119302
2018,35.5,-1.5,2.3224294,223.58478,0,8.360745
2018,35.5,-1.25,1.9807726,217.89172,0,7.130781
2018,35.5,-1.0,1.5502483,213.10472,0,5.5808935
2018,35.5,-0.75,1.5102677,215.76366,0,5.4369636
2018,35.5,-0.5,1.4492483,216.10887,0,5.2172937
2018,35.5,-0.25,1.2604512,243.41728,0,4.5376244
2018,35.5,0.0,1.085991,238.20015,0,3.9095676
2018,35.5,0.25,1.2241222,241.7263,0,4.40684
2018,35.5,0.5,1.1972529,242.39836,0,4.31011
2018,35.5,0.75,1.1151652,244.55602,0,4.0145946
2018,35.5,1.0,1.0746883,247.65541,0,3.868878
2018,35.5,1.25,1.149459,257.84576,0,4.1380525
2018,35.5,1.5,1.2803279,236.22469,0,4.6091805
2018,35.5,1.75,1.3876681,245.51227,0,4.995605
2018,35.5,2.0,1.478552,251.3355,0,5.322787
2018,35.5,2.25,1.4551301,248.8977,0,5.238468
2018,35.5,2.5,1.417363,244.69165,0,5.1025066
2018,35.5,2.75,1.3685454,240.8623,0,4.9267635
2018,35.5,3.0,1.3086122,239.20874,0,4.711004
2018,35.5,3.25,1.3807716,240.09229,0,4.970778
2018,35.5,3.5,1.511413,239.63715,0,5.441087
2018,35.5,3.75,1.6481137,240.38039,0,5.9332094
2018,35.5,4.0,1.6096083,274.1663,0,5.7945895
2018,35.5,4.25,1.3322127,226.85555,0,4.7959657
2018,35.5,4.5,0.9683828,250.1863,0,3.486178
2018,35.5,4.75,0.8375526,186.79883,0,3.0151894
2018,35.5,5.0,0.8463083,170.40974,0,3.0467098
2018,35.5,5.25,0.6418404,185.40529,0,2.3106253
2018,35.5,5.5,0.59219265,108.315735,0,2.1318934
2018,35.5,5.75,0.5320415,122.26502,0,1.9153494
2018,35.5,6.0,0.5801008,146.01556,0,2.0883627
2018,35.5,6.25,0.76356846,234.41338,0,2.7488463
2018,35.5,6.5,0.88459015,270.9388,0,3.1845245
2018,35.5,6.75,0.9177511,273.73785,0,3.3039038
2018,35.5,7.0,0.8373518,276.28778,0,3.0144663
2018,35.5,7.25,0.9602528,273.31848,0,3.4569101
2018,35.5,7.5,1.046843,275.1196,0,3.7686348
2018,35.5,7.75,1.0660537,275.83047,0,3.8377934
2018,35.5,8.0,1.0233694,279.12875,0,3.68413
2018,35.5,8.25,1.1465293,282.93854,0,4.1275053
2018,35.5,8.5,1.2493442,286.29532,0,4.497639
2018,35.5,8.75,1.2601895,288.95935,0,4.536682
2018,35.5,9.0,1.2838058,290.23477,0,4.621701
2018,35.5,9.25,1.2139629,236.59875,0,4.3702664
2018,35.5,9.5,1.1194644,182.5895,0,4.0300717
2018,35.5,9.75,1.0582105,183.89618,0,3.8095577
2018,35.5,10.0,1.0730947,150.7217,0,3.8631408
2018,35.5,10.25,1.0703998,148.46477,0,3.853439
2018,35.5,10.5,1.0848055,147.23305,0,3.9052997
2018,35.5,10.75,1.1905864,147.88152,0,4.286111
2018,35.5,11.0,1.438914,148.79274,0,5.18009
2018,35.5,11.25,1.9919181,147.49614,0,7.170905
2018,35.5,11.5,2.2919784,144.86101,0,8.2511215
2018,35.5,11.75,2.4285817,171.12575,0,8.742894
2018,35.5,12.0,2.5017064,167.38715,0,9.006143
2018,35.25,-9.0,4.580665,223.07483,0,16.490395
2018,35.25,-8.75,4.4490876,221.76637,0,16.016714
2018,35.25,-8.5,4.2851715,220.7068,0,15.426617
2018,35.25,-8.25,4.1113987,219.48817,0,14.801035
2018,35.25,-8.0,3.9378493,217.8098,0,14.176257
2018,35.25,-7.75,3.7264154,216.92712,0,13.415095
2018,35.25,-7.5,3.5483086,215.23982,0,12.7739105
2018,35.25,-7.25,3.3593466,213.41699,0,12.093648
2018,35.25,-7.0,3.0863702,211.68803,0,11.110932
2018,35.25,-6.75,2.9077232,207.40056,0,10.467803
2018,35.25,-6.5,2.5308893,200.03912,0,9.111201
2018,35.25,-6.25,1.9054955,222.56036,0,6.8597836
2018,35.25,-6.0,1.0121222,179.54372,0,3.6436396
2018,35.25,-5.75,0.86016685,176.0048,0,3.0966005
2018,35.25,-5.5,0.766941,176.78938,0,2.7609875
2018,35.25,-5.25,0.70206976,194.69588,0,2.527451
2018,35.25,-5.0,0.70940906,194.94788,0,2.5538726
2018,35.25,-4.75,0.8931666,178.01575,0,3.2153997
2018,35.25,-4.5,1.152518,215.47546,0,4.149065
2018,35.25,-4.25,1.384545,248.74608,0,4.9843616
2018,35.25,-4.0,1.5993584,244.6475,0,5.7576904
2018,35.25,-3.75,1.8516835,240.75739,0,6.6660604
2018,35.25,-3.5,1.965384,241.45026,0,7.075382
2018,35.25,-3.25,1.885326,239.36476,0,6.7871737
2018,35.25,-3.0,1.5956105,239.94965,0,5.744198
2018,35.25,-2.75,1.8159796,243.76796,0,6.5375266
2018,35.25,-2.5,1.9569744,243.31529,0,7.045108
2018,35.25,-2.25,2.0095572,238.4486,0,7.234406
2018,35.25,-2.0,2.050361,233.33507,0,7.381299
2018,35.25,-1.75,2.022562,227.96777,0,7.2812233
2018,35.25,-1.5,1.7263533,223.33366,0,6.214872
2018,35.25,-1.25,1.3303443,218.09291,0,4.7892394
2018,35.25,-1.0,1.1725606,217.09198,0,4.221218
2018,35.25,-0.75,1.3473849,220.23982,0,4.8505855
2018,35.25,-0.5,1.3751127,220.35333,0,4.9504056
2018,35.25,-0.25,1.2704318,248.43445,0,4.573554
2018,35.25,0.0,1.0601256,245.88292,0,3.816452
2018,35.25,0.25,1.1510091,248.76152,0,4.1436324
2018,35.25,0.5,1.1307867,251.46233,0,4.070832
2018,35.25,0.75,1.0864421,257.82565,0,3.9111915
2018,35.25,1.0,1.0840939,256.04276,0,3.902738
2018,35.25,1.25,1.3033782,262.18695,0,4.6921616
2018,35.25,1.5,1.4761072,234.87874,0,5.313986
2018,35.25,1.75,1.5507951,236.8025,0,5.582862
2018,35.25,2.0,1.4634794,240.64091,0,5.2685256
2018,35.25,2.25,1.3994021,237.66136,0,5.0378475
2018,35.25,2.5,1.3829637,234.70457,0,4.978669
2018,35.25,2.75,1.3682524,232.03627,0,4.9257083
2018,35.25,3.0,1.2567246,230.95421,0,4.5242085
2018,35.25,3.25,1.2452779,232.20439,0,4.4830003
2018,35.25,3.5,1.301184,262.30972,0,4.6842623
2018,35.25,3.75,1.3680717,263.2807,0,4.925058
2018,35.25,4.0,1.4293536,280.0284,0,5.145673
2018,35.25,4.25,1.340242,272.7922,0,4.824871
2018,35.25,4.5,1.3087854,265.94653,0,4.7116275
2018,35.25,4.75,1.233067,261.46,0,4.439041
2018,35.25,5.0,1.0673051,236.17128,0,3.8422983
2018,35.25,5.25,0.8946996,188.48146,0,3.2209184
2018,35.25,5.5,0.822268,143.27074,0,2.9601648
2018,35.25,5.75,0.6536767,68.817635,0,2.353236
2018,35.25,6.0,0.46280554,120.24633,0,1.6660999
2018,35.25,6.25,0.5810194,262.68832,0,2.0916698
2018,35.25,6.5,0.7591655,262.4583,0,2.7329957
2018,35.25,6.75,0.80901104,261.87137,0,2.9124396
2018,35.25,7.0,0.758161,262.16824,0,2.7293797
2018,35.25,7.25,0.9535703,270.75308,0,3.432853
2018,35.25,7.5,1.0349395,274.87985,0,3.7257822
2018,35.25,7.75,1.0749959,278.65924,0,3.869985
2018,35.25,8.0,1.0900301,281.573,0,3.9241083
2018,35.25,8.25,1.2309227,287.04398,0,4.4313216
2018,35.25,8.5,1.2228525,287.47556,0,4.402269
2018,35.25,8.75,1.171455,254.83911,0,4.217238
2018,35.25,9.0,1.1225232,243.14435,0,4.0410833
2018,35.25,9.25,1.1058654,186.38863,0,3.981115
2018,35.25,9.5,1.0545297,157.83282,0,3.7963066
2018,35.25,9.75,1.0112331,155.9977,0,3.640439
2018,35.25,10.0,1.0026473,151.74074,0,3.6095302
2018,35.25,10.25,1.0426422,151.0959,0,3.753512
2018,35.25,10.5,1.1687875,151.96024,0,4.207635
2018,35.25,10.75,1.3166565,152.90428,0,4.739963
2018,35.25,11.0,1.5215393,152.32948,0,5.4775414
2018,35.25,11.25,2.0414732,148.97382,0,7.3493032
2018,35.25,11.5,2.3518476,146.78978,0,8.466651
2018,35.25,11.75,2.4565046,144.52238,0,8.843416
2018,35.25,12.0,2.426002,142.14067,0,8.733607
2018,35.0,-9.0,4.482784,222.34285,0,16.138021
2018,35.0,-8.75,4.3513036,250.88438,0,15.664693
2018,35.0,-8.5,4.207677,249.28487,0,15.147636
2018,35.0,-8.25,4.0557384,247.56874,0,14.600658
2018,35.0,-8.0,3.8931005,245.89214,0,14.0151615
2018,35.0,-7.75,3.6517322,244.10223,0,13.146235
2018,35.0,-7.5,3.4428184,241.75258,0,12.394146
2018,35.0,-7.25,3.2190275,239.04869,0,11.588499
2018,35.0,-7.0,2.9182127,235.77533,0,10.505566
2018,35.0,-6.75,2.7212546,229.16902,0,9.796516
2018,35.0,-6.5,2.3501525,281.54092,0,8.460548
2018,35.0,-6.25,1.7705536,244.02039,0,6.373993
2018,35.0,-6.0,0.9606915,235.8726,0,3.4584894
2018,35.0,-5.75,0.7472751,209.36176,0,2.6901903
2018,35.0,-5.5,0.6940427,182.3929,0,2.4985535
2018,35.0,-5.25,0.68526745,182.16809,0,2.4669628
2018,35.0,-5.0,0.73372847,179.78609,0,2.6414225
2018,35.0,-4.75,0.75036377,196.05965,0,2.7013094
2018,35.0,-4.5,0.7709649,214.3914,0,2.7754736
2018,35.0,-4.25,0.80102444,224.25316,0,2.883688
2018,35.0,-4.0,0.8548684,233.12242,0,3.077526
2018,35.0,-3.75,0.87542564,241.5357,0,3.1515322
2018,35.0,-3.5,0.9748719,243.7885,0,3.5095387
2018,35.0,-3.25,1.0763735,242.7066,0,3.8749444
2018,35.0,-3.0,1.1344415,237.8734,0,4.083989
2018,35.0,-2.75,1.1625825,235.8703,0,4.185297
2018,35.0,-2.5,1.152656,233.64037,0,4.1495614
2018,35.0,-2.25,1.119413,230.94495,0,4.0298867
2018,35.0,-2.0,1.1472286,228.87263,0,4.130023
2018,35.0,-1.75,1.1036168,223.55367,0,3.9730206
2018,35.0,-1.5,1.0651485,249.20306,0,3.8345344
2018,35.0,-1.25,1.0533266,248.26683,0,3.7919757
2018,35.0,-1.0,1.2367005,226.1892,0,4.4521217
2018,35.0,-0.75,1.3073968,229.8208,0,4.7066283
2018,35.0,-0.5,1.2603058,231.0025,0,4.537101
2018,35.0,-0.25,1.1499534,267.63943,0,4.139832
2018,35.0,0.0,1.0587822,259.34262,0,3.811616
2018,35.0,0.25,1.2180744,263.00107,0,4.385068
2018,35.0,0.5,1.2502621,264.6607,0,4.5009437
2018,35.0,0.75,1.1964179,265.0225,0,4.3071046
2018,35.0,1.0,1.1028112,264.9945,0,3.9701202
2018,35.0,1.25,1.2720922,274.11182,0,4.5795317
2018,35.0,1.5,1.4596969,247.81233,0,5.2549086
2018,35.0,1.75,1.5887567,248.06477,0,5.719524
2018,35.0,2.0,1.5828028,271.7395,0,5.6980896
2018,35.0,2.25,1.4715576,267.4224,0,5.2976074
2018,35.0,2.5,1.390777,267.58417,0,5.006797
2018,35.0,2.75,1.3089589,266.00143,0,4.7122517
2018,35.0,3.0,1.1573046,261.52762,0,4.1662965
2018,35.0,3.25,1.1164699,258.95413,0,4.0192914
2018,35.0,3.5,1.1540033,259.98804,0,4.154412
2018,35.0,3.75,1.2181783,263.95535,0,4.385442
2018,35.0,4.0,1.2893208,270.27707,0,4.641555
2018,35.0,4.25,1.282794,275.0509,0,4.618058
2018,35.0,4.5,1.3035077,280.55533,0,4.6926274
2018,35.0,4.75,1.3353297,282.86453,0,4.8071866
2018,35.0,5.0,1.4516431,256.116,0,5.225915
2018,35.0,5.25,1.4165708,241.24219,0,5.0996547
2018,35.0,5.5,1.3307008,165.57545,0,4.7905226
2018,35.0,5.75,1.089134,148.67638,0,3.9208822
2018,35.0,6.0,0.61867476,141.72643,0,2.227229
2018,35.0,6.25,0.48083088,178.2879,0,1.7309911
2018,35.0,6.5,0.434267,212.5901,0,1.5633612
2018,35.0,6.75,0.4522717,262.14023,0,1.6281781
2018,35.0,7.0,0.55927116,288.54727,0,2.013376
2018,35.0,7.25,0.84083885,287.8192,0,3.0270197
2018,35.0,7.5,1.0170699,259.95483,0,3.6614516
2018,35.0,7.75,1.134457,261.07858,0,4.084045
2018,35.0,8.0,1.2248069,260.49713,0,4.4093046
2018,35.0,8.25,1.3643311,257.92593,0,4.911592
2018,35.0,8.5,1.378528,229.28383,0,4.962701
2018,35.0,8.75,1.3224591,228.97638,0,4.760853
2018,35.0,9.0,1.2493811,163.74547,0,4.4977717
2018,35.0,9.25,1.2161701,163.68471,0,4.378212
2018,35.0,9.5,1.2007207,163.791,0,4.322594
2018,35.0,9.75,1.1779643,162.49733,0,4.2406716
2018,35.0,10.0,1.1458408,158.08723,0,4.1250267
2018,35.0,10.25,1.2622479,156.64677,0,4.544092
2018,35.0,10.5,1.5230508,156.62526,0,5.4829826
2018,35.0,10.75,1.8494501,156.28189,0,6.65802
2018,35.0,11.0,2.2278252,154.05623,0,8.02017
2018,35.0,11.25,2.3764458,151.1094,0,8.555204
2018,35.0,11.5,2.4323642,149.05006,0,8.756511
2018,35.0,11.75,2.415211,147.11421,0,8.694759
2018,35.0,12.0,2.4256935,145.7454,0,8.732496
2018,34.75,-9.0,4.403604,252.22173,0,15.852974
2018,34.75,-8.75,4.255459,250.6889,0,15.319652
2018,34.75,-8.5,4.084065,248.77533,0,14.702634
2018,34.75,-8.25,3.91282,246.7704,0,14.086152
2018,34.75,-8.0,3.724776,244.69118,0,13.409193
2018,34.75,-7.75,3.5672076,241.46095,0,12.841947
2018,34.75,-7.5,3.3313026,238.93126,0,11.992689
2018,34.75,-7.25,3.0656664,265.8068,0,11.036399
2018,34.75,-7.0,2.8226578,261.19705,0,10.161568
2018,34.75,-6.75,2.517376,253.6212,0,9.062553
2018,34.75,-6.5,1.9163519,248.14821,0,6.8988667
2018,34.75,-6.25,1.2841606,241.18872,0,4.622978
2018,34.75,-6.0,1.0080794,239.69383,0,3.6290858
2018,34.75,-5.75,1.0617708,238.8899,0,3.8223748
2018,34.75,-5.5,0.97133213,240.04736,0,3.4967957
2018,34.75,-5.25,0.8791309,215.00099,0,3.1648712
2018,34.75,-5.0,0.77839214,184.81262,0,2.8022115
2018,34.75,-4.75,0.7325254,179.63776,0,2.6370914
2018,34.75,-4.5,0.83088213,197.0727,0,2.9911757
2018,34.75,-4.25,0.95233774,196.66023,0,3.4284158
2018,34.75,-4.0,1.1550432,230.55208,0,4.1581554
2018,34.75,-3.75,1.0882653,247.11143,0,3.917755
2018,34.75,-3.5,1.1517881,192.7417,0,4.146437
2018,34.75,-3.25,1.2038645,158.14789,0,4.333912
2018,34.75,-3.0,1.3578163,137.8643,0,4.888139
2018,34.75,-2.75,1.3095603,135.88416,0,4.714417
2018,34.75,-2.5,1.2502564,137.72374,0,4.500923
2018,34.75,-2.25,1.2161481,198.03444,0,4.3781333
2018,34.75,-2.0,1.1312553,196.9034,0,4.072519
2018,34.75,-1.75,0.96410865,195.07605,0,3.470791
2018,34.75,-1.5,0.93647194,228.29102,0,3.3712988
2018,34.75,-1.25,1.0247165,236.3079,0,3.6889794
2018,34.75,-1.0,1.2216042,242.17213,0,4.397775
2018,34.75,-0.75,1.2821529,243.74889,0,4.6157503
2018,34.75,-0.5,1.27201,242.70589,0,4.5792356
2018,34.75,-0.25,1.2147633,271.29166,0,4.3731475
2018,34.75,0.0,1.2171775,272.93802,0,4.381839
2018,34.75,0.25,1.33241,277.8675,0,4.7966757
2018,34.75,0.5,1.3641783,278.3408,0,4.9110417
2018,34.75,0.75,1.3076667,276.55664,0,4.7075996
2018,34.75,1.0,1.2244352,276.04703,0,4.4079666
2018,34.75,1.25,1.330489,250.52228,0,4.7897606
2018,34.75,1.5,1.4653152,252.06792,0,5.2751346
2018,34.75,1.75,1.5994511,250.30609,0,5.7580237
2018,34.75,2.0,1.7522041,275.5497,0,6.3079343
2018,34.75,2.25,1.5640124,241.32555,0,5.6304445
2018,34.75,2.5,1.3975009,237.3629,0,5.031003
2018,34.75,2.75,1.184436,262.31186,0,4.2639694
2018,34.75,3.0,1.0816519,258.89554,0,3.893947
2018,34.75,3.25,1.091197,265.09174,0,3.9283092
2018,34.75,3.5,1.2426987,275.08124,0,4.4737153
2018,34.75,3.75,1.4141216,280.6491,0,5.090838
2018,34.75,4.0,1.5456104,285.18057,0,5.5641975
2018,34.75,4.25,1.3881932,260.32556,0,4.9974957
2018,34.75,4.5,1.4207345,263.29407,0,5.114644
2018,34.75,4.75,1.4701012,236.31201,0,5.292364
2018,34.75,5.0,1.5146589,210.06242,0,5.452772
2018,34.75,5.25,1.4595224,187.53227,0,5.2542806
2018,34.75,5.5,1.4434065,195.73218,0,5.1962633
2018,34.75,5.75,1.2818774,145.7794,0,4.6147585
2018,34.75,6.0,1.0116509,160.12025,0,3.6419432
2018,34.75,6.25,1.0261621,133.15736,0,3.6941836
2018,34.75,6.5,0.96680385,129.79907,0,3.4804938
2018,34.75,6.75,0.9729609,95.5708,0,3.502659
2018,34.75,7.0,1.031082,90.13509,0,3.7118952
2018,34.75,7.25,1.0732415,86.41477,0,3.8636692
2018,34.75,7.5,1.0554403,142.80235,0,3.799585
2018,34.75,7.75,1.0904666,226.06093,0,3.9256797
2018,34.75,8.0,1.2635506,212.54823,0,4.5487823
2018,34.75,8.25,1.4981122,177.70934,0,5.3932037
2018,34.75,8.5,1.5772929,175.70824,0,5.678254
2018,34.75,8.75,1.5608792,174.12854,0,5.619165
2018,34.75,9.0,1.4808682,169.95668,0,5.3311253
2018,34.75,9.25,1.4921564,169.10536,0,5.3717628
2018,34.75,9.5,1.5178413,169.97827,0,5.4642286
2018,34.75,9.75,1.5277814,169.40627,0,5.500013
2018,34.75,10.0,1.6018001,164.06602,0,5.76648
2018,34.75,10.25,1.6965952,160.6141,0,6.1077423
2018,34.75,10.5,1.9355083,159.15242,0,6.9678297
2018,34.75,10.75,2.213977,156.90094,0,7.9703174
2018,34.75,11.0,2.50685,153.75111,0,9.02466
2018,34.75,11.25,2.5495007,152.08633,0,9.178203
2018,34.75,11.5,2.5364413,151.07497,0,9.131188
2018,34.75,11.75,2.508273,149.95166,0,9.029782
2018,34.75,12.0,2.4824183,148.26874,0,8.936706
2018,34.5,-9.0,4.2630143,253.16785,0,15.346851
2018,34.5,-8.75,4.094925,251.68666,0,14.74173
2018,34.5,-8.5,3.9262114,249.722,0,14.13436
2018,34.5,-8.25,3.745906,247.33588,0,13.485262
2018,34.5,-8.0,3.5426643,274.64728,0,12.753592
2018,34.5,-7.75,3.3655608,271.22116,0,12.116018
2018,34.5,-7.5,3.1001194,267.56265,0,11.160429
2018,34.5,-7.25,2.83376,263.55637,0,10.201536
2018,34.5,-7.0,2.7553222,256.70248,0,9.91916
2018,34.5,-6.75,2.429753,248.6247,0,8.74711
2018,34.5,-6.5,1.817948,241.83356,0,6.5446124
2018,34.5,-6.25,1.2113425,264.30753,0,4.3608327
2018,34.5,-6.0,1.0481058,246.79335,0,3.773181
2018,34.5,-5.75,1.156762,249.60612,0,4.164343
2018,34.5,-5.5,1.2140884,255.65804,0,4.3707185
2018,34.5,-5.25,1.1229588,230.08997,0,4.0426517
2018,34.5,-5.0,1.0175226,246.68031,0,3.6630812
2018,34.5,-4.75,0.8792314,197.63976,0,3.165233
2018,34.5,-4.5,0.9437456,190.72182,0,3.397484
2018,34.5,-4.25,1.1768833,211.50536,0,4.2367797
2018,34.5,-4.0,1.5191245,214.12712,0,5.468848
2018,34.5,-3.75,1.4987456,246.07576,0,5.395484
2018,34.5,-3.5,1.5264629,197.85059,0,5.4952664
2018,34.5,-3.25,1.564099,164.1692,0,5.630756
2018,34.5,-3.0,1.4438127,130.21602,0,5.197726
2018,34.5,-2.75,1.2533116,160.13957,0,4.511922
2018,34.5,-2.5,1.2210475,193.63493,0,4.395771
2018,34.5,-2.25,1.2236847,228.71196,0,4.405265
2018,34.5,-2.0,1.1317241,229.07454,0,4.074207
2018,34.5,-1.75,1.0227755,204.31677,0,3.6819918
2018,34.5,-1.5,1.1289328,214.45465,0,4.064158
2018,34.5,-1.25,1.3107382,220.29492,0,4.7186575
2018,34.5,-1.0,1.4110764,224.47676,0,5.079875
2018,34.5,-0.75,1.4251322,225.98468,0,5.1304755
2018,34.5,-0.5,1.3945756,196.44267,0,5.020472
2018,34.5,-0.25,1.3429464,197.47017,0,4.834607
2018,34.5,0.0,1.3634553,228.00197,0,4.908439
2018,34.5,0.25,1.5046574,228.13463,0,5.4167666
2018,34.5,0.5,1.5428596,195.86768,0,5.554294
2018,34.5,0.75,1.5022855,194.68837,0,5.4082274
2018,34.5,1.0,1.5074244,187.6049,0,5.4267273
2018,34.5,1.25,1.410535,183.4287,0,5.0779257
2018,34.5,1.5,1.4331044,186.0465,0,5.159176
2018,34.5,1.75,1.3764014,185.00304,0,4.955045
2018,34.5,2.0,1.4630995,182.0356,0,5.267158
2018,34.5,2.25,1.339537,210.17755,0,4.8223333
2018,34.5,2.5,1.2038813,243.0735,0,4.3339725
2018,34.5,2.75,1.0591329,274.73917,0,3.8128784
2018,34.5,3.0,1.2127199,284.60654,0,4.365792
2018,34.5,3.25,1.3028556,293.25833,0,4.69028
2018,34.5,3.5,1.4866422,295.10028,0,5.351912
2018,34.5,3.75,1.5116448,294.887,0,5.441921
2018,34.5,4.0,1.5816127,264.46765,0,5.6938057
2018,34.5,4.25,1.5349016,235.25334,0,5.5256457
2018,34.5,4.5,1.531695,174.1225,0,5.514102
2018,34.5,4.75,1.5762378,177.77794,0,5.674456
2018,34.5,5.0,1.4605268,183.74005,0,5.2578964
2018,34.5,5.25,1.5611356,189.1662,0,5.620088
2018,34.5,5.5,1.5717206,165.8209,0,5.658194
2018,34.5,5.75,1.5797539,172.54219,0,5.687114
2018,34.5,6.0,1.4190592,180.90436,0,5.108613
2018,34.5,6.25,1.3131281,157.15337,0,4.727261
2018,34.5,6.5,1.3173522,132.03212,0,4.742468
2018,34.5,6.75,1.2904497,130.51622,0,4.645619
2018,34.5,7.0,1.4696404,88.909096,0,5.290705
2018,34.5,7.25,1.5583192,81.62576,0,5.609949
2018,34.5,7.5,1.4391842,106.82169,0,5.181063
2018,34.5,7.75,1.3200246,122.676735,0,4.7520885
2018,34.5,8.0,1.3754474,196.30077,0,4.9516106
2018,34.5,8.25,1.4343656,186.62274,0,5.1637163
2018,34.5,8.5,1.3425151,178.84094,0,4.833054
2018,34.5,8.75,1.3009238,173.80547,0,4.683326
2018,34.5,9.0,1.3800167,172.48753,0,4.96806
2018,34.5,9.25,1.4645954,170.35924,0,5.2725434
2018,34.5,9.5,1.5103579,169.76884,0,5.4372883
2018,34.5,9.75,1.6673523,166.85808,0,6.002468
2018,34.5,10.0,1.891459,163.05658,0,6.8092523
2018,34.5,10.25,2.0954762,161.14174,0,7.543714
2018,34.5,10.5,2.3795462,158.71796,0,8.566366
2018,34.5,10.75,2.6685007,156.209,0,9.606602
2018,34.5,11.0,2.7319705,154.50172,0,9.8350935
2018,34.5,11.25,2.6146448,153.82912,0,9.412721
2018,34.5,11.5,2.5956404,152.88722,0,9.344305
2018,34.5,11.75,2.569344,151.72491,0,9.249639
2018,34.5,12.0,2.533839,150.4188,0,9.12182
2018,34.25,-9.0,4.1635056,254.2768,0,14.98862
2018,34.25,-8.75,3.9781826,252.62836,0,14.321457
2018,34.25,-8.5,3.7864285,250.59373,0,13.631142
2018,34.25,-8.25,3.564451,278.0591,0,12.832024
2018,34.25,-8.0,3.2755468,275.03906,0,11.791968
2018,34.25,-7.75,3.0409858,271.4282,0,10.947549
2018,34.25,-7.5,2.8733351,265.83374,0,10.344007
2018,34.25,-7.25,2.5463562,260.89642,0,9.1668825
2018,34.25,-7.0,2.3081737,254.24602,0,8.309425
2018,34.25,-6.75,1.9107962,247.10498,0,6.878866
2018,34.25,-6.5,1.6081046,268.39413,0,5.7891765
2018,34.25,-6.25,1.181412,252.54042,0,4.253083
2018,34.25,-6.0,1.0938085,252.94281,0,3.9377105
2018,34.25,-5.75,1.1594405,256.01016,0,4.173986
2018,34.25,-5.5,1.1694926,229.83833,0,4.210173
2018,34.25,-5.25,1.2282716,239.48828,0,4.4217777
2018,34.25,-5.0,1.1462494,246.23064,0,4.1264977
2018,34.25,-4.75,0.97680753,205.08412,0,3.5165071
2018,34.25,-4.5,1.0170505,203.80011,0,3.6613817
2018,34.25,-4.25,1.2556155,214.0887,0,4.5202155
2018,34.25,-4.0,1.5058643,223.09459,0,5.421111
2018,34.25,-3.75,1.6237062,250.5249,0,5.845342
2018,34.25,-3.5,1.5963598,225.93748,0,5.7468953
2018,34.25,-3.25,1.5440868,185.7118,0,5.5587125
2018,34.25,-3.0,1.4008136,197.86067,0,5.0429287
2018,34.25,-2.75,1.264274,224.48354,0,4.5513864
2018,34.25,-2.5,1.2409242,261.22183,0,4.467327
2018,34.25,-2.25,1.3044715,235.1925,0,4.6960974
2018,34.25,-2.0,1.2114897,236.42133,0,4.361363
2018,34.25,-1.75,1.1715516,213.7806,0,4.2175856
2018,34.25,-1.5,1.3419746,227.97874,0,4.8311086
2018,34.25,-1.25,1.5611333,199.26941,0,5.6200795
2018,34.25,-1.0,1.6749347,200.10124,0,6.029765
2018,34.25,-0.75,1.714625,199.63666,0,6.17265
2018,34.25,-0.5,1.6825209,169.65932,0,6.057075
2018,34.25,-0.25,1.6049007,169.8452,0,5.7776423
2018,34.25,0.0,1.5041329,166.84637,0,5.4148784
2018,34.25,0.25,1.5401893,165.2306,0,5.544681
2018,34.25,0.5,1.5657741,163.87154,0,5.6367865
2018,34.25,0.75,1.52242,161.43607,0,5.480712
2018,34.25,1.0,1.4889823,186.55505,0,5.3603363
2018,34.25,1.25,1.3031344,183.5237,0,4.6912837
2018,34.25,1.5,1.222668,182.32576,0,4.4016047
2018,34.25,1.75,1.1845177,182.94702,0,4.2642636
2018,34.25,2.0,1.2176008,212.14723,0,4.383363
2018,34.25,2.25,1.2513428,277.36343,0,4.5048337
2018,34.25,2.5,1.3317984,290.2626,0,4.794474
2018,34.25,2.75,1.4146932,295.91577,0,5.0928955
2018,34.25,3.0,1.6004671,298.92947,0,5.7616816
2018,34.25,3.25,1.7497123,242.70825,0,6.2989645
2018,34.25,3.5,1.7013183,214.91058,0,6.1247454
2018,34.25,3.75,1.5970224,211.99886,0,5.7492805
2018,34.25,4.0,1.5883063,206.99878,0,5.7179027
2018,34.25,4.25,1.6072302,200.80132,0,5.7860284
2018,34.25,4.5,1.5837069,170.8752,0,5.7013445
2018,34.25,4.75,1.5968013,175.50586,0,5.7484846
2018,34.25,5.0,1.5710473,181.15843,0,5.6557703
2018,34.25,5.25,1.6663095,186.9568,0,5.998714
2018,34.25,5.5,1.7534279,191.59386,0,6.3123403
2018,34.25,5.75,1.7601177,197.3109,0,6.3364234
2018,34.25,6.0,1.6575974,174.57988,0,5.9673505
2018,34.25,6.25,1.5629249,151.39758,0,5.626529
2018,34.25,6.5,1.563673,134.78575,0,5.629223
2018,34.25,6.75,1.7212006,136.53151,0,6.196322
2018,34.25,7.0,1.8178759,136.34769,0,6.544353
2018,34.25,7.25,1.8965994,121.9541,0,6.827758
2018,34.25,7.5,1.8488698,111.70808,0,6.655931
2018,34.25,7.75,1.8390659,130.36726,0,6.620637
2018,34.25,8.0,1.772868,121.157555,0,6.3823247
2018,34.25,8.25,1.6250782,114.94324,0,5.8502812
2018,34.25,8.5,1.5517184,138.2426,0,5.586186
2018,34.25,8.75,1.5174686,190.2795,0,5.462887
2018,34.25,9.0,1.6385369,182.80206,0,5.8987327
2018,34.25,9.25,1.8589472,172.6227,0,6.6922097
2018,34.25,9.5,2.0142972,162.7769,0,7.25147
2018,34.25,9.75,2.1571455,159.88606,0,7.7657237
2018,34.25,10.0,2.4319003,159.96936,0,8.754841
2018,34.25,10.25,2.7386982,160.03471,0,9.859313
2018,34.25,10.5,2.8117285,158.06212,0,10.122222
2018,34.25,10.75,2.838857,156.3379,0,10.219885
2018,34.25,11.0,2.834483,155.14775,0,10.204138
2018,34.25,11.25,2.769008,154.66447,0,9.968429
2018,34.25,11.5,2.7003634,153.77043,0,9.721308
2018,34.25,11.75,2.6463404,152.98384,0,9.526825
2018,34.25,12.0,2.5976145,152.04044,0,9.351412
2018,34.0,-9.0,4.0361342,195.59181,0,14.530083
2018,34.0,-8.75,3.8048294,223.72108,0,13.697386
2018,34.0,-8.5,3.5825796,251.58589,0,12.897286
2018,34.0,-8.25,3.353604,278.69684,0,12.072974
2018,34.0,-8.0,3.0644255,275.18896,0,11.031931
2018,34.0,-7.75,2.77666,271.24796,0,9.9959755
2018,34.0,-7.5,2.4367065,265.42667,0,8.772143
2018,34.0,-7.25,2.1852689,258.29404,0,7.8669677
2018,34.0,-7.0,1.6450549,251.93304,0,5.922198
2018,34.0,-6.75,1.342445,248.82164,0,4.832802
2018,34.0,-6.5,1.1582782,254.97032,0,4.1698017
2018,34.0,-6.25,1.2054923,258.60446,0,4.339772
2018,34.0,-6.0,1.1660885,261.36774,0,4.1979184
2018,34.0,-5.75,1.1589123,264.41855,0,4.1720843
2018,34.0,-5.5,1.0945266,235.82454,0,3.940296
2018,34.0,-5.25,1.1607019,244.70311,0,4.1785264
2018,34.0,-5.0,1.1740278,255.71968,0,4.2265
2018,34.0,-4.75,1.043708,227.7378,0,3.7573485
2018,34.0,-4.5,0.8888816,214.93349,0,3.1999738
2018,34.0,-4.25,1.090885,219.77643,0,3.927186
2018,34.0,-4.0,1.2589604,237.414,0,4.532257
2018,34.0,-3.75,1.1556429,250.75218,0,4.160314
2018,34.0,-3.5,1.101611,217.77136,0,3.9657996
2018,34.0,-3.25,1.1757932,204.9424,0,4.2328553
2018,34.0,-3.0,1.4049817,238.92462,0,5.0579343
2018,34.0,-2.75,1.3616347,288.31168,0,4.901885
2018,34.0,-2.5,1.4719018,285.64413,0,5.2988462
2018,34.0,-2.25,1.589893,287.86267,0,5.7236147
2018,34.0,-2.0,1.480328,244.70746,0,5.3291807
2018,34.0,-1.75,1.3581759,244.19896,0,4.889433
2018,34.0,-1.5,1.4745487,205.44563,0,5.3083754
2018,34.0,-1.25,1.6199414,207.59529,0,5.8317885
2018,34.0,-1.0,1.7148452,176.22737,0,6.1734424
2018,34.0,-0.75,1.7467676,174.85143,0,6.2883635
2018,34.0,-0.5,1.6661438,170.57198,0,5.9981174
2018,34.0,-0.25,1.5692829,167.91194,0,5.6494184
2018,34.0,0.0,1.4921035,163.5591,0,5.3715725
2018,34.0,0.25,1.4769162,163.37091,0,5.3168983
2018,34.0,0.5,1.4600912,162.07349,0,5.256328
2018,34.0,0.75,1.4337583,160.07594,0,5.1615295
2018,34.0,1.0,1.2426776,212.74284,0,4.473639
2018,34.0,1.25,1.103571,209.82835,0,3.9728558
2018,34.0,1.5,1.0647162,214.71895,0,3.8329782
2018,34.0,1.75,1.163947,220.8254,0,4.190209
2018,34.0,2.0,1.3033288,285.14755,0,4.691983
2018,34.0,2.25,1.4204386,290.21823,0,5.113579
2018,34.0,2.5,1.5986943,267.46786,0,5.7552996
2018,34.0,2.75,1.7169399,270.3735,0,6.1809835
2018,34.0,3.0,1.6196842,239.72693,0,5.830863
2018,34.0,3.25,1.6784763,211.9196,0,6.042515
2018,34.0,3.5,1.629186,210.94421,0,5.8650694
2018,34.0,3.75,1.615645,208.72137,0,5.816322
2018,34.0,4.0,1.6170927,172.2986,0,5.8215337
2018,34.0,4.25,1.6740612,171.29388,0,6.02662
2018,34.0,4.5,1.6513523,170.8667,0,5.944868
2018,34.0,4.75,1.6793786,175.7619,0,6.045763
2018,34.0,5.0,1.7117926,180.35228,0,6.162453
2018,34.0,5.25,1.7901087,185.43987,0,6.4443913
2018,34.0,5.5,1.8024925,187.45404,0,6.4889727
2018,34.0,5.75,1.7956204,191.47559,0,6.4642334
2018,34.0,6.0,1.6961035,196.57324,0,6.1059723
2018,34.0,6.25,1.7045847,197.47162,0,6.1365047
2018,34.0,6.5,1.7450153,177.95593,0,6.282055
2018,34.0,6.75,1.915085,151.74869,0,6.8943057
2018,34.0,7.0,2.026807,143.4489,0,7.2965055
2018,34.0,7.25,2.0827467,138.07928,0,7.497888
2018,34.0,7.5,2.1346235,134.2617,0,7.6846447
2018,34.0,7.75,2.0664394,124.6377,0,7.439182
2018,34.0,8.0,1.9821433,121.0084,0,7.1357155
2018,34.0,8.25,2.029369,118.6481,0,7.3057284
2018,34.0,8.5,1.9637804,115.234886,0,7.069609
2018,34.0,8.75,2.0969796,139.72417,0,7.5491266
2018,34.0,9.0,2.2252455,159.83409,0,8.010883
2018,34.0,9.25,2.4203146,156.9248,0,8.713132
2018,34.0,9.5,2.484956,154.25807,0,8.945842
2018,34.0,9.75,2.6978157,153.64288,0,9.712136
2018,34.0,10.0,2.7550335,158.26604,0,9.91812
2018,34.0,10.25,3.0639145,159.39815,0,11.030092
2018,34.0,10.5,2.98166,158.54378,0,10.733975
2018,34.0,10.75,2.7967975,157.6469,0,10.068471
2018,34.0,11.0,2.713171,156.79686,0,9.767415
2018,34.0,11.25,2.8251648,155.28876,0,10.170593
2018,34.0,11.5,2.765567,154.29405,0,9.956041
2018,34.0,11.75,2.7022495,153.7231,0,9.728098
2018,34.0,12.0,2.6706293,152.78479,0,9.614265
2018,33.75,-9.0,3.8807535,198.32005,0,13.970713
2018,33.75,-8.75,3.6377373,196.45787,0,13.095854
2018,33.75,-8.5,3.3130052,223.71904,0,11.926819
2018,33.75,-8.25,3.0835993,250.55627,0,11.100957
2018,33.75,-8.0,2.7518275,245.06592,0,9.906579
2018,33.75,-7.75,2.2562213,240.38078,0,8.122396
2018,33.75,-7.5,1.9183961,262.38528,0,6.9062257
2018,33.75,-7.25,1.6805472,258.2645,0,6.0499697
2018,33.75,-7.0,1.1547619,252.46233,0,4.1571426
2018,33.75,-6.75,1.0637869,258.90652,0,3.8296325
2018,33.75,-6.5,1.1215972,263.43704,0,4.03775
2018,33.75,-6.25,1.1774851,267.0163,0,4.2389464
2018,33.75,-6.0,1.1190356,267.15964,0,4.028528
2018,33.75,-5.75,1.1105486,270.73633,0,3.9979749
2018,33.75,-5.5,1.0393629,211.18459,0,3.7417064
2018,33.75,-5.25,1.2101902,221.56364,0,4.3566847
2018,33.75,-5.0,1.2152358,231.22011,0,4.374849
2018,33.75,-4.75,1.0351783,239.06126,0,3.726642
2018,33.75,-4.5,0.6615663,231.6198,0,2.3816388
2018,33.75,-4.25,0.79698676,232.98615,0,2.8691523
2018,33.75,-4.0,0.7943738,246.61082,0,2.8597457
2018,33.75,-3.75,0.7618902,234.29185,0,2.7428045
2018,33.75,-3.5,0.8366859,164.17671,0,3.0120692
2018,33.75,-3.25,1.0652592,210.52222,0,3.834933
2018,33.75,-3.0,1.2643785,286.81335,0,4.5517626
2018,33.75,-2.75,1.5247445,291.6288,0,5.48908
2018,33.75,-2.5,1.6414504,290.7647,0,5.909221
2018,33.75,-2.25,1.7182117,285.98685,0,6.1855617
2018,33.75,-2.0,1.6517161,279.88058,0,5.946178
2018,33.75,-1.75,1.466168,254.0038,0,5.278205
2018,33.75,-1.5,1.3719014,202.67085,0,4.9388447
2018,33.75,-1.25,1.4695338,179.04872,0,5.2903214
2018,33.75,-1.0,1.5301307,177.24135,0,5.5084705
2018,33.75,-0.75,1.4891877,174.96873,0,5.361076
2018,33.75,-0.5,1.4547762,168.72803,0,5.237194
2018,33.75,-0.25,1.3626399,166.57094,0,4.9055037
2018,33.75,0.0,1.3564376,163.81233,0,4.883175
2018,33.75,0.25,1.3017792,167.95848,0,4.6864047
2018,33.75,0.5,1.3115957,175.20215,0,4.7217445
2018,33.75,0.75,1.1859641,183.65956,0,4.2694707
2018,33.75,1.0,1.0538628,218.97032,0,3.793906
2018,33.75,1.25,1.0369477,229.38518,0,3.7330117
2018,33.75,1.5,1.1858405,231.69035,0,4.269026
2018,33.75,1.75,1.4117771,262.9658,0,5.0823975
2018,33.75,2.0,1.5270094,265.66815,0,5.4972334
2018,33.75,2.25,1.6052889,237.79749,0,5.77904
2018,33.75,2.5,1.7115039,241.10498,0,6.1614137
2018,33.75,2.75,1.6243781,210.82841,0,5.847761
2018,33.75,3.0,1.5560263,209.81801,0,5.6016946
2018,33.75,3.25,1.5666165,208.3084,0,5.639819
2018,33.75,3.5,1.5821514,177.49036,0,5.695745
2018,33.75,3.75,1.6398832,177.4027,0,5.903579
2018,33.75,4.0,1.7232351,177.40627,0,6.203646
2018,33.75,4.25,1.77506,176.9356,0,6.390216
2018,33.75,4.5,1.7679105,176.80788,0,6.3644776
2018,33.75,4.75,1.7946573,179.23834,0,6.4607663
2018,33.75,5.0,1.8213617,182.73415,0,6.556902
2018,33.75,5.25,1.8318928,185.346,0,6.5948143
2018,33.75,5.5,1.836318,187.02678,0,6.6107445
2018,33.75,5.75,1.7599846,187.6781,0,6.3359447
2018,33.75,6.0,1.611021,190.21252,0,5.7996755
2018,33.75,6.25,1.6375875,185.95575,0,5.895315
2018,33.75,6.5,1.8881006,174.6942,0,6.797162
2018,33.75,6.75,2.052769,165.75809,0,7.389968
2018,33.75,7.0,2.1297274,156.56233,0,7.6670184
2018,33.75,7.25,2.1984456,152.87823,0,7.914404
2018,33.75,7.5,2.2388752,152.05724,0,8.05995
2018,33.75,7.75,2.2781222,152.84645,0,8.20124
2018,33.75,8.0,2.18517,151.64342,0,7.8666115
2018,33.75,8.25,2.277039,162.9541,0,8.19734
2018,33.75,8.5,2.3711443,145.39995,0,8.536119
2018,33.75,8.75,2.5210176,158.8929,0,9.075663
2018,33.75,9.0,2.542823,148.56303,0,9.154162
2018,33.75,9.25,2.7041254,144.6725,0,9.734851
2018,33.75,9.5,2.7655718,145.83437,0,9.9560585
2018,33.75,9.75,2.7699757,151.89766,0,9.971912
2018,33.75,10.0,2.811226,157.25133,0,10.120413
2018,33.75,10.25,2.7835712,160.28639,0,10.020856
2018,33.75,10.5,2.7052774,160.77763,0,9.738998
2018,33.75,10.75,2.5147913,159.90472,0,9.053248
2018,33.75,11.0,2.730838,157.14171,0,9.831017
2018,33.75,11.25,2.8681812,155.5025,0,10.325452
2018,33.75,11.5,2.7969046,154.2094,0,10.068856
2018,33.75,11.75,2.7516985,153.5583,0,9.906115
2018,33.75,12.0,2.7172987,152.81752,0,9.782275
2018,33.5,-9.0,3.7693727,172.52106,0,13.569741
2018,33.5,-8.75,3.378808,200.48085,0,12.163709
2018,33.5,-8.5,3.042162,197.53998,0,10.951782
2018,33.5,-8.25,2.579041,223.24095,0,9.284548
2018,33.5,-8.0,2.18573,245.46477,0,7.8686275
2018,33.5,-7.75,1.6079329,238.9989,0,5.7885585
2018,33.5,-7.5,1.4286684,234.02222,0,5.143206
2018,33.5,-7.25,1.203338,258.51175,0,4.332017
2018,33.5,-7.0,1.1013813,258.50076,0,3.9649725
2018,33.5,-6.75,1.0968325,272.9751,0,3.948597
2018,33.5,-6.5,1.1331294,272.2465,0,4.0792656
2018,33.5,-6.25,1.031218,239.41017,0,3.712385
2018,33.5,-6.0,0.96214724,212.02948,0,3.4637299
2018,33.5,-5.75,0.9660483,210.5118,0,3.477774
2018,33.5,-5.5,0.9563957,213.6833,0,3.4430244
2018,33.5,-5.25,1.1818104,224.45839,0,4.254517
2018,33.5,-5.0,1.3217853,247.55898,0,4.758427
2018,33.5,-4.75,1.2310789,255.42047,0,4.431884
2018,33.5,-4.5,0.6426469,251.76949,0,2.3135288
2018,33.5,-4.25,0.6229867,230.3255,0,2.242752
2018,33.5,-4.0,0.73794526,272.2619,0,2.6566029
2018,33.5,-3.75,0.72872585,195.15935,0,2.623413
2018,33.5,-3.5,1.0555047,141.16582,0,3.7998168
2018,33.5,-3.25,1.2884083,170.1354,0,4.63827
2018,33.5,-3.0,1.5091138,254.15186,0,5.4328094
2018,33.5,-2.75,1.7650176,257.0346,0,6.3540635
2018,33.5,-2.5,1.6015092,226.60876,0,5.765433
2018,33.5,-2.25,1.5590878,219.1913,0,5.6127157
2018,33.5,-2.0,1.5637666,247.5719,0,5.6295595
2018,33.5,-1.75,1.508113,249.21129,0,5.429207
2018,33.5,-1.5,1.3982106,252.112,0,5.0335584
2018,33.5,-1.25,1.3032521,199.11446,0,4.6917076
2018,33.5,-1.0,1.317649,169.50986,0,4.7435365
2018,33.5,-0.75,1.3069516,196.14153,0,4.7050257
2018,33.5,-0.5,1.2410564,197.11896,0,4.467803
2018,33.5,-0.25,1.1291953,194.59865,0,4.065103
2018,33.5,0.0,1.1055267,201.2867,0,3.979896
2018,33.5,0.25,1.1764767,214.62349,0,4.2353163
2018,33.5,0.5,1.199103,227.11882,0,4.3167706
2018,33.5,0.75,1.2137469,244.09004,0,4.3694887
2018,33.5,1.0,1.2963873,250.69417,0,4.666994
2018,33.5,1.25,1.410725,251.16884,0,5.07861
2018,33.5,1.5,1.5530062,246.7293,0,5.590822
2018,33.5,1.75,1.5643082,215.26234,0,5.6315093
2018,33.5,2.0,1.699079,215.1632,0,6.1166844
2018,33.5,2.25,1.6743251,186.86456,0,6.0275702
2018,33.5,2.5,1.6486255,186.81105,0,5.9350514
2018,33.5,2.75,1.5848175,185.82353,0,5.705343
2018,33.5,3.0,1.60177,184.99402,0,5.766372
2018,33.5,3.25,1.6412395,184.75804,0,5.908462
2018,33.5,3.5,1.6950644,184.73376,0,6.102232
2018,33.5,3.75,1.7860293,185.09576,0,6.4297056
2018,33.5,4.0,1.8717097,185.03447,0,6.738155
2018,33.5,4.25,1.8901185,184.46101,0,6.804426
2018,33.5,4.5,1.8847166,183.81494,0,6.78498
2018,33.5,4.75,1.8890629,184.02504,0,6.8006263
2018,33.5,5.0,1.8664919,185.19426,0,6.719371
2018,33.5,5.25,1.8797784,187.63127,0,6.767202
2018,33.5,5.5,1.8463005,188.90504,0,6.646682
2018,33.5,5.75,1.7180271,187.91496,0,6.1848974
2018,33.5,6.0,1.5402694,189.9329,0,5.5449696
2018,33.5,6.25,1.6348256,185.19177,0,5.885372
2018,33.5,6.5,1.888442,172.4008,0,6.7983913
2018,33.5,6.75,2.0675077,168.34135,0,7.4430275
2018,33.5,7.0,2.1398683,163.69495,0,7.7035255
2018,33.5,7.25,2.1947792,161.89282,0,7.9012046
2018,33.5,7.5,2.261181,160.55823,0,8.140252
2018,33.5,7.75,2.322842,162.27522,0,8.36223
2018,33.5,8.0,2.3764946,161.78568,0,8.555381
2018,33.5,8.25,2.4743166,157.83913,0,8.907539
2018,33.5,8.5,2.570098,151.35628,0,9.252353
2018,33.5,8.75,2.6041799,147.21216,0,9.375048
2018,33.5,9.0,2.6091404,143.08516,0,9.392905
2018,33.5,9.25,2.647002,141.6555,0,9.529207
2018,33.5,9.5,2.7255716,143.73897,0,9.8120575
2018,33.5,9.75,2.7255504,151.1136,0,9.811981
2018,33.5,10.0,2.6461456,158.16606,0,9.526124
2018,33.5,10.25,2.3421276,162.98824,0,8.431659
2018,33.5,10.5,2.3854866,162.9038,0,8.587751
2018,33.5,10.75,2.5257652,159.3154,0,9.092754
2018,33.5,11.0,2.7408998,156.4883,0,9.867239
2018,33.5,11.25,2.9120207,154.06313,0,10.483274
2018,33.5,11.5,2.8343441,152.76982,0,10.203639
2018,33.5,11.75,2.7957897,152.2498,0,10.064843
2018,33.5,12.0,2.7850502,151.8955,0,10.02618
2018,33.25,-9.0,3.6221735,146.11586,0,13.0398245
2018,33.25,-8.75,3.0854263,143.9997,0,11.107534
2018,33.25,-8.5,2.4547608,169.74185,0,8.837138
2018,33.25,-8.25,1.889183,192.74664,0,6.801059
2018,33.25,-8.0,1.6417478,187.02284,0,5.910292
2018,33.25,-7.75,1.4758067,213.48946,0,5.312904
2018,33.25,-7.5,1.3507866,209.28276,0,4.8628316
2018,33.25,-7.25,1.2906245,207.11043,0,4.646248
2018,33.25,-7.0,1.2543551,206.49818,0,4.515678
2018,33.25,-6.75,1.1663171,267.53326,0,4.1987414
2018,33.25,-6.5,1.0574073,239.72456,0,3.8066661
2018,33.25,-6.25,0.96938723,209.11302,0,3.489794
2018,33.25,-6.0,0.8861098,209.89217,0,3.1899953
2018,33.25,-5.75,0.91007453,207.65771,0,3.2762682
2018,33.25,-5.5,0.9671548,206.99925,0,3.4817572
2018,33.25,-5.25,1.1117526,220.9207,0,4.0023093
2018,33.25,-5.0,1.3187033,247.12181,0,4.7473316
2018,33.25,-4.75,1.5390368,261.827,0,5.540532
2018,33.25,-4.5,1.1622485,270.8647,0,4.1840944
2018,33.25,-4.25,1.1500009,263.9988,0,4.140003
2018,33.25,-4.0,0.9250307,189.56078,0,3.3301105
2018,33.25,-3.75,1.0139761,165.83235,0,3.6503139
2018,33.25,-3.5,1.5158509,157.8926,0,5.457063
2018,33.25,-3.25,1.6718909,170.22038,0,6.018807
2018,33.25,-3.0,1.8456045,213.08467,0,6.644176
2018,33.25,-2.75,1.740848,184.49837,0,6.2670527
2018,33.25,-2.5,1.531096,180.93231,0,5.5119452
2018,33.25,-2.25,1.5150148,178.87706,0,5.454053
2018,33.25,-2.0,1.5070373,214.25317,0,5.425334
2018,33.25,-1.75,1.4614487,215.24956,0,5.261215
2018,33.25,-1.5,1.37152,210.82916,0,4.937472
2018,33.25,-1.25,1.2891858,212.92735,0,4.6410685
2018,33.25,-1.0,1.2210416,211.48341,0,4.3957496
2018,33.25,-0.75,1.1793342,216.37178,0,4.245603
2018,33.25,-0.5,1.1305664,220.72748,0,4.070039
2018,33.25,-0.25,1.0673815,226.50903,0,3.8425734
2018,33.25,0.0,1.0299548,238.65321,0,3.707837
2018,33.25,0.25,1.2237929,248.17873,0,4.4056544
2018,33.25,0.5,1.4138976,252.19908,0,5.090031
2018,33.25,0.75,1.5808269,224.13971,0,5.6909766
2018,33.25,1.0,1.7578448,226.13422,0,6.3282413
2018,33.25,1.25,1.8255281,197.33272,0,6.5719013
2018,33.25,1.5,1.7690825,197.2577,0,6.368697
2018,33.25,1.75,1.7248707,195.84175,0,6.209534
2018,33.25,2.0,1.6882218,195.83568,0,6.0775986
2018,33.25,2.25,1.6338392,167.17078,0,5.881821
2018,33.25,2.5,1.6606983,166.42587,0,5.9785137
2018,33.25,2.75,1.6793891,195.18982,0,6.0458007
2018,33.25,3.0,1.7075514,194.39128,0,6.147185
2018,33.25,3.25,1.7646527,193.07155,0,6.35275
2018,33.25,3.5,1.8419234,191.35786,0,6.6309237
2018,33.25,3.75,1.9181156,190.60297,0,6.905216
2018,33.25,4.0,1.9469475,190.60463,0,7.009011
2018,33.25,4.25,1.9542383,190.25708,0,7.035258
2018,33.25,4.5,1.9537249,189.50465,0,7.033409
2018,33.25,4.75,1.9536666,187.94435,0,7.0331993
2018,33.25,5.0,1.9167591,187.9701,0,6.900333
2018,33.25,5.25,1.8517871,188.56447,0,6.6664333
2018,33.25,5.5,1.7919861,189.9994,0,6.45115
2018,33.25,5.75,1.6969543,189.83882,0,6.109035
2018,33.25,6.0,1.6374937,190.6251,0,5.894977
2018,33.25,6.25,1.7006785,187.70605,0,6.1224422
2018,33.25,6.5,1.8258324,174.35133,0,6.572996
2018,33.25,6.75,1.9617543,169.96977,0,7.0623155
2018,33.25,7.0,2.060712,165.12212,0,7.4185634
2018,33.25,7.25,2.1329815,162.66837,0,7.6787333
2018,33.25,7.5,2.2010329,160.94572,0,7.923718
2018,33.25,7.75,2.2579,158.60399,0,8.12844
2018,33.25,8.0,2.331988,156.17819,0,8.395157
2018,33.25,8.25,2.3962147,153.27481,0,8.626372
2018,33.25,8.5,2.4335043,151.01234,0,8.760615
2018,33.25,8.75,2.4615881,148.50337,0,8.861717
2018,33.25,9.0,2.5150867,147.31714,0,9.054312
2018,33.25,9.25,2.5311034,146.66539,0,9.111972
2018,33.25,9.5,2.627258,146.56926,0,9.458129
2018,33.25,9.75,2.681289,150.12663,0,9.65264
2018,33.25,10.0,2.6026585,157.74596,0,9.369571
2018,33.25,10.25,2.3649352,164.25194,0,8.513766
2018,33.25,10.5,2.261603,162.26009,0,8.141771
2018,33.25,10.75,2.3689492,157.70561,0,8.528216
2018,33.25,11.0,2.4795816,153.11916,0,8.926494
2018,33.25,11.25,2.6844761,150.69058,0,9.664114
2018,33.25,11.5,2.762679,150.00233,0,9.945644
2018,33.25,11.75,2.7824218,149.45451,0,10.016718
2018,33.25,12.0,2.784152,149.32846,0,10.022947
2018,33.0,-9.0,3.3323088,147.22598,0,11.996311
2018,33.0,-8.75,2.586483,141.50027,0,9.311338
2018,33.0,-8.5,1.9975266,224.7365,0,7.191096
2018,33.0,-8.25,1.6856011,249.73521,0,6.068164
2018,33.0,-8.0,1.5666623,188.97124,0,5.639984
2018,33.0,-7.75,1.5425458,159.3721,0,5.5531645
2018,33.0,-7.5,1.4815892,188.14503,0,5.333721
2018,33.0,-7.25,1.4168023,186.24762,0,5.100488
2018,33.0,-7.0,1.3689908,184.33403,0,4.9283667
2018,33.0,-6.75,1.3830547,210.11253,0,4.9789968
2018,33.0,-6.5,1.2790383,234.69249,0,4.604538
2018,33.0,-6.25,1.0460033,230.84613,0,3.765612
2018,33.0,-6.0,0.8526807,199.91728,0,3.0696504
2018,33.0,-5.75,0.85358024,204.85219,0,3.0728889
2018,33.0,-5.5,0.97148806,209.79419,0,3.497357
2018,33.0,-5.25,1.2093037,220.2047,0,4.353493
2018,33.0,-5.0,1.5718945,267.50522,0,5.65882
2018,33.0,-4.75,1.7792419,272.08072,0,6.4052706
2018,33.0,-4.5,1.6318,277.273,0,5.8744802
2018,33.0,-4.25,1.5210136,256.23547,0,5.475649
2018,33.0,-4.0,1.3950714,178.97316,0,5.022257
2018,33.0,-3.75,1.5216657,154.13594,0,5.4779963
2018,33.0,-3.5,1.7066432,142.67194,0,6.1439157
2018,33.0,-3.25,1.6844426,213.74379,0,6.0639935
2018,33.0,-3.0,1.6198941,192.84657,0,5.831619
2018,33.0,-2.75,1.4272408,193.42027,0,5.138067
2018,33.0,-2.5,1.2339747,179.81866,0,4.442309
2018,33.0,-2.25,1.2557254,186.36449,0,4.5206113
2018,33.0,-2.0,1.2933482,231.6701,0,4.6560535
2018,33.0,-1.75,1.2091614,228.50719,0,4.352981
2018,33.0,-1.5,1.125884,214.5543,0,4.0531826
2018,33.0,-1.25,1.1569564,208.09138,0,4.165043
2018,33.0,-1.0,1.0533704,215.99776,0,3.792133
2018,33.0,-0.75,0.95902467,228.66956,0,3.4524887
2018,33.0,-0.5,0.9388408,234.06201,0,3.3798268
2018,33.0,-0.25,0.9921205,240.21748,0,3.5716338
2018,33.0,0.0,1.1019813,249.14973,0,3.9671326
2018,33.0,0.25,1.3495156,252.78499,0,4.858256
2018,33.0,0.5,1.5402609,194.30896,0,5.544939
2018,33.0,0.75,1.6977397,194.9908,0,6.1118627
2018,33.0,1.0,1.8014469,196.07558,0,6.4852085
2018,33.0,1.25,1.7693719,169.63959,0,6.3697386
2018,33.0,1.5,1.6932006,172.12663,0,6.095522
2018,33.0,1.75,1.6615157,173.14659,0,5.9814563
2018,33.0,2.0,1.6499286,173.51628,0,5.9397426
2018,33.0,2.25,1.6520365,175.36378,0,5.9473314
2018,33.0,2.5,1.7113923,173.3993,0,6.161012
2018,33.0,2.75,1.7161163,171.72835,0,6.1780186
2018,33.0,3.0,1.7301399,169.97258,0,6.228503
2018,33.0,3.25,1.7730783,167.87564,0,6.383082
2018,33.0,3.5,1.8869886,194.47865,0,6.793159
2018,33.0,3.75,1.9467864,193.42845,0,7.008431
2018,33.0,4.0,1.9828191,193.97102,0,7.1381483
2018,33.0,4.25,1.997363,194.54518,0,7.1905065
2018,33.0,4.5,2.0065413,193.96706,0,7.2235484
2018,33.0,4.75,1.975056,191.16655,0,7.110202
2018,33.0,5.0,1.9132499,188.91203,0,6.887699
2018,33.0,5.25,1.824365,188.62073,0,6.5677137
2018,33.0,5.5,1.7329688,190.1286,0,6.2386875
2018,33.0,5.75,1.683186,191.17793,0,6.0594697
2018,33.0,6.0,1.6435746,190.98883,0,5.916868
2018,33.0,6.25,1.6776575,161.49721,0,6.039567
2018,33.0,6.5,1.7752112,169.18712,0,6.3907604
2018,33.0,6.75,1.8779501,168.15962,0,6.76062
2018,33.0,7.0,1.9517097,166.02728,0,7.026155
2018,33.0,7.25,2.0212622,162.9483,0,7.2765436
2018,33.0,7.5,2.0820758,159.22871,0,7.495473
2018,33.0,7.75,2.1382992,155.74266,0,7.697877
2018,33.0,8.0,2.1787512,152.84544,0,7.8435044
2018,33.0,8.25,2.261526,152.42726,0,8.141494
2018,33.0,8.5,2.3190422,151.89943,0,8.348552
2018,33.0,8.75,2.3825424,151.19371,0,8.577152
2018,33.0,9.0,2.4615204,150.33528,0,8.861473
2018,33.0,9.25,2.5162373,150.83437,0,9.058454
2018,33.0,9.5,2.6088305,149.07124,0,9.391789
2018,33.0,9.75,2.6691742,151.09827,0,9.609027
2018,33.0,10.0,2.6255774,156.75008,0,9.452079
2018,33.0,10.25,2.4752343,163.648,0,8.910843
2018,33.0,10.5,2.298118,161.34752,0,8.273225
2018,33.0,10.75,2.1830246,156.45479,0,7.8588886
2018,33.0,11.0,2.1850727,150.49623,0,7.8662615
2018,33.0,11.25,2.2904904,146.58403,0,8.245765
2018,33.0,11.5,2.3949971,145.35527,0,8.621989
2018,33.0,11.75,2.5200727,144.12912,0,9.072262
2018,33.0,12.0,2.6681135,143.80771,0,9.605208
2018,32.75,-9.0,2.606093,147.2973,0,9.381934
2018,32.75,-8.75,2.0504868,169.37535,0,7.3817525
2018,32.75,-8.5,1.7627765,222.0219,0,6.3459954
2018,32.75,-8.25,1.6930299,247.86285,0,6.0949073
2018,32.75,-8.0,1.6803976,274.95676,0,6.0494313
2018,32.75,-7.75,1.7531332,278.69788,0,6.3112793
2018,32.75,-7.5,1.7385339,253.11018,0,6.258722
2018,32.75,-7.25,1.6653012,223.80852,0,5.9950843
2018,32.75,-7.0,1.5484241,219.11003,0,5.5743265
2018,32.75,-6.75,1.4057832,269.7816,0,5.060819
2018,32.75,-6.5,1.1308151,260.85764,0,4.0709343
2018,32.75,-6.25,0.86092496,220.01276,0,3.0993297
2018,32.75,-6.0,0.7999506,229.23006,0,2.879822
2018,32.75,-5.75,0.8357982,215.01622,0,3.0088735
2018,32.75,-5.5,0.976726,217.01158,0,3.5162134
2018,32.75,-5.25,1.3394319,229.46529,0,4.8219547
2018,32.75,-5.0,1.690978,242.66307,0,6.0875206
2018,32.75,-4.75,1.7880179,252.76894,0,6.4368644
2018,32.75,-4.5,1.5750853,265.14114,0,5.6703067
2018,32.75,-4.25,1.4310389,239.02339,0,5.1517396
2018,32.75,-4.0,1.3519422,240.466,0,4.8669915
2018,32.75,-3.75,1.3464669,245.11613,0,4.8472805
2018,32.75,-3.5,1.4833465,254.09544,0,5.3400474
2018,32.75,-3.25,1.5969375,268.65848,0,5.748975
2018,32.75,-3.0,1.4337016,246.93648,0,5.161326
2018,32.75,-2.75,1.2668821,195.0046,0,4.5607753
2018,32.75,-2.5,1.1632241,172.04248,0,4.187607
2018,32.75,-2.25,1.124728,171.256,0,4.049021
2018,32.75,-2.0,1.1979219,194.70683,0,4.3125186
2018,32.75,-1.75,1.1043292,191.40259,0,3.9755852
2018,32.75,-1.5,1.017218,187.96985,0,3.6619847
2018,32.75,-1.25,1.0294502,157.60658,0,3.7060206
2018,32.75,-1.0,1.0225103,215.25395,0,3.681037
2018,32.75,-0.75,0.9588743,242.92592,0,3.4519475
2018,32.75,-0.5,0.932667,243.86864,0,3.3576012
2018,32.75,-0.25,0.9738581,246.18416,0,3.5058892
2018,32.75,0.0,1.097383,248.3531,0,3.9505787
2018,32.75,0.25,1.3179443,194.36485,0,4.7445993
2018,32.75,0.5,1.5132774,168.17726,0,5.4477987
2018,32.75,0.75,1.654256,169.19725,0,5.9553213
2018,32.75,1.0,1.7150517,168.7114,0,6.1741858
2018,32.75,1.25,1.6870922,170.02187,0,6.0735316
2018,32.75,1.5,1.6697621,172.69579,0,6.0111437
2018,32.75,1.75,1.6839248,174.4552,0,6.062129
2018,32.75,2.0,1.7036265,175.93874,0,6.133055
2018,32.75,2.25,1.7122035,148.91922,0,6.1639323
2018,32.75,2.5,1.732358,149.42928,0,6.2364883
2018,32.75,2.75,1.7360381,149.39005,0,6.249737
2018,32.75,3.0,1.770574,147.07422,0,6.3740664
2018,32.75,3.25,1.8517829,173.19704,0,6.6664186
2018,32.75,3.5,1.9773731,198.24153,0,7.118543
2018,32.75,3.75,1.9923797,195.98775,0,7.1725664
2018,32.75,4.0,1.978943,195.71642,0,7.1241946
2018,32.75,4.25,1.9527221,196.164,0,7.0297995
2018,32.75,4.5,1.9325708,196.07448,0,6.957255
2018,32.75,4.75,1.8913378,194.12535,0,6.808816
2018,32.75,5.0,1.8662205,190.86736,0,6.7183933
2018,32.75,5.25,1.8099779,189.2531,0,6.51592
2018,32.75,5.5,1.7282332,189.79909,0,6.2216396
2018,32.75,5.75,1.6701021,192.08052,0,6.0123672
2018,32.75,6.0,1.6479044,163.29134,0,5.9324555
2018,32.75,6.25,1.6810619,165.63205,0,6.0518227
2018,32.75,6.5,1.7470622,167.06831,0,6.289424
2018,32.75,6.75,1.8189572,166.06169,0,6.548246
2018,32.75,7.0,1.8558279,163.92949,0,6.68098
2018,32.75,7.25,1.8905196,161.14717,0,6.8058705
2018,32.75,7.5,1.9448353,157.5158,0,7.001407
2018,32.75,7.75,2.0149815,154.42577,0,7.2539334
2018,32.75,8.0,2.074427,152.73326,0,7.4679365
2018,32.75,8.25,2.161266,152.49913,0,7.7805576
2018,32.75,8.5,2.2406976,152.44128,0,8.066511
2018,32.75,8.75,2.3120859,152.32176,0,8.323509
2018,32.75,9.0,2.3791842,152.17805,0,8.565063
2018,32.75,9.25,2.478058,153.21532,0,8.921009
2018,32.75,9.5,2.6370523,151.75165,0,9.493388
2018,32.75,9.75,2.7247696,153.12538,0,9.809171
2018,32.75,10.0,2.652653,156.9518,0,9.54955
2018,32.75,10.25,2.419103,162.4175,0,8.70877
2018,32.75,10.5,2.2240317,160.48639,0,8.006514
2018,32.75,10.75,2.1605918,155.97334,0,7.7781305
2018,32.75,11.0,2.1510894,145.21527,0,7.7439218
2018,32.75,11.25,2.1687603,142.5295,0,7.807537
2018,32.75,11.5,2.1493614,141.40887,0,7.737701
2018,32.75,11.75,2.2278461,139.9758,0,8.020246
2018,32.75,12.0,2.2407482,139.02097,0,8.066693
2018,32.5,-9.0,2.3529408,90.68589,0,8.470587
2018,32.5,-8.75,1.9534959,143.19519,0,7.032585
2018,32.5,-8.5,1.8393241,167.42795,0,6.621567
2018,32.5,-8.25,1.8274153,222.50316,0,6.5786953
2018,32.5,-8.0,2.0488482,301.82828,0,7.375853
2018,32.5,-7.75,2.1391265,295.97556,0,7.7008553
2018,32.5,-7.5,1.9350109,297.95752,0,6.966039
2018,32.5,-7.25,1.555967,266.2788,0,5.601481
2018,32.5,-7.0,1.3025695,257.65524,0,4.68925
2018,32.5,-6.75,0.9736571,250.73737,0,3.5051653
2018,32.5,-6.5,0.81477934,246.83826,0,2.9332056
2018,32.5,-6.25,0.8295849,236.9565,0,2.9865055
2018,32.5,-6.0,0.8787031,232.45488,0,3.163331
2018,32.5,-5.75,0.9500075,227.07567,0,3.420027
2018,32.5,-5.5,0.9738285,228.04675,0,3.5057826
2018,32.5,-5.25,1.0257782,230.26752,0,3.6928012
2018,32.5,-5.0,1.1843266,241.99101,0,4.263576
2018,32.5,-4.75,1.2179507,253.79927,0,4.3846226
2018,32.5,-4.5,0.99782735,265.09454,0,3.5921783
2018,32.5,-4.25,0.96974474,242.23859,0,3.491081
2018,32.5,-4.0,1.039451,252.80095,0,3.7420235
2018,32.5,-3.75,1.1631773,260.30627,0,4.187438
2018,32.5,-3.5,1.33871,265.27747,0,4.8193555
2018,32.5,-3.25,1.2331784,245.32036,0,4.439442
2018,32.5,-3.0,1.1479601,221.47234,0,4.132656
2018,32.5,-2.75,1.1109475,115.92399,0,3.9994109
2018,32.5,-2.5,1.0994273,125.56873,0,3.9579384
2018,32.5,-2.25,1.1013799,127.95502,0,3.9649675
2018,32.5,-2.0,1.000667,142.39543,0,3.602401
2018,32.5,-1.75,0.9150192,139.12444,0,3.294069
2018,32.5,-1.5,0.8854976,190.49141,0,3.1877913
2018,32.5,-1.25,0.92739314,197.4243,0,3.3386152
2018,32.5,-1.0,0.9862967,192.92859,0,3.550668
2018,32.5,-0.75,0.904344,188.07552,0,3.2556384
2018,32.5,-0.5,0.95527023,186.58733,0,3.4389727
2018,32.5,-0.25,1.1626688,187.56786,0,4.1856074
2018,32.5,0.0,1.3066933,192.10393,0,4.704096
2018,32.5,0.25,1.4271563,139.24054,0,5.1377625
2018,32.5,0.5,1.5894367,142.40596,0,5.721972
2018,32.5,0.75,1.6933626,143.20801,0,6.096105
2018,32.5,1.0,1.7507391,172.52821,0,6.3026605
2018,32.5,1.25,1.7602301,172.70134,0,6.336828
2018,32.5,1.5,1.7434363,173.23698,0,6.2763705
2018,32.5,1.75,1.727717,174.20644,0,6.2197814
2018,32.5,2.0,1.7002239,175.57634,0,6.1208057
2018,32.5,2.25,1.7003139,149.38904,0,6.12113
2018,32.5,2.5,1.7341536,152.90762,0,6.242953
2018,32.5,2.75,1.7555718,126.42475,0,6.3200583
2018,32.5,3.0,1.782914,154.26686,0,6.4184904
2018,32.5,3.25,1.8415564,146.90027,0,6.629603
2018,32.5,3.5,1.9348698,200.03656,0,6.965531
2018,32.5,3.75,1.9415975,197.60875,0,6.989751
2018,32.5,4.0,1.9162225,197.3138,0,6.898401
2018,32.5,4.25,1.8911873,198.15092,0,6.8082743
2018,32.5,4.5,1.8981152,198.49811,0,6.8332143
2018,32.5,4.75,1.907248,167.09833,0,6.8660927
2018,32.5,5.0,1.8777114,193.62683,0,6.759761
2018,32.5,5.25,1.8005193,191.70744,0,6.4818697
2018,32.5,5.5,1.6971706,162.1291,0,6.109814
2018,32.5,5.75,1.6258181,164.0773,0,5.8529453
2018,32.5,6.0,1.6575489,162.58034,0,5.967176
2018,32.5,6.25,1.6929063,163.55841,0,6.0944624
2018,32.5,6.5,1.7222948,164.00404,0,6.200261
2018,32.5,6.75,1.7564307,163.18631,0,6.3231506
2018,32.5,7.0,1.7958227,161.4444,0,6.4649615
2018,32.5,7.25,1.8175658,158.4155,0,6.5432367
2018,32.5,7.5,1.8627663,155.27637,0,6.7059584
2018,32.5,7.75,1.9260441,153.26941,0,6.9337587
2018,32.5,8.0,2.0068743,152.50883,0,7.224747
2018,32.5,8.25,2.0779853,151.86002,0,7.4807467
2018,32.5,8.5,2.1630552,151.47182,0,7.7869983
2018,32.5,8.75,2.2504485,151.3261,0,8.101614
2018,32.5,9.0,2.3525934,151.31328,0,8.4693365
2018,32.5,9.25,2.446975,151.97292,0,8.80911
2018,32.5,9.5,2.5843632,151.67159,0,9.303707
2018,32.5,9.75,2.6941936,152.98756,0,9.699097
2018,32.5,10.0,2.6635268,155.57173,0,9.5886965
2018,32.5,10.25,2.5237558,158.67847,0,9.085521
2018,32.5,10.5,2.3016803,155.0562,0,8.286049
2018,32.5,10.75,2.2214832,146.07806,0,7.9973392
2018,32.5,11.0,2.186247,142.52742,0,7.8704896
2018,32.5,11.25,2.181352,141.4931,0,7.8528666
2018,32.5,11.5,2.1406937,140.68205,0,7.706497
2018,32.5,11.75,2.117571,138.95404,0,7.6232557
2018,32.5,12.0,2.0971153,137.77129,0,7.549615
2018,32.25,-9.0,2.069875,92.13943,0,7.45155
2018,32.25,-8.75,2.064502,146.38779,0,7.432207
2018,32.25,-8.5,1.9577422,172.19008,0,7.0478716
2018,32.25,-8.25,1.8855437,199.37779,0,6.787957
2018,32.25,-8.0,2.0194457,280.3993,0,7.2700043
2018,32.25,-7.75,1.9626288,298.45474,0,7.0654635
2018,32.25,-7.5,1.6408433,312.55258,0,5.907036
2018,32.25,-7.25,1.2799203,274.14944,0,4.607713
2018,32.25,-7.0,0.96934634,259.34326,0,3.4896467
2018,32.25,-6.75,0.77680427,244.58537,0,2.7964952
2018,32.25,-6.5,0.67865103,233.95915,0,2.4431436
2018,32.25,-6.25,0.5931434,225.69104,0,2.1353161
2018,32.25,-6.0,0.6352487,224.02437,0,2.2868953
2018,32.25,-5.75,0.92233676,228.9674,0,3.3204122
2018,32.25,-5.5,1.1846962,244.44116,0,4.2649064
2018,32.25,-5.25,1.0546619,250.92036,0,3.7967827
2018,32.25,-5.0,0.8165992,263.53613,0,2.939757
2018,32.25,-4.75,0.7793553,257.97522,0,2.8056788
2018,32.25,-4.5,0.7012697,251.5551,0,2.5245707
2018,32.25,-4.25,0.73670983,259.9524,0,2.6521554
2018,32.25,-4.0,0.8603192,238.88269,0,3.0971491
2018,32.25,-3.75,0.955519,212.95036,0,3.4398685
2018,32.25,-3.5,1.021278,246.36449,0,3.6766007
2018,32.25,-3.25,1.0238271,221.4693,0,3.6857774
2018,32.25,-3.0,1.0200542,171.79016,0,3.6721952
2018,32.25,-2.75,1.0333012,116.81311,0,3.7198844
2018,32.25,-2.5,1.1219478,129.17635,0,4.039012
2018,32.25,-2.25,1.2655116,108.50631,0,4.555842
2018,32.25,-2.0,1.0431575,142.54144,0,3.7553668
2018,32.25,-1.75,0.9309799,170.31844,0,3.3515277
2018,32.25,-1.5,0.96620727,196.55406,0,3.478346
2018,32.25,-1.25,0.9657156,197.07259,0,3.476576
2018,32.25,-1.0,1.0535625,196.1497,0,3.792825
2018,32.25,-0.75,1.1008481,193.61597,0,3.963053
2018,32.25,-0.5,1.2207431,132.606,0,4.394675
2018,32.25,-0.25,1.3791493,133.3689,0,4.964937
2018,32.25,0.0,1.44811,134.38608,0,5.213196
2018,32.25,0.25,1.509426,138.69513,0,5.4339333
2018,32.25,0.5,1.582354,142.49416,0,5.696474
2018,32.25,0.75,1.6849581,143.86385,0,6.065849
2018,32.25,1.0,1.774814,144.89055,0,6.3893304
2018,32.25,1.25,1.7822167,146.31114,0,6.41598
2018,32.25,1.5,1.758736,146.6891,0,6.3314495
2018,32.25,1.75,1.7211314,145.95613,0,6.196073
2018,32.25,2.0,1.6932188,147.03778,0,6.0955877
2018,32.25,2.25,1.6508241,147.30267,0,5.9429665
2018,32.25,2.5,1.6267996,149.44743,0,5.856478
2018,32.25,2.75,1.6545874,126.71668,0,5.9565144
2018,32.25,3.0,1.7314619,127.15662,0,6.2332625
2018,32.25,3.25,1.8156495,149.43788,0,6.536338
2018,32.25,3.5,1.907529,202.1499,0,6.867104
2018,32.25,3.75,1.8996044,198.94649,0,6.838576
2018,32.25,4.0,1.8806795,198.65715,0,6.770446
2018,32.25,4.25,1.8679446,199.20107,0,6.7246003
2018,32.25,4.5,1.8692065,169.72887,0,6.7291436
2018,32.25,4.75,1.8660135,168.92262,0,6.7176485
2018,32.25,5.0,1.8259488,165.93452,0,6.5734158
2018,32.25,5.25,1.7495743,163.98299,0,6.298467
2018,32.25,5.5,1.6640354,164.48613,0,5.9905276
2018,32.25,5.75,1.6258793,167.11911,0,5.853165
2018,32.25,6.0,1.660231,165.38972,0,5.9768314
2018,32.25,6.25,1.6802878,165.32172,0,6.049036
2018,32.25,6.5,1.7015578,165.71216,0,6.125608
2018,32.25,6.75,1.717709,163.44469,0,6.183752
2018,32.25,7.0,1.7286693,160.2972,0,6.2232094
2018,32.25,7.25,1.7528845,156.19768,0,6.3103843
2018,32.25,7.5,1.8015662,154.21626,0,6.485638
2018,32.25,7.75,1.8681933,152.94777,0,6.725496
2018,32.25,8.0,1.9466745,152.23694,0,7.008028
2018,32.25,8.25,2.0216477,151.35316,0,7.2779317
2018,32.25,8.5,2.1029468,150.88918,0,7.570608
2018,32.25,8.75,2.186011,152.23154,0,7.86964
2018,32.25,9.0,2.2814367,154.37135,0,8.213172
2018,32.25,9.25,2.397475,153.78143,0,8.63091
2018,32.25,9.5,2.5315964,152.51588,0,9.113747
2018,32.25,9.75,2.6585605,151.53261,0,9.570818
2018,32.25,10.0,2.7157524,150.68498,0,9.776709
2018,32.25,10.25,2.6297567,151.6827,0,9.467124
2018,32.25,10.5,2.4088783,149.87245,0,8.671962
2018,32.25,10.75,2.2512972,148.84418,0,8.10467
2018,32.25,11.0,2.187851,146.12433,0,7.876263
2018,32.25,11.25,2.0923715,144.94353,0,7.532537
2018,32.25,11.5,2.0288646,143.13379,0,7.3039126
2018,32.25,11.75,1.9829087,141.73975,0,7.138471
2018,32.25,12.0,1.8886346,141.42415,0,6.799084
2018,32.0,-9.0,1.8834041,202.653,0,6.780255
2018,32.0,-8.75,2.0654423,231.04492,0,7.435592
2018,32.0,-8.5,2.1473846,175.18962,0,7.7305846
2018,32.0,-8.25,2.0344849,204.17137,0,7.3241453
2018,32.0,-8.0,1.8684794,261.19687,0,6.726526
2018,32.0,-7.75,1.5435935,277.10977,0,5.5569367
2018,32.0,-7.5,1.1947511,291.59305,0,4.301104
2018,32.0,-7.25,0.88824224,277.69138,0,3.197672
2018,32.0,-7.0,0.66348165,247.67206,0,2.3885338
2018,32.0,-6.75,0.60762125,229.85394,0,2.1874363
2018,32.0,-6.5,0.63980705,226.16705,0,2.3033054
2018,32.0,-6.25,0.5818077,221.98083,0,2.0945075
2018,32.0,-6.0,0.5838,228.44475,0,2.10168
2018,32.0,-5.75,0.82173723,234.9134,0,2.9582539
2018,32.0,-5.5,1.12526,251.59056,0,4.0509357
2018,32.0,-5.25,0.90291977,252.74968,0,3.2505112
2018,32.0,-5.0,0.7582838,264.63858,0,2.7298217
2018,32.0,-4.75,0.6253562,248.53949,0,2.2512822
2018,32.0,-4.5,0.54588085,196.58862,0,1.965171
2018,32.0,-4.25,0.6260126,182.33907,0,2.2536454
2018,32.0,-4.0,0.8170295,129.7964,0,2.941306
2018,32.0,-3.75,0.9478218,130.43294,0,3.4121585
2018,32.0,-3.5,0.9411594,161.64247,0,3.3881738
2018,32.0,-3.25,0.98602456,169.53633,0,3.5496883
2018,32.0,-3.0,1.0385932,136.458,0,3.7389352
2018,32.0,-2.75,1.1211826,132.3064,0,4.0362573
2018,32.0,-2.5,1.269929,131.69012,0,4.5717444
2018,32.0,-2.25,1.3066313,139.33984,0,4.7038727
2018,32.0,-2.0,1.0343653,136.28233,0,3.723715
2018,32.0,-1.75,0.9873808,174.2245,0,3.554571
2018,32.0,-1.5,1.0883862,166.85303,0,3.9181902
2018,32.0,-1.25,1.1121732,140.89052,0,4.0038233
2018,32.0,-1.0,1.2141871,136.23643,0,4.3710737
2018,32.0,-0.75,1.3246359,133.80281,0,4.768689
2018,32.0,-0.5,1.4556522,130.90027,0,5.240348
2018,32.0,-0.25,1.4754648,135.53156,0,5.311673
2018,32.0,0.0,1.5461477,137.81468,0,5.5661316
2018,32.0,0.25,1.562621,139.34117,0,5.6254354
2018,32.0,0.5,1.6280489,142.47395,0,5.8609757
2018,32.0,0.75,1.6706185,143.46378,0,6.0142264
2018,32.0,1.0,1.7339234,144.1624,0,6.242124
2018,32.0,1.25,1.719385,146.35674,0,6.189786
2018,32.0,1.5,1.6964073,147.97087,0,6.107066
2018,32.0,1.75,1.6670657,146.76494,0,6.0014367
2018,32.0,2.0,1.6595567,145.72423,0,5.9744043
2018,32.0,2.25,1.6316146,144.81972,0,5.873812
2018,32.0,2.5,1.6192347,143.70818,0,5.8292446
2018,32.0,2.75,1.6327844,146.21254,0,5.8780236
2018,32.0,3.0,1.7005199,150.95374,0,6.1218715
2018,32.0,3.25,1.8007011,149.9718,0,6.482524
2018,32.0,3.5,1.8924335,174.3803,0,6.8127604
2018,32.0,3.75,1.8810242,201.2365,0,6.771687
2018,32.0,4.0,1.8651525,200.19005,0,6.7145486
2018,32.0,4.25,1.8548187,200.76616,0,6.677347
2018,32.0,4.5,1.8491167,171.34105,0,6.65682
2018,32.0,4.75,1.8459619,170.73602,0,6.645463
2018,32.0,5.0,1.8003827,167.96698,0,6.4813776
2018,32.0,5.25,1.7120539,166.67397,0,6.163394
2018,32.0,5.5,1.6254977,167.6891,0,5.8517914
2018,32.0,5.75,1.6214652,170.30821,0,5.8372746
2018,32.0,6.0,1.6601014,166.73186,0,5.976365
2018,32.0,6.25,1.6741495,166.83574,0,6.026938
2018,32.0,6.5,1.6765054,166.28447,0,6.0354195
2018,32.0,6.75,1.6960629,164.64772,0,6.1058264
2018,32.0,7.0,1.700633,160.97594,0,6.1222787
2018,32.0,7.25,1.721651,156.63983,0,6.197943
2018,32.0,7.5,1.7721931,157.01828,0,6.3798947
2018,32.0,7.75,1.8407375,129.05,0,6.6266546
2018,32.0,8.0,1.913953,130.60204,0,6.8902307
2018,32.0,8.25,1.9923571,131.70767,0,7.1724854
2018,32.0,8.5,2.0706627,130.7693,0,7.4543858
2018,32.0,8.75,2.1613133,129.98177,0,7.780728
2018,32.0,9.0,2.242902,127.04965,0,8.074447
2018,32.0,9.25,2.3365226,124.69717,0,8.411481
2018,32.0,9.5,2.4624135,122.177055,0,8.864689
2018,32.0,9.75,2.5696013,149.53575,0,9.250565
2018,32.0,10.0,2.6175113,147.55682,0,9.42304
2018,32.0,10.25,2.6283724,146.89409,0,9.46214
2018,32.0,10.5,2.4281623,146.18053,0,8.7413845
2018,32.0,10.75,2.2448306,145.05544,0,8.08139
2018,32.0,11.0,2.0643282,145.70607,0,7.4315815
2018,32.0,11.25,1.9492135,145.22607,0,7.0171685
2018,32.0,11.5,1.8567375,144.2026,0,6.6842546
2018,32.0,11.75,1.8036436,144.12929,0,6.493117
2018,32.0,12.0,1.719504,144.47546,0,6.190214
2018,31.75,-9.0,1.6669899,230.35704,0,6.0011635
2018,31.75,-8.75,1.954702,259.15985,0,7.036927
2018,31.75,-8.5,2.0438032,263.29965,0,7.3576913
2018,31.75,-8.25,1.5875678,204.47035,0,5.715244
2018,31.75,-8.0,1.2413874,234.42198,0,4.4689946
2018,31.75,-7.75,0.8723466,283.2092,0,3.1404476
2018,31.75,-7.5,0.7259104,250.40625,0,2.6132774
2018,31.75,-7.25,0.560095,247.81773,0,2.016342
2018,31.75,-7.0,0.528562,237.024,0,1.9028232
2018,31.75,-6.75,0.5151134,231.79619,0,1.8544083
2018,31.75,-6.5,0.51891464,227.00685,0,1.8680927
2018,31.75,-6.25,0.44305912,218.00458,0,1.5950128
2018,31.75,-6.0,0.6485193,263.3091,0,2.3346694
2018,31.75,-5.75,0.90731144,261.327,0,3.2663212
2018,31.75,-5.5,0.92982477,255.66406,0,3.3473692
2018,31.75,-5.25,0.757936,261.26855,0,2.7285695
2018,31.75,-5.0,0.6780512,237.38802,0,2.4409842
2018,31.75,-4.75,0.6854705,214.32214,0,2.4676938
2018,31.75,-4.5,0.7073732,135.85262,0,2.5465434
2018,31.75,-4.25,0.76207685,128.57846,0,2.7434766
2018,31.75,-4.0,0.97436714,128.7126,0,3.5077217
2018,31.75,-3.75,1.1442735,133.19102,0,4.119385
2018,31.75,-3.5,1.1143514,135.39568,0,4.011665
2018,31.75,-3.25,1.0203601,161.60704,0,3.6732962
2018,31.75,-3.0,1.0262142,159.12524,0,3.6943712
2018,31.75,-2.75,1.1442273,130.18816,0,4.119218
2018,31.75,-2.5,1.2945617,132.55812,0,4.6604223
2018,31.75,-2.25,1.2909089,136.98439,0,4.647272
2018,31.75,-2.0,1.056698,133.59448,0,3.8041127
2018,31.75,-1.75,1.0683354,129.78203,0,3.8460073
2018,31.75,-1.5,1.1717173,124.68799,0,4.218182
2018,31.75,-1.25,1.3659941,125.06811,0,4.9175787
2018,31.75,-1.0,1.46131,130.04913,0,5.260716
2018,31.75,-0.75,1.5378271,131.02159,0,5.5361776
2018,31.75,-0.5,1.5338577,131.54372,0,5.521888
2018,31.75,-0.25,1.5671428,115.36111,0,5.641714
2018,31.75,0.0,1.6355299,143.30675,0,5.8879075
2018,31.75,0.25,1.6412811,143.13284,0,5.908612
2018,31.75,0.5,1.6553463,143.96559,0,5.9592466
2018,31.75,0.75,1.6945306,144.85529,0,6.10031
2018,31.75,1.0,1.6812583,143.77135,0,6.05253
2018,31.75,1.25,1.6529399,143.57965,0,5.9505835
2018,31.75,1.5,1.6383711,143.63246,0,5.8981357
2018,31.75,1.75,1.6329712,143.84639,0,5.878696
2018,31.75,2.0,1.6295066,143.11584,0,5.8662233
2018,31.75,2.25,1.6374364,143.04546,0,5.8947706
2018,31.75,2.5,1.6583499,144.04597,0,5.9700594
2018,31.75,2.75,1.674091,144.98732,0,6.026727
2018,31.75,3.0,1.7094079,149.88803,0,6.153868
2018,31.75,3.25,1.7993565,148.83745,0,6.477683
2018,31.75,3.5,1.8773831,146.09114,0,6.7585793
2018,31.75,3.75,1.8793244,203.90227,0,6.765568
2018,31.75,4.0,1.8630862,202.80823,0,6.7071104
2018,31.75,4.25,1.8424822,202.00163,0,6.632936
2018,31.75,4.5,1.8301878,172.40984,0,6.588676
2018,31.75,4.75,1.8218573,172.04059,0,6.5586863
2018,31.75,5.0,1.7845421,171.278,0,6.424351
2018,31.75,5.25,1.6960613,170.31477,0,6.10582
2018,31.75,5.5,1.6314269,170.84302,0,5.873137
2018,31.75,5.75,1.6326971,172.9464,0,5.8777094
2018,31.75,6.0,1.6599854,169.58885,0,5.9759474
2018,31.75,6.25,1.6556565,167.78032,0,5.960363
2018,31.75,6.5,1.660808,167.7627,0,5.9789085
2018,31.75,6.75,1.6744667,135.99431,0,6.02808
2018,31.75,7.0,1.685242,130.97783,0,6.066871
2018,31.75,7.25,1.71763,128.37248,0,6.183468
2018,31.75,7.5,1.771503,129.3225,0,6.3774104
2018,31.75,7.75,1.8404905,130.45726,0,6.6257653
2018,31.75,8.0,1.9116126,130.5049,0,6.8818054
2018,31.75,8.25,1.979016,130.172,0,7.1244574
2018,31.75,8.5,2.0541763,129.64388,0,7.395035
2018,31.75,8.75,2.1200979,128.63124,0,7.6323524
2018,31.75,9.0,2.2001128,126.3187,0,7.920406
2018,31.75,9.25,2.2671638,124.366844,0,8.161789
2018,31.75,9.5,2.3481615,122.4775,0,8.453381
2018,31.75,9.75,2.4569807,119.48215,0,8.84513
2018,31.75,10.0,2.5100381,117.69314,0,9.036137
2018,31.75,10.25,2.517749,145.7332,0,9.063896
2018,31.75,10.5,2.3662212,144.92435,0,8.518396
2018,31.75,10.75,2.2809079,145.08437,0,8.211268
2018,31.75,11.0,2.0752347,145.14622,0,7.4708447
2018,31.75,11.25,1.9794683,147.02094,0,7.1260858
2018,31.75,11.5,1.8653784,147.36847,0,6.715362
2018,31.75,11.75,1.7958118,147.9265,0,6.4649224
2018,31.75,12.0,1.7125732,150.55164,0,6.165263
2018,31.5,-9.0,1.4083713,99.55158,0,5.0701365
2018,31.5,-8.75,1.5579304,91.778175,0,5.608549
2018,31.5,-8.5,1.4086314,289.4322,0,5.071073
2018,31.5,-8.25,0.94972134,290.33475,0,3.4189968
2018,31.5,-8.0,0.57712954,251.38281,0,2.0776663
2018,31.5,-7.75,0.4993058,244.70952,0,1.7975008
2018,31.5,-7.5,0.5562033,240.58594,0,2.0023317
2018,31.5,-7.25,0.55237716,240.549,0,1.9885577
2018,31.5,-7.0,0.605902,239.22786,0,2.1812472
2018,31.5,-6.75,0.5980521,258.36053,0,2.1529875
2018,31.5,-6.5,0.5825825,218.9998,0,2.097297
2018,31.5,-6.25,0.75637555,267.73737,0,2.722952
2018,31.5,-6.0,0.821064,272.68427,0,2.9558303
2018,31.5,-5.75,1.0449715,273.1701,0,3.761897
2018,31.5,-5.5,0.9098025,258.3231,0,3.2752888
2018,31.5,-5.25,0.7578587,235.92546,0,2.7282913
2018,31.5,-5.0,0.7165344,206.3311,0,2.5795238
2018,31.5,-4.75,0.7800965,185.83344,0,2.8083472
2018,31.5,-4.5,0.8676066,125.672905,0,3.1233835
2018,31.5,-4.25,0.95631903,132.66574,0,3.4427485
2018,31.5,-4.0,1.1769118,133.25694,0,4.2368827
2018,31.5,-3.75,1.3266422,135.14597,0,4.775912
2018,31.5,-3.5,1.3318273,139.36629,0,4.794578
2018,31.5,-3.25,1.1300187,164.22571,0,4.068067
2018,31.5,-3.0,1.0964988,131.53139,0,3.9473958
2018,31.5,-2.75,1.1294812,130.82484,0,4.066132
2018,31.5,-2.5,1.2881869,134.55917,0,4.6374726
2018,31.5,-2.25,1.3725272,137.11052,0,4.9410977
2018,31.5,-2.0,1.2673192,134.56856,0,4.562349
2018,31.5,-1.75,1.2881285,129.95189,0,4.6372623
2018,31.5,-1.5,1.3510467,128.10999,0,4.863768
2018,31.5,-1.25,1.554803,128.39302,0,5.5972905
2018,31.5,-1.0,1.6214246,129.20216,0,5.837128
2018,31.5,-0.75,1.6046551,127.3707,0,5.776758
2018,31.5,-0.5,1.6034112,121.10174,0,5.77228
2018,31.5,-0.25,1.6030554,117.6402,0,5.770999
2018,31.5,0.0,1.6519216,115.46494,0,5.9469175
2018,31.5,0.25,1.6602335,114.99305,0,5.9768405
2018,31.5,0.5,1.6698475,115.327484,0,6.011451
2018,31.5,0.75,1.6864828,115.09876,0,6.0713377
2018,31.5,1.0,1.6593161,144.0187,0,5.9735374
2018,31.5,1.25,1.6361508,143.02834,0,5.890143
2018,31.5,1.5,1.6310072,143.98878,0,5.871626
2018,31.5,1.75,1.6353513,144.74992,0,5.8872647
2018,31.5,2.0,1.6486367,142.92479,0,5.935092
2018,31.5,2.25,1.6654564,142.90385,0,5.995643
2018,31.5,2.5,1.6998501,142.7947,0,6.11946
2018,31.5,2.75,1.7257556,133.01083,0,6.21272
2018,31.5,3.0,1.7707993,153.27448,0,6.3748775
2018,31.5,3.25,1.7915506,148.87944,0,6.449582
2018,31.5,3.5,1.8421298,146.56924,0,6.631667
2018,31.5,3.75,1.851534,174.68193,0,6.665522
2018,31.5,4.0,1.8580154,204.1289,0,6.688855
2018,31.5,4.25,1.8368587,173.32896,0,6.6126914
2018,31.5,4.5,1.8089342,173.17711,0,6.512163
2018,31.5,4.75,1.779511,172.68903,0,6.4062395
2018,31.5,5.0,1.7453684,172.2414,0,6.283326
2018,31.5,5.25,1.6894875,173.39008,0,6.0821548
2018,31.5,5.5,1.6337909,114.567345,0,5.881647
2018,31.5,5.75,1.6307431,144.10822,0,5.870675
2018,31.5,6.0,1.6355572,141.34047,0,5.8880057
2018,31.5,6.25,1.6345129,139.56232,0,5.8842463
2018,31.5,6.5,1.6466619,137.8522,0,5.927983
2018,31.5,6.75,1.6602241,134.7321,0,5.9768066
2018,31.5,7.0,1.6773609,128.29591,0,6.038499
2018,31.5,7.25,1.7167788,127.302795,0,6.180403
2018,31.5,7.5,1.7726675,128.00609,0,6.381603
2018,31.5,7.75,1.8271542,128.14421,0,6.577755
2018,31.5,8.0,1.8933082,128.12535,0,6.8159094
2018,31.5,8.25,1.9557725,127.88047,0,7.040781
2018,31.5,8.5,2.0095904,127.2959,0,7.234525
2018,31.5,8.75,2.0750802,126.57809,0,7.4702883
2018,31.5,9.0,2.1302915,125.633995,0,7.6690493
2018,31.5,9.25,2.174244,124.151405,0,7.827278
2018,31.5,9.5,2.2444685,122.44442,0,8.080086
2018,31.5,9.75,2.2907295,120.95288,0,8.246626
2018,31.5,10.0,2.3392646,119.18225,0,8.421352
2018,31.5,10.25,2.3585486,117.426476,0,8.490775
2018,31.5,10.5,2.308891,146.32646,0,8.312008
2018,31.5,10.75,2.2250776,146.2475,0,8.01028
2018,31.5,11.0,2.1569192,146.67195,0,7.7649093
2018,31.5,11.25,2.057865,148.61601,0,7.4083133
2018,31.5,11.5,1.9467487,150.22517,0,7.008295
2018,31.5,11.75,1.8669816,151.6837,0,6.7211337
2018,31.5,12.0,1.8072871,154.87425,0,6.506233
2018,31.25,-9.0,1.1611912,73.24352,0,4.1802883
2018,31.25,-8.75,0.879142,102.49363,0,3.164911
2018,31.25,-8.5,0.6413031,160.42932,0,2.3086913
2018,31.25,-8.25,0.5701879,279.8976,0,2.0526764
2018,31.25,-8.0,0.48118564,246.67677,0,1.7322683
2018,31.25,-7.75,0.5138399,244.47351,0,1.8498236
2018,31.25,-7.5,0.7019586,271.88586,0,2.527051
2018,31.25,-7.25,0.88991946,274.4228,0,3.20371
2018,31.25,-7.0,0.94402057,216.69933,0,3.398474
2018,31.25,-6.75,0.82955796,287.1545,0,2.9864085
2018,31.25,-6.5,0.83051914,235.05524,0,2.9898689
2018,31.25,-6.25,0.8262563,200.43451,0,2.9745226
2018,31.25,-6.0,0.9789941,224.00905,0,3.5243785
2018,31.25,-5.75,1.0675068,272.45822,0,3.8430243
2018,31.25,-5.5,0.98190594,254.64362,0,3.5348613
2018,31.25,-5.25,0.874046,239.48999,0,3.1465657
2018,31.25,-5.0,0.80571884,212.428,0,2.9005878
2018,31.25,-4.75,0.88960075,129.64316,0,3.2025626
2018,31.25,-4.5,0.98753595,133.85707,0,3.5551293
2018,31.25,-4.25,1.0638624,134.98431,0,3.8299048
2018,31.25,-4.0,1.2923355,131.57814,0,4.6524076
2018,31.25,-3.75,1.4561869,134.77507,0,5.242273
2018,31.25,-3.5,1.4628143,138.28358,0,5.2661314
2018,31.25,-3.25,1.2582167,136.54095,0,4.52958
2018,31.25,-3.0,1.1375936,133.16255,0,4.095337
2018,31.25,-2.75,1.1485035,133.14845,0,4.1346126
2018,31.25,-2.5,1.3129112,136.81514,0,4.72648
2018,31.25,-2.25,1.5223781,137.90791,0,5.480561
2018,31.25,-2.0,1.5191294,133.57735,0,5.468866
2018,31.25,-1.75,1.5545388,131.53198,0,5.5963397
2018,31.25,-1.5,1.5978031,130.23952,0,5.752091
2018,31.25,-1.25,1.6102333,129.6617,0,5.7968397
2018,31.25,-1.0,1.6212168,128.21107,0,5.83638
2018,31.25,-0.75,1.6082182,125.59078,0,5.789585
2018,31.25,-0.5,1.6198641,122.19678,0,5.8315105
2018,31.25,-0.25,1.6067513,119.60022,0,5.7843046
2018,31.25,0.0,1.6095408,117.07119,0,5.794347
2018,31.25,0.25,1.622405,116.40405,0,5.840658
2018,31.25,0.5,1.6266843,115.82128,0,5.8560634
2018,31.25,0.75,1.6409038,115.139626,0,5.9072537
2018,31.25,1.0,1.6545748,114.47046,0,5.956469
2018,31.25,1.25,1.6524425,115.197914,0,5.9487925
2018,31.25,1.5,1.6660217,117.31162,0,5.997678
2018,31.25,1.75,1.6899481,115.90015,0,6.0838127
2018,31.25,2.0,1.7014228,144.10948,0,6.125122
2018,31.25,2.25,1.709273,142.07968,0,6.153383
2018,31.25,2.5,1.7475195,138.6828,0,6.29107
2018,31.25,2.75,1.7799168,132.22487,0,6.4077
2018,31.25,3.0,1.8090357,125.87626,0,6.5125284
2018,31.25,3.25,1.8187183,150.07727,0,6.5473857
2018,31.25,3.5,1.8266001,146.37482,0,6.57576
2018,31.25,3.75,1.8264512,145.36455,0,6.575224
2018,31.25,4.0,1.835535,114.82772,0,6.607926
2018,31.25,4.25,1.8146425,114.59255,0,6.532713
2018,31.25,4.5,1.7873923,114.3014,0,6.434612
2018,31.25,4.75,1.7408862,173.335,0,6.26719
2018,31.25,5.0,1.677884,114.12799,0,6.0403824
2018,31.25,5.25,1.6295813,115.806816,0,5.8664927
2018,31.25,5.5,1.6104652,116.59192,0,5.7976747
2018,31.25,5.75,1.6125851,143.02843,0,5.805306
2018,31.25,6.0,1.6147242,140.4493,0,5.813007
2018,31.25,6.25,1.6230674,138.55795,0,5.8430424
2018,31.25,6.5,1.6398839,135.88393,0,5.9035816
2018,31.25,6.75,1.654421,130.67998,0,5.9559155
2018,31.25,7.0,1.6781858,125.5521,0,6.0414686
2018,31.25,7.25,1.7204918,125.68589,0,6.1937704
2018,31.25,7.5,1.7565364,125.79675,0,6.3235307
2018,31.25,7.75,1.807691,125.923744,0,6.5076876
2018,31.25,8.0,1.8582859,125.759895,0,6.689829
2018,31.25,8.25,1.9138337,125.67462,0,6.8898015
2018,31.25,8.5,1.9658822,125.17828,0,7.0771756
2018,31.25,8.75,2.006437,124.53707,0,7.223173
2018,31.25,9.0,2.053235,123.91037,0,7.391646
2018,31.25,9.25,2.0783925,123.385376,0,7.482213
2018,31.25,9.5,2.1046054,122.37479,0,7.5765796
2018,31.25,9.75,2.1493773,120.971855,0,7.737758
2018,31.25,10.0,2.1780338,119.59261,0,7.8409214
2018,31.25,10.25,2.190751,118.82189,0,7.8867035
2018,31.25,10.5,2.1649811,118.25128,0,7.793932
2018,31.25,10.75,2.134114,148.25035,0,7.6828103
2018,31.25,11.0,2.0603318,148.62624,0,7.4171944
2018,31.25,11.25,1.9814059,150.12871,0,7.133061
2018,31.25,11.5,1.8943657,152.25844,0,6.8197165
2018,31.25,11.75,1.8345823,153.96602,0,6.604496
2018,31.25,12.0,1.8358582,156.00418,0,6.6090894
2018,31.0,-9.0,0.6205576,101.32192,0,2.2340074
2018,31.0,-8.75,0.4652152,125.5368,0,1.6747746
2018,31.0,-8.5,0.41262528,207.46513,0,1.485451
2018,31.0,-8.25,0.45447996,197.43982,0,1.6361278
2018,31.0,-8.0,0.4897959,200.89839,0,1.7632651
2018,31.0,-7.75,0.8337502,247.47229,0,3.0015006
2018,31.0,-7.5,1.055526,280.66342,0,3.7998936
2018,31.0,-7.25,1.0763918,283.19217,0,3.8750105
2018,31.0,-7.0,1.0559603,313.02585,0,3.801457
2018,31.0,-6.75,0.9165134,274.0945,0,3.299448
2018,31.0,-6.5,0.8702468,193.69043,0,3.1328886
2018,31.0,-6.25,0.89063746,182.54407,0,3.2062948
2018,31.0,-6.0,0.8904206,173.64124,0,3.2055142
2018,31.0,-5.75,0.93983364,189.37642,0,3.383401
2018,31.0,-5.5,1.041144,205.04285,0,3.7481184
2018,31.0,-5.25,0.9934761,196.92053,0,3.5765138
2018,31.0,-5.0,0.96172184,133.7945,0,3.4621985
2018,31.0,-4.75,0.98856896,132.42027,0,3.5588481
2018,31.0,-4.5,1.0826381,135.18414,0,3.8974972
2018,31.0,-4.25,1.2370378,135.19762,0,4.453336
2018,31.0,-4.0,1.4308714,133.75325,0,5.151137
2018,31.0,-3.75,1.5421554,132.00427,0,5.5517592
2018,31.0,-3.5,1.5236712,135.26256,0,5.485216
2018,31.0,-3.25,1.3575462,135.91566,0,4.887166
2018,31.0,-3.0,1.2026032,134.08578,0,4.3293715
2018,31.0,-2.75,1.1484944,134.498,0,4.1345797
2018,31.0,-2.5,1.3017805,136.37999,0,4.6864095
2018,31.0,-2.25,1.6101834,134.46233,0,5.79666
2018,31.0,-2.0,1.7571778,130.67986,0,6.32584
2018,31.0,-1.75,1.7723154,130.07921,0,6.3803353
2018,31.0,-1.5,1.7153622,129.76881,0,6.175304
2018,31.0,-1.25,1.6412096,129.46294,0,5.9083543
2018,31.0,-1.0,1.5905071,128.2701,0,5.725826
2018,31.0,-0.75,1.5873871,125.76099,0,5.7145934
2018,31.0,-0.5,1.6023817,123.218895,0,5.7685738
2018,31.0,-0.25,1.6158495,121.16254,0,5.817058
2018,31.0,0.0,1.6179651,119.092705,0,5.824674
2018,31.0,0.25,1.6088538,118.169044,0,5.7918735
2018,31.0,0.5,1.598962,117.34296,0,5.756263
2018,31.0,0.75,1.6094176,116.7413,0,5.793903
2018,31.0,1.0,1.6384894,116.5484,0,5.8985615
2018,31.0,1.25,1.6756115,117.188965,0,6.0322013
2018,31.0,1.5,1.7234734,116.360756,0,6.204504
2018,31.0,1.75,1.7466612,114.954315,0,6.28798
2018,31.0,2.0,1.7561709,112.412575,0,6.322215
2018,31.0,2.25,1.758797,109.54578,0,6.3316693
2018,31.0,2.5,1.800927,106.05744,0,6.4833374
2018,31.0,2.75,1.8400769,131.97636,0,6.6242766
2018,31.0,3.0,1.870025,127.10374,0,6.73209
2018,31.0,3.25,1.876009,122.45925,0,6.753632
2018,31.0,3.5,1.8534178,118.25061,0,6.6723037
2018,31.0,3.75,1.8422054,116.85897,0,6.6319394
2018,31.0,4.0,1.8211814,115.710724,0,6.556253
2018,31.0,4.25,1.7939769,115.462746,0,6.458317
2018,31.0,4.5,1.7515379,115.70038,0,6.3055363
2018,31.0,4.75,1.7026507,115.20916,0,6.1295424
2018,31.0,5.0,1.6373681,116.305176,0,5.894525
2018,31.0,5.25,1.6004866,117.45365,0,5.7617517
2018,31.0,5.5,1.592229,116.63586,0,5.732024
2018,31.0,5.75,1.6113133,142.03645,0,5.800728
2018,31.0,6.0,1.6237065,139.23244,0,5.845343
2018,31.0,6.25,1.6313373,137.46715,0,5.872814
2018,31.0,6.5,1.6387748,135.49675,0,5.899589
2018,31.0,6.75,1.6564703,124.50179,0,5.963293
2018,31.0,7.0,1.6899062,123.2855,0,6.0836625
2018,31.0,7.25,1.7110506,123.2478,0,6.159782
2018,31.0,7.5,1.7439499,123.43589,0,6.278219
2018,31.0,7.75,1.7786108,123.92118,0,6.402999
2018,31.0,8.0,1.8236046,124.066734,0,6.564976
2018,31.0,8.25,1.8675617,124.13821,0,6.723222
2018,31.0,8.5,1.8971238,123.56854,0,6.8296456
2018,31.0,8.75,1.936488,123.10325,0,6.971357
2018,31.0,9.0,1.9670715,122.837975,0,7.081457
2018,31.0,9.25,1.9810563,123.01218,0,7.1318026
2018,31.0,9.5,1.9880648,122.66953,0,7.157033
2018,31.0,9.75,1.9925065,121.641335,0,7.173023
2018,31.0,10.0,2.012316,120.045654,0,7.2443376
2018,31.0,10.25,2.0441754,119.65167,0,7.359031
2018,31.0,10.5,2.0678265,120.72338,0,7.4441752
2018,31.0,10.75,2.0400605,121.232544,0,7.344218
2018,31.0,11.0,1.9896332,151.50525,0,7.162679
2018,31.0,11.25,1.9084111,152.7877,0,6.87028
2018,31.0,11.5,1.8352088,154.4756,0,6.6067514
2018,31.0,11.75,1.8087173,155.97649,0,6.511382
2018,31.0,12.0,1.8197981,157.9533,0,6.551273
2018,30.75,-9.0,0.5455819,244.81386,0,1.9640948
2018,30.75,-8.75,0.6127115,230.44977,0,2.2057612
2018,30.75,-8.5,0.6713423,250.5025,0,2.4168322
2018,30.75,-8.25,0.6479389,249.74281,0,2.33258
2018,30.75,-8.0,0.6395416,194.84784,0,2.3023498
2018,30.75,-7.75,1.2285427,248.28387,0,4.4227533
2018,30.75,-7.5,1.5368711,273.73068,0,5.532736
2018,30.75,-7.25,1.5713593,270.05872,0,5.6568933
2018,30.75,-7.0,1.2931505,265.41794,0,4.6553416
2018,30.75,-6.75,1.162302,247.79097,0,4.184287
2018,30.75,-6.5,0.986357,222.28813,0,3.550885
2018,30.75,-6.25,0.8802461,183.6516,0,3.168886
2018,30.75,-6.0,0.8926081,172.85188,0,3.2133892
2018,30.75,-5.75,0.9584501,160.47472,0,3.4504201
2018,30.75,-5.5,1.0325729,151.28328,0,3.7172623
2018,30.75,-5.25,1.0087506,142.4211,0,3.631502
2018,30.75,-5.0,1.02822,138.08185,0,3.7015922
2018,30.75,-4.75,1.1143049,135.91747,0,4.0114975
2018,30.75,-4.5,1.1843909,137.67693,0,4.2638073
2018,30.75,-4.25,1.3402206,139.85176,0,4.824794
2018,30.75,-4.0,1.5215611,139.66365,0,5.47762
2018,30.75,-3.75,1.6093398,137.97078,0,5.7936234
2018,30.75,-3.5,1.576701,136.44621,0,5.6761236
2018,30.75,-3.25,1.423729,137.00182,0,5.125424
2018,30.75,-3.0,1.3114365,138.03163,0,4.7211714
2018,30.75,-2.75,1.2660023,138.50818,0,4.557608
2018,30.75,-2.5,1.3408247,138.34871,0,4.8269687
2018,30.75,-2.25,1.6202102,135.47784,0,5.8327565
2018,30.75,-2.0,1.8074493,130.03314,0,6.5068173
2018,30.75,-1.75,1.8385323,128.21329,0,6.6187162
2018,30.75,-1.5,1.7729616,128.20561,0,6.382662
2018,30.75,-1.25,1.6802139,127.43575,0,6.04877
2018,30.75,-1.0,1.6188798,126.70462,0,5.827967
2018,30.75,-0.75,1.5993112,124.67492,0,5.75752
2018,30.75,-0.5,1.6013039,122.66205,0,5.764694
2018,30.75,-0.25,1.6172763,121.06556,0,5.8221946
2018,30.75,0.0,1.622306,119.561066,0,5.8403015
2018,30.75,0.25,1.6179522,117.97202,0,5.824628
2018,30.75,0.5,1.6221948,116.67336,0,5.839901
2018,30.75,0.75,1.6384155,116.13285,0,5.8982954
2018,30.75,1.0,1.6699911,116.44521,0,6.011968
2018,30.75,1.25,1.7106413,116.73092,0,6.1583085
2018,30.75,1.5,1.7423145,115.389496,0,6.2723317
2018,30.75,1.75,1.7645277,112.99893,0,6.3522997
2018,30.75,2.0,1.7848116,110.02893,0,6.4253216
2018,30.75,2.25,1.8127619,107.05499,0,6.525943
2018,30.75,2.5,1.8483678,104.11404,0,6.654124
2018,30.75,2.75,1.8926758,101.19689,0,6.8136325
2018,30.75,3.0,1.9168315,128.35078,0,6.9005933
2018,30.75,3.25,1.9133902,124.991035,0,6.8882046
2018,30.75,3.5,1.8495655,121.47932,0,6.658436
2018,30.75,3.75,1.8140589,118.49274,0,6.530612
2018,30.75,4.0,1.787929,117.04551,0,6.4365444
2018,30.75,4.25,1.7571344,116.70005,0,6.3256836
2018,30.75,4.5,1.7215878,116.90637,0,6.1977158
2018,30.75,4.75,1.6716609,117.98151,0,6.017979
2018,30.75,5.0,1.6246738,120.46342,0,5.8488255
2018,30.75,5.25,1.5974455,92.67731,0,5.7508035
2018,30.75,5.5,1.5975432,110.53961,0,5.7511554
2018,30.75,5.75,1.6019405,139.27849,0,5.766986
2018,30.75,6.0,1.6143078,136.98775,0,5.8115077
2018,30.75,6.25,1.6313057,134.77599,0,5.8727
2018,30.75,6.5,1.6487039,126.74045,0,5.935334
2018,30.75,6.75,1.6697464,122.295815,0,6.011087
2018,30.75,7.0,1.6947635,121.64031,0,6.1011486
2018,30.75,7.25,1.711329,121.59921,0,6.1607842
2018,30.75,7.5,1.7398971,121.80605,0,6.2636294
2018,30.75,7.75,1.7759272,122.57249,0,6.3933377
2018,30.75,8.0,1.7867208,123.5932,0,6.4321947
2018,30.75,8.25,1.7735099,123.16329,0,6.3846354
2018,30.75,8.5,1.7984067,122.613884,0,6.474264
2018,30.75,8.75,1.8382702,122.55862,0,6.6177726
2018,30.75,9.0,1.8733383,122.87488,0,6.744018
2018,30.75,9.25,1.8830279,122.62589,0,6.7789
2018,30.75,9.5,1.8736362,122.409935,0,6.7450905
2018,30.75,9.75,1.8715934,122.14597,0,6.7377357
2018,30.75,10.0,1.8902272,122.05475,0,6.8048177
2018,30.75,10.25,1.9293642,122.59378,0,6.945711
2018,30.75,10.5,1.978669,123.28896,0,7.1232085
2018,30.75,10.75,1.9673511,123.82253,0,7.0824637
2018,30.75,11.0,1.9224039,154.54088,0,6.920654
2018,30.75,11.25,1.8634467,156.11183,0,6.708408
2018,30.75,11.5,1.8074471,157.54958,0,6.506809
2018,30.75,11.75,1.7855955,158.7454,0,6.428144
2018,30.75,12.0,1.8227323,160.45517,0,6.5618362
2018,30.5,-9.0,1.1757355,213.74095,0,4.2326474
2018,30.5,-8.75,1.2415129,209.9282,0,4.469446
2018,30.5,-8.5,1.2967291,191.2804,0,4.668225
2018,30.5,-8.25,1.270874,204.13232,0,4.575146
2018,30.5,-8.0,1.1845685,213.28847,0,4.2644467
2018,30.5,-7.75,1.6064023,224.94331,0,5.783048
2018,30.5,-7.5,1.8231043,268.78928,0,6.563175
2018,30.5,-7.25,1.6640029,286.26212,0,5.9904103
2018,30.5,-7.0,1.1639996,275.7538,0,4.190398
2018,30.5,-6.75,1.1271347,243.49825,0,4.057685
2018,30.5,-6.5,1.1475784,213.89885,0,4.131282
2018,30.5,-6.25,0.9982415,206.82349,0,3.5936692
2018,30.5,-6.0,0.8473633,163.77724,0,3.0505078
2018,30.5,-5.75,0.8645589,154.23285,0,3.112412
2018,30.5,-5.5,1.0030781,151.95436,0,3.6110811
2018,30.5,-5.25,1.121815,145.50496,0,4.0385337
2018,30.5,-5.0,1.2402011,142.32718,0,4.464724
2018,30.5,-4.75,1.3290972,143.02364,0,4.7847495
2018,30.5,-4.5,1.3312441,143.82901,0,4.7924786
2018,30.5,-4.25,1.4819428,143.07448,0,5.334994
2018,30.5,-4.0,1.6264583,142.91223,0,5.85525
2018,30.5,-3.75,1.6716533,142.54376,0,6.0179515
2018,30.5,-3.5,1.5831876,141.10063,0,5.6994753
2018,30.5,-3.25,1.4808965,140.30856,0,5.3312273
2018,30.5,-3.0,1.4318007,141.38475,0,5.1544824
2018,30.5,-2.75,1.4005208,141.40193,0,5.041875
2018,30.5,-2.5,1.4159436,140.29317,0,5.097397
2018,30.5,-2.25,1.5886415,135.01555,0,5.7191095
2018,30.5,-2.0,1.7569491,129.36798,0,6.3250165
2018,30.5,-1.75,1.7919326,126.7139,0,6.4509573
2018,30.5,-1.5,1.7524947,126.012535,0,6.308981
2018,30.5,-1.25,1.6975602,125.0001,0,6.1112165
2018,30.5,-1.0,1.6531023,124.34954,0,5.951168
2018,30.5,-0.75,1.6168752,122.71418,0,5.82075
2018,30.5,-0.5,1.6067139,121.09943,0,5.7841697
2018,30.5,-0.25,1.6160384,119.65799,0,5.817738
2018,30.5,0.0,1.6257893,118.032646,0,5.8528414
2018,30.5,0.25,1.6265334,116.88287,0,5.8555202
2018,30.5,0.5,1.6330997,116.265656,0,5.8791585
2018,30.5,0.75,1.650061,116.16818,0,5.9402194
2018,30.5,1.0,1.6838282,116.25067,0,6.0617814
2018,30.5,1.25,1.7489166,115.11686,0,6.2960997
2018,30.5,1.5,1.789669,113.39487,0,6.442808
2018,30.5,1.75,1.8225833,110.89219,0,6.5613
2018,30.5,2.0,1.8463591,108.30903,0,6.6468925
2018,30.5,2.25,1.8548738,106.402626,0,6.6775455
2018,30.5,2.5,1.8540298,104.053734,0,6.674507
2018,30.5,2.75,1.8594131,101.189705,0,6.693887
2018,30.5,3.0,1.8606716,129.02254,0,6.6984177
2018,30.5,3.25,1.8519359,127.31522,0,6.666969
2018,30.5,3.5,1.8354441,124.39217,0,6.607599
2018,30.5,3.75,1.786925,119.788246,0,6.4329295
2018,30.5,4.0,1.7337208,117.50299,0,6.2413945
2018,30.5,4.25,1.678698,117.06323,0,6.0433125
2018,30.5,4.5,1.6373633,117.694214,0,5.894508
2018,30.5,4.75,1.602293,120.09458,0,5.7682548
2018,30.5,5.0,1.5848743,95.95101,0,5.7055473
2018,30.5,5.25,1.586782,104.59249,0,5.7124147
2018,30.5,5.5,1.592927,106.54623,0,5.734537
2018,30.5,5.75,1.5986515,106.584816,0,5.7551455
2018,30.5,6.0,1.611795,106.89041,0,5.8024616
2018,30.5,6.25,1.6263443,108.577736,0,5.8548393
2018,30.5,6.5,1.6467643,117.81272,0,5.9283514
2018,30.5,6.75,1.6742686,118.81445,0,6.0273666
2018,30.5,7.0,1.6863924,119.68037,0,6.0710125
2018,30.5,7.25,1.7079722,119.735466,0,6.1486998
2018,30.5,7.5,1.7353439,119.92709,0,6.247238
2018,30.5,7.75,1.7492037,120.654755,0,6.297133
2018,30.5,8.0,1.7092136,122.02476,0,6.1531687
2018,30.5,8.25,1.6783801,122.263,0,6.042168
2018,30.5,8.5,1.7116057,122.147705,0,6.1617804
2018,30.5,8.75,1.7557111,122.48597,0,6.3205595
2018,30.5,9.0,1.7734615,123.211,0,6.384461
2018,30.5,9.25,1.749052,122.8801,0,6.296587
2018,30.5,9.5,1.7312694,122.03278,0,6.2325697
2018,30.5,9.75,1.7379297,121.25015,0,6.256547
2018,30.5,10.0,1.7784921,121.127525,0,6.402571
2018,30.5,10.25,1.854591,122.25889,0,6.6765275
2018,30.5,10.5,1.8936769,123.899086,0,6.8172364
2018,30.5,10.75,1.863193,124.750854,0,6.7074947
2018,30.5,11.0,1.8027416,125.71796,0,6.4898696
2018,30.5,11.25,1.7432718,157.36557,0,6.2757783
2018,30.5,11.5,1.733236,159.16339,0,6.2396493
2018,30.5,11.75,1.7295626,160.00697,0,6.226425
2018,30.5,12.0,1.7622544,161.71121,0,6.3441157
2018,30.25,-9.0,1.574051,214.05803,0,5.6665835
2018,30.25,-8.75,1.5257488,213.51245,0,5.492696
2018,30.25,-8.5,1.3420285,225.28697,0,4.8313026
2018,30.25,-8.25,1.2865384,246.8918,0,4.631538
2018,30.25,-8.0,1.3803897,254.56427,0,4.969403
2018,30.25,-7.75,1.5987064,244.73997,0,5.755343
2018,30.25,-7.5,1.4609038,257.42703,0,5.2592535
2018,30.25,-7.25,1.1012906,279.06564,0,3.964646
2018,30.25,-7.0,0.8367979,188.43988,0,3.0124724
2018,30.25,-6.75,0.9127161,187.83678,0,3.2857778
2018,30.25,-6.5,1.134672,187.63562,0,4.0848193
2018,30.25,-6.25,1.1989621,177.70442,0,4.316263
2018,30.25,-6.0,1.0455071,165.84245,0,3.7638254
2018,30.25,-5.75,1.0264922,159.68855,0,3.6953719
2018,30.25,-5.5,1.1364204,155.45634,0,4.091113
2018,30.25,-5.25,1.3068625,151.04353,0,4.7047048
2018,30.25,-5.0,1.4338273,148.96002,0,5.161778
2018,30.25,-4.75,1.4222177,150.11732,0,5.1199837
2018,30.25,-4.5,1.4401032,149.11064,0,5.1843715
2018,30.25,-4.25,1.5418706,146.85469,0,5.550734
2018,30.25,-4.0,1.6725658,144.84407,0,6.021237
2018,30.25,-3.75,1.6870528,144.18651,0,6.07339
2018,30.25,-3.5,1.633236,144.1552,0,5.8796496
2018,30.25,-3.25,1.5771866,144.52785,0,5.6778717
2018,30.25,-3.0,1.5282416,145.64565,0,5.50167
2018,30.25,-2.75,1.4781466,146.08426,0,5.3213277
2018,30.25,-2.5,1.4412433,142.85173,0,5.1884756
2018,30.25,-2.25,1.5578736,135.91985,0,5.608345
2018,30.25,-2.0,1.6770425,128.77635,0,6.0373526
2018,30.25,-1.75,1.7291616,124.61948,0,6.224982
2018,30.25,-1.5,1.7253853,123.950584,0,6.211387
2018,30.25,-1.25,1.6878967,123.441925,0,6.076428
2018,30.25,-1.0,1.6491493,122.863106,0,5.9369373
2018,30.25,-0.75,1.6262378,121.22848,0,5.854456
2018,30.25,-0.5,1.6198412,119.73789,0,5.831428
2018,30.25,-0.25,1.6195073,118.58622,0,5.830226
2018,30.25,0.0,1.6402823,117.68325,0,5.905016
2018,30.25,0.25,1.6645778,117.17197,0,5.9924803
2018,30.25,0.5,1.692207,116.16215,0,6.091945
2018,30.25,0.75,1.7202038,114.99006,0,6.1927333
2018,30.25,1.0,1.7531191,113.84933,0,6.3112288
2018,30.25,1.25,1.799167,112.47762,0,6.477001
2018,30.25,1.5,1.8452525,111.096016,0,6.642909
2018,30.25,1.75,1.870439,110.21479,0,6.7335806
2018,30.25,2.0,1.8700476,109.65414,0,6.732171
2018,30.25,2.25,1.8512421,109.11862,0,6.664471
2018,30.25,2.5,1.821134,106.7311,0,6.5560822
2018,30.25,2.75,1.7864727,102.433205,0,6.4313016
2018,30.25,3.0,1.7731285,100.797035,0,6.3832626
2018,30.25,3.25,1.7801253,99.16973,0,6.4084506
2018,30.25,3.5,1.7873827,126.12949,0,6.4345775
2018,30.25,3.75,1.7524313,120.89691,0,6.3087525
2018,30.25,4.0,1.6855364,117.90513,0,6.0679307
2018,30.25,4.25,1.6340619,118.07485,0,5.8826227
2018,30.25,4.5,1.6003622,120.2358,0,5.761304
2018,30.25,4.75,1.5849568,95.23182,0,5.7058444
2018,30.25,5.0,1.5902939,102.84363,0,5.7250576
2018,30.25,5.25,1.5939574,106.163795,0,5.7382464
2018,30.25,5.5,1.5818086,107.56956,0,5.6945105
2018,30.25,5.75,1.5781058,106.9661,0,5.681181
2018,30.25,6.0,1.5891824,106.44104,0,5.7210565
2018,30.25,6.25,1.6073996,109.89953,0,5.7866383
2018,30.25,6.5,1.6395496,114.22126,0,5.9023786
2018,30.25,6.75,1.65978,116.238655,0,5.975208
2018,30.25,7.0,1.6734692,117.30558,0,6.024489
2018,30.25,7.25,1.6909198,117.68701,0,6.087311
2018,30.25,7.5,1.7181273,117.77148,0,6.185258
2018,30.25,7.75,1.6977319,118.260254,0,6.1118345
2018,30.25,8.0,1.6591164,119.6516,0,5.972819
2018,30.25,8.25,1.6435694,120.860596,0,5.9168496
2018,30.25,8.5,1.6700596,121.790016,0,6.012214
2018,30.25,8.75,1.6791396,122.17874,0,6.0449023
2018,30.25,9.0,1.6570312,122.52323,0,5.965312
2018,30.25,9.25,1.6448169,123.48681,0,5.9213405
2018,30.25,9.5,1.6296525,124.305695,0,5.866749
2018,30.25,9.75,1.6137949,124.60357,0,5.8096614
2018,30.25,10.0,1.6251607,123.64739,0,5.8505783
2018,30.25,10.25,1.7342445,124.33733,0,6.24328
2018,30.25,10.5,1.8118523,126.556145,0,6.5226684
2018,30.25,10.75,1.8183435,128.37628,0,6.5460367
2018,30.25,11.0,1.7646685,128.6611,0,6.352806
2018,30.25,11.25,1.6963463,158.3518,0,6.1068463
2018,30.25,11.5,1.6901468,159.69247,0,6.0845284
2018,30.25,11.75,1.7107624,160.63246,0,6.1587443
2018,30.25,12.0,1.7474551,161.95314,0,6.2908382
2018,30.0,-9.0,0.9817424,226.91225,0,3.5342724
2018,30.0,-8.75,1.4658779,235.4383,0,5.27716
2018,30.0,-8.5,1.6487855,258.98935,0,5.9356275
2018,30.0,-8.25,1.4510084,260.4808,0,5.2236304
2018,30.0,-8.0,1.5282937,252.06581,0,5.5018573
2018,30.0,-7.75,1.4790479,245.36937,0,5.324572
2018,30.0,-7.5,1.1411084,231.09367,0,4.1079903
2018,30.0,-7.25,0.9413381,192.78453,0,3.388817
2018,30.0,-7.0,0.89857143,196.1874,0,3.234857
2018,30.0,-6.75,0.97651035,171.66145,0,3.5154371
2018,30.0,-6.5,1.0247632,168.44864,0,3.6891475
2018,30.0,-6.25,1.1922144,180.95665,0,4.2919717
2018,30.0,-6.0,1.2029353,171.91667,0,4.330567
2018,30.0,-5.75,1.189704,167.2992,0,4.282934
2018,30.0,-5.5,1.277841,162.19714,0,4.6002274
2018,30.0,-5.25,1.4520622,159.56609,0,5.227424
2018,30.0,-5.0,1.5633203,159.17009,0,5.627953
2018,30.0,-4.75,1.5192863,158.51251,0,5.4694304
2018,30.0,-4.5,1.5295578,155.29631,0,5.506408
2018,30.0,-4.25,1.6155071,152.16231,0,5.8158255
2018,30.0,-4.0,1.7052962,149.12486,0,6.139066
2018,30.0,-3.75,1.7336565,147.4539,0,6.2411633
2018,30.0,-3.5,1.7020499,147.2447,0,6.1273794
2018,30.0,-3.25,1.6746165,148.51974,0,6.0286193
2018,30.0,-3.0,1.621543,150.58733,0,5.837555
2018,30.0,-2.75,1.5322871,152.05588,0,5.5162334
2018,30.0,-2.5,1.4286135,148.87828,0,5.1430087
2018,30.0,-2.25,1.4654099,140.06721,0,5.2754755
2018,30.0,-2.0,1.5512304,130.69286,0,5.5844293
2018,30.0,-1.75,1.6234092,123.83917,0,5.8442726
2018,30.0,-1.5,1.6743368,119.08558,0,6.027612
2018,30.0,-1.25,1.6615647,118.49036,0,5.9816327
2018,30.0,-1.0,1.6352624,123.953575,0,5.8869443
2018,30.0,-0.75,1.6276155,121.6239,0,5.8594155
2018,30.0,-0.5,1.6253825,119.89081,0,5.851377
2018,30.0,-0.25,1.642973,118.82037,0,5.9147024
2018,30.0,0.0,1.675964,117.583534,0,6.03347
2018,30.0,0.25,1.7217445,117.01443,0,6.1982803
2018,30.0,0.5,1.7634872,115.38568,0,6.3485537
2018,30.0,0.75,1.7972194,113.43569,0,6.46999
2018,30.0,1.0,1.8091803,112.12439,0,6.5130486
2018,30.0,1.25,1.8361578,111.52026,0,6.610168
2018,30.0,1.5,1.8491211,111.6943,0,6.6568356
2018,30.0,1.75,1.8410482,112.90188,0,6.6277733
2018,30.0,2.0,1.8522605,112.34835,0,6.6681376
2018,30.0,2.25,1.8636211,112.75945,0,6.709036
2018,30.0,2.5,1.826004,109.98627,0,6.573614
2018,30.0,2.75,1.7744913,105.67753,0,6.3881683
2018,30.0,3.0,1.7581192,102.39852,0,6.329229
2018,30.0,3.25,1.7647462,99.96295,0,6.353086
2018,30.0,3.5,1.7821606,126.26098,0,6.415778
2018,30.0,3.75,1.7521259,122.996956,0,6.307653
2018,30.0,4.0,1.6822577,121.30231,0,6.0561275
2018,30.0,4.25,1.6143913,120.901726,0,5.8118086
2018,30.0,4.5,1.5796691,93.9851,0,5.6868086
2018,30.0,4.75,1.5630058,100.30682,0,5.6268206
2018,30.0,5.0,1.5729002,105.39697,0,5.6624403
2018,30.0,5.25,1.5883638,104.45862,0,5.7181096
2018,30.0,5.5,1.5986089,101.131966,0,5.7549915
2018,30.0,5.75,1.5972749,99.45761,0,5.7501893
2018,30.0,6.0,1.6032225,100.40891,0,5.7716007
2018,30.0,6.25,1.6191896,105.06952,0,5.8290825
2018,30.0,6.5,1.6484553,108.81931,0,5.9344387
2018,30.0,6.75,1.6690474,111.739845,0,6.00857
2018,30.0,7.0,1.6842023,113.76041,0,6.063128
2018,30.0,7.25,1.6943232,115.09027,0,6.099563
2018,30.0,7.5,1.6917349,116.086395,0,6.0902457
2018,30.0,7.75,1.6498032,116.6723,0,5.939291
2018,30.0,8.0,1.6306087,117.220924,0,5.870191
2018,30.0,8.25,1.6212521,118.729454,0,5.8365073
2018,30.0,8.5,1.604794,119.98002,0,5.7772584
2018,30.0,8.75,1.5830755,121.40152,0,5.699072
2018,30.0,9.0,1.5892857,123.413185,0,5.7214284
2018,30.0,9.25,1.6304903,127.59186,0,5.869765
2018,30.0,9.5,1.625535,130.18411,0,5.851926
2018,30.0,9.75,1.5857439,133.82422,0,5.708678
2018,30.0,10.0,1.5586828,133.57253,0,5.611258
2018,30.0,10.25,1.674029,132.07115,0,6.026504
2018,30.0,10.5,1.7740332,132.08284,0,6.3865194
2018,30.0,10.75,1.7832116,134.00122,0,6.4195614
2018,30.0,11.0,1.7069517,132.93639,0,6.145026
2018,30.0,11.25,1.6340595,130.81421,0,5.882614
2018,30.0,11.5,1.6270013,161.20824,0,5.8572044
2018,30.0,11.75,1.6494881,161.7279,0,5.938157
2018,30.0,12.0,1.6799164,162.76738,0,6.047699
2018,29.75,-9.0,1.2311424,232.26306,0,4.4321127
2018,29.75,-8.75,1.765709,260.29654,0,6.3565526
2018,29.75,-8.5,1.5852237,255.73943,0,5.706805
2018,29.75,-8.25,1.4834677,249.89381,0,5.3404837
2018,29.75,-8.0,1.4236218,218.39024,0,5.125038
2018,29.75,-7.75,1.424932,212.2965,0,5.129755
2018,29.75,-7.5,1.2193621,199.60907,0,4.3897038
2018,29.75,-7.25,1.3020469,189.24483,0,4.687369
2018,29.75,-7.0,1.343304,180.72917,0,4.8358946
2018,29.75,-6.75,1.3701614,183.3354,0,4.932581
2018,29.75,-6.5,1.423859,181.84082,0,5.125892
2018,29.75,-6.25,1.5363396,179.62761,0,5.5308228
2018,29.75,-6.0,1.5989298,177.13733,0,5.756147
2018,29.75,-5.75,1.5820789,174.17732,0,5.695484
2018,29.75,-5.5,1.5506619,169.01648,0,5.5823827
2018,29.75,-5.25,1.6648602,166.05542,0,5.993497
2018,29.75,-5.0,1.7231531,166.43848,0,6.203351
2018,29.75,-4.75,1.6930643,165.03615,0,6.0950313
2018,29.75,-4.5,1.6931686,162.0833,0,6.095407
2018,29.75,-4.25,1.7426289,158.51422,0,6.273464
2018,29.75,-4.0,1.8185059,155.57173,0,6.546621
2018,29.75,-3.75,1.7983817,152.86894,0,6.474174
2018,29.75,-3.5,1.7422045,149.94191,0,6.2719364
2018,29.75,-3.25,1.7292911,150.77422,0,6.2254477
2018,29.75,-3.0,1.7097546,152.3268,0,6.1551166
2018,29.75,-2.75,1.6267905,154.27672,0,5.856446
2018,29.75,-2.5,1.4458337,154.98468,0,5.2050014
2018,29.75,-2.25,1.3646735,148.34026,0,4.9128246
2018,29.75,-2.0,1.4181628,139.17802,0,5.1053863
2018,29.75,-1.75,1.5084938,129.1045,0,5.4305773
2018,29.75,-1.5,1.5625745,121.47052,0,5.625268
2018,29.75,-1.25,1.647016,105.427345,0,5.9292574
2018,29.75,-1.0,1.6568636,100.41128,0,5.964709
2018,29.75,-0.75,1.6446995,94.903725,0,5.920918
2018,29.75,-0.5,1.6563296,120.564476,0,5.9627867
2018,29.75,-0.25,1.6849297,88.240166,0,6.065747
2018,29.75,0.0,1.7175722,113.96427,0,6.18326
2018,29.75,0.25,1.7766703,83.6278,0,6.3960133
2018,29.75,0.5,1.8227261,82.14688,0,6.561814
2018,29.75,0.75,1.8364015,81.29526,0,6.611045
2018,29.75,1.0,1.8445276,110.12351,0,6.6402993
2018,29.75,1.25,1.8285265,110.91262,0,6.582695
2018,29.75,1.5,1.791176,118.7205,0,6.448233
2018,29.75,1.75,1.8190433,115.952126,0,6.548556
2018,29.75,2.0,1.8786157,116.37769,0,6.7630167
2018,29.75,2.25,1.9020132,116.664856,0,6.847247
2018,29.75,2.5,1.8719317,112.93714,0,6.738954
2018,29.75,2.75,1.8081042,109.362274,0,6.509175
2018,29.75,3.0,1.7710692,105.01837,0,6.375849
2018,29.75,3.25,1.7384439,99.9765,0,6.2583976
2018,29.75,3.5,1.7399484,125.97873,0,6.263814
2018,29.75,3.75,1.7094512,95.8511,0,6.154024
2018,29.75,4.0,1.6709875,96.06597,0,6.015555
2018,29.75,4.25,1.6092876,96.45889,0,5.793435
2018,29.75,4.5,1.5783483,97.30665,0,5.6820536
2018,29.75,4.75,1.5734568,101.49407,0,5.664444
2018,29.75,5.0,1.5836482,102.23246,0,5.7011333
2018,29.75,5.25,1.6001978,99.86144,0,5.7607117
2018,29.75,5.5,1.6165838,97.51675,0,5.8197017
2018,29.75,5.75,1.63137,97.66349,0,5.8729315
2018,29.75,6.0,1.6418349,98.70862,0,5.9106054
2018,29.75,6.25,1.6519723,102.2593,0,5.9471
2018,29.75,6.5,1.6741308,106.25367,0,6.0268707
2018,29.75,6.75,1.694162,109.25705,0,6.0989833
2018,29.75,7.0,1.7005806,110.9425,0,6.12209
2018,29.75,7.25,1.7019485,112.453,0,6.1270146
2018,29.75,7.5,1.6715055,112.76642,0,6.0174193
2018,29.75,7.75,1.6359876,113.65572,0,5.8895555
2018,29.75,8.0,1.6175579,115.118286,0,5.8232083
2018,29.75,8.25,1.5944768,117.36157,0,5.7401166
2018,29.75,8.5,1.5726875,119.234764,0,5.661675
2018,29.75,8.75,1.5771255,122.912056,0,5.677652
2018,29.75,9.0,1.6547176,126.98419,0,5.956983
2018,29.75,9.25,1.6983136,130.62764,0,6.113929
2018,29.75,9.5,1.6825413,134.72523,0,6.0571485
2018,29.75,9.75,1.6434585,138.45192,0,5.9164505
2018,29.75,10.0,1.6246341,141.64647,0,5.848683
2018,29.75,10.25,1.6771768,139.55,0,6.0378366
2018,29.75,10.5,1.7433796,138.48958,0,6.2761664
2018,29.75,10.75,1.6977867,136.83525,0,6.112032
2018,29.75,11.0,1.6225019,135.17139,0,5.8410063
2018,29.75,11.25,1.5796328,132.86864,0,5.686678
2018,29.75,11.5,1.5802951,162.39001,0,5.689062
2018,29.75,11.75,1.5954251,162.47328,0,5.7435303
2018,29.75,12.0,1.6207352,162.56508,0,5.834646
2018,29.5,-9.0,2.1112592,228.71301,0,7.600533
2018,29.5,-8.75,2.2355053,253.93593,0,8.047819
2018,29.5,-8.5,1.7423679,246.27351,0,6.2725244
2018,29.5,-8.25,1.4329351,206.53333,0,5.1585665
2018,29.5,-8.0,1.4661125,202.73914,0,5.2780046
2018,29.5,-7.75,1.584323,201.51521,0,5.7035627
2018,29.5,-7.5,1.6093307,185.46489,0,5.79359
2018,29.5,-7.25,1.7628838,182.47443,0,6.3463817
2018,29.5,-7.0,1.7643942,184.34862,0,6.351819
2018,29.5,-6.75,1.8253838,185.70284,0,6.5713816
2018,29.5,-6.5,1.8723831,185.96667,0,6.740579
2018,29.5,-6.25,1.9458464,183.33691,0,7.005047
2018,29.5,-6.0,1.9766731,180.64632,0,7.116023
2018,29.5,-5.75,1.9078783,177.31969,0,6.8683615
2018,29.5,-5.5,1.8699975,173.2372,0,6.731991
2018,29.5,-5.25,1.8204852,169.74362,0,6.5537467
2018,29.5,-5.0,1.8526787,168.89124,0,6.669643
2018,29.5,-4.75,1.8408208,167.44975,0,6.6269546
2018,29.5,-4.5,1.8548974,165.31895,0,6.6776304
2018,29.5,-4.25,1.8986912,162.23383,0,6.835288
2018,29.5,-4.0,1.9093872,160.6424,0,6.873794
2018,29.5,-3.75,1.8447512,158.3103,0,6.641104
2018,29.5,-3.5,1.7758344,154.47307,0,6.393004
2018,29.5,-3.25,1.7280551,150.2749,0,6.2209983
2018,29.5,-3.0,1.7077953,152.03088,0,6.1480627
2018,29.5,-2.75,1.6757131,153.5002,0,6.032567
2018,29.5,-2.5,1.5665426,155.15846,0,5.639553
2018,29.5,-2.25,1.4842148,150.80342,0,5.343173
2018,29.5,-2.0,1.4493595,146.93506,0,5.2176943
2018,29.5,-1.75,1.5155892,139.47798,0,5.456121
2018,29.5,-1.5,1.5141727,140.55226,0,5.4510217
2018,29.5,-1.25,1.6057299,109.74174,0,5.7806277
2018,29.5,-1.0,1.6582613,107.148346,0,5.9697404
2018,29.5,-0.75,1.6767316,105.27661,0,6.0362334
2018,29.5,-0.5,1.6886564,109.38584,0,6.079163
2018,29.5,-0.25,1.718709,109.81919,0,6.187352
2018,29.5,0.0,1.7590333,107.297005,0,6.33252
2018,29.5,0.25,1.795618,107.97274,0,6.464225
2018,29.5,0.5,1.8156818,104.93746,0,6.536454
2018,29.5,0.75,1.8412145,103.884766,0,6.628372
2018,29.5,1.0,1.8277143,102.48724,0,6.5797715
2018,29.5,1.25,1.8122743,131.17676,0,6.5241876
2018,29.5,1.5,1.836248,118.18032,0,6.6104927
2018,29.5,1.75,1.9037577,121.99258,0,6.8535275
2018,29.5,2.0,1.9605309,122.37805,0,7.057911
2018,29.5,2.25,1.992721,120.88519,0,7.173795
2018,29.5,2.5,1.959065,119.41058,0,7.052634
2018,29.5,2.75,1.8659085,115.85172,0,6.7172704
2018,29.5,3.0,1.7754086,104.81681,0,6.391471
2018,29.5,3.25,1.7424622,99.00552,0,6.2728634
2018,29.5,3.5,1.68651,97.690834,0,6.071436
2018,29.5,3.75,1.6573696,99.230774,0,5.9665303
2018,29.5,4.0,1.6525742,100.15545,0,5.949267
2018,29.5,4.25,1.6155081,98.54279,0,5.815829
2018,29.5,4.5,1.5863419,99.37551,0,5.7108307
2018,29.5,4.75,1.5711722,98.523926,0,5.65622
2018,29.5,5.0,1.593089,98.203674,0,5.7351203
2018,29.5,5.25,1.6162447,96.60938,0,5.8184805
2018,29.5,5.5,1.6403179,96.67572,0,5.905144
2018,29.5,5.75,1.6559591,96.7214,0,5.9614525
2018,29.5,6.0,1.6772194,98.616905,0,6.0379896
2018,29.5,6.25,1.689942,101.28225,0,6.0837913
2018,29.5,6.5,1.7123057,104.704895,0,6.1643004
2018,29.5,6.75,1.7257258,106.66769,0,6.2126126
2018,29.5,7.0,1.7308146,108.650856,0,6.230932
2018,29.5,7.25,1.6928962,109.091675,0,6.094426
2018,29.5,7.5,1.6568551,109.81725,0,5.9646783
2018,29.5,7.75,1.6339477,112.11774,0,5.8822117
2018,29.5,8.0,1.624698,116.086426,0,5.8489127
2018,29.5,8.25,1.6073284,118.81852,0,5.786382
2018,29.5,8.5,1.5968099,121.37482,0,5.748515
2018,29.5,8.75,1.638422,124.11136,0,5.8983192
2018,29.5,9.0,1.7418523,128.3228,0,6.270668
2018,29.5,9.25,1.7706953,132.64246,0,6.374503
2018,29.5,9.5,1.7588377,136.41339,0,6.3318157
2018,29.5,9.75,1.710903,138.44513,0,6.1592507
2018,29.5,10.0,1.6912912,140.9528,0,6.0886483
2018,29.5,10.25,1.7013718,139.98402,0,6.1249385
2018,29.5,10.5,1.6510495,138.97691,0,5.943778
2018,29.5,10.75,1.611671,137.01552,0,5.8020153
2018,29.5,11.0,1.5655708,135.72266,0,5.636055
2018,29.5,11.25,1.530784,133.82318,0,5.5108223
2018,29.5,11.5,1.5299939,132.92899,0,5.507978
2018,29.5,11.75,1.5440899,131.77568,0,5.5587234
2018,29.5,12.0,1.5640144,161.30833,0,5.6304517
2018,29.25,-9.0,2.7673109,223.96667,0,9.962318
2018,29.25,-8.75,2.3159714,246.53282,0,8.337497
2018,29.25,-8.5,1.6475993,202.80873,0,5.9313574
2018,29.25,-8.25,1.5752445,190.50624,0,5.6708803
2018,29.25,-8.0,1.6522506,189.0011,0,5.948102
2018,29.25,-7.75,1.8683554,188.52899,0,6.7260795
2018,29.25,-7.5,1.9816138,188.40233,0,7.1338096
2018,29.25,-7.25,2.0854836,187.61005,0,7.5077405
2018,29.25,-7.0,2.102312,189.33723,0,7.568323
2018,29.25,-6.75,2.091639,187.82527,0,7.5299006
2018,29.25,-6.5,2.1469715,187.62476,0,7.729097
2018,29.25,-6.25,2.1148732,183.661,0,7.613543
2018,29.25,-6.0,2.0935163,180.72523,0,7.536659
2018,29.25,-5.75,2.0353105,177.89807,0,7.3271174
2018,29.25,-5.5,1.9865799,175.24886,0,7.1516876
2018,29.25,-5.25,1.9264736,172.2946,0,6.9353046
2018,29.25,-5.0,1.9280176,170.03381,0,6.940863
2018,29.25,-4.75,1.9224014,167.63988,0,6.9206448
2018,29.25,-4.5,1.9382396,165.45876,0,6.977662
2018,29.25,-4.25,1.954785,164.14024,0,7.0372257
2018,29.25,-4.0,1.9575558,162.98322,0,7.0472007
2018,29.25,-3.75,1.8404213,161.851,0,6.6255164
2018,29.25,-3.5,1.7832857,157.89528,0,6.4198284
2018,29.25,-3.25,1.7200226,153.94838,0,6.192081
2018,29.25,-3.0,1.6252578,149.3999,0,5.8509283
2018,29.25,-2.75,1.5942899,150.53575,0,5.7394433
2018,29.25,-2.5,1.6476927,151.2217,0,5.9316936
2018,29.25,-2.25,1.6415967,149.60498,0,5.909748
2018,29.25,-2.0,1.6061293,145.97383,0,5.7820654
2018,29.25,-1.75,1.5650054,144.35779,0,5.6340194
2018,29.25,-1.5,1.5553333,141.43996,0,5.5992
2018,29.25,-1.25,1.5958581,112.28229,0,5.745089
2018,29.25,-1.0,1.703763,110.81602,0,6.133547
2018,29.25,-0.75,1.7302972,108.62363,0,6.2290697
2018,29.25,-0.5,1.722514,104.831276,0,6.2010503
2018,29.25,-0.25,1.7530184,102.55401,0,6.310866
2018,29.25,0.0,1.7802173,100.64331,0,6.408782
2018,29.25,0.25,1.819149,100.66088,0,6.5489364
2018,29.25,0.5,1.856605,102.92529,0,6.683778
2018,29.25,0.75,1.8290005,104.02041,0,6.5844016
2018,29.25,1.0,1.8179353,130.4399,0,6.544567
2018,29.25,1.25,1.8462486,120.17258,0,6.646495
2018,29.25,1.5,1.9176372,121.50342,0,6.903494
2018,29.25,1.75,1.9847913,123.308014,0,7.1452484
2018,29.25,2.0,2.0470357,121.6781,0,7.3693285
2018,29.25,2.25,2.07827,120.94352,0,7.4817715
2018,29.25,2.5,2.077942,123.20933,0,7.480591
2018,29.25,2.75,1.9492435,122.63989,0,7.017277
2018,29.25,3.0,1.8363632,121.32316,0,6.6109076
2018,29.25,3.25,1.7291836,123.54035,0,6.2250605
2018,29.25,3.5,1.6610278,97.8563,0,5.9797
2018,29.25,3.75,1.6437813,102.05314,0,5.9176126
2018,29.25,4.0,1.6689953,101.568275,0,6.008383
2018,29.25,4.25,1.6302843,99.781715,0,5.8690233
2018,29.25,4.5,1.5963103,96.304146,0,5.746717
2018,29.25,4.75,1.5804595,95.02456,0,5.689654
2018,29.25,5.0,1.6061554,94.92145,0,5.7821593
2018,29.25,5.25,1.6219352,95.0118,0,5.838967
2018,29.25,5.5,1.647777,95.12149,0,5.931997
2018,29.25,5.75,1.678171,96.411224,0,6.0414157
2018,29.25,6.0,1.7016896,98.19276,0,6.1260824
2018,29.25,6.25,1.7223545,101.062706,0,6.200476
2018,29.25,6.5,1.7402986,103.4909,0,6.2650747
2018,29.25,6.75,1.7527924,105.69614,0,6.3100524
2018,29.25,7.0,1.7301382,106.40975,0,6.2284975
2018,29.25,7.25,1.6912032,107.29606,0,6.0883317
2018,29.25,7.5,1.6491235,111.37296,0,5.936845
2018,29.25,7.75,1.6497685,115.84149,0,5.9391665
2018,29.25,8.0,1.6498915,119.39823,0,5.939609
2018,29.25,8.25,1.6499009,123.19509,0,5.939643
2018,29.25,8.5,1.6453952,125.20835,0,5.9234223
2018,29.25,8.75,1.704949,125.55317,0,6.1378164
2018,29.25,9.0,1.8204165,128.34564,0,6.553499
2018,29.25,9.25,1.8450537,132.34642,0,6.642193
2018,29.25,9.5,1.8087121,134.91075,0,6.5113635
2018,29.25,9.75,1.7586942,136.60097,0,6.331299
2018,29.25,10.0,1.7022973,137.14668,0,6.12827
2018,29.25,10.25,1.6557045,136.27217,0,5.960536
2018,29.25,10.5,1.6078209,135.1121,0,5.788155
2018,29.25,10.75,1.5781685,133.94858,0,5.6814065
2018,29.25,11.0,1.5330046,133.02844,0,5.5188165
2018,29.25,11.25,1.5216857,131.16077,0,5.4780684
2018,29.25,11.5,1.5213923,130.03172,0,5.477012
2018,29.25,11.75,1.5300628,127.9953,0,5.508226
2018,29.25,12.0,1.5241715,125.3298,0,5.487017
2018,29.0,-9.0,2.517378,242.62236,0,9.062561
2018,29.0,-8.75,2.0766082,230.89021,0,7.475789
2018,29.0,-8.5,1.8303676,215.45702,0,6.589323
2018,29.0,-8.25,1.9437886,186.6651,0,6.997639
2018,29.0,-8.0,2.1129136,192.2805,0,7.6064887
2018,29.0,-7.75,2.1353767,196.49644,0,7.687356
2018,29.0,-7.5,2.2309573,198.83269,0,8.0314455
2018,29.0,-7.25,2.2973783,195.91255,0,8.270561
2018,29.0,-7.0,2.257293,192.82494,0,8.126254
2018,29.0,-6.75,2.2644227,191.3357,0,8.151921
2018,29.0,-6.5,2.2313428,188.2758,0,8.032834
2018,29.0,-6.25,2.148256,184.3586,0,7.7337217
2018,29.0,-6.0,2.1037722,181.63391,0,7.57358
2018,29.0,-5.75,2.0716374,178.84303,0,7.4578943
2018,29.0,-5.5,2.0178401,176.071,0,7.2642245
2018,29.0,-5.25,1.9896158,173.39996,0,7.1626167
2018,29.0,-5.0,1.9775739,170.78188,0,7.1192656
2018,29.0,-4.75,1.9584908,167.7946,0,7.0505667
2018,29.0,-4.5,1.9569203,165.02516,0,7.044913
2018,29.0,-4.25,1.9704095,163.62398,0,7.093474
2018,29.0,-4.0,1.9507118,163.20227,0,7.0225625
2018,29.0,-3.75,1.8317701,162.80374,0,6.5943723
2018,29.0,-3.5,1.7912205,159.98866,0,6.448394
2018,29.0,-3.25,1.7089068,157.2353,0,6.1520643
2018,29.0,-3.0,1.6080499,153.42845,0,5.7889795
2018,29.0,-2.75,1.5112991,148.92499,0,5.4406767
2018,29.0,-2.5,1.5843626,147.66599,0,5.7037053
2018,29.0,-2.25,1.6294624,146.16245,0,5.8660645
2018,29.0,-2.0,1.6736602,143.69841,0,6.0251765
2018,29.0,-1.75,1.6459689,142.06628,0,5.925488
2018,29.0,-1.5,1.6329745,140.77135,0,5.878708
2018,29.0,-1.25,1.6405045,139.97122,0,5.905816
2018,29.0,-1.0,1.7435659,110.49877,0,6.2768373
2018,29.0,-0.75,1.7918128,107.05241,0,6.4505258
2018,29.0,-0.5,1.7985276,132.92426,0,6.474699
2018,29.0,-0.25,1.7562577,130.33464,0,6.3225274
2018,29.0,0.0,1.7749561,100.996155,0,6.389842
2018,29.0,0.25,1.8635397,105.940346,0,6.7087426
2018,29.0,0.5,1.9012655,111.16653,0,6.844556
2018,29.0,0.75,1.8959159,120.31249,0,6.825297
2018,29.0,1.0,1.8879538,121.93106,0,6.7966332
2018,29.0,1.25,1.9289317,122.644554,0,6.944154
2018,29.0,1.5,1.9852232,122.83517,0,7.1468034
2018,29.0,1.75,2.0300686,121.94222,0,7.308247
2018,29.0,2.0,2.093614,120.96896,0,7.5370107
2018,29.0,2.25,2.1434186,121.71435,0,7.7163067
2018,29.0,2.5,2.1512268,124.36688,0,7.744416
2018,29.0,2.75,2.0086024,122.783516,0,7.2309685
2018,29.0,3.0,1.8882022,120.73871,0,6.797528
2018,29.0,3.25,1.774137,119.066,0,6.3868933
2018,29.0,3.5,1.7294506,119.0347,0,6.226022
2018,29.0,3.75,1.7040218,119.75085,0,6.1344786
2018,29.0,4.0,1.7258428,124.07247,0,6.213034
2018,29.0,4.25,1.6850643,123.09937,0,6.0662313
2018,29.0,4.5,1.6541939,121.00195,0,5.9550977
2018,29.0,4.75,1.6172242,120.46479,0,5.822007
2018,29.0,5.0,1.6307384,120.95508,0,5.870658
2018,29.0,5.25,1.6331282,121.34989,0,5.879261
2018,29.0,5.5,1.661636,121.77856,0,5.9818892
2018,29.0,5.75,1.6915946,92.566986,0,6.0897403
2018,29.0,6.0,1.726909,94.916954,0,6.216872
2018,29.0,6.25,1.7502908,99.34891,0,6.3010464
2018,29.0,6.5,1.7598149,108.00442,0,6.3353333
2018,29.0,6.75,1.7438754,110.10888,0,6.2779512
2018,29.0,7.0,1.7263397,115.02715,0,6.214823
2018,29.0,7.25,1.7162706,117.39083,0,6.178574
2018,29.0,7.5,1.6901463,119.32223,0,6.0845265
2018,29.0,7.75,1.7003812,120.6947,0,6.121372
2018,29.0,8.0,1.7245436,123.1,0,6.208357
2018,29.0,8.25,1.7343479,126.15644,0,6.2436523
2018,29.0,8.5,1.7190078,127.741905,0,6.188428
2018,29.0,8.75,1.7575154,126.90689,0,6.3270555
2018,29.0,9.0,1.8708876,128.03166,0,6.735195
2018,29.0,9.25,1.8854216,129.9894,0,6.7875175
2018,29.0,9.5,1.845074,132.31905,0,6.6422663
2018,29.0,9.75,1.7556534,133.31786,0,6.320352
2018,29.0,10.0,1.674043,133.20628,0,6.026555
2018,29.0,10.25,1.6165699,132.04799,0,5.8196516
2018,29.0,10.5,1.5706195,130.5761,0,5.65423
2018,29.0,10.75,1.5467259,129.07343,0,5.568213
2018,29.0,11.0,1.5326945,126.55387,0,5.5176997
2018,29.0,11.25,1.5375099,124.17127,0,5.5350356
2018,29.0,11.5,1.5361787,122.257515,0,5.5302434
2018,29.0,11.75,1.5292429,118.25382,0,5.5052743
2018,29.0,12.0,1.534074,113.66602,0,5.522666
2018,28.75,-9.0,2.5818622,280.2475,0,9.2947035
2018,28.75,-8.75,2.3732674,207.65607,0,8.543762
2018,28.75,-8.5,2.3769,212.56148,0,8.55684
2018,28.75,-8.25,2.463066,212.79787,0,8.867038
2018,28.75,-8.0,2.4514406,207.5414,0,8.825186
2018,28.75,-7.75,2.459933,206.02454,0,8.855759
2018,28.75,-7.5,2.4176004,202.82497,0,8.7033615
2018,28.75,-7.25,2.3366666,198.93779,0,8.412
2018,28.75,-7.0,2.2933187,196.27281,0,8.255947
2018,28.75,-6.75,2.2470775,192.89088,0,8.0894785
2018,28.75,-6.5,2.1967475,189.57733,0,7.908291
2018,28.75,-6.25,2.135492,186.08275,0,7.6877713
2018,28.75,-6.0,2.0944145,182.8164,0,7.5398917
2018,28.75,-5.75,2.0715911,179.81653,0,7.457728
2018,28.75,-5.5,2.062863,176.8272,0,7.426307
2018,28.75,-5.25,2.0531712,174.04906,0,7.391416
2018,28.75,-5.0,2.0249033,171.26154,0,7.289652
2018,28.75,-4.75,1.997115,168.15509,0,7.189614
2018,28.75,-4.5,1.9894813,165.39021,0,7.1621327
2018,28.75,-4.25,1.9743766,163.53203,0,7.1077557
2018,28.75,-4.0,1.9536067,162.97511,0,7.0329843
2018,28.75,-3.75,1.8971723,162.67067,0,6.82982
2018,28.75,-3.5,1.8616215,161.94437,0,6.701837
2018,28.75,-3.25,1.7959241,159.85329,0,6.4653263
2018,28.75,-3.0,1.7204679,157.03395,0,6.1936846
2018,28.75,-2.75,1.6019539,152.71301,0,5.7670336
2018,28.75,-2.5,1.535205,147.8537,0,5.5267377
2018,28.75,-2.25,1.5927562,143.9936,0,5.733922
2018,28.75,-2.0,1.6849195,140.88062,0,6.06571
2018,28.75,-1.75,1.7311844,139.25699,0,6.2322636
2018,28.75,-1.5,1.7459077,138.3294,0,6.2852674
2018,28.75,-1.25,1.7382158,136.46407,0,6.257577
2018,28.75,-1.0,1.7767397,135.89069,0,6.3962626
2018,28.75,-0.75,1.8451786,133.4288,0,6.642643
2018,28.75,-0.5,1.8451834,131.10909,0,6.64266
2018,28.75,-0.25,1.7911172,129.37164,0,6.448022
2018,28.75,0.0,1.7830257,105.42191,0,6.4188924
2018,28.75,0.25,1.9197911,113.009705,0,6.9112477
2018,28.75,0.5,1.9768025,119.259575,0,7.116489
2018,28.75,0.75,1.9810785,122.10122,0,7.1318827
2018,28.75,1.0,1.9665779,122.304565,0,7.0796804
2018,28.75,1.25,1.9988457,121.335205,0,7.195844
2018,28.75,1.5,2.0523055,120.91018,0,7.3882995
2018,28.75,1.75,2.0998118,121.12723,0,7.5593224
2018,28.75,2.0,2.1676729,121.7655,0,7.8036222
2018,28.75,2.25,2.2111213,122.88385,0,7.9600368
2018,28.75,2.5,2.1583302,123.17545,0,7.7699885
2018,28.75,2.75,2.0185745,120.762695,0,7.266868
2018,28.75,3.0,1.9164263,119.39773,0,6.8991346
2018,28.75,3.25,1.8675871,118.97176,0,6.7233133
2018,28.75,3.5,1.8450149,118.60428,0,6.6420536
2018,28.75,3.75,1.8522776,118.072014,0,6.6681995
2018,28.75,4.0,1.8846172,118.805115,0,6.7846217
2018,28.75,4.25,1.8213917,117.42041,0,6.55701
2018,28.75,4.5,1.7418518,114.89126,0,6.270666
2018,28.75,4.75,1.6851066,113.77137,0,6.066384
2018,28.75,5.0,1.6894099,114.709785,0,6.0818753
2018,28.75,5.25,1.6858965,113.90698,0,6.069227
2018,28.75,5.5,1.7159866,113.40194,0,6.1775517
2018,28.75,5.75,1.7468027,114.11581,0,6.2884893
2018,28.75,6.0,1.7899483,114.4935,0,6.443814
2018,28.75,6.25,1.81399,115.621735,0,6.530364
2018,28.75,6.5,1.8112817,117.05972,0,6.5206137
2018,28.75,6.75,1.7896444,118.37864,0,6.4427195
2018,28.75,7.0,1.7781895,119.735054,0,6.401482
2018,28.75,7.25,1.7820317,121.05808,0,6.4153137
2018,28.75,7.5,1.7951235,122.45806,0,6.4624443
2018,28.75,7.75,1.7870938,123.28516,0,6.4335375
2018,28.75,8.0,1.8121873,124.55477,0,6.5238743
2018,28.75,8.25,1.8111864,125.19648,0,6.520271
2018,28.75,8.5,1.7961435,126.11932,0,6.4661164
2018,28.75,8.75,1.7936459,125.1675,0,6.4571247
2018,28.75,9.0,1.8642052,125.52063,0,6.7111387
2018,28.75,9.25,1.8772804,126.95398,0,6.758209
2018,28.75,9.5,1.8233151,127.81068,0,6.5639343
2018,28.75,9.75,1.7350568,128.27562,0,6.2462044
2018,28.75,10.0,1.6590468,128.08673,0,5.972568
2018,28.75,10.25,1.6049223,127.1224,0,5.77772
2018,28.75,10.5,1.5789576,125.05599,0,5.684247
2018,28.75,10.75,1.5686857,123.001564,0,5.6472683
2018,28.75,11.0,1.5737429,119.965065,0,5.665474
2018,28.75,11.25,1.5603737,116.956825,0,5.617345
2018,28.75,11.5,1.5664934,113.04427,0,5.639376
2018,28.75,11.75,1.5892137,108.3988,0,5.7211695
2018,28.75,12.0,1.6011558,105.19213,0,5.7641606
2018,28.5,-9.0,3.055998,266.17273,0,11.001593
2018,28.5,-8.75,2.9250767,250.10907,0,10.530276
2018,28.5,-8.5,2.8634214,226.75719,0,10.308317
2018,28.5,-8.25,2.8226607,222.86218,0,10.161578
2018,28.5,-8.0,2.7782605,218.02405,0,10.001738
2018,28.5,-7.75,2.6796148,206.31628,0,9.646613
2018,28.5,-7.5,2.540852,203.12976,0,9.147067
2018,28.5,-7.25,2.3770237,201.2769,0,8.557285
2018,28.5,-7.0,2.2663748,197.1993,0,8.158949
2018,28.5,-6.75,2.2092383,193.39545,0,7.9532576
2018,28.5,-6.5,2.190125,190.13194,0,7.88445
2018,28.5,-6.25,2.172241,186.7383,0,7.8200674
2018,28.5,-6.0,2.1443799,182.92253,0,7.719767
2018,28.5,-5.75,2.1264408,179.42688,0,7.6551867
2018,28.5,-5.5,2.125077,176.41644,0,7.650277
2018,28.5,-5.25,2.1223178,174.15894,0,7.6403437
2018,28.5,-5.0,2.093978,172.30914,0,7.5383205
2018,28.5,-4.75,2.0717645,169.69945,0,7.458352
2018,28.5,-4.5,2.0543363,167.55377,0,7.3956103
2018,28.5,-4.25,2.0236325,165.76952,0,7.285077
2018,28.5,-4.0,1.9876862,164.22461,0,7.15567
2018,28.5,-3.75,1.9612335,162.75743,0,7.0604405
2018,28.5,-3.5,1.9144832,162.18977,0,6.8921394
2018,28.5,-3.25,1.877223,160.93999,0,6.7580028
2018,28.5,-3.0,1.8337771,158.78279,0,6.6015973
2018,28.5,-2.75,1.7850943,155.13342,0,6.426339
2018,28.5,-2.5,1.7228802,149.08418,0,6.2023687
2018,28.5,-2.25,1.7434406,143.38599,0,6.2763863
2018,28.5,-2.0,1.7741407,139.635,0,6.3869066
2018,28.5,-1.75,1.81362,138.50117,0,6.5290318
2018,28.5,-1.5,1.841396,136.20758,0,6.6290255
2018,28.5,-1.25,1.8543488,132.18552,0,6.6756554
2018,28.5,-1.0,1.8646253,131.83775,0,6.7126513
2018,28.5,-0.75,1.8918686,131.59535,0,6.8107266
2018,28.5,-0.5,1.8837658,130.3805,0,6.7815566
2018,28.5,-0.25,1.8450714,128.93945,0,6.642257
2018,28.5,0.0,1.8271184,115.48434,0,6.577626
2018,28.5,0.25,1.9480513,116.05716,0,7.0129848
2018,28.5,0.5,2.0128582,118.36581,0,7.2462893
2018,28.5,0.75,2.026351,119.77441,0,7.294863
2018,28.5,1.0,2.0118356,119.52532,0,7.242608
2018,28.5,1.25,2.0193174,118.80167,0,7.269542
2018,28.5,1.5,2.0818841,119.63016,0,7.494783
2018,28.5,1.75,2.1702063,120.55731,0,7.8127427
2018,28.5,2.0,2.2403164,120.9021,0,8.065139
2018,28.5,2.25,2.2488925,119.76946,0,8.096013
2018,28.5,2.5,2.1721208,119.09316,0,7.819635
2018,28.5,2.75,2.0406754,117.41679,0,7.3464313
2018,28.5,3.0,1.9833177,116.80673,0,7.1399436
2018,28.5,3.25,1.9492353,116.844124,0,7.017247
2018,28.5,3.5,1.9249665,117.35395,0,6.929879
2018,28.5,3.75,1.9313279,117.448235,0,6.9527802
2018,28.5,4.0,1.9967813,116.92587,0,7.1884127
2018,28.5,4.25,1.9649016,113.58796,0,7.0736456
2018,28.5,4.5,1.8881035,111.04885,0,6.7971725
2018,28.5,4.75,1.8220215,111.21149,0,6.559277
2018,28.5,5.0,1.839126,113.03968,0,6.6208534
2018,28.5,5.25,1.813958,111.56986,0,6.5302486
2018,28.5,5.5,1.7966691,110.51176,0,6.4680085
2018,28.5,5.75,1.8140064,111.419685,0,6.530423
2018,28.5,6.0,1.8481821,113.79711,0,6.6534553
2018,28.5,6.25,1.8633542,115.729164,0,6.708075
2018,28.5,6.5,1.8646889,117.383095,0,6.7128797
2018,28.5,6.75,1.8519363,119.03738,0,6.6669707
2018,28.5,7.0,1.8493344,120.51284,0,6.6576037
2018,28.5,7.25,1.854647,121.378654,0,6.676729
2018,28.5,7.5,1.8692602,121.86658,0,6.7293367
2018,28.5,7.75,1.8357717,122.01712,0,6.608778
2018,28.5,8.0,1.8314179,122.06721,0,6.5931044
2018,28.5,8.25,1.8247466,122.05972,0,6.5690875
2018,28.5,8.5,1.8182088,121.884865,0,6.545552
2018,28.5,8.75,1.8158188,120.881996,0,6.5369473
2018,28.5,9.0,1.8517479,121.96289,0,6.666292
2018,28.5,9.25,1.8305416,123.09434,0,6.5899496
2018,28.5,9.5,1.7853433,123.17507,0,6.4272356
2018,28.5,9.75,1.7384332,122.1612,0,6.2583594
2018,28.5,10.0,1.7150627,121.02355,0,6.174226
2018,28.5,10.25,1.6888646,119.904335,0,6.079912
2018,28.5,10.5,1.6735805,118.52244,0,6.02489
2018,28.5,10.75,1.6671726,116.99172,0,6.001821
2018,28.5,11.0,1.6522073,115.516754,0,5.947946
2018,28.5,11.25,1.6026864,113.24893,0,5.769671
2018,28.5,11.5,1.5849358,109.57493,0,5.7057686
2018,28.5,11.75,1.5671269,106.83215,0,5.6416564
2018,28.5,12.0,1.5585688,104.802635,0,5.6108475
2018,28.25,-9.0,3.3467305,266.83817,0,12.048229
2018,28.25,-8.75,3.3245766,266.38635,0,11.968475
2018,28.25,-8.5,3.3501987,273.3491,0,12.060715
2018,28.25,-8.25,3.2777216,221.69673,0,11.799798
2018,28.25,-8.0,3.1236064,224.60748,0,11.244983
2018,28.25,-7.75,2.8795335,198.00317,0,10.366321
2018,28.25,-7.5,2.6164339,202.79173,0,9.419162
2018,28.25,-7.25,2.380224,202.56146,0,8.568806
2018,28.25,-7.0,2.265299,197.4115,0,8.155076
2018,28.25,-6.75,2.250619,193.87126,0,8.102228
2018,28.25,-6.5,2.266156,191.30804,0,8.158161
2018,28.25,-6.25,2.2347584,187.88258,0,8.04513
2018,28.25,-6.0,2.1978366,184.18896,0,7.912212
2018,28.25,-5.75,2.1799786,180.9095,0,7.847923
2018,28.25,-5.5,2.1631298,178.24184,0,7.787267
2018,28.25,-5.25,2.1371758,175.9334,0,7.693833
2018,28.25,-5.0,2.1113856,173.55931,0,7.600988
2018,28.25,-4.75,2.1053717,170.71313,0,7.579338
2018,28.25,-4.5,2.1006956,168.74564,0,7.562504
2018,28.25,-4.25,2.079222,167.15405,0,7.485199
2018,28.25,-4.0,2.0458694,165.69444,0,7.3651295
2018,28.25,-3.75,2.0227969,164.46153,0,7.2820687
2018,28.25,-3.5,1.9979649,163.58891,0,7.192673
2018,28.25,-3.25,1.968873,162.02524,0,7.0879426
2018,28.25,-3.0,1.9340067,159.9609,0,6.962424
2018,28.25,-2.75,1.8926058,156.91655,0,6.8133807
2018,28.25,-2.5,1.8474566,151.48227,0,6.6508436
2018,28.25,-2.25,1.8273687,146.04524,0,6.5785275
2018,28.25,-2.0,1.8122619,140.98639,0,6.5241427
2018,28.25,-1.75,1.8154054,136.61125,0,6.535459
2018,28.25,-1.5,1.8433813,131.97487,0,6.6361723
2018,28.25,-1.25,1.868999,128.184,0,6.7283964
2018,28.25,-1.0,1.8852471,128.13905,0,6.7868896
2018,28.25,-0.75,1.9025284,128.9453,0,6.849102
2018,28.25,-0.5,1.9025116,129.20103,0,6.8490415
2018,28.25,-0.25,1.885821,128.31702,0,6.788955
2018,28.25,0.0,1.8848621,117.6998,0,6.7855034
2018,28.25,0.25,1.9367052,117.061806,0,6.972139
2018,28.25,0.5,1.9932741,116.94077,0,7.1757865
2018,28.25,0.75,2.024187,116.57879,0,7.287073
2018,28.25,1.0,2.0266075,115.95831,0,7.295787
2018,28.25,1.25,2.0279822,116.328575,0,7.300736
2018,28.25,1.5,2.1176155,118.471306,0,7.6234155
2018,28.25,1.75,2.1767566,117.87093,0,7.8363237
2018,28.25,2.0,2.2042205,116.29073,0,7.9351935
2018,28.25,2.25,2.2139773,113.943016,0,7.9703183
2018,28.25,2.5,2.2374992,115.9416,0,8.054997
2018,28.25,2.75,2.1709073,113.583595,0,7.815266
2018,28.25,3.0,2.1175072,112.53864,0,7.623026
2018,28.25,3.25,2.0715892,111.575615,0,7.457721
2018,28.25,3.5,2.0334625,112.85498,0,7.320465
2018,28.25,3.75,1.9962021,114.42991,0,7.1863275
2018,28.25,4.0,2.0400195,112.03796,0,7.34407
2018,28.25,4.25,2.0580146,109.62302,0,7.4088526
2018,28.25,4.5,2.0312216,108.579865,0,7.3123975
2018,28.25,4.75,2.0155594,109.324974,0,7.256014
2018,28.25,5.0,2.0128267,111.814026,0,7.246176
2018,28.25,5.25,1.9148674,110.03571,0,6.8935223
2018,28.25,5.5,1.8710059,109.21271,0,6.735621
2018,28.25,5.75,1.8726426,110.550575,0,6.7415133
2018,28.25,6.0,1.9054216,113.18635,0,6.8595176
2018,28.25,6.25,1.9362017,115.52427,0,6.970326
2018,28.25,6.5,1.9606017,117.071754,0,7.058166
2018,28.25,6.75,1.9434776,118.38375,0,6.996519
2018,28.25,7.0,1.9166547,119.63059,0,6.8999567
2018,28.25,7.25,1.8914765,120.45795,0,6.809315
2018,28.25,7.5,1.8681468,120.57661,0,6.7253284
2018,28.25,7.75,1.8565525,120.747215,0,6.683589
2018,28.25,8.0,1.8720813,121.002846,0,6.7394924
2018,28.25,8.25,1.8728143,121.03071,0,6.742131
2018,28.25,8.5,1.8650494,120.397766,0,6.7141776
2018,28.25,8.75,1.8990488,119.53741,0,6.8365755
2018,28.25,9.0,1.9576712,120.82922,0,7.047616
2018,28.25,9.25,1.9438792,120.81763,0,6.9979653
2018,28.25,9.5,1.8988067,119.41154,0,6.835704
2018,28.25,9.75,1.8541557,117.43515,0,6.67496
2018,28.25,10.0,1.8292108,116.08899,0,6.5851583
2018,28.25,10.25,1.8234277,115.379326,0,6.5643396
2018,28.25,10.5,1.8080968,114.54373,0,6.509148
2018,28.25,10.75,1.797399,113.71688,0,6.4706364
2018,28.25,11.0,1.7766699,112.67508,0,6.3960114
2018,28.25,11.25,1.7083268,110.9092,0,6.1499763
2018,28.25,11.5,1.594356,109.487,0,5.7396812
2018,28.25,11.75,1.5165116,109.00419,0,5.4594417
2018,28.25,12.0,1.4796758,108.41647,0,5.326833
2018,28.0,-9.0,3.9592865,285.66037,0,14.253431
2018,28.0,-8.75,3.8756092,255.79805,0,13.952192
2018,28.0,-8.5,3.6366167,255.15112,0,13.09182
2018,28.0,-8.25,3.4522574,227.67072,0,12.428126
2018,28.0,-8.0,3.1567361,228.54417,0,11.36425
2018,28.0,-7.75,2.8691547,229.94435,0,10.328957
2018,28.0,-7.5,2.626883,202.02678,0,9.456779
2018,28.0,-7.25,2.4297762,201.62697,0,8.747194
2018,28.0,-7.0,2.3325517,199.27895,0,8.397186
2018,28.0,-6.75,2.3099039,196.42621,0,8.315654
2018,28.0,-6.5,2.3045623,193.54622,0,8.296424
2018,28.0,-6.25,2.249754,189.40446,0,8.099114
2018,28.0,-6.0,2.2032118,185.76367,0,7.9315624
2018,28.0,-5.75,2.185652,182.08781,0,7.868347
2018,28.0,-5.5,2.1692276,179.41968,0,7.8092194
2018,28.0,-5.25,2.1399915,177.00854,0,7.7039695
2018,28.0,-5.0,2.1179457,173.3902,0,7.624604
2018,28.0,-4.75,2.1084666,171.0138,0,7.59048
2018,28.0,-4.5,2.10204,169.30437,0,7.567344
2018,28.0,-4.25,2.0992744,168.1109,0,7.557388
2018,28.0,-4.0,2.0900054,167.0868,0,7.5240192
2018,28.0,-3.75,2.082857,166.84895,0,7.498285
2018,28.0,-3.5,2.0600786,166.07007,0,7.4162827
2018,28.0,-3.25,2.0260966,164.7795,0,7.2939477
2018,28.0,-3.0,1.9796271,163.01933,0,7.1266575
2018,28.0,-2.75,1.9286038,159.89204,0,6.9429736
2018,28.0,-2.5,1.8823467,152.4655,0,6.7764482
2018,28.0,-2.25,1.857922,147.08565,0,6.688519
2018,28.0,-2.0,1.8551445,143.23756,0,6.67852
2018,28.0,-1.75,1.8500651,141.20262,0,6.6602345
2018,28.0,-1.5,1.8554006,151.97932,0,6.679442
2018,28.0,-1.25,1.85648,151.51247,0,6.6833277
2018,28.0,-1.0,1.8779029,151.86406,0,6.7604504
2018,28.0,-0.75,1.8877949,124.41156,0,6.7960615
2018,28.0,-0.5,1.8892168,126.97701,0,6.8011804
2018,28.0,-0.25,1.8812685,125.39071,0,6.7725663
2018,28.0,0.0,1.911441,116.85825,0,6.8811874
2018,28.0,0.25,1.9252254,116.92019,0,6.9308114
2018,28.0,0.5,1.9685235,116.14551,0,7.086684
2018,28.0,0.75,1.9912688,114.633644,0,7.168567
2018,28.0,1.0,1.9968308,113.27613,0,7.188591
2018,28.0,1.25,2.04169,113.04661,0,7.3500843
2018,28.0,1.5,2.152439,143.99825,0,7.7487807
2018,28.0,1.75,2.1237328,145.96674,0,7.6454377
2018,28.0,2.0,2.0372272,119.46409,0,7.3340178
2018,28.0,2.25,2.049446,119.5944,0,7.378006
2018,28.0,2.5,2.1831162,88.21799,0,7.859218
2018,28.0,2.75,2.1515381,116.63874,0,7.7455373
2018,28.0,3.0,2.0976934,117.69874,0,7.5516963
2018,28.0,3.25,2.1095715,89.00785,0,7.594457
2018,28.0,3.5,2.1296227,116.03854,0,7.6666417
2018,28.0,3.75,2.1896532,110.59965,0,7.882751
2018,28.0,4.0,2.1899385,107.91956,0,7.8837786
2018,28.0,4.25,2.1708374,107.90197,0,7.8150144
2018,28.0,4.5,2.1447828,108.39025,0,7.7212176
2018,28.0,4.75,2.1750371,107.71319,0,7.8301334
2018,28.0,5.0,2.1673021,110.68691,0,7.8022876
2018,28.0,5.25,2.0183887,108.988914,0,7.266199
2018,28.0,5.5,1.9360682,108.66744,0,6.9698453
2018,28.0,5.75,1.8975972,110.0459,0,6.83135
2018,28.0,6.0,1.9177552,112.473854,0,6.9039187
2018,28.0,6.25,1.9458475,114.99659,0,7.0050507
2018,28.0,6.5,1.988489,117.76351,0,7.1585603
2018,28.0,6.75,2.000088,119.09943,0,7.2003164
2018,28.0,7.0,1.9962476,120.0178,0,7.1864915
2018,28.0,7.25,1.9702061,120.69109,0,7.092742
2018,28.0,7.5,1.9338078,121.19684,0,6.961708
2018,28.0,7.75,1.9212402,122.166466,0,6.916465
2018,28.0,8.0,1.9242135,123.08383,0,6.9271684
2018,28.0,8.25,1.9282436,123.20298,0,6.941677
2018,28.0,8.5,1.9389472,118.7808,0,6.98021
2018,28.0,8.75,1.9716257,118.181694,0,7.097852
2018,28.0,9.0,1.9849159,118.657906,0,7.145697
2018,28.0,9.25,1.9803977,117.87152,0,7.1294317
2018,28.0,9.5,1.9571053,116.426094,0,7.045579
2018,28.0,9.75,1.9283266,115.078125,0,6.9419756
2018,28.0,10.0,1.8851047,114.64164,0,6.7863765
2018,28.0,10.25,1.8853046,114.8034,0,6.7870965
2018,28.0,10.5,1.8886471,114.296486,0,6.7991295
2018,28.0,10.75,1.8912414,113.074394,0,6.808469
2018,28.0,11.0,1.869491,111.43033,0,6.7301674
2018,28.0,11.25,1.8265187,109.76252,0,6.575467
2018,28.0,11.5,1.750976,108.13821,0,6.3035135
2018,28.0,11.75,1.6576481,107.20341,0,5.967533
2018,28.0,12.0,1.5788374,107.31318,0,5.6838145
2018,27.75,-9.0,4.1600814,263.86484,0,14.976293
2018,27.75,-8.75,3.9408045,262.74002,0,14.186895
2018,27.75,-8.5,3.722142,261.31497,0,13.399711
2018,27.75,-8.25,3.4686754,230.37085,0,12.487231
2018,27.75,-8.0,3.1579657,229.04999,0,11.368676
2018,27.75,-7.75,2.8082693,227.61787,0,10.109769
2018,27.75,-7.5,2.616038,198.99696,0,9.417737
2018,27.75,-7.25,2.5250032,203.3645,0,9.090012
2018,27.75,-7.0,2.459605,202.46094,0,8.854578
2018,27.75,-6.75,2.3938577,200.36848,0,8.6178875
2018,27.75,-6.5,2.331167,196.67543,0,8.3922
2018,27.75,-6.25,2.249982,192.20259,0,8.099936
2018,27.75,-6.0,2.1952872,189.89622,0,7.9030337
2018,27.75,-5.75,2.1749666,186.77254,0,7.8298793
2018,27.75,-5.5,2.1570327,182.46867,0,7.7653174
2018,27.75,-5.25,2.1275563,176.69434,0,7.6592026
2018,27.75,-5.0,2.1105266,172.29231,0,7.5978956
2018,27.75,-4.75,2.1068842,170.50233,0,7.584783
2018,27.75,-4.5,2.1072264,169.6827,0,7.5860147
2018,27.75,-4.25,2.1205025,169.24956,0,7.6338086
2018,27.75,-4.0,2.1337714,169.59616,0,7.6815767
2018,27.75,-3.75,2.123886,169.84248,0,7.64599
2018,27.75,-3.5,2.090734,169.67415,0,7.5266423
2018,27.75,-3.25,2.040233,169.22462,0,7.344838
2018,27.75,-3.0,1.9753184,168.52579,0,7.111146
2018,27.75,-2.75,1.9204388,168.03163,0,6.9135795
2018,27.75,-2.5,1.8737675,147.86632,0,6.745563
2018,27.75,-2.25,1.858271,146.79253,0,6.6897755
2018,27.75,-2.0,1.8631896,144.42914,0,6.7074823
2018,27.75,-1.75,1.8786644,147.46263,0,6.7631917
2018,27.75,-1.5,1.8802687,148.2753,0,6.768967
2018,27.75,-1.25,1.8971014,146.85367,0,6.829565
2018,27.75,-1.0,1.9031515,146.22293,0,6.851345
2018,27.75,-0.75,1.88095,148.52852,0,6.7714195
2018,27.75,-0.5,1.8447729,122.13618,0,6.6411824
2018,27.75,-0.25,1.851798,118.08676,0,6.666473
2018,27.75,0.0,1.9140759,117.49286,0,6.8906727
2018,27.75,0.25,1.915069,118.125336,0,6.894248
2018,27.75,0.5,1.9256445,116.343994,0,6.93232
2018,27.75,0.75,1.9369497,113.947815,0,6.9730186
2018,27.75,1.0,1.9491706,111.28849,0,7.017014
2018,27.75,1.25,2.002776,109.4316,0,7.209993
2018,27.75,1.5,2.1008894,140.46596,0,7.563202
2018,27.75,1.75,2.0380235,152.40038,0,7.3368845
2018,27.75,2.0,1.9839631,142.10724,0,7.142267
2018,27.75,2.25,2.0598474,86.790596,0,7.41545
2018,27.75,2.5,2.1949956,88.712616,0,7.901984
2018,27.75,2.75,2.2258086,88.580055,0,8.012911
2018,27.75,3.0,2.1883752,93.62559,0,7.8781505
2018,27.75,3.25,2.3851898,99.127625,0,8.586683
2018,27.75,3.5,2.5149553,95.57426,0,9.053839
2018,27.75,3.75,2.513284,90.35348,0,9.047822
2018,27.75,4.0,2.4211519,114.69077,0,8.716146
2018,27.75,4.25,2.2730982,111.14567,0,8.183153
2018,27.75,4.5,2.2087371,106.25942,0,7.9514537
2018,27.75,4.75,2.244658,107.79638,0,8.080769
2018,27.75,5.0,2.2169435,112.24487,0,7.9809966
2018,27.75,5.25,2.1024132,110.447044,0,7.5686874
2018,27.75,5.5,1.9908018,109.34342,0,7.1668863
2018,27.75,5.75,1.9484968,110.01153,0,7.0145884
2018,27.75,6.0,1.9511617,110.91254,0,7.0241823
2018,27.75,6.25,1.9363022,113.5481,0,6.970688
2018,27.75,6.5,1.9568939,117.22884,0,7.044818
2018,27.75,6.75,1.9897782,119.78965,0,7.1632013
2018,27.75,7.0,2.0093496,121.62699,0,7.2336583
2018,27.75,7.25,1.9957042,122.52341,0,7.184535
2018,27.75,7.5,1.9786291,123.226685,0,7.1230645
2018,27.75,7.75,1.9928106,124.41177,0,7.174118
2018,27.75,8.0,1.956232,126.08961,0,7.0424347
2018,27.75,8.25,1.955535,131.99341,0,7.039926
2018,27.75,8.5,1.981495,111.95547,0,7.133382
2018,27.75,8.75,2.000958,114.62512,0,7.2034483
2018,27.75,9.0,1.958983,115.180336,0,7.0523386
2018,27.75,9.25,1.9247899,115.94625,0,6.9292436
2018,27.75,9.5,1.9518145,115.91617,0,7.026532
2018,27.75,9.75,1.939475,115.42283,0,6.98211
2018,27.75,10.0,1.9021353,115.193016,0,6.847687
2018,27.75,10.25,1.8740702,115.25527,0,6.7466526
2018,27.75,10.5,1.8972288,115.33301,0,6.830024
2018,27.75,10.75,1.9198164,113.5512,0,6.911339
2018,27.75,11.0,1.8978066,111.80802,0,6.8321037
2018,27.75,11.25,1.8566914,110.570435,0,6.6840887
2018,27.75,11.5,1.8019508,109.55935,0,6.487023
2018,27.75,11.75,1.7382377,108.957275,0,6.2576556
2018,27.75,12.0,1.6639093,108.604706,0,5.990073
2018,27.5,-9.0,4.146129,269.34872,0,14.9260645
2018,27.5,-8.75,3.9362276,267.37418,0,14.170419
2018,27.5,-8.5,3.7202919,265.22845,0,13.39305
2018,27.5,-8.25,3.451148,232.6039,0,12.424132
2018,27.5,-8.0,3.1131067,230.87486,0,11.207184
2018,27.5,-7.75,2.8736382,230.84706,0,10.345098
2018,27.5,-7.5,2.7292557,201.59737,0,9.82532
2018,27.5,-7.25,2.645606,205.38751,0,9.524181
2018,27.5,-7.0,2.5515454,207.49876,0,9.185563
2018,27.5,-6.75,2.4849627,209.23541,0,8.945866
2018,27.5,-6.5,2.3514547,204.03883,0,8.465237
2018,27.5,-6.25,2.261811,193.52032,0,8.142519
2018,27.5,-6.0,2.2246523,192.6652,0,8.008748
2018,27.5,-5.75,2.1996946,190.576,0,7.9189005
2018,27.5,-5.5,2.1727197,186.99455,0,7.8217907
2018,27.5,-5.25,2.162688,174.88576,0,7.7856765
2018,27.5,-5.0,2.1560297,172.89465,0,7.761707
2018,27.5,-4.75,2.1582577,172.76982,0,7.7697277
2018,27.5,-4.5,2.1619213,172.18584,0,7.7829165
2018,27.5,-4.25,2.182855,171.82417,0,7.8582773
2018,27.5,-4.0,2.203309,172.5694,0,7.9319124
2018,27.5,-3.75,2.1920977,173.14081,0,7.8915515
2018,27.5,-3.5,2.1279213,173.38538,0,7.6605167
2018,27.5,-3.25,2.064475,173.40154,0,7.43211
2018,27.5,-3.0,1.9807767,172.79639,0,7.130796
2018,27.5,-2.75,1.9134144,173.66032,0,6.8882914
2018,27.5,-2.5,1.8717297,176.14703,0,6.738227
2018,27.5,-2.25,1.855207,146.79018,0,6.678745
2018,27.5,-2.0,1.8652047,147.62555,0,6.714737
2018,27.5,-1.75,1.8982426,149.01949,0,6.833673
2018,27.5,-1.5,1.9057312,147.37906,0,6.860632
2018,27.5,-1.25,1.9189901,145.10603,0,6.9083643
2018,27.5,-1.0,1.9131737,171.88177,0,6.887425
2018,27.5,-0.75,1.8695515,173.84856,0,6.7303853
2018,27.5,-0.5,1.7988319,119.48531,0,6.475795
2018,27.5,-0.25,1.797536,120.09396,0,6.4711294
2018,27.5,0.0,1.9088665,118.14013,0,6.871919
2018,27.5,0.25,1.9103218,118.77883,0,6.8771586
2018,27.5,0.5,1.906906,118.0379,0,6.8648615
2018,27.5,0.75,1.9043189,116.05532,0,6.855548
2018,27.5,1.0,1.911397,113.92419,0,6.881029
2018,27.5,1.25,2.0088851,97.54757,0,7.2319865
2018,27.5,1.5,2.144372,91.10556,0,7.719739
2018,27.5,1.75,2.16028,139.98473,0,7.7770076
2018,27.5,2.0,2.140483,141.65236,0,7.705738
2018,27.5,2.25,2.2105672,86.3791,0,7.9580417
2018,27.5,2.5,2.277914,89.92737,0,8.20049
2018,27.5,2.75,2.3144884,91.01837,0,8.332158
2018,27.5,3.0,2.2909594,94.846825,0,8.247454
2018,27.5,3.25,2.4834464,100.02411,0,8.940407
2018,27.5,3.5,2.6384742,99.07583,0,9.498507
2018,27.5,3.75,2.672156,97.86374,0,9.619761
2018,27.5,4.0,2.5375125,95.267845,0,9.135045
2018,27.5,4.25,2.4091036,95.81348,0,8.672772
2018,27.5,4.5,2.3151147,104.052574,0,8.334413
2018,27.5,4.75,2.2840238,107.93972,0,8.222486
2018,27.5,5.0,2.2273033,111.952576,0,8.018291
2018,27.5,5.25,2.133901,111.77961,0,7.682043
2018,27.5,5.5,2.0624797,110.516426,0,7.4249268
2018,27.5,5.75,2.0107942,109.9079,0,7.2388587
2018,27.5,6.0,1.9237775,109.60743,0,6.9255986
2018,27.5,6.25,1.8718258,112.408165,0,6.7385726
2018,27.5,6.5,1.8684688,116.169945,0,6.726487
2018,27.5,6.75,1.8423249,119.39185,0,6.6323695
2018,27.5,7.0,1.8532778,121.608986,0,6.6718
2018,27.5,7.25,1.9258465,123.4708,0,6.9330473
2018,27.5,7.5,1.9271793,124.36264,0,6.937845
2018,27.5,7.75,1.9453335,125.8725,0,7.0032005
2018,27.5,8.0,1.9685744,128.78023,0,7.086868
2018,27.5,8.25,1.9639653,105.41617,0,7.070275
2018,27.5,8.5,2.0021143,110.73666,0,7.207611
2018,27.5,8.75,2.0132322,112.9446,0,7.247636
2018,27.5,9.0,1.9350785,112.9291,0,6.9662824
2018,27.5,9.25,1.8618754,114.961845,0,6.702751
2018,27.5,9.5,1.883892,115.89761,0,6.782011
2018,27.5,9.75,1.8754716,115.81622,0,6.7516975
2018,27.5,10.0,1.8398839,115.50584,0,6.623582
2018,27.5,10.25,1.8297125,115.32819,0,6.586965
2018,27.5,10.5,1.8871135,115.18201,0,6.793608
2018,27.5,10.75,1.8998483,113.64862,0,6.8394537
2018,27.5,11.0,1.8873023,112.329956,0,6.794288
2018,27.5,11.25,1.8593153,111.10519,0,6.693535
2018,27.5,11.5,1.8429451,109.9128,0,6.634602
2018,27.5,11.75,1.794972,109.30648,0,6.461899
2018,27.5,12.0,1.7340403,109.041176,0,6.2425447
2018,27.25,-9.0,4.068422,243.61,0,14.646318
2018,27.25,-8.75,3.8753426,241.74129,0,13.951233
2018,27.25,-8.5,3.690039,239.08546,0,13.28414
2018,27.25,-8.25,3.4127085,236.78389,0,12.28575
2018,27.25,-8.0,3.2202666,235.96358,0,11.592959
2018,27.25,-7.75,2.9913578,236.65129,0,10.7688875
2018,27.25,-7.5,2.866969,206.08952,0,10.321089
2018,27.25,-7.25,2.7670143,205.69295,0,9.961251
2018,27.25,-7.0,2.6437938,208.11961,0,9.517657
2018,27.25,-6.75,2.4760654,208.22302,0,8.913836
2018,27.25,-6.5,2.3396668,204.68542,0,8.4228
2018,27.25,-6.25,2.300254,199.19261,0,8.280914
2018,27.25,-6.0,2.267815,197.14374,0,8.164134
2018,27.25,-5.75,2.2354815,196.2813,0,8.047733
2018,27.25,-5.5,2.210917,178.42511,0,7.959301
2018,27.25,-5.25,2.2186751,177.75566,0,7.9872303
2018,27.25,-5.0,2.241168,176.92766,0,8.068205
2018,27.25,-4.75,2.248702,176.38072,0,8.095327
2018,27.25,-4.5,2.242164,175.26003,0,8.07179
2018,27.25,-4.25,2.2457058,174.59782,0,8.08454
2018,27.25,-4.0,2.266444,175.19196,0,8.159198
2018,27.25,-3.75,2.2388527,175.73218,0,8.05987
2018,27.25,-3.5,2.1840687,176.27596,0,7.862647
2018,27.25,-3.25,2.1031888,175.48407,0,7.5714793
2018,27.25,-3.0,2.0182722,174.84358,0,7.2657795
2018,27.25,-2.75,1.9404783,175.37355,0,6.9857216
2018,27.25,-2.5,1.8766022,176.50328,0,6.755768
2018,27.25,-2.25,1.8633928,147.76642,0,6.708214
2018,27.25,-2.0,1.8779789,148.52803,0,6.760724
2018,27.25,-1.75,1.9143648,148.4646,0,6.891713
2018,27.25,-1.5,1.9150034,146.1719,0,6.894012
2018,27.25,-1.25,1.9235691,143.82437,0,6.9248486
2018,27.25,-1.0,1.9264287,170.57993,0,6.935143
2018,27.25,-0.75,1.8687719,168.65619,0,6.7275786
2018,27.25,-0.5,1.7784611,173.72365,0,6.4024596
2018,27.25,-0.25,1.7327725,120.83219,0,6.237981
2018,27.25,0.0,1.882146,118.48031,0,6.7757254
2018,27.25,0.25,1.9161859,119.870155,0,6.8982687
2018,27.25,0.5,1.9205694,120.1892,0,6.9140496
2018,27.25,0.75,1.920319,119.458984,0,6.913148
2018,27.25,1.0,1.9975953,118.1518,0,7.191343
2018,27.25,1.25,2.1290116,90.9162,0,7.6644416
2018,27.25,1.5,2.2855175,87.318596,0,8.227862
2018,27.25,1.75,2.3291075,112.81116,0,8.384787
2018,27.25,2.0,2.3170397,83.86472,0,8.341343
2018,27.25,2.25,2.3343923,87.76456,0,8.403812
2018,27.25,2.5,2.3972082,91.14764,0,8.62995
2018,27.25,2.75,2.4348488,91.66232,0,8.765455
2018,27.25,3.0,2.431238,94.03915,0,8.752457
2018,27.25,3.25,2.536685,97.630714,0,9.132066
2018,27.25,3.5,2.5444107,99.37206,0,9.159879
2018,27.25,3.75,2.5851595,98.29305,0,9.306574
2018,27.25,4.0,2.6511662,98.161766,0,9.544198
2018,27.25,4.25,2.5425308,97.822914,0,9.1531105
2018,27.25,4.5,2.3959491,100.68039,0,8.625417
2018,27.25,4.75,2.3083723,106.32721,0,8.31014
2018,27.25,5.0,2.234122,109.45181,0,8.042839
2018,27.25,5.25,2.0832877,110.99647,0,7.4998355
2018,27.25,5.5,2.0030568,110.30831,0,7.2110043
2018,27.25,5.75,1.8750376,139.11212,0,6.750135
2018,27.25,6.0,1.7435545,138.93272,0,6.276796
2018,27.25,6.25,1.7398891,112.53131,0,6.263601
2018,27.25,6.5,1.718707,114.316414,0,6.187345
2018,27.25,6.75,1.6745434,117.77203,0,6.028356
2018,27.25,7.0,1.5675354,119.989265,0,5.6431274
2018,27.25,7.25,1.670726,122.62107,0,6.014613
2018,27.25,7.5,1.8054546,124.6802,0,6.4996367
2018,27.25,7.75,1.8280014,126.18723,0,6.580805
2018,27.25,8.0,1.8575529,129.49023,0,6.68719
2018,27.25,8.25,1.9062643,105.07011,0,6.862551
2018,27.25,8.5,1.9439923,109.748055,0,6.998372
2018,27.25,8.75,1.9776751,112.363495,0,7.1196303
2018,27.25,9.0,1.9149812,112.73353,0,6.8939323
2018,27.25,9.25,1.8413334,115.08294,0,6.6288
2018,27.25,9.5,1.8386747,115.894226,0,6.619229
2018,27.25,9.75,1.8258151,115.95353,0,6.572934
2018,27.25,10.0,1.7675546,115.66166,0,6.3631964
2018,27.25,10.25,1.7558945,115.46615,0,6.3212204
2018,27.25,10.5,1.8616246,115.124825,0,6.7018485
2018,27.25,10.75,1.8754148,114.23769,0,6.7514935
2018,27.25,11.0,1.8709722,112.92688,0,6.7354994
2018,27.25,11.25,1.8851794,111.39872,0,6.786646
2018,27.25,11.5,1.8704085,110.41583,0,6.7334704
2018,27.25,11.75,1.830007,108.81095,0,6.588025
2018,27.25,12.0,1.778885,107.99887,0,6.403986
2018,27.0,-9.0,3.916165,246.42223,0,14.098194
2018,27.0,-8.75,3.7569845,245.23741,0,13.525144
2018,27.0,-8.5,3.5716457,242.70067,0,12.857924
2018,27.0,-8.25,3.403573,239.70148,0,12.252863
2018,27.0,-8.0,3.2060816,239.18199,0,11.541894
2018,27.0,-7.75,3.0038874,239.20483,0,10.813994
2018,27.0,-7.5,2.8758109,208.31429,0,10.352919
2018,27.0,-7.25,2.759703,206.10693,0,9.93493
2018,27.0,-7.0,2.602841,206.00298,0,9.370227
2018,27.0,-6.75,2.4421525,205.97717,0,8.791749
2018,27.0,-6.5,2.3720958,204.07037,0,8.539545
2018,27.0,-6.25,2.3418462,201.67546,0,8.430646
2018,27.0,-6.0,2.3007057,201.1038,0,8.28254
2018,27.0,-5.75,2.2610872,179.11627,0,8.139914
2018,27.0,-5.5,2.2678409,181.94264,0,8.164227
2018,27.0,-5.25,2.295825,181.01842,0,8.26497
2018,27.0,-5.0,2.316686,180.20685,0,8.340069
2018,27.0,-4.75,2.3191187,179.128,0,8.348827
2018,27.0,-4.5,2.3001006,178.06303,0,8.280362
2018,27.0,-4.25,2.2789676,177.21602,0,8.204283
2018,27.0,-4.0,2.2847354,176.70508,0,8.225047
2018,27.0,-3.75,2.2699306,177.17442,0,8.17175
2018,27.0,-3.5,2.2255795,176.17822,0,8.012086
2018,27.0,-3.25,2.1591675,175.33752,0,7.773003
2018,27.0,-3.0,2.0856912,174.36272,0,7.508488
2018,27.0,-2.75,1.9781688,174.20862,0,7.1214075
2018,27.0,-2.5,1.9181881,175.33534,0,6.905477
2018,27.0,-2.25,1.887991,177.14351,0,6.796767
2018,27.0,-2.0,1.9064671,147.91386,0,6.8632812
2018,27.0,-1.75,1.9190518,147.04628,0,6.908586
2018,27.0,-1.5,1.9185184,144.89182,0,6.9066663
2018,27.0,-1.25,1.9310986,173.0707,0,6.951955
2018,27.0,-1.0,1.9482721,170.63948,0,7.0137796
2018,27.0,-0.75,1.8891388,168.77925,0,6.8008995
2018,27.0,-0.5,1.7643408,169.17265,0,6.3516264
2018,27.0,-0.25,1.6770253,117.53412,0,6.037291
2018,27.0,0.0,1.8223127,120.12726,0,6.5603256
2018,27.0,0.25,1.9460117,122.04949,0,7.005642
2018,27.0,0.5,1.9663795,153.73193,0,7.078966
2018,27.0,0.75,2.0167382,161.46552,0,7.2602572
2018,27.0,1.0,2.1170924,113.36257,0,7.6215324
2018,27.0,1.25,2.27686,116.45172,0,8.196695
2018,27.0,1.5,2.434268,114.93081,0,8.763365
2018,27.0,1.75,2.4632232,83.089745,0,8.867603
2018,27.0,2.0,2.4178565,85.355774,0,8.704283
2018,27.0,2.25,2.4346058,89.158936,0,8.764581
2018,27.0,2.5,2.4695523,90.38793,0,8.890388
2018,27.0,2.75,2.5026615,90.837036,0,9.009581
2018,27.0,3.0,2.5146058,92.35633,0,9.052581
2018,27.0,3.25,2.4386003,93.67658,0,8.778961
2018,27.0,3.5,2.4006107,95.775536,0,8.642199
2018,27.0,3.75,2.5028412,96.92615,0,9.010228
2018,27.0,4.0,2.568875,96.749176,0,9.24795
2018,27.0,4.25,2.5699453,96.454384,0,9.251803
2018,27.0,4.5,2.3932903,98.08381,0,8.615845
2018,27.0,4.75,2.2581835,104.21594,0,8.12946
2018,27.0,5.0,2.0601938,108.43467,0,7.4166975
2018,27.0,5.25,1.9114233,108.8988,0,6.881124
2018,27.0,5.5,1.7501569,138.4414,0,6.300565
2018,27.0,5.75,1.6295437,137.8586,0,5.866357
2018,27.0,6.0,1.4794508,138.4033,0,5.3260226
2018,27.0,6.25,1.5301733,141.94875,0,5.5086236
2018,27.0,6.5,1.5121475,113.829956,0,5.443731
2018,27.0,6.75,1.3525621,113.21097,0,4.869223
2018,27.0,7.0,1.2397646,115.66239,0,4.4631524
2018,27.0,7.25,1.3725585,119.148796,0,4.9412103
2018,27.0,7.5,1.5773807,122.833046,0,5.6785703
2018,27.0,7.75,1.6477989,124.99173,0,5.932076
2018,27.0,8.0,1.7348698,127.656006,0,6.245531
2018,27.0,8.25,1.7805923,103.018364,0,6.4101324
2018,27.0,8.5,1.8103104,108.708046,0,6.517117
2018,27.0,8.75,1.8420581,111.9184,0,6.6314087
2018,27.0,9.0,1.8247132,114.24386,0,6.5689673
2018,27.0,9.25,1.8138261,116.13614,0,6.5297737
2018,27.0,9.5,1.8088859,116.73118,0,6.511989
2018,27.0,9.75,1.7767981,116.24627,0,6.396473
2018,27.0,10.0,1.7187529,116.13186,0,6.18751
2018,27.0,10.25,1.7179365,116.33553,0,6.1845713
2018,27.0,10.5,1.8164597,115.85489,0,6.5392547
2018,27.0,10.75,1.8317747,114.98748,0,6.594389
2018,27.0,11.0,1.8541187,112.75021,0,6.674827
2018,27.0,11.25,1.8701444,111.10996,0,6.7325196
2018,27.0,11.5,1.8566424,109.73478,0,6.6839123
2018,27.0,11.75,1.8170967,108.01363,0,6.541548
2018,27.0,12.0,1.7783976,106.61386,0,6.402231
2018,26.75,-9.0,3.7207072,248.21172,0,13.394546
2018,26.75,-8.75,3.589886,247.39684,0,12.923589
2018,26.75,-8.5,3.4394124,245.00966,0,12.381885
2018,26.75,-8.25,3.2638276,241.89421,0,11.749779
2018,26.75,-8.0,3.0883281,239.04858,0,11.117981
2018,26.75,-7.75,2.8749416,238.44066,0,10.34979
2018,26.75,-7.5,2.7967021,238.13045,0,10.068128
2018,26.75,-7.25,2.6929657,206.9012,0,9.694676
2018,26.75,-7.0,2.555205,208.49745,0,9.198738
2018,26.75,-6.75,2.4582722,208.01282,0,8.84978
2018,26.75,-6.5,2.388975,206.03662,0,8.600309
2018,26.75,-6.25,2.3491404,204.12608,0,8.456905
2018,26.75,-6.0,2.2935083,204.06464,0,8.25663
2018,26.75,-5.75,2.2647471,184.05273,0,8.15309
2018,26.75,-5.5,2.304458,183.06316,0,8.296048
2018,26.75,-5.25,2.331022,182.75609,0,8.391679
2018,26.75,-5.0,2.3430023,182.15462,0,8.434808
2018,26.75,-4.75,2.3496938,181.17122,0,8.458898
2018,26.75,-4.5,2.325876,179.9557,0,8.373154
2018,26.75,-4.25,2.28569,178.58557,0,8.228484
2018,26.75,-4.0,2.3023143,177.85445,0,8.288331
2018,26.75,-3.75,2.2994137,176.80324,0,8.277889
2018,26.75,-3.5,2.2637289,175.70366,0,8.149424
2018,26.75,-3.25,2.2169921,174.41087,0,7.9811716
2018,26.75,-3.0,2.1630847,173.52873,0,7.787105
2018,26.75,-2.75,2.0513217,172.99596,0,7.384758
2018,26.75,-2.5,1.9629607,173.71086,0,7.0666585
2018,26.75,-2.25,1.932744,175.5583,0,6.957878
2018,26.75,-2.0,1.9248743,146.97142,0,6.9295473
2018,26.75,-1.75,1.9309114,145.97206,0,6.951281
2018,26.75,-1.5,1.9357748,144.49419,0,6.968789
2018,26.75,-1.25,1.9472696,173.24916,0,7.0101705
2018,26.75,-1.0,1.9628657,171.2148,0,7.0663166
2018,26.75,-0.75,1.924346,169.43051,0,6.927645
2018,26.75,-0.5,1.8007189,169.60986,0,6.482588
2018,26.75,-0.25,1.6697426,173.16283,0,6.011073
2018,26.75,0.0,1.7494135,150.3633,0,6.2978883
2018,26.75,0.25,1.9147892,154.21613,0,6.893241
2018,26.75,0.5,2.0243144,159.34955,0,7.287532
2018,26.75,0.75,2.0889196,163.24449,0,7.5201106
2018,26.75,1.0,2.208312,137.92671,0,7.949923
2018,26.75,1.25,2.3730395,141.71518,0,8.542942
2018,26.75,1.5,2.4941058,112.724,0,8.978781
2018,26.75,1.75,2.472339,83.23354,0,8.90042
2018,26.75,2.0,2.4200456,85.47439,0,8.712164
2018,26.75,2.25,2.4308898,116.85547,0,8.751204
2018,26.75,2.5,2.4631033,118.054726,0,8.867171
2018,26.75,2.75,2.4465435,118.03568,0,8.807556
2018,26.75,3.0,2.4375963,89.918175,0,8.775347
2018,26.75,3.25,2.272672,90.72164,0,8.181619
2018,26.75,3.5,2.0581276,90.29315,0,7.4092593
2018,26.75,3.75,2.1754558,91.7575,0,7.8316407
2018,26.75,4.0,2.3761785,93.08138,0,8.554242
2018,26.75,4.25,2.4221368,93.29532,0,8.719692
2018,26.75,4.5,2.1957572,97.70046,0,7.9047256
2018,26.75,4.75,1.9712882,104.474236,0,7.0966372
2018,26.75,5.0,1.7540411,136.56429,0,6.3145475
2018,26.75,5.25,1.5542235,136.0434,0,5.5952044
2018,26.75,5.5,1.3952805,135.81273,0,5.02301
2018,26.75,5.75,1.4370648,137.55956,0,5.173433
2018,26.75,6.0,1.2841351,138.71286,0,4.622886
2018,26.75,6.25,1.2665416,138.07326,0,4.55955
2018,26.75,6.5,1.3132789,141.19617,0,4.727804
2018,26.75,6.75,1.1459761,139.50345,0,4.1255136
2018,26.75,7.0,1.0389165,137.80533,0,3.7400992
2018,26.75,7.25,1.1235223,141.51881,0,4.04468
2018,26.75,7.5,1.2490699,116.67239,0,4.4966516
2018,26.75,7.75,1.4106406,120.45649,0,5.078306
2018,26.75,8.0,1.5070788,123.12803,0,5.425483
2018,26.75,8.25,1.5726422,98.5647,0,5.661512
2018,26.75,8.5,1.5938979,106.82426,0,5.7380323
2018,26.75,8.75,1.6332611,112.767845,0,5.8797398
2018,26.75,9.0,1.6523647,116.47291,0,5.948513
2018,26.75,9.25,1.6950893,117.908875,0,6.1023216
2018,26.75,9.5,1.7033973,118.01623,0,6.13223
2018,26.75,9.75,1.6739774,117.645905,0,6.0263186
2018,26.75,10.0,1.688543,117.125305,0,6.0787544
2018,26.75,10.25,1.7004873,117.15603,0,6.121754
2018,26.75,10.5,1.7559816,116.34103,0,6.3215337
2018,26.75,10.75,1.7669717,114.31815,0,6.361098
2018,26.75,11.0,1.8013781,111.241585,0,6.484961
2018,26.75,11.25,1.802143,109.542015,0,6.487715
2018,26.75,11.5,1.7911311,108.10796,0,6.448072
2018,26.75,11.75,1.7450776,107.40802,0,6.282279
2018,26.75,12.0,1.7065463,107.21002,0,6.1435666
2018,26.5,-9.0,3.6295269,250.53699,0,13.066297
2018,26.5,-8.75,3.4957025,249.29346,0,12.584529
2018,26.5,-8.5,3.3294394,247.3092,0,11.985982
2018,26.5,-8.25,3.1445704,245.11687,0,11.320453
2018,26.5,-8.0,2.9648316,242.4069,0,10.673393
2018,26.5,-7.75,2.828411,238.64366,0,10.18228
2018,26.5,-7.5,2.774986,237.4527,0,9.989949
2018,26.5,-7.25,2.6495879,206.99556,0,9.538516
2018,26.5,-7.0,2.5423996,211.16516,0,9.152638
2018,26.5,-6.75,2.4400556,211.42212,0,8.7842
2018,26.5,-6.5,2.3771389,210.21657,0,8.557699
2018,26.5,-6.25,2.330896,208.5457,0,8.391225
2018,26.5,-6.0,2.2731335,179.23714,0,8.18328
2018,26.5,-5.75,2.244903,183.79991,0,8.081651
2018,26.5,-5.5,2.2932496,183.44672,0,8.255698
2018,26.5,-5.25,2.3317769,182.8186,0,8.394397
2018,26.5,-5.0,2.3529255,182.07684,0,8.470531
2018,26.5,-4.75,2.3514502,180.75732,0,8.46522
2018,26.5,-4.5,2.3315241,179.45593,0,8.393487
2018,26.5,-4.25,2.2999241,179.13899,0,8.279727
2018,26.5,-4.0,2.3340726,178.61543,0,8.402661
2018,26.5,-3.75,2.3345811,177.47966,0,8.404491
2018,26.5,-3.5,2.3024018,176.16753,0,8.288646
2018,26.5,-3.25,2.2640038,175.3264,0,8.1504135
2018,26.5,-3.0,2.2261584,174.15852,0,8.01417
2018,26.5,-2.75,2.1356676,172.77338,0,7.688403
2018,26.5,-2.5,2.0384343,173.42804,0,7.338363
2018,26.5,-2.25,1.9731919,174.96332,0,7.1034904
2018,26.5,-2.0,1.9593424,176.49028,0,7.0536323
2018,26.5,-1.75,1.9697976,146.73055,0,7.0912714
2018,26.5,-1.5,1.9717588,175.40448,0,7.0983315
2018,26.5,-1.25,1.9743947,173.62325,0,7.1078205
2018,26.5,-1.0,1.9687452,172.72066,0,7.0874825
2018,26.5,-0.75,1.9378014,171.27342,0,6.9760847
2018,26.5,-0.5,1.8610297,170.56937,0,6.699707
2018,26.5,-0.25,1.7384866,171.87334,0,6.2585516
2018,26.5,0.0,1.7154249,175.80669,0,6.1755295
2018,26.5,0.25,1.8159074,149.82312,0,6.5372663
2018,26.5,0.5,1.9333142,154.56212,0,6.959931
2018,26.5,0.75,2.026446,158.52774,0,7.2952056
2018,26.5,1.0,2.1507263,162.68724,0,7.7426147
2018,26.5,1.25,2.2709074,136.86122,0,8.175266
2018,26.5,1.5,2.3483741,139.92122,0,8.454146
2018,26.5,1.75,2.3241608,111.76825,0,8.366979
2018,26.5,2.0,2.3005745,113.48879,0,8.282068
2018,26.5,2.25,2.313175,114.696205,0,8.32743
2018,26.5,2.5,2.3311553,114.93322,0,8.3921585
2018,26.5,2.75,2.3066664,115.12437,0,8.303999
2018,26.5,3.0,2.2232459,117.09681,0,8.003685
2018,26.5,3.25,2.0394194,120.083626,0,7.34191
2018,26.5,3.5,1.8097633,123.22501,0,6.5151477
2018,26.5,3.75,1.8197476,137.33029,0,6.551091
2018,26.5,4.0,1.9944578,141.16211,0,7.180048
2018,26.5,4.25,1.9606708,117.367035,0,7.058415
2018,26.5,4.5,1.7757753,130.26291,0,6.392791
2018,26.5,4.75,1.5671816,133.31526,0,5.6418533
2018,26.5,5.0,1.3593956,136.56065,0,4.893824
2018,26.5,5.25,1.1956137,136.16695,0,4.304209
2018,26.5,5.5,1.2461482,134.06311,0,4.4861336
2018,26.5,5.75,1.3718566,137.12428,0,4.9386835
2018,26.5,6.0,1.2079356,168.19328,0,4.348568
2018,26.5,6.25,1.0417229,187.6712,0,3.7502024
2018,26.5,6.5,1.0841557,159.1645,0,3.9029603
2018,26.5,6.75,1.074757,164.00758,0,3.8691251
2018,26.5,7.0,1.0150857,133.02235,0,3.6543083
2018,26.5,7.25,1.0012785,134.74712,0,3.6046026
2018,26.5,7.5,1.0072085,169.57974,0,3.6259503
2018,26.5,7.75,1.1465715,172.79955,0,4.1276574
2018,26.5,8.0,1.1964952,145.91956,0,4.3073826
2018,26.5,8.25,1.2641542,150.5724,0,4.550955
2018,26.5,8.5,1.3305097,130.26112,0,4.7898345
2018,26.5,8.75,1.3988272,114.3721,0,5.0357776
2018,26.5,9.0,1.4620895,118.86483,0,5.263522
2018,26.5,9.25,1.4655828,119.34027,0,5.2760983
2018,26.5,9.5,1.4861304,119.441154,0,5.350069
2018,26.5,9.75,1.5721489,119.64445,0,5.659736
2018,26.5,10.0,1.6007518,119.23229,0,5.7627063
2018,26.5,10.25,1.6321386,118.4599,0,5.875699
2018,26.5,10.5,1.6902566,116.85311,0,6.0849237
2018,26.5,10.75,1.6943474,112.70945,0,6.0996504
2018,26.5,11.0,1.7214746,109.85058,0,6.1973085
2018,26.5,11.25,1.7203058,108.17446,0,6.193101
2018,26.5,11.5,1.6703411,107.14236,0,6.013228
2018,26.5,11.75,1.6279727,107.32009,0,5.8607016
2018,26.5,12.0,1.5842849,112.84676,0,5.7034254
2018,26.25,-9.0,3.671116,254.68147,0,13.216018
2018,26.25,-8.75,3.4800918,253.63387,0,12.52833
2018,26.25,-8.5,3.2828228,252.77106,0,11.818162
2018,26.25,-8.25,3.089279,251.19873,0,11.121404
2018,26.25,-8.0,2.9418314,248.42273,0,10.590592
2018,26.25,-7.75,2.8195264,244.16588,0,10.150295
2018,26.25,-7.5,2.6992486,240.50346,0,9.717295
2018,26.25,-7.25,2.5536284,237.65858,0,9.193062
2018,26.25,-7.0,2.4590938,207.60466,0,8.852737
2018,26.25,-6.75,2.3865616,214.19409,0,8.591621
2018,26.25,-6.5,2.333984,213.87065,0,8.402342
2018,26.25,-6.25,2.3123627,214.21346,0,8.324506
2018,26.25,-6.0,2.2564738,184.94336,0,8.123305
2018,26.25,-5.75,2.2446196,182.80553,0,8.08063
2018,26.25,-5.5,2.2991943,182.05684,0,8.2771
2018,26.25,-5.25,2.3420532,181.54865,0,8.431391
2018,26.25,-5.0,2.3591712,180.58173,0,8.493016
2018,26.25,-4.75,2.355406,179.54863,0,8.479462
2018,26.25,-4.5,2.309349,178.68742,0,8.313657
2018,26.25,-4.25,2.3103158,179.5802,0,8.317137
2018,26.25,-4.0,2.363494,179.51924,0,8.508578
2018,26.25,-3.75,2.3806636,178.56026,0,8.570389
2018,26.25,-3.5,2.3487685,177.21497,0,8.455566
2018,26.25,-3.25,2.2974005,176.26495,0,8.270641
2018,26.25,-3.0,2.2559104,175.13075,0,8.121277
2018,26.25,-2.75,2.189992,174.13078,0,7.8839707
2018,26.25,-2.5,2.1005495,174.16606,0,7.561978
2018,26.25,-2.25,2.0288167,175.24529,0,7.30374
2018,26.25,-2.0,1.9963822,176.48323,0,7.186976
2018,26.25,-1.75,2.0004108,177.18776,0,7.2014785
2018,26.25,-1.5,2.0034244,177.01259,0,7.2123275
2018,26.25,-1.25,2.0203364,175.37672,0,7.273211
2018,26.25,-1.0,2.0009592,174.40446,0,7.2034526
2018,26.25,-0.75,1.9511704,173.92702,0,7.0242133
2018,26.25,-0.5,1.8800611,173.73833,0,6.76822
2018,26.25,-0.25,1.8091489,173.96606,0,6.512936
2018,26.25,0.0,1.787193,174.78282,0,6.4338946
2018,26.25,0.25,1.8222651,176.27528,0,6.5601544
2018,26.25,0.5,1.8581452,177.46613,0,6.6893225
2018,26.25,0.75,1.9268198,180.19171,0,6.936551
2018,26.25,1.0,2.0027204,153.5324,0,7.209793
2018,26.25,1.25,2.0807068,158.03264,0,7.4905443
2018,26.25,1.5,2.0833862,134.23851,0,7.5001903
2018,26.25,1.75,2.0993447,139.40294,0,7.557641
2018,26.25,2.0,2.0921364,110.841064,0,7.5316906
2018,26.25,2.25,2.1035337,110.67566,0,7.5727215
2018,26.25,2.5,2.114434,110.5661,0,7.6119623
2018,26.25,2.75,2.062772,111.30836,0,7.425979
2018,26.25,3.0,1.9321251,113.29599,0,6.9556503
2018,26.25,3.25,1.8037142,124.32031,0,6.493371
2018,26.25,3.5,1.5920552,128.85103,0,5.7313986
2018,26.25,3.75,1.5306659,128.4648,0,5.510397
2018,26.25,4.0,1.4777559,127.58947,0,5.319921
2018,26.25,4.25,1.3747627,127.18396,0,4.9491453
2018,26.25,4.5,1.3830303,129.79942,0,4.978909
2018,26.25,4.75,1.2936791,195.24562,0,4.6572447
2018,26.25,5.0,1.1129093,168.89137,0,4.0064735
2018,26.25,5.25,1.0543531,138.05528,0,3.7956712
2018,26.25,5.5,1.1474047,133.5643,0,4.1306567
2018,26.25,5.75,1.3058659,132.61531,0,4.701117
2018,26.25,6.0,1.2352754,127.631165,0,4.4469914
2018,26.25,6.25,1.0895423,174.14445,0,3.922352
2018,26.25,6.5,1.0635272,176.57375,0,3.828698
2018,26.25,6.75,1.0099192,166.01526,0,3.6357088
2018,26.25,7.0,0.99004155,162.39917,0,3.5641496
2018,26.25,7.25,1.0111398,166.47493,0,3.640103
2018,26.25,7.5,1.1192867,168.43233,0,4.029432
2018,26.25,7.75,1.1367264,171.8705,0,4.092215
2018,26.25,8.0,1.1101131,173.93707,0,3.9964073
2018,26.25,8.25,1.1574942,173.8344,0,4.166979
2018,26.25,8.5,1.2438725,174.02051,0,4.477941
2018,26.25,8.75,1.2746798,159.71577,0,4.588847
2018,26.25,9.0,1.3094445,137.52419,0,4.714
2018,26.25,9.25,1.1664519,141.21251,0,4.199227
2018,26.25,9.5,1.2571301,116.70394,0,4.5256686
2018,26.25,9.75,1.4011675,119.039795,0,5.044203
2018,26.25,10.0,1.4800838,119.49457,0,5.3283014
2018,26.25,10.25,1.4906257,119.06556,0,5.3662524
2018,26.25,10.5,1.5847765,119.09821,0,5.7051954
2018,26.25,10.75,1.5944734,112.62244,0,5.7401037
2018,26.25,11.0,1.62647,109.30514,0,5.855292
2018,26.25,11.25,1.6665756,108.16813,0,5.999672
2018,26.25,11.5,1.6323012,110.176186,0,5.876284
2018,26.25,11.75,1.5292279,114.40345,0,5.50522
2018,26.25,12.0,1.4791865,120.13149,0,5.3250713
2018,26.0,-9.0,3.5444157,228.12227,0,12.759896
2018,26.0,-8.75,3.3327358,257.5512,0,11.9978485
2018,26.0,-8.5,3.164895,257.2153,0,11.393621
2018,26.0,-8.25,3.021176,256.64813,0,10.876234
2018,26.0,-8.0,2.9142706,225.05254,0,10.491374
2018,26.0,-7.75,2.824406,221.87776,0,10.167861
2018,26.0,-7.5,2.658149,217.26524,0,9.569336
2018,26.0,-7.25,2.4979384,243.2777,0,8.992578
2018,26.0,-7.0,2.3991323,239.89867,0,8.636876
2018,26.0,-6.75,2.3439918,217.29036,0,8.43837
2018,26.0,-6.5,2.3308837,217.46983,0,8.391181
2018,26.0,-6.25,2.3221178,218.76549,0,8.359624
2018,26.0,-6.0,2.249573,195.85384,0,8.098462
2018,26.0,-5.75,2.277937,177.90717,0,8.200573
2018,26.0,-5.5,2.3351202,179.26341,0,8.406432
2018,26.0,-5.25,2.3735063,179.5171,0,8.544622
2018,26.0,-5.0,2.3853805,179.21791,0,8.58737
2018,26.0,-4.75,2.3708062,178.60344,0,8.534903
2018,26.0,-4.5,2.3175633,178.01764,0,8.343227
2018,26.0,-4.25,2.3199217,179.24657,0,8.351718
2018,26.0,-4.0,2.3688085,180.19939,0,8.52771
2018,26.0,-3.75,2.4040668,180.42812,0,8.65464
2018,26.0,-3.5,2.4021833,179.66504,0,8.64786
2018,26.0,-3.25,2.3656178,178.21794,0,8.516224
2018,26.0,-3.0,2.2938826,176.6695,0,8.2579775
2018,26.0,-2.75,2.2021787,176.02583,0,7.927843
2018,26.0,-2.5,2.1249979,175.77998,0,7.649992
2018,26.0,-2.25,2.067788,176.25737,0,7.444036
2018,26.0,-2.0,2.0363317,177.02748,0,7.330794
2018,26.0,-1.75,2.0318286,177.59691,0,7.314583
2018,26.0,-1.5,2.05515,178.10658,0,7.39854
2018,26.0,-1.25,2.0810668,177.37958,0,7.4918404
2018,26.0,-1.0,2.0408237,176.09328,0,7.3469653
2018,26.0,-0.75,1.9768482,175.59303,0,7.1166534
2018,26.0,-0.5,1.9098867,176.17058,0,6.875592
2018,26.0,-0.25,1.8614683,177.58412,0,6.701286
2018,26.0,0.0,1.8696833,149.0051,0,6.7308598
2018,26.0,0.25,1.9182538,178.66548,0,6.9057136
2018,26.0,0.5,1.9566046,177.12492,0,7.0437765
2018,26.0,0.75,1.9835101,176.55818,0,7.1406364
2018,26.0,1.0,1.994762,177.62447,0,7.181143
2018,26.0,1.25,1.9862412,150.89925,0,7.1504683
2018,26.0,1.5,1.9474603,157.01903,0,7.010857
2018,26.0,1.75,1.9639906,163.76883,0,7.070366
2018,26.0,2.0,1.9931327,166.10107,0,7.1752777
2018,26.0,2.25,2.0022838,165.68626,0,7.2082214
2018,26.0,2.5,1.972385,135.68846,0,7.100586
2018,26.0,2.75,1.8767525,136.78415,0,6.756309
2018,26.0,3.0,1.7120085,133.62611,0,6.1632304
2018,26.0,3.25,1.5179576,128.00749,0,5.4646473
2018,26.0,3.5,1.2742074,159.12389,0,4.5871463
2018,26.0,3.75,1.1613448,182.07367,0,4.180841
2018,26.0,4.0,1.0859641,177.06886,0,3.9094706
2018,26.0,4.25,1.0241402,126.858864,0,3.6869047
2018,26.0,4.5,1.3451306,194.38539,0,4.8424697
2018,26.0,4.75,1.2972504,209.91628,0,4.670101
2018,26.0,5.0,1.0585259,191.2798,0,3.8106933
2018,26.0,5.25,1.0615407,141.25526,0,3.8215466
2018,26.0,5.5,1.2660099,123.5881,0,4.557636
2018,26.0,5.75,1.4406372,137.75293,0,5.186294
2018,26.0,6.0,1.4853553,134.58966,0,5.3472786
2018,26.0,6.25,1.3437775,131.13158,0,4.837599
2018,26.0,6.5,1.2293366,168.05052,0,4.4256115
2018,26.0,6.75,1.141531,169.99107,0,4.1095114
2018,26.0,7.0,1.0344013,167.44377,0,3.7238445
2018,26.0,7.25,1.0015748,161.91881,0,3.605669
2018,26.0,7.5,1.1710575,159.70778,0,4.215807
2018,26.0,7.75,1.1212374,162.38095,0,4.0364547
2018,26.0,8.0,1.0662963,164.61317,0,3.8386667
2018,26.0,8.25,1.0852495,164.92767,0,3.9068983
2018,26.0,8.5,1.0556298,193.0374,0,3.8002675
2018,26.0,8.75,0.9188779,190.878,0,3.3079603
2018,26.0,9.0,0.9411654,162.6827,0,3.3881953
2018,26.0,9.25,0.9816005,140.6364,0,3.5337617
2018,26.0,9.5,1.1658517,141.50871,0,4.197066
2018,26.0,9.75,1.3332095,144.58374,0,4.7995543
2018,26.0,10.0,1.3886766,116.387115,0,4.9992356
2018,26.0,10.25,1.3499542,118.19202,0,4.859835
2018,26.0,10.5,1.4171199,119.49823,0,5.101631
2018,26.0,10.75,1.4508911,112.93656,0,5.223208
2018,26.0,11.0,1.58009,108.17707,0,5.688324
2018,26.0,11.25,1.7319026,109.697975,0,6.234849
2018,26.0,11.5,1.7700833,113.29069,0,6.3722997
2018,26.0,11.75,1.6607329,119.16329,0,5.978638
2018,26.0,12.0,1.5320643,121.858986,0,5.5154314
2018,25.75,-9.0,3.3705795,231.03754,0,12.134086
2018,25.75,-8.75,3.1820354,230.58604,0,11.455327
2018,25.75,-8.5,3.0300324,199.43713,0,10.908116
2018,25.75,-8.25,2.9274457,168.35646,0,10.538804
2018,25.75,-8.0,2.847352,167.47871,0,10.250467
2018,25.75,-7.75,2.7916965,166.98877,0,10.050107
2018,25.75,-7.5,2.6747265,194.90157,0,9.629015
2018,25.75,-7.25,2.5654755,193.71516,0,9.235711
2018,25.75,-7.0,2.474234,193.05186,0,8.907243
2018,25.75,-6.75,2.4189763,193.50769,0,8.708315
2018,25.75,-6.5,2.3935635,193.31612,0,8.616828
2018,25.75,-6.25,2.3528624,194.32446,0,8.4703045
2018,25.75,-6.0,2.250491,171.21562,0,8.101767
2018,25.75,-5.75,2.291559,177.80464,0,8.249612
2018,25.75,-5.5,2.3560076,179.30363,0,8.481627
2018,25.75,-5.25,2.3993514,179.76526,0,8.637665
2018,25.75,-5.0,2.4101741,179.98625,0,8.676626
2018,25.75,-4.75,2.3963308,179.54053,0,8.626791
2018,25.75,-4.5,2.3770106,178.43477,0,8.557238
2018,25.75,-4.25,2.370907,178.04762,0,8.535265
2018,25.75,-4.0,2.3630779,178.84178,0,8.50708
2018,25.75,-3.75,2.3916879,180.55815,0,8.610076
2018,25.75,-3.5,2.4266012,182.64769,0,8.735764
2018,25.75,-3.25,2.4233482,182.53358,0,8.724053
2018,25.75,-3.0,2.342434,180.30284,0,8.432762
2018,25.75,-2.75,2.2289755,178.07152,0,8.024312
2018,25.75,-2.5,2.1443803,177.26265,0,7.719769
2018,25.75,-2.25,2.0826776,177.01042,0,7.497639
2018,25.75,-2.0,2.0532248,177.52954,0,7.391609
2018,25.75,-1.75,2.0571973,178.32642,0,7.40591
2018,25.75,-1.5,2.0791776,179.3263,0,7.485039
2018,25.75,-1.25,2.0858037,179.2426,0,7.5088935
2018,25.75,-1.0,2.0378153,179.17918,0,7.336135
2018,25.75,-0.75,1.9752048,179.10985,0,7.1107373
2018,25.75,-0.5,1.9232416,179.62065,0,6.92367
2018,25.75,-0.25,1.8933347,180.71649,0,6.8160048
2018,25.75,0.0,1.9241537,182.19441,0,6.9269533
2018,25.75,0.25,1.9789547,182.11494,0,7.1242366
2018,25.75,0.5,2.0153246,179.29485,0,7.2551684
2018,25.75,0.75,2.0150478,176.45538,0,7.254172
2018,25.75,1.0,1.9984932,205.86018,0,7.1945753
2018,25.75,1.25,1.9505306,207.4991,0,7.02191
2018,25.75,1.5,1.9086171,152.52551,0,6.8710217
2018,25.75,1.75,1.9399658,158.0284,0,6.9838767
2018,25.75,2.0,1.9853897,163.08899,0,7.147403
2018,25.75,2.25,1.9697839,164.67107,0,7.091222
2018,25.75,2.5,1.8712729,165.5459,0,6.7365823
2018,25.75,2.75,1.732896,136.04533,0,6.2384253
2018,25.75,3.0,1.5607861,134.36931,0,5.6188297
2018,25.75,3.25,1.3572894,164.24768,0,4.886242
2018,25.75,3.5,1.1895672,191.24268,0,4.2824416
2018,25.75,3.75,1.1064706,155.80911,0,3.983294
2018,25.75,4.0,1.063311,157.18068,0,3.8279195
2018,25.75,4.25,1.181748,169.42357,0,4.254293
2018,25.75,4.5,1.540754,202.7618,0,5.5467143
2018,25.75,4.75,1.3770367,209.15215,0,4.957332
2018,25.75,5.0,1.116044,170.47075,0,4.0177584
2018,25.75,5.25,1.0326204,152.18236,0,3.7174335
2018,25.75,5.5,1.2298714,128.14778,0,4.427537
2018,25.75,5.75,1.3652406,136.5006,0,4.914866
2018,25.75,6.0,1.4332514,143.15355,0,5.1597047
2018,25.75,6.25,1.3480401,143.08885,0,4.8529444
2018,25.75,6.5,1.232598,169.84418,0,4.4373527
2018,25.75,6.75,1.1956654,167.87262,0,4.304395
2018,25.75,7.0,1.1649048,164.89574,0,4.1936574
2018,25.75,7.25,1.1467587,161.58398,0,4.128331
2018,25.75,7.5,1.2408198,163.29834,0,4.4669514
2018,25.75,7.75,1.1383511,163.22484,0,4.098064
2018,25.75,8.0,1.0894867,164.26,0,3.922152
2018,25.75,8.25,1.0561541,166.94337,0,3.8021548
2018,25.75,8.5,0.9538365,167.53575,0,3.4338114
2018,25.75,8.75,0.8231487,161.11066,0,2.9633353
2018,25.75,9.0,0.9008002,156.38995,0,3.2428808
2018,25.75,9.25,1.0225548,154.16621,0,3.681197
2018,25.75,9.5,1.132445,141.02988,0,4.076802
2018,25.75,9.75,1.1796205,140.9891,0,4.2466335
2018,25.75,10.0,1.1924632,142.25931,0,4.292867
2018,25.75,10.25,1.1618048,121.16599,0,4.182497
2018,25.75,10.5,1.219067,118.59628,0,4.388641
2018,25.75,10.75,1.3081598,122.18116,0,4.7093754
2018,25.75,11.0,1.4933139,112.28039,0,5.37593
2018,25.75,11.25,1.6413436,111.22891,0,5.908837
2018,25.75,11.5,1.7103127,114.259125,0,6.1571255
2018,25.75,11.75,1.7300863,119.94247,0,6.2283106
2018,25.75,12.0,1.5511845,117.70093,0,5.5842643
2018,25.5,-9.0,3.2533321,204.02147,0,11.711995
2018,25.5,-8.75,3.11541,203.40114,0,11.215476
2018,25.5,-8.5,2.9849527,201.60791,0,10.74583
2018,25.5,-8.25,2.871186,170.01906,0,10.336269
2018,25.5,-8.0,2.773105,168.36461,0,9.983177
2018,25.5,-7.75,2.6981056,167.65073,0,9.71318
2018,25.5,-7.5,2.664233,167.46062,0,9.591238
2018,25.5,-7.25,2.625211,168.47777,0,9.450759
2018,25.5,-7.0,2.554847,169.04623,0,9.197449
2018,25.5,-6.75,2.539025,169.693,0,9.14049
2018,25.5,-6.5,2.4993172,169.33026,0,8.997541
2018,25.5,-6.25,2.377433,169.44695,0,8.558759
2018,25.5,-6.0,2.272275,174.0229,0,8.18019
2018,25.5,-5.75,2.335465,177.85408,0,8.407674
2018,25.5,-5.5,2.411382,177.74251,0,8.680975
2018,25.5,-5.25,2.4454286,178.80286,0,8.803543
2018,25.5,-5.0,2.4397442,180.53703,0,8.783079
2018,25.5,-4.75,2.4334862,181.3391,0,8.7605505
2018,25.5,-4.5,2.4660394,180.99617,0,8.877742
2018,25.5,-4.25,2.44665,179.03912,0,8.80794
2018,25.5,-4.0,2.392021,178.99756,0,8.611275
2018,25.5,-3.75,2.3191774,180.1067,0,8.349038
2018,25.5,-3.5,2.3227954,182.03868,0,8.362063
2018,25.5,-3.25,2.3315907,184.1913,0,8.393726
2018,25.5,-3.0,2.2952068,153.77925,0,8.262744
2018,25.5,-2.75,2.2355983,151.62735,0,8.048154
2018,25.5,-2.5,2.1700559,149.64589,0,7.812201
2018,25.5,-2.25,2.1082263,178.95387,0,7.5896144
2018,25.5,-2.0,2.081041,178.7981,0,7.491748
2018,25.5,-1.75,2.0914123,179.69177,0,7.529084
2018,25.5,-1.5,2.0882328,180.8918,0,7.5176377
2018,25.5,-1.25,2.0580955,181.04265,0,7.4091434
2018,25.5,-1.0,2.0098593,181.48405,0,7.235493
2018,25.5,-0.75,1.9712893,181.98177,0,7.096641
2018,25.5,-0.5,1.9384562,182.62166,0,6.978442
2018,25.5,-0.25,1.9545002,183.97127,0,7.0362005
2018,25.5,0.0,1.9846535,185.18877,0,7.1447525
2018,25.5,0.25,2.02124,184.55608,0,7.276464
2018,25.5,0.5,2.035485,181.62744,0,7.327746
2018,25.5,0.75,2.0258632,178.29326,0,7.293107
2018,25.5,1.0,1.9570464,205.13594,0,7.045367
2018,25.5,1.25,1.8792458,204.89813,0,6.7652845
2018,25.5,1.5,1.820481,207.53609,0,6.5537314
2018,25.5,1.75,1.8854085,211.38617,0,6.7874703
2018,25.5,2.0,1.9135866,188.11794,0,6.8889117
2018,25.5,2.25,1.8900166,166.97766,0,6.8040595
2018,25.5,2.5,1.7986544,137.92282,0,6.475156
2018,25.5,2.75,1.662728,166.74538,0,5.9858203
2018,25.5,3.0,1.5018245,166.28117,0,5.406568
2018,25.5,3.25,1.3304403,196.45856,0,4.789585
2018,25.5,3.5,1.2326329,136.54218,0,4.437478
2018,25.5,3.75,1.1793345,162.86499,0,4.245604
2018,25.5,4.0,1.2731191,169.39523,0,4.5832286
2018,25.5,4.25,1.4464918,175.04059,0,5.2073703
2018,25.5,4.5,1.5750958,207.7794,0,5.670345
2018,25.5,4.75,1.49477,171.10014,0,5.381172
2018,25.5,5.0,1.3103775,164.39694,0,4.7173586
2018,25.5,5.25,1.0667511,166.81624,0,3.840304
2018,25.5,5.5,1.179324,157.88171,0,4.2455664
2018,25.5,5.75,1.3700256,168.60263,0,4.932092
2018,25.5,6.0,1.497001,177.20625,0,5.3892035
2018,25.5,6.25,1.3776766,178.42073,0,4.9596357
2018,25.5,6.5,1.3702364,150.91914,0,4.932851
2018,25.5,6.75,1.304756,138.50739,0,4.6971216
2018,25.5,7.0,1.2816643,163.49866,0,4.6139913
2018,25.5,7.25,1.2863473,161.82346,0,4.63085
2018,25.5,7.5,1.3402959,162.35968,0,4.825065
2018,25.5,7.75,1.3811544,160.19032,0,4.9721556
2018,25.5,8.0,1.4065987,163.35484,0,5.063755
2018,25.5,8.25,1.3574346,165.32845,0,4.8867645
2018,25.5,8.5,1.248454,164.51837,0,4.4944344
2018,25.5,8.75,1.3025573,158.94714,0,4.689206
2018,25.5,9.0,1.3724293,161.15413,0,4.9407454
2018,25.5,9.25,1.3128537,160.0227,0,4.726273
2018,25.5,9.5,1.1670343,161.27626,0,4.201323
2018,25.5,9.75,1.0657095,141.82716,0,3.836554
2018,25.5,10.0,0.95682937,140.01701,0,3.4445856
2018,25.5,10.25,1.0070722,110.50515,0,3.62546
2018,25.5,10.5,1.1546531,126.624245,0,4.156751
2018,25.5,10.75,1.2025458,131.61125,0,4.3291645
2018,25.5,11.0,1.3615543,114.656715,0,4.901595
2018,25.5,11.25,1.5172839,108.15857,0,5.462222
2018,25.5,11.5,1.6138371,112.08942,0,5.8098135
2018,25.5,11.75,1.7636439,115.77215,0,6.3491178
2018,25.5,12.0,1.5808622,112.887215,0,5.6911035
2018,25.25,-9.0,3.2216523,206.43748,0,11.597948
2018,25.25,-8.75,3.1210759,206.19641,0,11.235873
2018,25.25,-8.5,2.9951212,204.91472,0,10.782436
2018,25.25,-8.25,2.8590498,172.95296,0,10.292579
2018,25.25,-8.0,2.7507246,171.33025,0,9.902608
2018,25.25,-7.75,2.643256,168.79323,0,9.515721
2018,25.25,-7.5,2.6004303,167.53362,0,9.361548
2018,25.25,-7.25,2.5697753,168.6126,0,9.251191
2018,25.25,-7.0,2.584231,171.15562,0,9.303231
2018,25.25,-6.75,2.56246,172.1919,0,9.224855
2018,25.25,-6.5,2.5145943,174.08356,0,9.052539
2018,25.25,-6.25,2.4041746,175.29411,0,8.655028
2018,25.25,-6.0,2.374596,176.72356,0,8.548546
2018,25.25,-5.75,2.4435065,177.17964,0,8.796623
2018,25.25,-5.5,2.4900265,177.65826,0,8.964095
2018,25.25,-5.25,2.443172,179.21858,0,8.795419
2018,25.25,-5.0,2.426675,181.1803,0,8.73603
2018,25.25,-4.75,2.4168432,183.19426,0,8.700635
2018,25.25,-4.5,2.44166,183.31651,0,8.789975
2018,25.25,-4.25,2.4217484,181.34639,0,8.718294
2018,25.25,-4.0,2.3368018,179.33717,0,8.412486
2018,25.25,-3.75,2.2566142,179.84346,0,8.123811
2018,25.25,-3.5,2.181173,180.1025,0,7.852223
2018,25.25,-3.25,2.1655426,181.09853,0,7.7959533
2018,25.25,-3.0,2.1627352,152.41206,0,7.7858467
2018,25.25,-2.75,2.1792362,153.07228,0,7.84525
2018,25.25,-2.5,2.138025,151.55333,0,7.69689
2018,25.25,-2.25,2.1257083,151.04932,0,7.6525497
2018,25.25,-2.0,2.1062722,150.93608,0,7.5825796
2018,25.25,-1.75,2.0811937,151.70813,0,7.492297
2018,25.25,-1.5,2.0607293,153.10777,0,7.4186254
2018,25.25,-1.25,2.0346935,153.88536,0,7.3248963
2018,25.25,-1.0,2.0080097,155.1095,0,7.2288346
2018,25.25,-0.75,1.9784083,185.7051,0,7.1222696
2018,25.25,-0.5,1.9947253,186.28008,0,7.181011
2018,25.25,-0.25,2.013941,187.40321,0,7.2501874
2018,25.25,0.0,2.0278308,187.3997,0,7.300191
2018,25.25,0.25,2.0483735,187.11897,0,7.374144
2018,25.25,0.5,2.0589993,184.61053,0,7.4123974
2018,25.25,0.75,2.024143,182.06335,0,7.2869143
2018,25.25,1.0,1.9493796,209.00652,0,7.0177665
2018,25.25,1.25,1.8243014,205.62634,0,6.567485
2018,25.25,1.5,1.7414905,205.88026,0,6.269366
2018,25.25,1.75,1.7445412,205.9159,0,6.280348
2018,25.25,2.0,1.6948775,208.917,0,6.1015587
2018,25.25,2.25,1.6678724,195.23439,0,6.0043406
2018,25.25,2.5,1.5833341,168.00151,0,5.7000027
2018,25.25,2.75,1.4567386,166.12897,0,5.244259
2018,25.25,3.0,1.384029,164.865,0,4.9825044
2018,25.25,3.25,1.3145099,166.94485,0,4.7322354
2018,25.25,3.5,1.2238921,170.43523,0,4.4060116
2018,25.25,3.75,1.3015509,172.67102,0,4.685583
2018,25.25,4.0,1.4082394,174.59944,0,5.0696616
2018,25.25,4.25,1.5792238,184.53133,0,5.6852055
2018,25.25,4.5,1.6595135,183.526,0,5.9742484
2018,25.25,4.75,1.5663618,144.95187,0,5.638902
2018,25.25,5.0,1.3070341,163.5822,0,4.7053227
2018,25.25,5.25,1.1453786,157.72307,0,4.123363
2018,25.25,5.5,1.0518619,164.43547,0,3.7867026
2018,25.25,5.75,1.241554,174.93419,0,4.4695945
2018,25.25,6.0,1.4848176,177.04468,0,5.345343
2018,25.25,6.25,1.421055,182.21016,0,5.1157975
2018,25.25,6.5,1.3777579,178.75838,0,4.9599285
2018,25.25,6.75,1.3848735,139.00536,0,4.9855447
2018,25.25,7.0,1.316549,163.95448,0,4.739576
2018,25.25,7.25,1.2994435,164.19963,0,4.6779966
2018,25.25,7.5,1.3050133,162.79509,0,4.6980476
2018,25.25,7.75,1.410995,159.08632,0,5.0795817
2018,25.25,8.0,1.5840168,162.8955,0,5.7024603
2018,25.25,8.25,1.4994501,164.02225,0,5.3980203
2018,25.25,8.5,1.2894844,159.08418,0,4.6421437
2018,25.25,8.75,1.3186747,152.35936,0,4.7472286
2018,25.25,9.0,1.5379996,154.69046,0,5.5367985
2018,25.25,9.25,1.5759774,156.09624,0,5.6735187
2018,25.25,9.5,1.4329438,160.76158,0,5.1585975
2018,25.25,9.75,1.1011304,172.85408,0,3.9640691
2018,25.25,10.0,0.8770248,143.59308,0,3.1572893
2018,25.25,10.25,0.88921857,149.34131,0,3.2011867
2018,25.25,10.5,1.1621462,127.92625,0,4.1837263
2018,25.25,10.75,1.1552967,133.09096,0,4.159068
2018,25.25,11.0,1.305808,107.66508,0,4.7009087
2018,25.25,11.25,1.5165418,102.18833,0,5.4595504
2018,25.25,11.5,1.7404156,106.68072,0,6.265496
2018,25.25,11.75,1.8458705,110.57446,0,6.6451335
2018,25.25,12.0,1.647945,109.15984,0,5.932602
2018,25.0,-9.0,3.2020454,207.69121,0,11.527363
2018,25.0,-8.75,3.0927544,208.06532,0,11.133915
2018,25.0,-8.5,2.9990819,178.63783,0,10.796695
2018,25.0,-8.25,2.8568666,176.97334,0,10.284719
2018,25.0,-8.0,2.7514737,174.83673,0,9.905305
2018,25.0,-7.75,2.6478271,172.19878,0,9.532178
2018,25.0,-7.5,2.5711396,198.78717,0,9.256103
2018,25.0,-7.25,2.5115669,168.49059,0,9.04164
2018,25.0,-7.0,2.5152323,171.03748,0,9.054836
2018,25.0,-6.75,2.485606,174.64178,0,8.948181
2018,25.0,-6.5,2.439188,176.8846,0,8.781076
2018,25.0,-6.25,2.490198,178.82277,0,8.964712
2018,25.0,-6.0,2.5305855,178.82732,0,9.110107
2018,25.0,-5.75,2.5640466,178.35193,0,9.230568
2018,25.0,-5.5,2.485701,179.42928,0,8.9485235
2018,25.0,-5.25,2.438112,180.97154,0,8.777203
2018,25.0,-5.0,2.3280451,182.21431,0,8.380962
2018,25.0,-4.75,2.2966511,183.54948,0,8.267943
2018,25.0,-4.5,2.267083,183.30196,0,8.161498
2018,25.0,-4.25,2.252473,181.79437,0,8.108903
2018,25.0,-4.0,2.184879,179.711,0,7.8655643
2018,25.0,-3.75,2.148966,179.38777,0,7.7362776
2018,25.0,-3.5,2.0861347,179.25024,0,7.5100846
2018,25.0,-3.25,2.0704432,179.91211,0,7.453595
2018,25.0,-3.0,2.0770664,151.05858,0,7.477439
2018,25.0,-2.75,2.108546,152.84694,0,7.5907655
2018,25.0,-2.5,2.1321778,154.13637,0,7.67584
2018,25.0,-2.25,2.122485,153.48302,0,7.6409454
2018,25.0,-2.0,2.100973,153.80998,0,7.5635023
2018,25.0,-1.75,2.0714033,154.56195,0,7.4570518
2018,25.0,-1.5,2.0359104,156.27,0,7.329277
2018,25.0,-1.25,2.0204551,157.35966,0,7.2736382
2018,25.0,-1.0,2.005612,158.51402,0,7.2202024
2018,25.0,-0.75,2.0224254,188.90648,0,7.280731
2018,25.0,-0.5,2.041126,189.33258,0,7.3480535
2018,25.0,-0.25,2.0504396,190.2126,0,7.3815823
2018,25.0,0.0,2.060589,189.93343,0,7.4181204
2018,25.0,0.25,2.0671194,189.99062,0,7.4416294
2018,25.0,0.5,2.0563715,188.88336,0,7.402937
2018,25.0,0.75,2.0195665,186.36607,0,7.270439
2018,25.0,1.0,1.9545165,185.032,0,7.036259
2018,25.0,1.25,1.8311182,212.29382,0,6.5920253
2018,25.0,1.5,1.7353357,210.75185,0,6.2472086
2018,25.0,1.75,1.6126333,205.80879,0,5.80548
2018,25.0,2.0,1.5396891,186.01463,0,5.5428805
2018,25.0,2.25,1.3996121,193.33763,0,5.0386033
2018,25.0,2.5,1.307281,165.2205,0,4.7062116
2018,25.0,2.75,1.227889,163.9519,0,4.4204
2018,25.0,3.0,1.2299143,191.99794,0,4.4276915
2018,25.0,3.25,1.2362801,195.70831,0,4.4506083
2018,25.0,3.5,1.2984661,176.6093,0,4.6744776
2018,25.0,3.75,1.3898444,179.87987,0,5.00344
2018,25.0,4.0,1.5834502,177.94847,0,5.7004204
2018,25.0,4.25,1.7723762,141.83669,0,6.380554
2018,25.0,4.5,1.7401084,160.86879,0,6.26439
2018,25.0,4.75,1.480513,150.65721,0,5.3298464
2018,25.0,5.0,1.2884504,130.223,0,4.638421
2018,25.0,5.25,1.0680947,160.71446,0,3.845141
2018,25.0,5.5,1.0027895,172.72679,0,3.610042
2018,25.0,5.75,1.0417305,177.56837,0,3.7502298
2018,25.0,6.0,1.3379861,177.15614,0,4.81675
2018,25.0,6.25,1.3845806,183.6826,0,4.98449
2018,25.0,6.5,1.3346668,176.30067,0,4.8048005
2018,25.0,6.75,1.3211186,171.76892,0,4.7560267
2018,25.0,7.0,1.3991723,167.756,0,5.03702
2018,25.0,7.25,1.3827724,165.7404,0,4.9779806
2018,25.0,7.5,1.2968053,167.82451,0,4.668499
2018,25.0,7.75,1.3169621,168.35916,0,4.7410636
2018,25.0,8.0,1.4548553,170.33502,0,5.237479
2018,25.0,8.25,1.3532833,166.4046,0,4.8718195
2018,25.0,8.5,1.167064,165.99883,0,4.2014303
2018,25.0,8.75,1.1420246,124.363075,0,4.1112885
2018,25.0,9.0,1.3416166,141.96944,0,4.8298197
2018,25.0,9.25,1.4691817,143.91449,0,5.289054
2018,25.0,9.5,1.6030649,155.53877,0,5.7710333
2018,25.0,9.75,1.2392107,163.91454,0,4.4611583
2018,25.0,10.0,0.8053681,204.82018,0,2.8993251
2018,25.0,10.25,0.7042277,150.93744,0,2.5352197
2018,25.0,10.5,1.0984293,131.09015,0,3.9543455
2018,25.0,10.75,1.144158,130.24625,0,4.1189685
2018,25.0,11.0,1.2355698,100.627525,0,4.4480515
2018,25.0,11.25,1.6282587,102.63474,0,5.861731
2018,25.0,11.5,1.8559703,106.11228,0,6.681493
2018,25.0,11.75,1.9215328,109.54652,0,6.9175177
2018,25.0,12.0,1.7117643,107.893524,0,6.1623516
2018,24.75,-9.0,3.16642,208.6966,0,11.399112
2018,24.75,-8.75,3.0335443,209.56746,0,10.920759
2018,24.75,-8.5,2.9425251,180.55652,0,10.59309
2018,24.75,-8.25,2.8740551,181.27037,0,10.346599
2018,24.75,-8.0,2.760403,179.45392,0,9.93745
2018,24.75,-7.75,2.6974583,176.47212,0,9.71085
2018,24.75,-7.5,2.6025248,172.91228,0,9.369089
2018,24.75,-7.25,2.5275097,172.08427,0,9.099034
2018,24.75,-7.0,2.493736,172.46968,0,8.977449
2018,24.75,-6.75,2.4647086,176.52992,0,8.872951
2018,24.75,-6.5,2.4812782,179.3275,0,8.932601
2018,24.75,-6.25,2.5552635,181.14795,0,9.198949
2018,24.75,-6.0,2.6062095,180.1308,0,9.382354
2018,24.75,-5.75,2.5238307,179.46497,0,9.08579
2018,24.75,-5.5,2.418738,180.98024,0,8.707457
2018,24.75,-5.25,2.2781453,183.27632,0,8.201323
2018,24.75,-5.0,2.1802542,183.93349,0,7.848915
2018,24.75,-4.75,2.1162412,183.22961,0,7.6184683
2018,24.75,-4.5,2.0885494,182.0401,0,7.5187774
2018,24.75,-4.25,2.0834415,180.65654,0,7.500389
2018,24.75,-4.0,2.061094,180.14293,0,7.4199386
2018,24.75,-3.75,2.0287352,179.5622,0,7.3034463
2018,24.75,-3.5,2.0545506,180.65895,0,7.3963823
2018,24.75,-3.25,2.048296,151.57082,0,7.373865
2018,24.75,-3.0,2.0753248,153.68422,0,7.471169
2018,24.75,-2.75,2.1183357,155.9812,0,7.6260085
2018,24.75,-2.5,2.1543229,156.88353,0,7.7555623
2018,24.75,-2.25,2.135206,157.5688,0,7.6867414
2018,24.75,-2.0,2.1182206,157.72371,0,7.6255937
2018,24.75,-1.75,2.0692942,158.4304,0,7.449459
2018,24.75,-1.5,2.0343184,160.05162,0,7.3235464
2018,24.75,-1.25,2.0217502,160.78157,0,7.278301
2018,24.75,-1.0,2.0341706,191.61206,0,7.3230143
2018,24.75,-0.75,2.0526283,191.9055,0,7.3894615
2018,24.75,-0.5,2.06828,192.26784,0,7.445808
2018,24.75,-0.25,2.0781596,193.03674,0,7.4813743
2018,24.75,0.0,2.0778308,192.7979,0,7.4801908
2018,24.75,0.25,2.0616338,192.83537,0,7.4218817
2018,24.75,0.5,2.0518973,191.9598,0,7.38683
2018,24.75,0.75,2.0292618,191.87526,0,7.305342
2018,24.75,1.0,1.9617294,190.75468,0,7.062226
2018,24.75,1.25,1.8739243,189.72658,0,6.746127
2018,24.75,1.5,1.7854596,188.86638,0,6.4276547
2018,24.75,1.75,1.6353697,185.85094,0,5.8873305
2018,24.75,2.0,1.5233221,218.99455,0,5.483959
2018,24.75,2.25,1.3881754,163.82909,0,4.9974313
2018,24.75,2.5,1.2031201,164.45598,0,4.331232
2018,24.75,2.75,1.1140969,163.23683,0,4.010749
2018,24.75,3.0,1.09461,190.23668,0,3.9405959
2018,24.75,3.25,1.1285368,194.67078,0,4.062732
2018,24.75,3.5,1.2149272,178.53539,0,4.373738
2018,24.75,3.75,1.4847617,185.93433,0,5.345142
2018,24.75,4.0,1.6901919,181.31206,0,6.0846906
2018,24.75,4.25,1.7520008,148.06331,0,6.307203
2018,24.75,4.5,1.6623722,138.518,0,5.98454
2018,24.75,4.75,1.3432738,134.04535,0,4.8357854
2018,24.75,5.0,1.2110574,136.23586,0,4.3598065
2018,24.75,5.25,1.0130686,167.08748,0,3.6470468
2018,24.75,5.5,0.9055281,169.48572,0,3.2599013
2018,24.75,5.75,0.8704265,172.56694,0,3.1335351
2018,24.75,6.0,1.1736121,206.39569,0,4.2250037
2018,24.75,6.25,1.4224024,182.88942,0,5.1206484
2018,24.75,6.5,1.3396236,178.22766,0,4.8226447
2018,24.75,6.75,1.3909541,167.19087,0,5.007435
2018,24.75,7.0,1.4646176,162.53314,0,5.272623
2018,24.75,7.25,1.4653058,167.47687,0,5.2751007
2018,24.75,7.5,1.3347155,170.42215,0,4.8049755
2018,24.75,7.75,1.3104886,166.67139,0,4.7177587
2018,24.75,8.0,1.2731282,184.37236,0,4.583261
2018,24.75,8.25,1.226108,179.6299,0,4.4139886
2018,24.75,8.5,1.1924807,128.417,0,4.29293
2018,24.75,8.75,1.2400048,89.29371,0,4.464017
2018,24.75,9.0,1.3588423,71.63491,0,4.891832
2018,24.75,9.25,1.3407273,100.70103,0,4.826618
2018,24.75,9.5,1.3526325,122.2941,0,4.869477
2018,24.75,9.75,1.4810648,154.26219,0,5.3318334
2018,24.75,10.0,1.013158,160.51875,0,3.6473687
2018,24.75,10.25,0.65995216,156.78369,0,2.3758278
2018,24.75,10.5,1.0192918,160.04584,0,3.6694503
2018,24.75,10.75,1.1951964,120.77969,0,4.3027067
2018,24.75,11.0,1.157785,101.90064,0,4.168026
2018,24.75,11.25,1.5185941,104.661354,0,5.466939
2018,24.75,11.5,1.9327717,108.23727,0,6.957978
2018,24.75,11.75,2.023513,111.21653,0,7.284647
2018,24.75,12.0,1.7677088,107.6782,0,6.3637514
2018,24.5,-9.0,3.1197853,210.2325,0,11.231227
2018,24.5,-8.75,2.984637,211.1319,0,10.744693
2018,24.5,-8.5,2.8826482,212.57658,0,10.377533
2018,24.5,-8.25,2.8196084,183.52971,0,10.15059
2018,24.5,-8.0,2.7957458,182.73271,0,10.064685
2018,24.5,-7.75,2.744233,180.00421,0,9.879238
2018,24.5,-7.5,2.6750324,177.998,0,9.630116
2018,24.5,-7.25,2.6362875,177.48389,0,9.490635
2018,24.5,-7.0,2.5933712,177.3889,0,9.336136
2018,24.5,-6.75,2.5562592,179.70149,0,9.202533
2018,24.5,-6.5,2.5746372,182.01555,0,9.268694
2018,24.5,-6.25,2.559083,183.03534,0,9.212699
2018,24.5,-6.0,2.5419705,181.85706,0,9.1510935
2018,24.5,-5.75,2.3845713,181.40656,0,8.584456
2018,24.5,-5.5,2.20274,183.52509,0,7.9298635
2018,24.5,-5.25,2.0841854,185.31616,0,7.503067
2018,24.5,-5.0,2.0546918,185.09741,0,7.39689
2018,24.5,-4.75,2.0109708,183.90663,0,7.239495
2018,24.5,-4.5,2.011432,182.55315,0,7.2411547
2018,24.5,-4.25,2.0073674,181.60747,0,7.2265224
2018,24.5,-4.0,1.9962021,181.40404,0,7.1863275
2018,24.5,-3.75,2.0205946,182.5223,0,7.2741404
2018,24.5,-3.5,2.0581455,154.95363,0,7.4093237
2018,24.5,-3.25,2.0857468,157.47417,0,7.508688
2018,24.5,-3.0,2.13614,158.81563,0,7.690104
2018,24.5,-2.75,2.1815681,159.8006,0,7.8536453
2018,24.5,-2.5,2.1977348,160.98198,0,7.911845
2018,24.5,-2.25,2.1815703,161.53883,0,7.853653
2018,24.5,-2.0,2.1347458,161.99535,0,7.685085
2018,24.5,-1.75,2.0855157,162.74756,0,7.5078564
2018,24.5,-1.5,2.047247,163.68033,0,7.3700886
2018,24.5,-1.25,2.0371761,163.82773,0,7.3338337
2018,24.5,-1.0,2.056064,164.62929,0,7.4018297
2018,24.5,-0.75,2.0656712,194.92201,0,7.436416
2018,24.5,-0.5,2.0832813,195.23395,0,7.4998126
2018,24.5,-0.25,2.088148,195.81154,0,7.517333
2018,24.5,0.0,2.077699,195.70934,0,7.479716
2018,24.5,0.25,2.057186,195.38582,0,7.405869
2018,24.5,0.5,2.044375,195.08745,0,7.35975
2018,24.5,0.75,2.0243943,195.0711,0,7.2878194
2018,24.5,1.0,1.9784821,195.01807,0,7.1225357
2018,24.5,1.25,1.8943185,194.60364,0,6.819546
2018,24.5,1.5,1.8078178,194.493,0,6.508144
2018,24.5,1.75,1.7400831,194.37099,0,6.264299
2018,24.5,2.0,1.6259403,164.70338,0,5.853385
2018,24.5,2.25,1.4933901,166.07898,0,5.376204
2018,24.5,2.5,1.2987001,167.19075,0,4.67532
2018,24.5,2.75,1.1498288,166.26799,0,4.1393833
2018,24.5,3.0,1.0364835,192.85576,0,3.7313406
2018,24.5,3.25,1.025786,195.29753,0,3.6928296
2018,24.5,3.5,1.213703,203.05443,0,4.369331
2018,24.5,3.75,1.4855657,181.3266,0,5.3480363
2018,24.5,4.0,1.5901629,182.2926,0,5.724586
2018,24.5,4.25,1.6060413,149.37505,0,5.781749
2018,24.5,4.5,1.4870523,146.1782,0,5.3533883
2018,24.5,4.75,1.2772995,149.16585,0,4.598278
2018,24.5,5.0,1.1730607,141.63391,0,4.223018
2018,24.5,5.25,1.1891309,166.99391,0,4.280871
2018,24.5,5.5,1.0995942,166.41408,0,3.9585392
2018,24.5,5.75,0.89429164,164.42784,0,3.2194498
2018,24.5,6.0,1.1309184,203.52705,0,4.071306
2018,24.5,6.25,1.4615197,178.89482,0,5.261471
2018,24.5,6.5,1.4219875,176.1944,0,5.119155
2018,24.5,6.75,1.481432,168.01083,0,5.333155
2018,24.5,7.0,1.5624374,169.57373,0,5.6247745
2018,24.5,7.25,1.5524405,174.06505,0,5.5887856
2018,24.5,7.5,1.3653336,176.03072,0,4.9152007
2018,24.5,7.75,1.2810804,170.06697,0,4.6118894
2018,24.5,8.0,1.199927,158.29205,0,4.319737
2018,24.5,8.25,1.1936604,159.15271,0,4.2971773
2018,24.5,8.5,1.1902589,134.14992,0,4.2849317
2018,24.5,8.75,1.3004249,61.42816,0,4.6815295
2018,24.5,9.0,1.4983305,68.97184,0,5.3939896
2018,24.5,9.25,1.5052528,74.56099,0,5.41891
2018,24.5,9.5,1.3276958,91.25357,0,4.779705
2018,24.5,9.75,1.2536972,119.8659,0,4.5133095
2018,24.5,10.0,1.43084,153.12135,0,5.151024
2018,24.5,10.25,1.025441,127.42291,0,3.6915877
2018,24.5,10.5,1.0635948,114.73206,0,3.8289413
2018,24.5,10.75,1.2969372,117.66691,0,4.668974
2018,24.5,11.0,1.2311568,114.2239,0,4.4321647
2018,24.5,11.25,1.4283866,103.52346,0,5.1421914
2018,24.5,11.5,1.8334712,107.37376,0,6.6004963
2018,24.5,11.75,2.0676944,110.6699,0,7.4437
2018,24.5,12.0,1.7752185,106.34219,0,6.390786
2018,24.25,-9.0,3.0621831,212.02148,0,11.023859
2018,24.25,-8.75,2.9615114,213.35089,0,10.661441
2018,24.25,-8.5,2.8506021,184.71678,0,10.262168
2018,24.25,-8.25,2.7962272,184.70866,0,10.066418
2018,24.25,-8.0,2.7732055,183.68689,0,9.98354
2018,24.25,-7.75,2.765363,182.04726,0,9.955306
2018,24.25,-7.5,2.7409878,181.00969,0,9.867556
2018,24.25,-7.25,2.7473867,180.9029,0,9.890592
2018,24.25,-7.0,2.6967924,182.26704,0,9.708452
2018,24.25,-6.75,2.6500933,183.91803,0,9.540336
2018,24.25,-6.5,2.5827453,185.61949,0,9.297883
2018,24.25,-6.25,2.521176,186.3557,0,9.076234
2018,24.25,-6.0,2.4198322,185.77925,0,8.711396
2018,24.25,-5.75,2.254518,185.59148,0,8.116264
2018,24.25,-5.5,2.098715,187.14357,0,7.555374
2018,24.25,-5.25,2.060328,187.44682,0,7.4171805
2018,24.25,-5.0,2.0415576,186.71442,0,7.349607
2018,24.25,-4.75,2.04464,155.77716,0,7.360704
2018,24.25,-4.5,2.060565,155.22937,0,7.4180336
2018,24.25,-4.25,2.0552337,155.87204,0,7.3988414
2018,24.25,-4.0,2.0605435,158.17737,0,7.4179564
2018,24.25,-3.75,2.0919206,160.66621,0,7.530914
2018,24.25,-3.5,2.1007802,161.50923,0,7.5628085
2018,24.25,-3.25,2.1296654,161.59567,0,7.6667953
2018,24.25,-3.0,2.1575391,161.8026,0,7.767141
2018,24.25,-2.75,2.1920452,162.4225,0,7.8913627
2018,24.25,-2.5,2.2111018,163.86534,0,7.959966
2018,24.25,-2.25,2.2067506,166.38417,0,7.944302
2018,24.25,-2.0,2.1618738,167.24768,0,7.7827454
2018,24.25,-1.75,2.1007476,166.32378,0,7.562691
2018,24.25,-1.5,2.052639,166.64427,0,7.3895
2018,24.25,-1.25,2.0532203,166.59016,0,7.391593
2018,24.25,-1.0,2.0635545,166.67834,0,7.4287963
2018,24.25,-0.75,2.0705383,197.0247,0,7.4539375
2018,24.25,-0.5,2.073755,197.61989,0,7.465518
2018,24.25,-0.25,2.0812232,198.24817,0,7.4924035
2018,24.25,0.0,2.068126,198.5793,0,7.4452534
2018,24.25,0.25,2.058947,198.0722,0,7.4122095
2018,24.25,0.5,2.034922,197.91095,0,7.3257184
2018,24.25,0.75,1.9995838,197.50073,0,7.1985016
2018,24.25,1.0,1.9547249,197.37628,0,7.0370097
2018,24.25,1.25,1.8970228,198.02008,0,6.8292823
2018,24.25,1.5,1.780961,168.27269,0,6.4114594
2018,24.25,1.75,1.7474025,169.18214,0,6.290649
2018,24.25,2.0,1.7134792,170.29137,0,6.1685247
2018,24.25,2.25,1.5780691,171.48924,0,5.6810484
2018,24.25,2.5,1.4533125,172.35484,0,5.231925
2018,24.25,2.75,1.3166734,172.76086,0,4.740024
2018,24.25,3.0,1.1585854,171.45961,0,4.1709075
2018,24.25,3.25,1.108125,198.16534,0,3.9892497
2018,24.25,3.5,1.3326114,174.46796,0,4.797401
2018,24.25,3.75,1.4679009,176.75197,0,5.284443
2018,24.25,4.0,1.5585103,177.61214,0,5.6106367
2018,24.25,4.25,1.4734417,150.42268,0,5.30439
2018,24.25,4.5,1.3692287,153.97314,0,4.929223
2018,24.25,4.75,1.3367324,152.99739,0,4.8122363
2018,24.25,5.0,1.3250138,147.15913,0,4.7700496
2018,24.25,5.25,1.3151121,171.84566,0,4.7344036
2018,24.25,5.5,1.3861476,165.10107,0,4.9901314
2018,24.25,5.75,1.2007623,163.023,0,4.322744
2018,24.25,6.0,1.2967585,167.8774,0,4.6683307
2018,24.25,6.25,1.4901043,171.12946,0,5.3643756
2018,24.25,6.5,1.5036459,172.53209,0,5.413125
2018,24.25,6.75,1.5275058,172.9326,0,5.4990206
2018,24.25,7.0,1.6018362,176.0978,0,5.76661
2018,24.25,7.25,1.6127867,178.62653,0,5.8060317
2018,24.25,7.5,1.4399443,177.79515,0,5.1837993
2018,24.25,7.75,1.3426329,173.30396,0,4.8334785
2018,24.25,8.0,1.2829734,171.75197,0,4.6187043
2018,24.25,8.25,1.1845268,167.3383,0,4.2642965
2018,24.25,8.5,1.1199206,163.47536,0,4.031714
2018,24.25,8.75,1.1537856,111.38749,0,4.153628
2018,24.25,9.0,1.3184805,66.829216,0,4.7465296
2018,24.25,9.25,1.4767952,73.9162,0,5.3164625
2018,24.25,9.5,1.3856279,80.81997,0,4.9882603
2018,24.25,9.75,1.407764,89.98812,0,5.0679502
2018,24.25,10.0,1.4857969,114.03613,0,5.348869
2018,24.25,10.25,1.5533978,136.0457,0,5.5922318
2018,24.25,10.5,1.3673649,109.93458,0,4.9225135
2018,24.25,10.75,1.473471,116.05966,0,5.304496
2018,24.25,11.0,1.316228,121.54789,0,4.738421
2018,24.25,11.25,1.3771081,104.52548,0,4.957589
2018,24.25,11.5,1.7291732,99.9932,0,6.2250233
2018,24.25,11.75,1.9965245,104.63891,0,7.187488
2018,24.25,12.0,1.7490896,100.41654,0,6.2967224
2018,24.0,-9.0,3.006174,183.45323,0,10.822227
2018,24.0,-8.75,2.915953,185.0551,0,10.49743
2018,24.0,-8.5,2.8509252,186.43758,0,10.26333
2018,24.0,-8.25,2.7986927,186.09644,0,10.075294
2018,24.0,-8.0,2.7686284,184.46443,0,9.967062
2018,24.0,-7.75,2.754261,182.67793,0,9.915339
2018,24.0,-7.5,2.7438824,182.09851,0,9.877976
2018,24.0,-7.25,2.707619,184.1559,0,9.747428
2018,24.0,-7.0,2.637418,186.84106,0,9.494704
2018,24.0,-6.75,2.5618505,188.6374,0,9.222662
2018,24.0,-6.5,2.4831815,190.05708,0,8.939453
2018,24.0,-6.25,2.411002,190.8853,0,8.679606
2018,24.0,-6.0,2.3178499,191.08923,0,8.344259
2018,24.0,-5.75,2.2193828,191.09381,0,7.9897776
2018,24.0,-5.5,2.1968362,161.32152,0,7.9086103
2018,24.0,-5.25,2.1931057,161.7865,0,7.89518
2018,24.0,-5.0,2.207144,161.99355,0,7.9457183
2018,24.0,-4.75,2.2271073,161.58873,0,8.017586
2018,24.0,-4.5,2.2266648,161.18385,0,8.015993
2018,24.0,-4.25,2.1877973,161.82634,0,7.87607
2018,24.0,-4.0,2.1908557,164.01227,0,7.8870807
2018,24.0,-3.75,2.1903908,165.5323,0,7.885407
2018,24.0,-3.5,2.178776,165.7747,0,7.8435936
2018,24.0,-3.25,2.1457214,165.20416,0,7.724597
2018,24.0,-3.0,2.1390324,164.9826,0,7.700516
2018,24.0,-2.75,2.1635113,164.37402,0,7.7886405
2018,24.0,-2.5,2.1566355,165.26573,0,7.763888
2018,24.0,-2.25,2.1764944,138.74675,0,7.8353796
2018,24.0,-2.0,2.1931078,142.09175,0,7.895188
2018,24.0,-1.75,2.1334085,141.41942,0,7.6802707
2018,24.0,-1.5,2.0414212,169.29509,0,7.349116
2018,24.0,-1.25,2.0532699,169.64412,0,7.3917713
2018,24.0,-1.0,2.0680099,169.58372,0,7.444835
2018,24.0,-0.75,2.0700738,169.96576,0,7.4522657
2018,24.0,-0.5,2.0700688,170.54851,0,7.4522476
2018,24.0,-0.25,2.0664313,170.99054,0,7.4391522
2018,24.0,0.0,2.048592,201.4278,0,7.3749313
2018,24.0,0.25,2.0409572,201.13194,0,7.347446
2018,24.0,0.5,2.0117848,200.93524,0,7.242425
2018,24.0,0.75,1.9752725,200.5482,0,7.110981
2018,24.0,1.0,1.932477,170.6507,0,6.956917
2018,24.0,1.25,1.8851515,171.80745,0,6.7865453
2018,24.0,1.5,1.8149279,172.4358,0,6.5337405
2018,24.0,1.75,1.7751943,173.21944,0,6.3906994
2018,24.0,2.0,1.7427177,173.99864,0,6.2737837
2018,24.0,2.25,1.6646814,175.13948,0,5.992853
2018,24.0,2.5,1.591668,176.65558,0,5.730005
2018,24.0,2.75,1.5449677,178.06395,0,5.5618834
2018,24.0,3.0,1.4519631,178.05959,0,5.227067
2018,24.0,3.25,1.4103442,175.46617,0,5.077239
2018,24.0,3.5,1.4868736,176.57118,0,5.352745
2018,24.0,3.75,1.5172294,177.79585,0,5.4620256
2018,24.0,4.0,1.4675668,179.06319,0,5.2832403
2018,24.0,4.25,1.3675961,155.71405,0,4.923346
2018,24.0,4.5,1.3105439,157.6053,0,4.717958
2018,24.0,4.75,1.3532225,154.72292,0,4.8716006
2018,24.0,5.0,1.3655763,155.06111,0,4.9160743
2018,24.0,5.25,1.3577772,146.19467,0,4.887998
2018,24.0,5.5,1.5179831,162.61829,0,5.464739
2018,24.0,5.75,1.6169577,162.88054,0,5.8210473
2018,24.0,6.0,1.6384869,166.86821,0,5.8985524
2018,24.0,6.25,1.6329898,175.99156,0,5.878763
2018,24.0,6.5,1.5727848,177.994,0,5.662025
2018,24.0,6.75,1.5884151,208.91634,0,5.718294
2018,24.0,7.0,1.5366558,208.48444,0,5.5319605
2018,24.0,7.25,1.4797516,176.77852,0,5.3271055
2018,24.0,7.5,1.4268746,170.1361,0,5.136749
2018,24.0,7.75,1.5089866,170.82597,0,5.4323516
2018,24.0,8.0,1.4050981,170.5775,0,5.058353
2018,24.0,8.25,1.2120463,169.53253,0,4.3633666
2018,24.0,8.5,1.0799171,161.30708,0,3.8877013
2018,24.0,8.75,1.0643936,132.6447,0,3.831817
2018,24.0,9.0,1.1726228,121.73755,0,4.2214417
2018,24.0,9.25,1.3254414,104.36259,0,4.771589
2018,24.0,9.5,1.5534478,79.07067,0,5.592412
2018,24.0,9.75,1.7270179,71.25193,0,6.217264
2018,24.0,10.0,1.9238267,86.09672,0,6.925776
2018,24.0,10.25,2.012758,127.90197,0,7.245929
2018,24.0,10.5,1.751183,114.37732,0,6.304259
2018,24.0,10.75,1.6573242,117.65549,0,5.966367
2018,24.0,11.0,1.4651817,117.70233,0,5.274654
2018,24.0,11.25,1.2952635,105.472496,0,4.6629486
2018,24.0,11.5,1.5608398,94.71258,0,5.619023
2018,24.0,11.75,1.9397577,91.605995,0,6.9831276
2018,24.0,12.0,1.9098701,88.01476,0,6.875532
2018,23.75,-9.0,2.957678,184.44409,0,10.647641
2018,23.75,-8.75,2.8839586,186.10442,0,10.382251
2018,23.75,-8.5,2.8496635,187.20988,0,10.258788
2018,23.75,-8.25,2.8295546,186.68062,0,10.186397
2018,23.75,-8.0,2.806369,185.0525,0,10.102928
2018,23.75,-7.75,2.7638845,153.74748,0,9.949985
2018,23.75,-7.5,2.6824343,154.78273,0,9.656763
2018,23.75,-7.25,2.5703552,160.84154,0,9.253279
2018,23.75,-7.0,2.4813862,193.15117,0,8.93299
2018,23.75,-6.75,2.4173765,193.44826,0,8.702556
2018,23.75,-6.5,2.3708882,163.63206,0,8.535197
2018,23.75,-6.25,2.3376765,164.19978,0,8.415635
2018,23.75,-6.0,2.3301647,164.39565,0,8.388593
2018,23.75,-5.75,2.3372278,163.82968,0,8.41402
2018,23.75,-5.5,2.3525069,163.23277,0,8.469025
2018,23.75,-5.25,2.3621538,163.16966,0,8.503754
2018,23.75,-5.0,2.3734477,163.68126,0,8.544412
2018,23.75,-4.75,2.3877783,164.43661,0,8.596002
2018,23.75,-4.5,2.3791606,164.92336,0,8.564978
2018,23.75,-4.25,2.3551545,165.72372,0,8.478556
2018,23.75,-4.0,2.343981,167.60431,0,8.438332
2018,23.75,-3.75,2.329647,139.28793,0,8.386729
2018,23.75,-3.5,2.2969546,139.90312,0,8.269036
2018,23.75,-3.25,2.2378285,139.20477,0,8.056182
2018,23.75,-3.0,2.164183,167.93033,0,7.791058
2018,23.75,-2.75,2.1150327,165.52762,0,7.6141176
2018,23.75,-2.5,2.0508373,165.63704,0,7.383014
2018,23.75,-2.25,2.055538,141.05727,0,7.399936
2018,23.75,-2.0,2.1286814,146.78062,0,7.663253
2018,23.75,-1.75,2.162409,146.9988,0,7.7846723
2018,23.75,-1.5,2.088561,172.12532,0,7.51882
2018,23.75,-1.25,2.07797,172.34444,0,7.480692
2018,23.75,-1.0,2.0852196,172.24512,0,7.5067906
2018,23.75,-0.75,2.0748658,172.56964,0,7.4695168
2018,23.75,-0.5,2.057852,173.26094,0,7.408267
2018,23.75,-0.25,2.0499575,174.00899,0,7.379847
2018,23.75,0.0,2.0385911,174.66347,0,7.3389277
2018,23.75,0.25,2.0161827,174.53712,0,7.2582574
2018,23.75,0.5,1.9883019,174.32898,0,7.1578865
2018,23.75,0.75,1.9524345,174.2079,0,7.0287642
2018,23.75,1.0,1.9033481,174.40826,0,6.852053
2018,23.75,1.25,1.852183,175.1628,0,6.6678586
2018,23.75,1.5,1.8441373,176.23187,0,6.638894
2018,23.75,1.75,1.7934417,176.29399,0,6.45639
2018,23.75,2.0,1.7322723,176.31116,0,6.23618
2018,23.75,2.25,1.6493902,177.8874,0,5.9378047
2018,23.75,2.5,1.5358983,179.99748,0,5.529234
2018,23.75,2.75,1.421816,181.32385,0,5.1185374
2018,23.75,3.0,1.4014822,184.35445,0,5.045336
2018,23.75,3.25,1.3795735,184.43352,0,4.9664645
2018,23.75,3.5,1.4083594,184.10954,0,5.0700936
2018,23.75,3.75,1.4224439,184.5543,0,5.1207976
2018,23.75,4.0,1.4091387,186.33496,0,5.0728993
2018,23.75,4.25,1.3946966,187.77557,0,5.0209074
2018,23.75,4.5,1.4131666,157.51656,0,5.0874
2018,23.75,4.75,1.4377574,154.12328,0,5.175926
2018,23.75,5.0,1.4133912,154.24364,0,5.088208
2018,23.75,5.25,1.5175434,146.2202,0,5.463156
2018,23.75,5.5,1.8137583,157.27072,0,6.5295296
2018,23.75,5.75,2.0121672,166.64354,0,7.2438016
2018,23.75,6.0,2.0006592,173.98572,0,7.202373
2018,23.75,6.25,1.9176384,180.2679,0,6.903498
2018,23.75,6.5,1.7493848,213.66957,0,6.297785
2018,23.75,6.75,1.5553766,211.9604,0,5.5993557
2018,23.75,7.0,1.3837129,200.4485,0,4.981366
2018,23.75,7.25,1.2994267,157.56981,0,4.677936
2018,23.75,7.5,1.3175249,158.00885,0,4.7430897
2018,23.75,7.75,1.5391792,164.86678,0,5.541045
2018,23.75,8.0,1.4556671,166.65135,0,5.2404017
2018,23.75,8.25,1.2893907,165.57823,0,4.641806
2018,23.75,8.5,1.1634903,162.4883,0,4.188565
2018,23.75,8.75,1.1327896,132.49866,0,4.0780425
2018,23.75,9.0,1.1966599,120.46499,0,4.307976
2018,23.75,9.25,1.3544888,112.246124,0,4.8761597
2018,23.75,9.5,1.5380384,94.26888,0,5.536938
2018,23.75,9.75,1.8694963,74.470955,0,6.7301865
2018,23.75,10.0,2.2653196,64.96796,0,8.15515
2018,23.75,10.25,2.5052722,60.509766,0,9.018979
2018,23.75,10.5,2.2777393,70.27148,0,8.199862
2018,23.75,10.75,2.048775,93.36074,0,7.37559
2018,23.75,11.0,1.7939773,115.07339,0,6.4583178
2018,23.75,11.25,1.5228004,110.63914,0,5.4820814
2018,23.75,11.5,1.5211164,94.99564,0,5.476019
2018,23.75,11.75,1.8593343,77.93215,0,6.6936035
2018,23.75,12.0,2.090437,81.52487,0,7.525573
2018,23.5,-9.0,2.8772345,185.61156,0,10.358044
2018,23.5,-8.75,2.8215783,186.427,0,10.157681
2018,23.5,-8.5,2.796601,186.98761,0,10.067763
2018,23.5,-8.25,2.7883494,186.53967,0,10.038057
2018,23.5,-8.0,2.7630844,185.74243,0,9.9471035
2018,23.5,-7.75,2.6892395,157.41986,0,9.681262
2018,23.5,-7.5,2.5737076,165.88779,0,9.2653475
2018,23.5,-7.25,2.4896193,169.17357,0,8.962629
2018,23.5,-7.0,2.4388041,168.4083,0,8.779695
2018,23.5,-6.75,2.4024913,167.06969,0,8.648969
2018,23.5,-6.5,2.3977025,165.27335,0,8.631728
2018,23.5,-6.25,2.3976724,164.46513,0,8.63162
2018,23.5,-6.0,2.421321,164.28217,0,8.716755
2018,23.5,-5.75,2.4376092,164.25261,0,8.775393
2018,23.5,-5.5,2.434202,164.07779,0,8.763126
2018,23.5,-5.25,2.428326,164.76804,0,8.741973
2018,23.5,-5.0,2.4352121,165.92714,0,8.766764
2018,23.5,-4.75,2.441847,167.48206,0,8.790649
2018,23.5,-4.5,2.4292948,168.28333,0,8.745461
2018,23.5,-4.25,2.392558,139.21313,0,8.613209
2018,23.5,-4.0,2.3618329,140.7224,0,8.502598
2018,23.5,-3.75,2.370663,142.26611,0,8.534387
2018,23.5,-3.5,2.3999116,142.78708,0,8.639682
2018,23.5,-3.25,2.382715,142.10039,0,8.577774
2018,23.5,-3.0,2.302573,141.46817,0,8.289263
2018,23.5,-2.75,2.1693938,169.70473,0,7.8098173
2018,23.5,-2.5,2.01933,169.12244,0,7.269588
2018,23.5,-2.25,1.9317818,144.39935,0,6.9544144
2018,23.5,-2.0,2.0068457,150.58026,0,7.224644
2018,23.5,-1.75,2.1514323,150.7834,0,7.745156
2018,23.5,-1.5,2.1365335,145.60422,0,7.69152
2018,23.5,-1.25,2.1069639,145.854,0,7.5850697
2018,23.5,-1.0,2.122273,145.76074,0,7.6401825
2018,23.5,-0.75,2.1124458,146.08672,0,7.604805
2018,23.5,-0.5,2.0848653,146.70271,0,7.505515
2018,23.5,-0.25,2.0687437,117.22343,0,7.4474773
2018,23.5,0.0,2.0433795,117.49082,0,7.3561664
2018,23.5,0.25,2.0196204,117.37562,0,7.270633
2018,23.5,0.5,1.9822642,147.13683,0,7.136151
2018,23.5,0.75,1.9445547,146.97697,0,7.0003967
2018,23.5,1.0,1.9021269,177.18791,0,6.8476567
2018,23.5,1.25,1.859157,177.79774,0,6.692965
2018,23.5,1.5,1.8442489,179.30287,0,6.639296
2018,23.5,1.75,1.7866277,179.27185,0,6.4318595
2018,23.5,2.0,1.7397162,181.05803,0,6.262978
2018,23.5,2.25,1.6471297,183.40007,0,5.9296665
2018,23.5,2.5,1.4537039,184.87215,0,5.233334
2018,23.5,2.75,1.2498837,184.96667,0,4.499581
2018,23.5,3.0,1.3498106,190.6956,0,4.8593183
2018,23.5,3.25,1.3991083,193.4204,0,5.03679
2018,23.5,3.5,1.3961691,192.38849,0,5.0262084
2018,23.5,3.75,1.4103589,191.0642,0,5.077292
2018,23.5,4.0,1.4149457,190.35266,0,5.0938044
2018,23.5,4.25,1.3968548,188.07475,0,5.028677
2018,23.5,4.5,1.401125,186.92256,0,5.0440497
2018,23.5,4.75,1.3619541,184.48515,0,4.9030347
2018,23.5,5.0,1.2374611,156.5689,0,4.4548597
2018,23.5,5.25,1.4617772,149.45326,0,5.262398
2018,23.5,5.5,1.8586277,164.34404,0,6.6910596
2018,23.5,5.75,2.1774266,175.06018,0,7.8387356
2018,23.5,6.0,2.047898,179.09026,0,7.3724327
2018,23.5,6.25,1.9300903,175.69756,0,6.948325
2018,23.5,6.5,1.668533,204.71564,0,6.0067186
2018,23.5,6.75,1.3581847,161.74017,0,4.889465
2018,23.5,7.0,1.2765421,154.0718,0,4.5955515
2018,23.5,7.25,1.273956,155.51436,0,4.5862412
2018,23.5,7.5,1.3346881,153.9194,0,4.804877
2018,23.5,7.75,1.6469163,155.582,0,5.9288983
2018,23.5,8.0,1.5912204,158.9798,0,5.728393
2018,23.5,8.25,1.4168453,160.11678,0,5.100643
2018,23.5,8.5,1.3049988,160.36745,0,4.697995
2018,23.5,8.75,1.3137946,132.67056,0,4.7296605
2018,23.5,9.0,1.3410245,116.11935,0,4.827688
2018,23.5,9.25,1.5194596,107.806885,0,5.4700546
2018,23.5,9.5,1.7196636,99.545715,0,6.1907887
2018,23.5,9.75,1.9623362,84.32474,0,7.06441
2018,23.5,10.0,2.309687,73.15007,0,8.314873
2018,23.5,10.25,2.6760442,68.56357,0,9.633759
2018,23.5,10.5,2.7087357,71.96698,0,9.751449
2018,23.5,10.75,2.587373,77.500206,0,9.314543
2018,23.5,11.0,2.336133,92.365074,0,8.410079
2018,23.5,11.25,2.030607,97.662895,0,7.310185
2018,23.5,11.5,1.7738672,97.23129,0,6.385922
2018,23.5,11.75,1.8137122,86.51453,0,6.529364
2018,23.5,12.0,2.125561,66.93765,0,7.6520195
2018,23.25,-9.0,2.8148258,187.24617,0,10.133372
2018,23.25,-8.75,2.752289,187.35194,0,9.90824
2018,23.25,-8.5,2.70909,187.16478,0,9.752724
2018,23.25,-8.25,2.6808732,186.3631,0,9.651143
2018,23.25,-8.0,2.6074524,185.4091,0,9.386828
2018,23.25,-7.75,2.5145676,179.10431,0,9.0524435
2018,23.25,-7.5,2.4686522,173.38765,0,8.887148
2018,23.25,-7.25,2.4770162,171.69362,0,8.917258
2018,23.25,-7.0,2.4511774,170.07826,0,8.824238
2018,23.25,-6.75,2.448099,166.82527,0,8.813156
2018,23.25,-6.5,2.444462,164.29826,0,8.800063
2018,23.25,-6.25,2.4290702,162.86375,0,8.744653
2018,23.25,-6.0,2.4431498,163.81949,0,8.795339
2018,23.25,-5.75,2.478718,165.16338,0,8.923385
2018,23.25,-5.5,2.4932473,166.04564,0,8.97569
2018,23.25,-5.25,2.4966812,167.03023,0,8.988052
2018,23.25,-5.0,2.5239923,138.86667,0,9.086372
2018,23.25,-4.75,2.5463324,140.43884,0,9.166797
2018,23.25,-4.5,2.577987,141.18727,0,9.280753
2018,23.25,-4.25,2.5640903,142.8343,0,9.230724
2018,23.25,-4.0,2.5166597,143.66756,0,9.059975
2018,23.25,-3.75,2.4567158,143.86743,0,8.844176
2018,23.25,-3.5,2.4531114,144.10902,0,8.831201
2018,23.25,-3.25,2.4499006,144.8441,0,8.819642
2018,23.25,-3.0,2.444856,146.063,0,8.801481
2018,23.25,-2.75,2.3638296,146.01266,0,8.509787
2018,23.25,-2.5,2.176307,145.69168,0,7.834705
2018,23.25,-2.25,2.0642045,149.68721,0,7.4311357
2018,23.25,-2.0,2.0603304,152.86484,0,7.417189
2018,23.25,-1.75,2.1799567,152.14104,0,7.8478436
2018,23.25,-1.5,2.1844354,148.33202,0,7.863967
2018,23.25,-1.25,2.1543767,148.5131,0,7.755756
2018,23.25,-1.0,2.1614778,118.75628,0,7.78132
2018,23.25,-0.75,2.1479366,119.53711,0,7.7325716
2018,23.25,-0.5,2.1238778,120.15823,0,7.64596
2018,23.25,-0.25,2.1100826,119.97086,0,7.5962973
2018,23.25,0.0,2.074402,120.215126,0,7.4678473
2018,23.25,0.25,2.056351,120.21465,0,7.402863
2018,23.25,0.5,2.0156522,120.45559,0,7.2563477
2018,23.25,0.75,1.9688619,150.57037,0,7.087903
2018,23.25,1.0,1.907991,150.80006,0,6.8687677
2018,23.25,1.25,1.8588439,181.52269,0,6.691838
2018,23.25,1.5,1.8248335,183.30278,0,6.5694003
2018,23.25,1.75,1.7889012,185.93358,0,6.4400444
2018,23.25,2.0,1.7315086,188.36847,0,6.233431
2018,23.25,2.25,1.6175936,189.75636,0,5.823337
2018,23.25,2.5,1.435181,190.54553,0,5.1666517
2018,23.25,2.75,1.310355,191.01958,0,4.7172775
2018,23.25,3.0,1.4539714,195.13457,0,5.234297
2018,23.25,3.25,1.5118628,197.55402,0,5.4427056
2018,23.25,3.5,1.4941177,198.13463,0,5.3788238
2018,23.25,3.75,1.4814869,196.79134,0,5.3333526
2018,23.25,4.0,1.4402632,193.60413,0,5.184947
2018,23.25,4.25,1.4038639,190.62553,0,5.05391
2018,23.25,4.5,1.3657678,188.93665,0,4.9167643
2018,23.25,4.75,1.2908095,186.42358,0,4.646914
2018,23.25,5.0,1.1941208,132.18132,0,4.298835
2018,23.25,5.25,1.2913314,165.40187,0,4.6487927
2018,23.25,5.5,1.7159318,170.62074,0,6.1773543
2018,23.25,5.75,2.0616882,174.04716,0,7.422077
2018,23.25,6.0,1.7146968,171.91106,0,6.1729083
2018,23.25,6.25,1.6233686,190.45436,0,5.8441267
2018,23.25,6.5,1.5652038,157.48288,0,5.6347337
2018,23.25,6.75,1.4099938,154.74522,0,5.0759773
2018,23.25,7.0,1.3268294,156.43312,0,4.776586
2018,23.25,7.25,1.3272262,158.93839,0,4.778014
2018,23.25,7.5,1.5206162,86.17121,0,5.474218
2018,23.25,7.75,1.8289346,140.74377,0,6.584164
2018,23.25,8.0,1.7589427,148.37819,0,6.332194
2018,23.25,8.25,1.5026113,152.68727,0,5.4094005
2018,23.25,8.5,1.3617163,157.29628,0,4.9021783
2018,23.25,8.75,1.4396381,134.55086,0,5.1826973
2018,23.25,9.0,1.5224797,104.37083,0,5.4809265
2018,23.25,9.25,1.6883545,104.24814,0,6.078076
2018,23.25,9.5,1.9168209,93.86642,0,6.900555
2018,23.25,9.75,2.089783,85.53498,0,7.5232186
2018,23.25,10.0,2.1809003,79.59309,0,7.851241
2018,23.25,10.25,2.428344,74.979774,0,8.742038
2018,23.25,10.5,2.8306224,75.76679,0,10.190241
2018,23.25,10.75,3.0791712,74.80508,0,11.085016
2018,23.25,11.0,2.8595417,74.82961,0,10.29435
2018,23.25,11.25,2.597748,75.149376,0,9.351892
2018,23.25,11.5,2.3472455,77.749565,0,8.450084
2018,23.25,11.75,2.1727686,83.655556,0,7.8219666
2018,23.25,12.0,2.336408,72.11911,0,8.411068
2018,23.0,-9.0,2.7923107,188.80623,0,10.052319
2018,23.0,-8.75,2.7099602,188.88454,0,9.7558565
2018,23.0,-8.5,2.6537619,188.48236,0,9.553542
2018,23.0,-8.25,2.5920715,186.75977,0,9.331457
2018,23.0,-8.0,2.5235674,183.2823,0,9.084843
2018,23.0,-7.75,2.4569623,182.12518,0,8.845064
2018,23.0,-7.5,2.4343224,180.58984,0,8.76356
2018,23.0,-7.25,2.4677274,172.23393,0,8.883819
2018,23.0,-7.0,2.4963806,168.38809,0,8.98697
2018,23.0,-6.75,2.4983876,165.5265,0,8.994195
2018,23.0,-6.5,2.4803045,164.45198,0,8.929096
2018,23.0,-6.25,2.4595072,163.56047,0,8.854226
2018,23.0,-6.0,2.453375,165.16356,0,8.83215
2018,23.0,-5.75,2.4911737,167.11787,0,8.9682255
2018,23.0,-5.5,2.5030565,168.2519,0,9.0110035
2018,23.0,-5.25,2.5071115,139.82512,0,9.025601
2018,23.0,-5.0,2.5348177,141.59697,0,9.125343
2018,23.0,-4.75,2.5646079,142.42534,0,9.232588
2018,23.0,-4.5,2.6033044,142.68982,0,9.371896
2018,23.0,-4.25,2.648105,144.5716,0,9.533177
2018,23.0,-4.0,2.7072756,145.9276,0,9.746192
2018,23.0,-3.75,2.640214,146.25359,0,9.50477
2018,23.0,-3.5,2.5338721,146.46794,0,9.12194
2018,23.0,-3.25,2.491636,147.06514,0,8.96989
2018,23.0,-3.0,2.508148,149.27147,0,9.029332
2018,23.0,-2.75,2.532164,91.954285,0,9.11579
2018,23.0,-2.5,2.3837264,92.64627,0,8.581414
2018,23.0,-2.25,2.254563,93.396935,0,8.116426
2018,23.0,-2.0,2.2462473,95.47338,0,8.08649
2018,23.0,-1.75,2.2424946,123.713196,0,8.07298
2018,23.0,-1.5,2.2260234,121.53121,0,8.013684
2018,23.0,-1.25,2.2134514,92.17263,0,7.968425
2018,23.0,-1.0,2.214655,92.837135,0,7.9727573
2018,23.0,-0.75,2.20497,93.42422,0,7.9378915
2018,23.0,-0.5,2.1861866,93.29711,0,7.870271
2018,23.0,-0.25,2.1680346,93.15763,0,7.804924
2018,23.0,0.0,2.1340117,93.349236,0,7.682442
2018,23.0,0.25,2.1040206,123.19617,0,7.574474
2018,23.0,0.5,2.0679953,123.860115,0,7.4447827
2018,23.0,0.75,2.024088,124.67701,0,7.2867165
2018,23.0,1.0,1.9652314,125.587,0,7.074833
2018,23.0,1.25,1.908125,157.20432,0,6.86925
2018,23.0,1.5,1.8624984,188.99243,0,6.704994
2018,23.0,1.75,1.8278152,162.70613,0,6.5801344
2018,23.0,2.0,1.7595049,164.93892,0,6.3342175
2018,23.0,2.25,1.6583325,165.65758,0,5.969997
2018,23.0,2.5,1.5887922,195.03174,0,5.7196517
2018,23.0,2.75,1.5359083,196.14418,0,5.5292697
2018,23.0,3.0,1.6428423,199.08069,0,5.9142323
2018,23.0,3.25,1.644663,170.55443,0,5.9207864
2018,23.0,3.5,1.6314465,201.20544,0,5.873207
2018,23.0,3.75,1.5780612,201.00775,0,5.6810203
2018,23.0,4.0,1.5171055,199.18378,0,5.4615793
2018,23.0,4.25,1.4591604,198.2454,0,5.2529774
2018,23.0,4.5,1.4441105,196.53633,0,5.1987977
2018,23.0,4.75,1.4540038,193.32262,0,5.2344136
2018,23.0,5.0,1.5618733,131.36833,0,5.6227436
2018,23.0,5.25,1.5609999,182.07916,0,5.6195993
2018,23.0,5.5,1.8020886,178.9873,0,6.487519
2018,23.0,5.75,2.0731626,176.34782,0,7.463385
2018,23.0,6.0,1.645233,165.37932,0,5.9228387
2018,23.0,6.25,1.5386952,161.10004,0,5.539303
2018,23.0,6.5,1.520516,160.13017,0,5.4738574
2018,23.0,6.75,1.4650326,158.94598,0,5.274117
2018,23.0,7.0,1.4142092,159.28687,0,5.091153
2018,23.0,7.25,1.369411,139.38014,0,4.9298797
2018,23.0,7.5,1.7168397,96.15795,0,6.1806226
2018,23.0,7.75,1.9487869,112.160034,0,7.0156326
2018,23.0,8.0,1.9286054,133.23405,0,6.9429793
2018,23.0,8.25,1.6726092,132.68903,0,6.021393
2018,23.0,8.5,1.4963709,130.51144,0,5.386935
2018,23.0,8.75,1.590703,107.08521,0,5.7265306
2018,23.0,9.0,1.6782159,98.3021,0,6.041577
2018,23.0,9.25,1.836639,76.104256,0,6.6119003
2018,23.0,9.5,2.0800683,82.34805,0,7.488246
2018,23.0,9.75,2.1321447,83.572334,0,7.6757207
2018,23.0,10.0,2.2037952,78.58314,0,7.9336624
2018,23.0,10.25,2.3179533,76.82612,0,8.344632
2018,23.0,10.5,2.7457268,77.39664,0,9.884616
2018,23.0,10.75,3.0333395,74.40189,0,10.920022
2018,23.0,11.0,3.0757272,69.47169,0,11.072618
2018,23.0,11.25,2.9013116,68.150764,0,10.444721
2018,23.0,11.5,2.9086645,68.58042,0,10.471191
2018,23.0,11.75,2.7333126,69.62167,0,9.839925
2018,23.0,12.0,2.5379121,71.179955,0,9.136483
2018,22.75,-9.0,2.738859,189.78973,0,9.859892
2018,22.75,-8.75,2.6830645,190.43318,0,9.659032
2018,22.75,-8.5,2.6285255,190.3596,0,9.462691
2018,22.75,-8.25,2.5762093,187.77559,0,9.274353
2018,22.75,-8.0,2.5255072,185.89922,0,9.0918255
2018,22.75,-7.75,2.4759352,186.22566,0,8.913366
2018,22.75,-7.5,2.484657,188.37952,0,8.944765
2018,22.75,-7.25,2.519879,193.4706,0,9.071565
2018,22.75,-7.0,2.5463035,165.55663,0,9.166693
2018,22.75,-6.75,2.5397108,166.13948,0,9.142959
2018,22.75,-6.5,2.5168812,166.68214,0,9.060772
2018,22.75,-6.25,2.483349,166.36206,0,8.940057
2018,22.75,-6.0,2.47169,167.98466,0,8.898084
2018,22.75,-5.75,2.4903646,169.68648,0,8.965312
2018,22.75,-5.5,2.4890735,140.98161,0,8.960665
2018,22.75,-5.25,2.4852993,142.74115,0,8.947078
2018,22.75,-5.0,2.4887218,144.12099,0,8.959398
2018,22.75,-4.75,2.4903948,144.44405,0,8.965421
2018,22.75,-4.5,2.4872453,144.10426,0,8.9540825
2018,22.75,-4.25,2.530586,145.73116,0,9.110109
2018,22.75,-4.0,2.5820572,147.26906,0,9.295405
2018,22.75,-3.75,2.5989072,148.81384,0,9.356066
2018,22.75,-3.5,2.6367035,90.14718,0,9.492132
2018,22.75,-3.25,2.5762491,120.48956,0,9.274497
2018,22.75,-3.0,2.507679,92.69732,0,9.027644
2018,22.75,-2.75,2.52465,96.43557,0,9.08874
2018,22.75,-2.5,2.4670362,98.81368,0,8.8813305
2018,22.75,-2.25,2.4000876,99.87863,0,8.640315
2018,22.75,-2.0,2.3581245,97.4152,0,8.489248
2018,22.75,-1.75,2.3221061,95.39042,0,8.359582
2018,22.75,-1.5,2.2837574,94.96158,0,8.221526
2018,22.75,-1.25,2.2800057,95.78943,0,8.20802
2018,22.75,-1.0,2.2807195,96.32383,0,8.21059
2018,22.75,-0.75,2.271198,96.46554,0,8.176312
2018,22.75,-0.5,2.2614238,96.356224,0,8.141126
2018,22.75,-0.25,2.219906,96.674194,0,7.9916615
2018,22.75,0.0,2.1996136,96.68777,0,7.9186087
2018,22.75,0.25,2.1633158,96.98702,0,7.7879367
2018,22.75,0.5,2.1294396,98.09237,0,7.6659822
2018,22.75,0.75,2.0918155,99.32474,0,7.5305357
2018,22.75,1.0,2.0456107,100.6948,0,7.364198
2018,22.75,1.25,1.9923334,132.24039,0,7.1724
2018,22.75,1.5,1.9363766,163.42299,0,6.9709554
2018,22.75,1.75,1.9017075,166.49059,0,6.846147
2018,22.75,2.0,1.8851628,168.05576,0,6.786586
2018,22.75,2.25,1.8225075,167.8919,0,6.561027
2018,22.75,2.5,1.7605458,167.22798,0,6.337965
2018,22.75,2.75,1.7561417,168.72499,0,6.3221097
2018,22.75,3.0,1.8155423,171.21312,0,6.535952
2018,22.75,3.25,1.8016758,172.4187,0,6.4860325
2018,22.75,3.5,1.7725548,172.73468,0,6.381197
2018,22.75,3.75,1.742742,173.5957,0,6.273871
2018,22.75,4.0,1.7001919,203.72803,0,6.1206903
2018,22.75,4.25,1.6679645,203.98822,0,6.004672
2018,22.75,4.5,1.6936795,173.16612,0,6.0972457
2018,22.75,4.75,1.7624103,198.79881,0,6.344677
2018,22.75,5.0,1.8495383,165.2191,0,6.6583376
2018,22.75,5.25,1.9925809,192.21654,0,7.173291
2018,22.75,5.5,2.1178477,176.16396,0,7.6242514
2018,22.75,5.75,2.1263053,182.825,0,7.654699
2018,22.75,6.0,1.7930659,171.77782,0,6.455037
2018,22.75,6.25,1.58545,168.75645,0,5.70762
2018,22.75,6.5,1.4213663,164.88702,0,5.1169186
2018,22.75,6.75,1.4076737,158.62407,0,5.067625
2018,22.75,7.0,1.4447255,164.40656,0,5.2010117
2018,22.75,7.25,1.5351304,78.78347,0,5.526469
2018,22.75,7.5,1.8791524,93.18079,0,6.7649484
2018,22.75,7.75,2.1615686,96.34316,0,7.7816467
2018,22.75,8.0,2.1031744,112.830475,0,7.571428
2018,22.75,8.25,1.8840805,130.38948,0,6.7826896
2018,22.75,8.5,1.6764692,120.06476,0,6.035289
2018,22.75,8.75,1.7394427,93.28158,0,6.2619934
2018,22.75,9.0,1.8090838,99.440186,0,6.5127015
2018,22.75,9.25,1.9288288,74.939575,0,6.9437838
2018,22.75,9.5,2.2011054,80.28191,0,7.9239793
2018,22.75,9.75,2.2857234,80.35254,0,8.228604
2018,22.75,10.0,2.1984446,76.21122,0,7.9144006
2018,22.75,10.25,2.2654724,74.52329,0,8.155701
2018,22.75,10.5,2.6388535,74.6141,0,9.499872
2018,22.75,10.75,2.9861858,71.4119,0,10.750269
2018,22.75,11.0,3.078766,66.87208,0,11.083558
2018,22.75,11.25,3.2859137,64.38244,0,11.829289
2018,22.75,11.5,3.4118788,64.36712,0,12.2827635
2018,22.75,11.75,3.0543118,64.94636,0,10.995522
2018,22.75,12.0,2.717326,64.34561,0,9.782373
2018,22.5,-9.0,2.6372664,190.38654,0,9.494159
2018,22.5,-8.75,2.616091,191.6303,0,9.417928
2018,22.5,-8.5,2.6304233,192.17633,0,9.469523
2018,22.5,-8.25,2.5887363,190.38005,0,9.31945
2018,22.5,-8.0,2.5570745,189.07677,0,9.205468
2018,22.5,-7.75,2.540534,189.27759,0,9.145923
2018,22.5,-7.5,2.5557082,190.40755,0,9.200549
2018,22.5,-7.25,2.558626,191.96736,0,9.211053
2018,22.5,-7.0,2.5667574,135.92894,0,9.240327
2018,22.5,-6.75,2.5606616,138.97688,0,9.218381
2018,22.5,-6.5,2.5446515,140.30481,0,9.160746
2018,22.5,-6.25,2.5256717,140.0227,0,9.092418
2018,22.5,-6.0,2.5277662,141.23473,0,9.099958
2018,22.5,-5.75,2.5246723,142.63026,0,9.0888195
2018,22.5,-5.5,2.5015259,144.42552,0,9.005493
2018,22.5,-5.25,2.4915404,146.14537,0,8.969545
2018,22.5,-5.0,2.4469955,148.38892,0,8.809183
2018,22.5,-4.75,2.4119148,148.84561,0,8.682893
2018,22.5,-4.5,2.3611672,148.15222,0,8.500201
2018,22.5,-4.25,2.3120573,148.59721,0,8.323406
2018,22.5,-4.0,2.3923256,150.78424,0,8.612372
2018,22.5,-3.75,2.4793437,92.81962,0,8.925637
2018,22.5,-3.5,2.5678997,94.20229,0,9.244439
2018,22.5,-3.25,2.5966218,95.33689,0,9.347838
2018,22.5,-3.0,2.4889536,97.66168,0,8.960233
2018,22.5,-2.75,2.4699397,102.14736,0,8.891783
2018,22.5,-2.5,2.4980466,103.695045,0,8.992968
2018,22.5,-2.25,2.4733443,103.11303,0,8.904039
2018,22.5,-2.0,2.4426982,99.83771,0,8.793714
2018,22.5,-1.75,2.3973048,98.01565,0,8.630297
2018,22.5,-1.5,2.3729937,98.3072,0,8.542777
2018,22.5,-1.25,2.362814,99.210075,0,8.50613
2018,22.5,-1.0,2.3606615,99.659386,0,8.498382
2018,22.5,-0.75,2.3419883,100.13871,0,8.431158
2018,22.5,-0.5,2.3215177,100.31144,0,8.357464
2018,22.5,-0.25,2.284226,100.463295,0,8.223213
2018,22.5,0.0,2.267143,100.413574,0,8.161715
2018,22.5,0.25,2.230735,101.206055,0,8.030646
2018,22.5,0.5,2.1979206,102.533424,0,7.9125137
2018,22.5,0.75,2.1524153,103.74735,0,7.748695
2018,22.5,1.0,2.112982,105.1899,0,7.606735
2018,22.5,1.25,2.0731382,106.575645,0,7.4632974
2018,22.5,1.5,2.0189588,107.60917,0,7.2682514
2018,22.5,1.75,1.9764442,139.21986,0,7.115199
2018,22.5,2.0,1.9619657,139.70882,0,7.0630765
2018,22.5,2.25,1.9248179,138.57011,0,6.929344
2018,22.5,2.5,1.9127855,139.0573,0,6.886028
2018,22.5,2.75,1.915073,140.47575,0,6.894263
2018,22.5,3.0,1.9230129,142.80498,0,6.9228463
2018,22.5,3.25,1.9178327,143.7627,0,6.9041977
2018,22.5,3.5,1.8935915,173.91039,0,6.8169293
2018,22.5,3.75,1.9007607,174.80016,0,6.842738
2018,22.5,4.0,1.8823565,145.78041,0,6.7764835
2018,22.5,4.25,1.9369789,146.45393,0,6.973124
2018,22.5,4.5,1.9942704,147.23701,0,7.1793733
2018,22.5,4.75,2.0829098,143.99988,0,7.498475
2018,22.5,5.0,2.1446064,168.64507,0,7.7205825
2018,22.5,5.25,2.2872348,191.80817,0,8.234045
2018,22.5,5.5,2.3060162,181.75934,0,8.301658
2018,22.5,5.75,2.1883426,168.26086,0,7.878033
2018,22.5,6.0,1.9512831,158.92424,0,7.024619
2018,22.5,6.25,1.6497698,157.62276,0,5.939171
2018,22.5,6.5,1.4190779,160.39037,0,5.1086802
2018,22.5,6.75,1.4446512,167.52032,0,5.200744
2018,22.5,7.0,1.5556949,97.14585,0,5.6005015
2018,22.5,7.25,1.6850351,79.93142,0,6.0661263
2018,22.5,7.5,1.9975071,87.664345,0,7.1910253
2018,22.5,7.75,2.2978542,87.224144,0,8.272275
2018,22.5,8.0,2.325556,81.56699,0,8.372002
2018,22.5,8.25,2.1009343,69.56581,0,7.563363
2018,22.5,8.5,1.9676056,96.87686,0,7.0833797
2018,22.5,8.75,1.9449841,70.22908,0,7.0019426
2018,22.5,9.0,1.892806,72.37414,0,6.8141017
2018,22.5,9.25,1.9882647,76.62186,0,7.1577525
2018,22.5,9.5,2.2054205,79.245605,0,7.9395137
2018,22.5,9.75,2.3482912,78.07029,0,8.453848
2018,22.5,10.0,2.3012083,74.40545,0,8.284349
2018,22.5,10.25,2.333504,71.56393,0,8.400614
2018,22.5,10.5,2.6185408,70.429756,0,9.426746
2018,22.5,10.75,2.9327471,68.70423,0,10.557889
2018,22.5,11.0,3.1304595,65.30787,0,11.269654
2018,22.5,11.25,3.362745,63.08546,0,12.105882
2018,22.5,11.5,3.4891975,63.304874,0,12.5611105
2018,22.5,11.75,3.1886644,62.89053,0,11.479192
2018,22.5,12.0,2.899024,59.34865,0,10.436486
2018,22.25,-9.0,2.5740783,161.70355,0,9.266682
2018,22.25,-8.75,2.5690598,192.56099,0,9.248615
2018,22.25,-8.5,2.589763,163.40141,0,9.323146
2018,22.25,-8.25,2.6064026,163.10762,0,9.383049
2018,22.25,-8.0,2.586199,161.91032,0,9.310316
2018,22.25,-7.75,2.5783978,161.67891,0,9.282231
2018,22.25,-7.5,2.5699747,161.30894,0,9.251908
2018,22.25,-7.25,2.5696766,162.45018,0,9.250835
2018,22.25,-7.0,2.5739062,165.38972,0,9.266062
2018,22.25,-6.75,2.5675917,142.00002,0,9.24333
2018,22.25,-6.5,2.5836146,143.39679,0,9.301012
2018,22.25,-6.25,2.5927699,143.1362,0,9.333971
2018,22.25,-6.0,2.609099,144.41377,0,9.3927555
2018,22.25,-5.75,2.6258953,145.78395,0,9.453222
2018,22.25,-5.5,2.6061668,147.69312,0,9.3822
2018,22.25,-5.25,2.5706594,151.47348,0,9.254374
2018,22.25,-5.0,2.5146968,154.17479,0,9.052908
2018,22.25,-4.75,2.4303071,155.43971,0,8.749105
2018,22.25,-4.5,2.3534374,155.9132,0,8.472375
2018,22.25,-4.25,2.2832825,155.68694,0,8.219817
2018,22.25,-4.0,2.2490137,126.17261,0,8.096449
2018,22.25,-3.75,2.32632,127.64834,0,8.374751
2018,22.25,-3.5,2.3769684,99.94174,0,8.557086
2018,22.25,-3.25,2.467313,101.74396,0,8.882327
2018,22.25,-3.0,2.4303637,104.159706,0,8.749309
2018,22.25,-2.75,2.4573433,107.08027,0,8.846436
2018,22.25,-2.5,2.4977095,108.309875,0,8.991754
2018,22.25,-2.25,2.5260918,105.51786,0,9.09393
2018,22.25,-2.0,2.5022607,102.241234,0,9.008139
2018,22.25,-1.75,2.4836109,100.8733,0,8.940999
2018,22.25,-1.5,2.4880404,101.60263,0,8.956945
2018,22.25,-1.25,2.4762936,102.656006,0,8.914657
2018,22.25,-1.0,2.4521692,103.2302,0,8.827808
2018,22.25,-0.75,2.433955,103.75478,0,8.762238
2018,22.25,-0.5,2.4124649,74.22811,0,8.684874
2018,22.25,-0.25,2.379392,74.42333,0,8.56581
2018,22.25,0.0,2.3321378,104.631294,0,8.395696
2018,22.25,0.25,2.2975392,105.36539,0,8.271141
2018,22.25,0.5,2.2695544,106.3048,0,8.170396
2018,22.25,0.75,2.2242775,107.477844,0,8.007399
2018,22.25,1.0,2.1659608,108.72858,0,7.7974586
2018,22.25,1.25,2.1279519,110.291565,0,7.6606264
2018,22.25,1.5,2.0853407,111.89847,0,7.5072265
2018,22.25,1.75,2.0348597,113.13094,0,7.325495
2018,22.25,2.0,2.0090983,145.36577,0,7.2327538
2018,22.25,2.25,1.9816321,148.05193,0,7.1338754
2018,22.25,2.5,1.9694991,141.05191,0,7.0901966
2018,22.25,2.75,1.975303,143.30592,0,7.1110907
2018,22.25,3.0,1.9778355,145.13206,0,7.120208
2018,22.25,3.25,1.9681238,145.25606,0,7.0852456
2018,22.25,3.5,1.9674515,145.87773,0,7.082825
2018,22.25,3.75,1.9912853,146.62663,0,7.168627
2018,22.25,4.0,2.0690782,146.57469,0,7.4486814
2018,22.25,4.25,2.1359584,147.83061,0,7.6894503
2018,22.25,4.5,2.2205567,148.31078,0,7.9940042
2018,22.25,4.75,2.3429205,146.2951,0,8.434514
2018,22.25,5.0,2.3853264,170.49597,0,8.587174
2018,22.25,5.25,2.4012992,163.54749,0,8.644677
2018,22.25,5.5,2.4213514,184.68925,0,8.716865
2018,22.25,5.75,2.3714359,179.46545,0,8.5371685
2018,22.25,6.0,2.1045985,172.08891,0,7.5765543
2018,22.25,6.25,1.851539,167.53552,0,6.66554
2018,22.25,6.5,1.609131,168.03358,0,5.7928715
2018,22.25,6.75,1.6887075,150.8482,0,6.0793467
2018,22.25,7.0,1.7880796,70.88861,0,6.4370866
2018,22.25,7.25,1.9170933,77.73773,0,6.9015355
2018,22.25,7.5,2.0480523,83.18621,0,7.372988
2018,22.25,7.75,2.3407905,82.746864,0,8.426846
2018,22.25,8.0,2.4704428,79.87266,0,8.893594
2018,22.25,8.25,2.3769262,76.204765,0,8.556934
2018,22.25,8.5,2.228465,74.625206,0,8.022474
2018,22.25,8.75,2.0733168,76.82371,0,7.46394
2018,22.25,9.0,2.0210369,78.818695,0,7.2757325
2018,22.25,9.25,1.9643172,78.16007,0,7.071542
2018,22.25,9.5,2.1115353,79.00995,0,7.6015267
2018,22.25,9.75,2.3148413,76.174095,0,8.333428
2018,22.25,10.0,2.3773835,72.49163,0,8.55858
2018,22.25,10.25,2.3985152,69.435036,0,8.634655
2018,22.25,10.5,2.520901,67.730545,0,9.075243
2018,22.25,10.75,2.8176308,66.17486,0,10.143471
2018,22.25,11.0,3.0120106,64.31054,0,10.843238
2018,22.25,11.25,3.2108414,62.71378,0,11.559029
2018,22.25,11.5,3.323514,63.18214,0,11.96465
2018,22.25,11.75,3.3185933,62.735516,0,11.946936
2018,22.25,12.0,3.0221946,59.288254,0,10.8799
2018,22.0,-9.0,2.6010249,163.20802,0,9.363689
2018,22.0,-8.75,2.5907362,134.18745,0,9.32665
2018,22.0,-8.5,2.5956666,134.9583,0,9.344399
2018,22.0,-8.25,2.6263988,135.32312,0,9.455035
2018,22.0,-8.0,2.610429,164.39406,0,9.397544
2018,22.0,-7.75,2.592933,164.01643,0,9.3345585
2018,22.0,-7.5,2.5683572,163.22137,0,9.246086
2018,22.0,-7.25,2.5550075,162.44885,0,9.198027
2018,22.0,-7.0,2.5604296,162.39395,0,9.217546
2018,22.0,-6.75,2.5808384,163.08186,0,9.2910185
2018,22.0,-6.5,2.6183615,147.31606,0,9.426101
2018,22.0,-6.25,2.651641,147.67924,0,9.545907
2018,22.0,-6.0,2.7007694,149.10869,0,9.72277
2018,22.0,-5.75,2.7240994,149.85655,0,9.806758
2018,22.0,-5.5,2.7179964,153.01662,0,9.784786
2018,22.0,-5.25,2.6957474,96.708626,0,9.70469
2018,22.0,-5.0,2.6742954,99.027855,0,9.627463
2018,22.0,-4.75,2.5687249,100.41476,0,9.247409
2018,22.0,-4.5,2.490628,101.53958,0,8.966261
2018,22.0,-4.25,2.4555905,131.75584,0,8.840125
2018,22.0,-4.0,2.4034715,131.84236,0,8.652497
2018,22.0,-3.75,2.3337343,132.87724,0,8.4014435
2018,22.0,-3.5,2.3024383,104.9411,0,8.288777
2018,22.0,-3.25,2.3103712,107.84255,0,8.317336
2018,22.0,-3.0,2.4007845,110.24347,0,8.642824
2018,22.0,-2.75,2.4740918,111.58902,0,8.90673
2018,22.0,-2.5,2.5485878,110.01288,0,9.174916
2018,22.0,-2.25,2.5793536,107.38253,0,9.285672
2018,22.0,-2.0,2.569708,105.04072,0,9.250949
2018,22.0,-1.75,2.5621634,103.90582,0,9.223788
2018,22.0,-1.5,2.5789118,105.17981,0,9.284082
2018,22.0,-1.25,2.5810173,106.17987,0,9.291662
2018,22.0,-1.0,2.5565343,106.584206,0,9.203524
2018,22.0,-0.75,2.5214987,77.084435,0,9.077395
2018,22.0,-0.5,2.4981508,77.720314,0,8.993342
2018,22.0,-0.25,2.460416,78.04655,0,8.857497
2018,22.0,0.0,2.375625,78.52353,0,8.552249
2018,22.0,0.25,2.3328097,109.13122,0,8.398114
2018,22.0,0.5,2.3135893,109.83773,0,8.328921
2018,22.0,0.75,2.2877016,110.70117,0,8.235725
2018,22.0,1.0,2.2280462,111.94218,0,8.020966
2018,22.0,1.25,2.1729991,113.38205,0,7.822797
2018,22.0,1.5,2.1292737,115.33206,0,7.665385
2018,22.0,1.75,2.090644,117.8761,0,7.5263176
2018,22.0,2.0,2.0428088,120.969086,0,7.354111
2018,22.0,2.25,2.0185692,123.31835,0,7.266849
2018,22.0,2.5,2.001441,121.944275,0,7.2051873
2018,22.0,2.75,2.0097513,118.308205,0,7.2351046
2018,22.0,3.0,2.0075722,147.5559,0,7.2272596
2018,22.0,3.25,1.9572283,146.65138,0,7.046022
2018,22.0,3.5,1.964633,147.65572,0,7.0726786
2018,22.0,3.75,2.0547068,148.05165,0,7.3969445
2018,22.0,4.0,2.1435554,147.94453,0,7.7167993
2018,22.0,4.25,2.2133276,147.07574,0,7.9679794
2018,22.0,4.5,2.3040988,147.20401,0,8.294756
2018,22.0,4.75,2.4157445,145.68144,0,8.69668
2018,22.0,5.0,2.4733555,170.69386,0,8.904079
2018,22.0,5.25,2.4616058,164.70079,0,8.86178
2018,22.0,5.5,2.4448302,191.19292,0,8.801389
2018,22.0,5.75,2.3941743,157.38503,0,8.619027
2018,22.0,6.0,2.3375502,154.39104,0,8.41518
2018,22.0,6.25,2.1671543,180.42644,0,7.8017554
2018,22.0,6.5,1.984032,148.84077,0,7.142515
2018,22.0,6.75,1.951645,124.62977,0,7.025922
2018,22.0,7.0,2.039886,69.943306,0,7.3435893
2018,22.0,7.25,2.1430156,74.362076,0,7.714856
2018,22.0,7.5,2.253194,78.1589,0,8.111499
2018,22.0,7.75,2.4278286,82.10319,0,8.740183
2018,22.0,8.0,2.6213362,80.08994,0,9.4368105
2018,22.0,8.25,2.5915284,77.96421,0,9.329502
2018,22.0,8.5,2.447917,79.284294,0,8.812501
2018,22.0,8.75,2.2824368,83.33048,0,8.216772
2018,22.0,9.0,2.132558,86.94263,0,7.677209
2018,22.0,9.25,2.0370405,87.623405,0,7.3333454
2018,22.0,9.5,1.9900656,76.762924,0,7.164236
2018,22.0,9.75,2.2062023,73.90809,0,7.942328
2018,22.0,10.0,2.3250413,70.037025,0,8.370149
2018,22.0,10.25,2.4148595,67.16708,0,8.693494
2018,22.0,10.5,2.516776,65.54815,0,9.060393
2018,22.0,10.75,2.639486,64.73688,0,9.50215
2018,22.0,11.0,2.8122485,62.97226,0,10.124094
2018,22.0,11.25,2.9794238,62.426586,0,10.725925
2018,22.0,11.5,3.1194239,63.280293,0,11.229925
2018,22.0,11.75,3.1984437,63.46378,0,11.514397
2018,22.0,12.0,3.1685722,62.762096,0,11.406859
2018,21.75,-9.0,2.7039464,105.39349,0,9.734206
2018,21.75,-8.75,2.671031,135.98274,0,9.615711
2018,21.75,-8.5,2.6552782,136.58849,0,9.559001
2018,21.75,-8.25,2.647937,137.15578,0,9.532573
2018,21.75,-8.0,2.6246603,136.59967,0,9.448776
2018,21.75,-7.75,2.621652,136.12761,0,9.437946
2018,21.75,-7.5,2.6021476,134.99086,0,9.367731
2018,21.75,-7.25,2.5850728,163.95937,0,9.306262
2018,21.75,-7.0,2.5755315,162.76921,0,9.271914
2018,21.75,-6.75,2.5938103,161.26369,0,9.337717
2018,21.75,-6.5,2.6354015,129.96388,0,9.487445
2018,21.75,-6.25,2.6772244,127.862335,0,9.638007
2018,21.75,-6.0,2.7162268,156.33733,0,9.778417
2018,21.75,-5.75,2.7024918,97.225395,0,9.728971
2018,21.75,-5.5,2.703256,99.55728,0,9.731721
2018,21.75,-5.25,2.7386315,101.93859,0,9.859073
2018,21.75,-5.0,2.7675164,103.20492,0,9.963058
2018,21.75,-4.75,2.7360182,104.1016,0,9.849666
2018,21.75,-4.5,2.6838295,104.928856,0,9.661786
2018,21.75,-4.25,2.6454096,105.548256,0,9.523475
2018,21.75,-4.0,2.6092744,106.61898,0,9.393388
2018,21.75,-3.75,2.5431902,107.76232,0,9.155484
2018,21.75,-3.5,2.4547253,108.76783,0,8.83701
2018,21.75,-3.25,2.3567116,111.08188,0,8.484161
2018,21.75,-3.0,2.4342787,113.32218,0,8.763403
2018,21.75,-2.75,2.5239122,113.07745,0,9.086083
2018,21.75,-2.5,2.5940657,111.72766,0,9.338636
2018,21.75,-2.25,2.6197736,110.286896,0,9.431185
2018,21.75,-2.0,2.6124594,108.93647,0,9.404854
2018,21.75,-1.75,2.5904994,108.2954,0,9.325798
2018,21.75,-1.5,2.6008008,79.80825,0,9.362883
2018,21.75,-1.25,2.6162908,50.39624,0,9.418647
2018,21.75,-1.0,2.5770524,79.93403,0,9.277389
2018,21.75,-0.75,2.5331361,80.421326,0,9.119289
2018,21.75,-0.5,2.5126922,81.70898,0,9.0456915
2018,21.75,-0.25,2.4922755,82.303276,0,8.972192
2018,21.75,0.0,2.3963218,82.24634,0,8.626759
2018,21.75,0.25,2.3266125,112.66538,0,8.375805
2018,21.75,0.5,2.2930806,112.89506,0,8.25509
2018,21.75,0.75,2.2881448,113.37677,0,8.237321
2018,21.75,1.0,2.2760434,114.09048,0,8.193756
2018,21.75,1.25,2.2319884,115.324196,0,8.035158
2018,21.75,1.5,2.1823075,117.45876,0,7.8563066
2018,21.75,1.75,2.141123,119.95954,0,7.7080426
2018,21.75,2.0,2.0792592,122.361534,0,7.485333
2018,21.75,2.25,2.0305364,124.478615,0,7.309931
2018,21.75,2.5,2.0187185,124.80487,0,7.2673864
2018,21.75,2.75,2.0281975,122.73559,0,7.301511
2018,21.75,3.0,2.033761,119.768654,0,7.3215394
2018,21.75,3.25,1.9370221,147.62442,0,6.9732795
2018,21.75,3.5,1.9662551,148.29591,0,7.078518
2018,21.75,3.75,2.085895,149.26357,0,7.509222
2018,21.75,4.0,2.1869342,148.46942,0,7.872963
2018,21.75,4.25,2.2502348,146.82225,0,8.100845
2018,21.75,4.5,2.3098595,145.8227,0,8.315494
2018,21.75,4.75,2.4182954,144.9969,0,8.705863
2018,21.75,5.0,2.467109,140.23657,0,8.881592
2018,21.75,5.25,2.440357,166.64322,0,8.785285
2018,21.75,5.5,2.4396498,134.66788,0,8.782739
2018,21.75,5.75,2.4469624,163.43678,0,8.809064
2018,21.75,6.0,2.427158,161.69916,0,8.737769
2018,21.75,6.25,2.363538,159.5644,0,8.508737
2018,21.75,6.5,2.2018445,126.72697,0,7.92664
2018,21.75,6.75,2.0929306,99.07754,0,7.5345497
2018,21.75,7.0,2.147568,72.562065,0,7.7312446
2018,21.75,7.25,2.2670853,73.55932,0,8.161507
2018,21.75,7.5,2.4135368,76.23841,0,8.688732
2018,21.75,7.75,2.5573676,81.54745,0,9.206523
2018,21.75,8.0,2.6581542,83.192665,0,9.569355
2018,21.75,8.25,2.6510322,81.991425,0,9.5437155
2018,21.75,8.5,2.585923,83.881226,0,9.309322
2018,21.75,8.75,2.5168493,87.1191,0,9.0606575
2018,21.75,9.0,2.350789,90.029884,0,8.46284
2018,21.75,9.25,2.0907726,88.544365,0,7.526781
2018,21.75,9.5,1.9265043,102.0477,0,6.9354153
2018,21.75,9.75,2.095122,72.064064,0,7.5424395
2018,21.75,10.0,2.2561305,68.97819,0,8.122069
2018,21.75,10.25,2.3593128,65.969864,0,8.4935255
2018,21.75,10.5,2.4359016,64.098595,0,8.769246
2018,21.75,10.75,2.5263216,63.28917,0,9.094758
2018,21.75,11.0,2.624503,63.053387,0,9.44821
2018,21.75,11.25,2.7353888,63.173573,0,9.8474
2018,21.75,11.5,2.9551375,63.971375,0,10.6384945
2018,21.75,11.75,3.0882452,66.367165,0,11.117682
2018,21.75,12.0,3.1016066,66.621025,0,11.165784
2018,21.5,-9.0,2.7132232,107.26707,0,9.767603
2018,21.5,-8.75,2.6896942,108.248116,0,9.6828985
2018,21.5,-8.5,2.6919277,108.70876,0,9.690939
2018,21.5,-8.25,2.6986647,109.587425,0,9.715193
2018,21.5,-8.0,2.6987603,108.561646,0,9.715537
2018,21.5,-7.75,2.7159116,106.58024,0,9.777282
2018,21.5,-7.5,2.7095096,105.7713,0,9.754234
2018,21.5,-7.25,2.6844578,104.903076,0,9.664048
2018,21.5,-7.0,2.6542003,134.83855,0,9.55512
2018,21.5,-6.75,2.6411104,136.27199,0,9.5079975
2018,21.5,-6.5,2.6591017,105.87659,0,9.572766
2018,21.5,-6.25,2.6655016,104.439354,0,9.595805
2018,21.5,-6.0,2.6592827,103.108025,0,9.573418
2018,21.5,-5.75,2.621979,103.591774,0,9.439124
2018,21.5,-5.5,2.6184685,105.14306,0,9.426486
2018,21.5,-5.25,2.6676939,106.69586,0,9.603698
2018,21.5,-5.0,2.7221203,107.305244,0,9.799633
2018,21.5,-4.75,2.7402084,107.94059,0,9.86475
2018,21.5,-4.5,2.7363632,108.39855,0,9.850907
2018,21.5,-4.25,2.7182941,108.82534,0,9.785859
2018,21.5,-4.0,2.695017,109.836174,0,9.702062
2018,21.5,-3.75,2.6699836,111.12494,0,9.61194
2018,21.5,-3.5,2.6318135,112.328896,0,9.474528
2018,21.5,-3.25,2.557544,113.89374,0,9.207158
2018,21.5,-3.0,2.5602033,114.76047,0,9.216732
2018,21.5,-2.75,2.5950763,114.531006,0,9.342275
2018,21.5,-2.5,2.6322806,113.9668,0,9.47621
2018,21.5,-2.25,2.6621542,113.299805,0,9.583755
2018,21.5,-2.0,2.666673,82.68887,0,9.600022
2018,21.5,-1.75,2.6279116,82.5773,0,9.460482
2018,21.5,-1.5,2.612674,54.17393,0,9.405626
2018,21.5,-1.25,2.6372685,54.412426,0,9.494166
2018,21.5,-1.0,2.5811815,53.632885,0,9.2922535
2018,21.5,-0.75,2.5159445,54.086086,0,9.0574
2018,21.5,-0.5,2.498643,55.535187,0,8.995114
2018,21.5,-0.25,2.5209808,86.281166,0,9.075531
2018,21.5,0.0,2.458822,85.787346,0,8.851759
2018,21.5,0.25,2.3391793,86.13867,0,8.421045
2018,21.5,0.5,2.271384,115.86443,0,8.176982
2018,21.5,0.75,2.2579212,115.643524,0,8.128516
2018,21.5,1.0,2.2631986,115.980675,0,8.147514
2018,21.5,1.25,2.2519104,117.24923,0,8.106877
2018,21.5,1.5,2.2160983,119.61306,0,7.977954
2018,21.5,1.75,2.1678193,122.491394,0,7.804149
2018,21.5,2.0,2.1038272,125.159935,0,7.5737777
2018,21.5,2.25,2.0542538,126.942505,0,7.3953137
2018,21.5,2.5,2.0325863,126.81195,0,7.317311
2018,21.5,2.75,2.0295124,124.75159,0,7.3062444
2018,21.5,3.0,2.0135725,121.6321,0,7.248861
2018,21.5,3.25,1.9294628,147.75392,0,6.946066
2018,21.5,3.5,1.9812821,147.24379,0,7.1326156
2018,21.5,3.75,2.1418204,149.3785,0,7.710553
2018,21.5,4.0,2.2561932,148.7029,0,8.122295
2018,21.5,4.25,2.2902114,145.56378,0,8.2447605
2018,21.5,4.5,2.307052,143.10362,0,8.305387
2018,21.5,4.75,2.4078057,142.86661,0,8.6681
2018,21.5,5.0,2.469589,139.90446,0,8.89052
2018,21.5,5.25,2.438697,137.62502,0,8.779309
2018,21.5,5.5,2.450329,136.25267,0,8.821184
2018,21.5,5.75,2.4676113,134.67406,0,8.883401
2018,21.5,6.0,2.4370565,163.09128,0,8.773403
2018,21.5,6.25,2.3419335,73.73821,0,8.430961
2018,21.5,6.5,2.2011359,73.549904,0,7.924089
2018,21.5,6.75,2.146551,72.221245,0,7.727583
2018,21.5,7.0,2.1939008,74.69043,0,7.8980427
2018,21.5,7.25,2.2971697,73.67074,0,8.269811
2018,21.5,7.5,2.4596846,76.961296,0,8.854864
2018,21.5,7.75,2.5931222,83.29931,0,9.335239
2018,21.5,8.0,2.606879,87.25482,0,9.384764
2018,21.5,8.25,2.5864751,87.14361,0,9.31131
2018,21.5,8.5,2.6449893,87.312386,0,9.521961
2018,21.5,8.75,2.629343,87.93301,0,9.465634
2018,21.5,9.0,2.4636734,87.85264,0,8.869224
2018,21.5,9.25,2.1754143,85.06015,0,7.8314915
2018,21.5,9.5,1.9177485,100.71206,0,6.9038944
2018,21.5,9.75,1.9791088,68.42649,0,7.1247916
2018,21.5,10.0,2.1526659,67.48464,0,7.749597
2018,21.5,10.25,2.2751224,65.88329,0,8.19044
2018,21.5,10.5,2.34111,64.29511,0,8.427996
2018,21.5,10.75,2.3945305,63.084217,0,8.62031
2018,21.5,11.0,2.4747105,62.583557,0,8.9089575
2018,21.5,11.25,2.5443513,63.012264,0,9.159664
2018,21.5,11.5,2.728302,64.601234,0,9.821887
2018,21.5,11.75,2.884619,67.48953,0,10.384628
2018,21.5,12.0,2.9725742,68.26655,0,10.701267
2018,21.25,-9.0,2.7344284,109.11137,0,9.843942
2018,21.25,-8.75,2.7185745,79.80098,0,9.786868
2018,21.25,-8.5,2.718064,109.7153,0,9.78503
2018,21.25,-8.25,2.7455006,110.51951,0,9.883801
2018,21.25,-8.0,2.7848003,108.56411,0,10.025281
2018,21.25,-7.75,2.7969162,106.41321,0,10.068898
2018,21.25,-7.5,2.8036988,105.946594,0,10.093315
2018,21.25,-7.25,2.791406,106.25256,0,10.049061
2018,21.25,-7.0,2.7628205,108.176414,0,9.946154
2018,21.25,-6.75,2.7368975,109.86365,0,9.852831
2018,21.25,-6.5,2.7313936,109.302895,0,9.833016
2018,21.25,-6.25,2.7171414,108.54887,0,9.781709
2018,21.25,-6.0,2.6945534,107.830284,0,9.700392
2018,21.25,-5.75,2.6455522,108.30164,0,9.523988
2018,21.25,-5.5,2.6131694,109.54459,0,9.40741
2018,21.25,-5.25,2.6329901,110.79032,0,9.478765
2018,21.25,-5.0,2.654948,111.19596,0,9.557813
2018,21.25,-4.75,2.6721764,111.58297,0,9.619835
2018,21.25,-4.5,2.682804,112.0214,0,9.658094
2018,21.25,-4.25,2.6942313,112.74444,0,9.699232
2018,21.25,-4.0,2.688102,113.68339,0,9.677167
2018,21.25,-3.75,2.6834033,114.67814,0,9.660252
2018,21.25,-3.5,2.6700695,115.67448,0,9.612249
2018,21.25,-3.25,2.67459,116.135345,0,9.628524
2018,21.25,-3.0,2.674902,116.406746,0,9.629647
2018,21.25,-2.75,2.660897,116.42147,0,9.579229
2018,21.25,-2.5,2.6469042,116.2135,0,9.528855
2018,21.25,-2.25,2.65746,85.79717,0,9.566855
2018,21.25,-2.0,2.666575,85.44425,0,9.599669
2018,21.25,-1.75,2.657273,55.43352,0,9.566183
2018,21.25,-1.5,2.6652765,56.761738,0,9.5949955
2018,21.25,-1.25,2.7066853,57.07063,0,9.744067
2018,21.25,-1.0,2.669428,56.61055,0,9.609941
2018,21.25,-0.75,2.6084518,56.915604,0,9.390427
2018,21.25,-0.5,2.577189,57.854977,0,9.27788
2018,21.25,-0.25,2.5843039,58.22565,0,9.3034935
2018,21.25,0.0,2.5651383,58.369305,0,9.234498
2018,21.25,0.25,2.4797728,58.535614,0,8.927182
2018,21.25,0.5,2.375345,116.99035,0,8.551242
2018,21.25,0.75,2.3015049,116.270454,0,8.285418
2018,21.25,1.0,2.276956,117.17965,0,8.1970415
2018,21.25,1.25,2.2651422,89.7594,0,8.154511
2018,21.25,1.5,2.2286866,92.77152,0,8.023272
2018,21.25,1.75,2.1839893,95.72351,0,7.8623614
2018,21.25,2.0,2.1557844,128.18025,0,7.7608237
2018,21.25,2.25,2.112791,129.30247,0,7.6060476
2018,21.25,2.5,2.056765,128.0721,0,7.404354
2018,21.25,2.75,2.0260081,124.786804,0,7.293629
2018,21.25,3.0,2.0449374,122.55372,0,7.3617744
2018,21.25,3.25,2.1121354,118.85407,0,7.6036873
2018,21.25,3.5,2.164421,118.759766,0,7.791916
2018,21.25,3.75,2.24456,120.43274,0,8.080416
2018,21.25,4.0,2.3154218,148.49648,0,8.335518
2018,21.25,4.25,2.3254182,143.44069,0,8.371506
2018,21.25,4.5,2.337106,139.7691,0,8.413581
2018,21.25,4.75,2.4362905,110.478615,0,8.770645
2018,21.25,5.0,2.501864,110.53657,0,9.00671
2018,21.25,5.25,2.4481137,108.125175,0,8.813209
2018,21.25,5.5,2.4289064,106.91532,0,8.744063
2018,21.25,5.75,2.4426396,105.571495,0,8.793502
2018,21.25,6.0,2.4421103,74.61846,0,8.791596
2018,21.25,6.25,2.3917434,76.44106,0,8.610276
2018,21.25,6.5,2.3898082,79.01902,0,8.60331
2018,21.25,6.75,2.3828259,76.992256,0,8.578173
2018,21.25,7.0,2.3624105,79.21298,0,8.504678
2018,21.25,7.25,2.3617716,70.797935,0,8.5023775
2018,21.25,7.5,2.4853857,78.13719,0,8.947388
2018,21.25,7.75,2.6062706,83.34046,0,9.382574
2018,21.25,8.0,2.63707,86.05017,0,9.493451
2018,21.25,8.25,2.571035,86.75476,0,9.255726
2018,21.25,8.5,2.6181314,87.46604,0,9.425273
2018,21.25,8.75,2.6465232,87.14028,0,9.527483
2018,21.25,9.0,2.5468419,85.59497,0,9.168631
2018,21.25,9.25,2.2733383,82.36735,0,8.184018
2018,21.25,9.5,1.9430985,100.376564,0,6.9951544
2018,21.25,9.75,1.8707374,94.91453,0,6.7346544
2018,21.25,10.0,2.0051467,65.965996,0,7.2185283
2018,21.25,10.25,2.1519697,65.21104,0,7.747091
2018,21.25,10.5,2.2294166,64.06515,0,8.0259
2018,21.25,10.75,2.2469456,63.37965,0,8.089004
2018,21.25,11.0,2.2789302,63.119568,0,8.204148
2018,21.25,11.25,2.3566582,63.971363,0,8.48397
2018,21.25,11.5,2.4382832,65.2745,0,8.77782
2018,21.25,11.75,2.6018379,67.16393,0,9.366616
2018,21.25,12.0,2.7739327,67.22268,0,9.986157
2018,21.0,-9.0,2.7954912,140.22337,0,10.063768
2018,21.0,-8.75,2.7701607,80.852745,0,9.972578
2018,21.0,-8.5,2.7535088,80.93264,0,9.912631
2018,21.0,-8.25,2.7725353,110.32482,0,9.981127
2018,21.0,-8.0,2.7971096,105.8581,0,10.069594
2018,21.0,-7.75,2.799279,105.16703,0,10.077404
2018,21.0,-7.5,2.8015614,107.10526,0,10.085621
2018,21.0,-7.25,2.8099134,109.93081,0,10.115688
2018,21.0,-7.0,2.8234198,111.86019,0,10.164311
2018,21.0,-6.75,2.8149564,112.08668,0,10.133842
2018,21.0,-6.5,2.7777007,111.76203,0,9.9997225
2018,21.0,-6.25,2.7479818,111.47953,0,9.892735
2018,21.0,-6.0,2.7248971,111.13598,0,9.809629
2018,21.0,-5.75,2.691548,111.53317,0,9.689573
2018,21.0,-5.5,2.665364,112.599,0,9.59531
2018,21.0,-5.25,2.6686866,113.52557,0,9.607271
2018,21.0,-5.0,2.686348,114.04511,0,9.670853
2018,21.0,-4.75,2.691748,114.6839,0,9.690292
2018,21.0,-4.5,2.6782818,115.088066,0,9.641814
2018,21.0,-4.25,2.6893795,115.87029,0,9.681766
2018,21.0,-4.0,2.7096596,116.657745,0,9.754774
2018,21.0,-3.75,2.720412,117.50077,0,9.793483
2018,21.0,-3.5,2.737609,117.92878,0,9.8553915
2018,21.0,-3.25,2.7436917,58.185863,0,9.87729
2018,21.0,-3.0,2.750785,58.584564,0,9.902826
2018,21.0,-2.75,2.7417543,58.49118,0,9.870316
2018,21.0,-2.5,2.727582,58.148285,0,9.819295
2018,21.0,-2.25,2.7087371,57.600697,0,9.751453
2018,21.0,-2.0,2.6984031,57.199345,0,9.714251
2018,21.0,-1.75,2.6668892,57.19875,0,9.6008005
2018,21.0,-1.5,2.6470096,58.500824,0,9.529234
2018,21.0,-1.25,2.685848,59.213055,0,9.669052
2018,21.0,-1.0,2.6886568,59.097916,0,9.679164
2018,21.0,-0.75,2.645534,59.22542,0,9.523922
2018,21.0,-0.5,2.624162,59.59441,0,9.446982
2018,21.0,-0.25,2.6233766,59.999348,0,9.444156
2018,21.0,0.0,2.625701,60.960266,0,9.452523
2018,21.0,0.25,2.577184,60.325428,0,9.277862
2018,21.0,0.5,2.4629319,87.524445,0,8.866554
2018,21.0,0.75,2.3668292,87.217064,0,8.520585
2018,21.0,1.0,2.2936184,89.8475,0,8.257026
2018,21.0,1.25,2.2773144,93.168175,0,8.198332
2018,21.0,1.5,2.2377205,96.433655,0,8.055794
2018,21.0,1.75,2.2058854,98.70551,0,7.9411874
2018,21.0,2.0,2.1894145,100.44675,0,7.881892
2018,21.0,2.25,2.1700773,130.42444,0,7.8122783
2018,21.0,2.5,2.1198559,128.75398,0,7.631481
2018,21.0,2.75,2.05671,124.77322,0,7.4041557
2018,21.0,3.0,2.0353775,122.22199,0,7.3273587
2018,21.0,3.25,2.0949292,120.705605,0,7.541745
2018,21.0,3.5,2.2427297,91.0539,0,8.073827
2018,21.0,3.75,2.3329735,120.238655,0,8.398705
2018,21.0,4.0,2.334656,144.53441,0,8.404761
2018,21.0,4.25,2.3298166,139.08955,0,8.38734
2018,21.0,4.5,2.3422391,137.1244,0,8.43206
2018,21.0,4.75,2.4734614,110.35911,0,8.904461
2018,21.0,5.0,2.5436163,81.92443,0,9.157019
2018,21.0,5.25,2.472523,109.36005,0,8.901082
2018,21.0,5.5,2.4399703,108.15912,0,8.783893
2018,21.0,5.75,2.4318779,107.07137,0,8.75476
2018,21.0,6.0,2.4340794,76.24587,0,8.762686
2018,21.0,6.25,2.4901688,78.26739,0,8.964607
2018,21.0,6.5,2.589607,80.04365,0,9.322585
2018,21.0,6.75,2.5699947,80.29073,0,9.251981
2018,21.0,7.0,2.477507,85.32032,0,8.919025
2018,21.0,7.25,2.4658954,68.266914,0,8.877223
2018,21.0,7.5,2.5249188,78.37403,0,9.089707
2018,21.0,7.75,2.6154168,83.43939,0,9.4155
2018,21.0,8.0,2.6784275,86.52472,0,9.642339
2018,21.0,8.25,2.6172497,91.82682,0,9.422099
2018,21.0,8.5,2.6011515,95.56594,0,9.364145
2018,21.0,8.75,2.5628283,97.83199,0,9.226182
2018,21.0,9.0,2.4368525,96.152885,0,8.772669
2018,21.0,9.25,2.1696208,87.43359,0,7.8106346
2018,21.0,9.5,1.879237,100.56146,0,6.765253
2018,21.0,9.75,1.7832593,92.68823,0,6.419733
2018,21.0,10.0,1.8496436,93.41679,0,6.6587167
2018,21.0,10.25,1.9863409,63.877026,0,7.150827
2018,21.0,10.5,2.0932748,63.972214,0,7.535789
2018,21.0,10.75,2.1336696,63.72528,0,7.6812105
2018,21.0,11.0,2.1086545,64.13511,0,7.591156
2018,21.0,11.25,2.1497262,65.16074,0,7.739014
2018,21.0,11.5,2.223098,66.91412,0,8.003153
2018,21.0,11.75,2.359712,68.356926,0,8.494963
2018,21.0,12.0,2.538619,68.34407,0,9.139029
2018,20.75,-9.0,2.8724794,140.85478,0,10.340926
2018,20.75,-8.75,2.8492117,111.81921,0,10.257162
2018,20.75,-8.5,2.8436048,112.6733,0,10.236977
2018,20.75,-8.25,2.8235133,101.000984,0,10.164647
2018,20.75,-8.0,2.8206682,99.70618,0,10.154406
2018,20.75,-7.75,2.825591,111.65464,0,10.172128
2018,20.75,-7.5,2.8454094,112.924675,0,10.243474
2018,20.75,-7.25,2.8464134,113.87921,0,10.2470875
2018,20.75,-7.0,2.8662755,114.33444,0,10.318592
2018,20.75,-6.75,2.8712244,114.42318,0,10.336408
2018,20.75,-6.5,2.824344,114.19086,0,10.167638
2018,20.75,-6.25,2.7809563,113.97874,0,10.011442
2018,20.75,-6.0,2.7533624,114.01229,0,9.912105
2018,20.75,-5.75,2.726017,114.41058,0,9.813661
2018,20.75,-5.5,2.6965902,114.97672,0,9.707725
2018,20.75,-5.25,2.6825142,115.82212,0,9.657051
2018,20.75,-5.0,2.684576,116.49015,0,9.664474
2018,20.75,-4.75,2.6874444,117.28629,0,9.6748
2018,20.75,-4.5,2.6819382,117.71475,0,9.654977
2018,20.75,-4.25,2.6929023,118.224815,0,9.694448
2018,20.75,-4.0,2.7134533,119.01592,0,9.768432
2018,20.75,-3.75,2.7538579,89.64677,0,9.913888
2018,20.75,-3.5,2.7821252,60.124847,0,10.015651
2018,20.75,-3.25,2.8015692,60.297764,0,10.085649
2018,20.75,-3.0,2.819541,60.403564,0,10.150348
2018,20.75,-2.75,2.8246791,60.185207,0,10.168844
2018,20.75,-2.5,2.8283014,59.619015,0,10.181885
2018,20.75,-2.25,2.817971,59.110485,0,10.144695
2018,20.75,-2.0,2.7772667,58.989452,0,9.99816
2018,20.75,-1.75,2.7158868,59.404373,0,9.777192
2018,20.75,-1.5,2.6766407,60.233902,0,9.635906
2018,20.75,-1.25,2.6928005,60.738537,0,9.694081
2018,20.75,-1.0,2.6986468,60.566456,0,9.715128
2018,20.75,-0.75,2.6728067,60.496887,0,9.622104
2018,20.75,-0.5,2.6565886,61.05954,0,9.563719
2018,20.75,-0.25,2.6598485,62.304554,0,9.575454
2018,20.75,0.0,2.6608362,62.940014,0,9.57901
2018,20.75,0.25,2.6232898,61.153778,0,9.443843
2018,20.75,0.5,2.5028133,89.03186,0,9.010128
2018,20.75,0.75,2.3811557,60.16496,0,8.572161
2018,20.75,1.0,2.3185906,63.563034,0,8.346926
2018,20.75,1.25,2.2961636,66.94579,0,8.266189
2018,20.75,1.5,2.262511,69.34626,0,8.14504
2018,20.75,1.75,2.234093,70.79635,0,8.042734
2018,20.75,2.0,2.2221754,71.489815,0,7.999831
2018,20.75,2.25,2.175062,130.5357,0,7.8302226
2018,20.75,2.5,2.1372929,128.6657,0,7.694254
2018,20.75,2.75,2.1018555,124.758156,0,7.5666795
2018,20.75,3.0,2.065787,121.50701,0,7.4368334
2018,20.75,3.25,2.1054366,120.44802,0,7.5795712
2018,20.75,3.5,2.2377012,120.18405,0,8.055724
2018,20.75,3.75,2.3889983,117.7569,0,8.600393
2018,20.75,4.0,2.4116232,110.87667,0,8.681844
2018,20.75,4.25,2.3109293,134.90114,0,8.319345
2018,20.75,4.5,2.3395302,106.7228,0,8.422309
2018,20.75,4.75,2.5066578,82.95195,0,9.023968
2018,20.75,5.0,2.5733254,54.250885,0,9.263971
2018,20.75,5.25,2.5062072,52.11784,0,9.022346
2018,20.75,5.5,2.4555364,80.8572,0,8.839931
2018,20.75,5.75,2.4495125,108.75492,0,8.818245
2018,20.75,6.0,2.468229,77.357544,0,8.885624
2018,20.75,6.25,2.516325,78.87704,0,9.05877
2018,20.75,6.5,2.6131535,80.96743,0,9.407352
2018,20.75,6.75,2.6005878,83.51384,0,9.362116
2018,20.75,7.0,2.5445955,60.276936,0,9.160543
2018,20.75,7.25,2.5634184,71.79364,0,9.228306
2018,20.75,7.5,2.6221383,81.016304,0,9.439697
2018,20.75,7.75,2.6558387,86.236305,0,9.561019
2018,20.75,8.0,2.692722,90.83262,0,9.693799
2018,20.75,8.25,2.705106,97.45492,0,9.738381
2018,20.75,8.5,2.737705,105.50428,0,9.855738
2018,20.75,8.75,2.6381288,111.42582,0,9.497263
2018,20.75,9.0,2.2783957,111.1161,0,8.202224
2018,20.75,9.25,1.9048023,99.68225,0,6.8572884
2018,20.75,9.5,1.6740338,99.65511,0,6.026521
2018,20.75,9.75,1.6266819,122.064064,0,5.856055
2018,20.75,10.0,1.703082,121.595085,0,6.131095
2018,20.75,10.25,1.8333255,121.750084,0,6.599972
2018,20.75,10.5,1.9336971,62.553905,0,6.9613094
2018,20.75,10.75,1.997767,64.07913,0,7.191961
2018,20.75,11.0,1.9796225,65.32481,0,7.126641
2018,20.75,11.25,1.9901663,66.30143,0,7.1645985
2018,20.75,11.5,2.0671356,68.51177,0,7.441688
2018,20.75,11.75,2.1764464,70.94434,0,7.835207
2018,20.75,12.0,2.3490915,71.42381,0,8.456729
2018,20.5,-9.0,2.9693394,79.80361,0,10.689622
2018,20.5,-8.75,2.9608917,79.4932,0,10.65921
2018,20.5,-8.5,2.9879138,90.79713,0,10.75649
2018,20.5,-8.25,2.9624226,123.87958,0,10.6647215
2018,20.5,-8.0,2.911499,117.74023,0,10.481397
2018,20.5,-7.75,2.928836,116.05483,0,10.54381
2018,20.5,-7.5,2.9189417,116.36433,0,10.50819
2018,20.5,-7.25,2.919091,116.67255,0,10.508727
2018,20.5,-7.0,2.926614,116.60712,0,10.53581
2018,20.5,-6.75,2.9336445,116.625786,0,10.56112
2018,20.5,-6.5,2.904785,116.7301,0,10.457226
2018,20.5,-6.25,2.84315,116.39782,0,10.235339
2018,20.5,-6.0,2.8066988,116.47745,0,10.1041155
2018,20.5,-5.75,2.7745736,116.690125,0,9.988464
2018,20.5,-5.5,2.7459986,117.2239,0,9.885594
2018,20.5,-5.25,2.7260125,117.898445,0,9.813644
2018,20.5,-5.0,2.7174194,118.55543,0,9.782709
2018,20.5,-4.75,2.7187574,119.16654,0,9.787526
2018,20.5,-4.5,2.716511,119.61279,0,9.779439
2018,20.5,-4.25,2.7212858,120.05499,0,9.796629
2018,20.5,-4.0,2.7301934,120.72656,0,9.828696
2018,20.5,-3.75,2.768215,91.32388,0,9.965573
2018,20.5,-3.5,2.812416,61.64093,0,10.124698
2018,20.5,-3.25,2.8403509,61.85432,0,10.225263
2018,20.5,-3.0,2.8789651,61.910984,0,10.364274
2018,20.5,-2.75,2.8960059,61.63963,0,10.425621
2018,20.5,-2.5,2.900767,61.039825,0,10.442761
2018,20.5,-2.25,2.8958168,60.465046,0,10.42494
2018,20.5,-2.0,2.8696635,60.760365,0,10.330789
2018,20.5,-1.75,2.8197353,61.5229,0,10.151047
2018,20.5,-1.5,2.7631242,61.64912,0,9.947247
2018,20.5,-1.25,2.739217,61.070576,0,9.861181
2018,20.5,-1.0,2.7445886,61.003662,0,9.880519
2018,20.5,-0.75,2.7093494,61.72109,0,9.753657
2018,20.5,-0.5,2.682019,62.588104,0,9.655268
2018,20.5,-0.25,2.6780832,64.01082,0,9.641099
2018,20.5,0.0,2.6872184,64.320076,0,9.673986
2018,20.5,0.25,2.634683,62.301514,0,9.4848585
2018,20.5,0.5,2.5331247,61.491932,0,9.119248
2018,20.5,0.75,2.4292705,63.39508,0,8.745374
2018,20.5,1.0,2.3955803,67.23098,0,8.624089
2018,20.5,1.25,2.381927,70.62014,0,8.574937
2018,20.5,1.5,2.3174515,71.25777,0,8.342825
2018,20.5,1.75,2.2828846,71.67748,0,8.218385
2018,20.5,2.0,2.2796347,71.466385,0,8.206685
2018,20.5,2.25,2.2357357,68.95131,0,8.048648
2018,20.5,2.5,2.1744778,126.24969,0,7.8281198
2018,20.5,2.75,2.148182,122.78949,0,7.7334547
2018,20.5,3.0,2.1604872,118.95144,0,7.777754
2018,20.5,3.25,2.2514048,115.826385,0,8.105057
2018,20.5,3.5,2.386903,115.55194,0,8.592851
2018,20.5,3.75,2.4136217,113.07459,0,8.689037
2018,20.5,4.0,2.4201834,107.440544,0,8.71266
2018,20.5,4.25,2.306977,104.48405,0,8.305117
2018,20.5,4.5,2.3449252,109.42999,0,8.4417305
2018,20.5,4.75,2.5426679,55.64456,0,9.1536045
2018,20.5,5.0,2.603986,55.546307,0,9.37435
2018,20.5,5.25,2.544249,54.05035,0,9.159296
2018,20.5,5.5,2.5052052,52.816315,0,9.018739
2018,20.5,5.75,2.5024798,110.79369,0,9.008927
2018,20.5,6.0,2.4669483,109.527596,0,8.881014
2018,20.5,6.25,2.4903755,80.31623,0,8.965352
2018,20.5,6.5,2.5626984,83.57466,0,9.225714
2018,20.5,6.75,2.5920877,57.763836,0,9.331515
2018,20.5,7.0,2.5760074,64.88483,0,9.273626
2018,20.5,7.25,2.6051543,74.00714,0,9.378555
2018,20.5,7.5,2.6580648,81.368774,0,9.569034
2018,20.5,7.75,2.6355414,85.91583,0,9.487949
2018,20.5,8.0,2.6406329,91.09647,0,9.506278
2018,20.5,8.25,2.6963482,100.32703,0,9.706853
2018,20.5,8.5,2.7384841,109.75537,0,9.858542
2018,20.5,8.75,2.5234911,119.71753,0,9.084568
2018,20.5,9.0,2.0245295,124.07833,0,7.2883058
2018,20.5,9.25,1.5603601,113.45679,0,5.617296
2018,20.5,9.5,1.5072387,125.65268,0,5.4260592
2018,20.5,9.75,1.4966127,121.1217,0,5.3878055
2018,20.5,10.0,1.5423145,118.927895,0,5.552332
2018,20.5,10.25,1.6642874,119.59379,0,5.9914346
2018,20.5,10.5,1.776651,122.11465,0,6.3959436
2018,20.5,10.75,1.8474541,64.27134,0,6.6508346
2018,20.5,11.0,1.8640593,66.76248,0,6.7106133
2018,20.5,11.25,1.8728386,68.20938,0,6.742219
2018,20.5,11.5,1.9532999,70.24395,0,7.0318794
2018,20.5,11.75,2.08367,73.19327,0,7.5012116
2018,20.5,12.0,2.240918,74.074844,0,8.067305
2018,20.25,-9.0,3.065093,75.26093,0,11.034334
2018,20.25,-8.75,3.0346196,68.70118,0,10.92463
2018,20.25,-8.5,3.0677993,64.3543,0,11.044077
2018,20.25,-8.25,3.0825882,61.156788,0,11.097317
2018,20.25,-8.0,3.039705,59.181473,0,10.942938
2018,20.25,-7.75,3.0004864,88.84497,0,10.80175
2018,20.25,-7.5,2.9901211,89.01056,0,10.764436
2018,20.25,-7.25,2.987909,89.1644,0,10.756473
2018,20.25,-7.0,2.9772565,88.697754,0,10.718123
2018,20.25,-6.75,2.9590638,88.64887,0,10.652629
2018,20.25,-6.5,2.9841788,89.30607,0,10.743043
2018,20.25,-6.25,2.9344857,88.998085,0,10.564148
2018,20.25,-6.0,2.8981285,118.62821,0,10.433263
2018,20.25,-5.75,2.865988,118.829506,0,10.317556
2018,20.25,-5.5,2.8383534,119.09033,0,10.218072
2018,20.25,-5.25,2.8193588,119.749,0,10.149692
2018,20.25,-5.0,2.7887754,120.09622,0,10.039592
2018,20.25,-4.75,2.7828114,120.5664,0,10.018121
2018,20.25,-4.5,2.781975,121.0086,0,10.01511
2018,20.25,-4.25,2.7846978,91.41364,0,10.024912
2018,20.25,-4.0,2.7910986,91.97223,0,10.047955
2018,20.25,-3.75,2.803916,92.234825,0,10.094097
2018,20.25,-3.5,2.8475478,62.612366,0,10.251172
2018,20.25,-3.25,2.8874817,62.957092,0,10.394934
2018,20.25,-3.0,2.9264116,63.000553,0,10.535082
2018,20.25,-2.75,2.9456844,62.799786,0,10.604464
2018,20.25,-2.5,2.9470646,62.178238,0,10.609432
2018,20.25,-2.25,2.931141,61.502003,0,10.552107
2018,20.25,-2.0,2.9348,62.28097,0,10.565279
2018,20.25,-1.75,2.9099042,63.08788,0,10.475655
2018,20.25,-1.5,2.846555,61.925854,0,10.247598
2018,20.25,-1.25,2.822862,61.396496,0,10.162303
2018,20.25,-1.0,2.785217,62.40666,0,10.026781
2018,20.25,-0.75,2.7511342,63.19278,0,9.904082
2018,20.25,-0.5,2.6718273,64.38635,0,9.618578
2018,20.25,-0.25,2.654959,65.79267,0,9.557852
2018,20.25,0.0,2.6714609,65.47329,0,9.617259
2018,20.25,0.25,2.5975647,63.319035,0,9.351233
2018,20.25,0.5,2.525975,63.42841,0,9.09351
2018,20.25,0.75,2.522321,66.659904,0,9.080356
2018,20.25,1.0,2.504135,70.46011,0,9.014885
2018,20.25,1.25,2.456308,73.17048,0,8.842709
2018,20.25,1.5,2.3977013,73.5431,0,8.631724
2018,20.25,1.75,2.3619778,72.25732,0,8.503119
2018,20.25,2.0,2.3704538,70.57153,0,8.533633
2018,20.25,2.25,2.3668926,66.515076,0,8.520813
2018,20.25,2.5,2.2837791,61.80006,0,8.221604
2018,20.25,2.75,2.2416172,117.511475,0,8.069821
2018,20.25,3.0,2.2734773,113.46049,0,8.184518
2018,20.25,3.25,2.3781126,111.44415,0,8.561205
2018,20.25,3.5,2.4643502,80.69305,0,8.87166
2018,20.25,3.75,2.5144439,108.47946,0,9.051998
2018,20.25,4.0,2.4580925,107.79098,0,8.849133
2018,20.25,4.25,2.3450537,107.32986,0,8.442193
2018,20.25,4.5,2.3685918,83.82171,0,8.52693
2018,20.25,4.75,2.5625439,57.219868,0,9.225158
2018,20.25,5.0,2.6230443,56.62077,0,9.442959
2018,20.25,5.25,2.5820477,55.592083,0,9.295371
2018,20.25,5.5,2.5496504,54.499653,0,9.178741
2018,20.25,5.75,2.5213826,83.73757,0,9.076977
2018,20.25,6.0,2.4905827,82.48147,0,8.966098
2018,20.25,6.25,2.424,83.35956,0,8.726399
2018,20.25,6.5,2.47056,56.908627,0,8.894016
2018,20.25,6.75,2.5126266,62.234165,0,9.045456
2018,20.25,7.0,2.5218904,68.494316,0,9.078805
2018,20.25,7.25,2.5351555,76.161995,0,9.126559
2018,20.25,7.5,2.5195048,80.05838,0,9.070217
2018,20.25,7.75,2.489968,84.431465,0,8.963884
2018,20.25,8.0,2.4906464,89.07624,0,8.966327
2018,20.25,8.25,2.5284984,98.51693,0,9.102594
2018,20.25,8.5,2.3638089,105.28549,0,8.509711
2018,20.25,8.75,2.0428736,117.3702,0,7.354345
2018,20.25,9.0,1.5315298,128.39119,0,5.513507
2018,20.25,9.25,1.283871,124.81854,0,4.621936
2018,20.25,9.5,1.3492471,121.9505,0,4.8572893
2018,20.25,9.75,1.411108,120.43903,0,5.079989
2018,20.25,10.0,1.4629636,117.97663,0,5.266669
2018,20.25,10.25,1.510168,118.109985,0,5.4366045
2018,20.25,10.5,1.6181251,121.09186,0,5.82525
2018,20.25,10.75,1.7043601,94.325905,0,6.1356964
2018,20.25,11.0,1.7466491,67.64164,0,6.2879367
2018,20.25,11.25,1.7932953,70.35147,0,6.455863
2018,20.25,11.5,1.8653105,72.72573,0,6.715118
2018,20.25,11.75,2.0041883,75.78588,0,7.215078
2018,20.25,12.0,2.1472042,77.323524,0,7.7299347
2018,20.0,-9.0,3.1356094,70.958954,0,11.288194
2018,20.0,-8.75,3.0549152,66.10413,0,10.997694
2018,20.0,-8.5,3.0371196,63.938354,0,10.93363
2018,20.0,-8.25,3.0878212,62.635727,0,11.116157
2018,20.0,-8.0,3.1223419,61.736176,0,11.240431
2018,20.0,-7.75,3.08157,61.428883,0,11.093652
2018,20.0,-7.5,3.0707524,61.55551,0,11.0547085
2018,20.0,-7.25,3.0710561,61.574337,0,11.055801
2018,20.0,-7.0,3.0181882,60.804523,0,10.865478
2018,20.0,-6.75,2.9688683,60.58723,0,10.687925
2018,20.0,-6.5,3.01583,61.493725,0,10.856988
2018,20.0,-6.25,3.0341365,61.473053,0,10.922892
2018,20.0,-6.0,2.9992793,60.98875,0,10.797405
2018,20.0,-5.75,2.975974,60.750187,0,10.713507
2018,20.0,-5.5,2.9486666,61.029003,0,10.615199
2018,20.0,-5.25,2.928767,61.236073,0,10.543561
2018,20.0,-5.0,2.8924618,61.528522,0,10.412862
2018,20.0,-4.75,2.8695428,91.70245,0,10.330354
2018,20.0,-4.5,2.8690643,92.012245,0,10.328631
2018,20.0,-4.25,2.8741596,92.29651,0,10.346974
2018,20.0,-4.0,2.88004,92.51002,0,10.368143
2018,20.0,-3.75,2.8848708,92.72721,0,10.385534
2018,20.0,-3.5,2.8971245,93.02024,0,10.429648
2018,20.0,-3.25,2.9367561,63.393414,0,10.572322
2018,20.0,-3.0,2.9714267,63.742065,0,10.697136
2018,20.0,-2.75,2.991724,63.58377,0,10.770206
2018,20.0,-2.5,2.9805315,62.935978,0,10.729913
2018,20.0,-2.25,2.9433477,62.271656,0,10.596051
2018,20.0,-2.0,2.9459383,63.25694,0,10.605378
2018,20.0,-1.75,2.9674883,64.284706,0,10.682958
2018,20.0,-1.5,2.8949292,62.941162,0,10.421744
2018,20.0,-1.25,2.779357,61.739834,0,10.005685
2018,20.0,-1.0,2.7409449,62.828045,0,9.867401
2018,20.0,-0.75,2.7418,65.65706,0,9.87048
2018,20.0,-0.5,2.6617188,67.15827,0,9.582188
2018,20.0,-0.25,2.5998244,67.38857,0,9.359367
2018,20.0,0.0,2.6037154,66.53992,0,9.373375
2018,20.0,0.25,2.5223634,64.19711,0,9.080508
2018,20.0,0.5,2.500241,65.20127,0,9.000868
2018,20.0,0.75,2.5199742,68.687454,0,9.071907
2018,20.0,1.0,2.5389583,73.28613,0,9.140249
2018,20.0,1.25,2.501026,75.92297,0,9.003693
2018,20.0,1.5,2.4539976,76.39319,0,8.834392
2018,20.0,1.75,2.4210322,74.7069,0,8.715715
2018,20.0,2.0,2.4485903,70.12833,0,8.814925
2018,20.0,2.25,2.478905,65.104614,0,8.924058
2018,20.0,2.5,2.4047258,58.956623,0,8.657013
2018,20.0,2.75,2.299874,112.75821,0,8.279547
2018,20.0,3.0,2.335491,108.786285,0,8.407767
2018,20.0,3.25,2.3954446,77.79471,0,8.6236
2018,20.0,3.5,2.4982073,77.49883,0,8.9935465
2018,20.0,3.75,2.545006,79.72092,0,9.162022
2018,20.0,4.0,2.492551,80.553795,0,8.973184
2018,20.0,4.25,2.414271,83.09193,0,8.691376
2018,20.0,4.5,2.4120672,57.588947,0,8.683441
2018,20.0,4.75,2.5609686,58.996475,0,9.219487
2018,20.0,5.0,2.58858,58.068188,0,9.318888
2018,20.0,5.25,2.5663636,57.20056,0,9.238909
2018,20.0,5.5,2.5478776,57.58959,0,9.1723585
2018,20.0,5.75,2.5225425,56.808884,0,9.081153
2018,20.0,6.0,2.4466903,86.56235,0,8.8080845
2018,20.0,6.25,2.3725116,87.43517,0,8.541041
2018,20.0,6.5,2.3379843,61.3532,0,8.416743
2018,20.0,6.75,2.3518124,66.90533,0,8.466524
2018,20.0,7.0,2.3598928,72.774445,0,8.495614
2018,20.0,7.25,2.3507876,78.117615,0,8.462835
2018,20.0,7.5,2.3204453,81.40496,0,8.353602
2018,20.0,7.75,2.4101965,85.158485,0,8.676707
2018,20.0,8.0,2.4200227,90.24942,0,8.712082
2018,20.0,8.25,2.5909443,92.8868,0,9.327399
2018,20.0,8.5,2.349035,96.19399,0,8.456526
2018,20.0,8.75,1.7295691,95.58022,0,6.2264485
2018,20.0,9.0,1.2469251,127.774025,0,4.48893
2018,20.0,9.25,1.2092288,153.54942,0,4.3532233
2018,20.0,9.5,1.2469023,120.181114,0,4.488848
2018,20.0,9.75,1.3279614,117.92758,0,4.780661
2018,20.0,10.0,1.3784701,117.98929,0,4.962492
2018,20.0,10.25,1.4292016,118.101234,0,5.145126
2018,20.0,10.5,1.489521,120.10612,0,5.3622756
2018,20.0,10.75,1.566207,93.5024,0,5.6383452
2018,20.0,11.0,1.6431948,68.58104,0,5.915501
2018,20.0,11.25,1.7284821,72.26251,0,6.2225356
2018,20.0,11.5,1.8011346,75.65879,0,6.484084
2018,20.0,11.75,1.9352874,79.33599,0,6.9670343
2018,20.0,12.0,2.070128,80.40772,0,7.4524603
2018,19.75,-9.0,3.2052965,69.98102,0,11.539067
2018,19.75,-8.75,3.1072407,66.59936,0,11.186066
2018,19.75,-8.5,3.07006,65.18928,0,11.052216
2018,19.75,-8.25,3.0891705,64.460075,0,11.121014
2018,19.75,-8.0,3.1385157,63.951015,0,11.298656
2018,19.75,-7.75,3.1688092,63.74648,0,11.407713
2018,19.75,-7.5,3.1760197,63.76988,0,11.43367
2018,19.75,-7.25,3.1745546,63.624683,0,11.428396
2018,19.75,-7.0,3.1178532,62.94919,0,11.224271
2018,19.75,-6.75,3.0416625,62.34992,0,10.949985
2018,19.75,-6.5,3.0462515,63.042645,0,10.966505
2018,19.75,-6.25,3.0882227,63.307835,0,11.117601
2018,19.75,-6.0,3.0897694,62.946056,0,11.123169
2018,19.75,-5.75,3.067198,62.65686,0,11.041913
2018,19.75,-5.5,3.0419016,62.62193,0,10.950846
2018,19.75,-5.25,3.021952,62.778515,0,10.879026
2018,19.75,-5.0,2.997443,62.72127,0,10.790794
2018,19.75,-4.75,2.9787724,62.700195,0,10.72358
2018,19.75,-4.5,2.9678717,62.612732,0,10.684338
2018,19.75,-4.25,2.9601462,92.58849,0,10.656526
2018,19.75,-4.0,2.9597847,92.73525,0,10.655225
2018,19.75,-3.75,2.9575474,92.889404,0,10.64717
2018,19.75,-3.5,2.965193,93.205376,0,10.674695
2018,19.75,-3.25,2.9777563,93.65879,0,10.719922
2018,19.75,-3.0,3.0082827,64.082054,0,10.829817
2018,19.75,-2.75,3.0168183,64.150116,0,10.860545
2018,19.75,-2.5,3.0042236,63.54031,0,10.815205
2018,19.75,-2.25,2.9460065,63.18857,0,10.605623
2018,19.75,-2.0,2.9062645,64.08512,0,10.462552
2018,19.75,-1.75,2.9381847,65.299,0,10.577465
2018,19.75,-1.5,2.8679278,64.39335,0,10.32454
2018,19.75,-1.25,2.7319486,63.166096,0,9.835014
2018,19.75,-1.0,2.6517208,64.77762,0,9.546194
2018,19.75,-0.75,2.6629665,68.22749,0,9.586679
2018,19.75,-0.5,2.6466668,69.415596,0,9.528
2018,19.75,-0.25,2.5666945,68.95249,0,9.2401
2018,19.75,0.0,2.522928,67.32398,0,9.0825405
2018,19.75,0.25,2.4384954,94.80017,0,8.778584
2018,19.75,0.5,2.417704,66.247604,0,8.703734
2018,19.75,0.75,2.4681814,71.65641,0,8.885452
2018,19.75,1.0,2.5095134,76.68476,0,9.034248
2018,19.75,1.25,2.5189447,79.20511,0,9.068201
2018,19.75,1.5,2.478961,79.73432,0,8.924259
2018,19.75,1.75,2.442043,78.557724,0,8.791355
2018,19.75,2.0,2.461702,72.715996,0,8.862127
2018,19.75,2.25,2.4966874,63.86762,0,8.988074
2018,19.75,2.5,2.420481,56.8672,0,8.713731
2018,19.75,2.75,2.300597,79.65717,0,8.282148
2018,19.75,3.0,2.2550871,134.27936,0,8.118314
2018,19.75,3.25,2.3062842,74.03492,0,8.302623
2018,19.75,3.5,2.353433,81.89738,0,8.472358
2018,19.75,3.75,2.414291,85.17048,0,8.691447
2018,19.75,4.0,2.470831,87.344444,0,8.894991
2018,19.75,4.25,2.4496412,59.51305,0,8.818708
2018,19.75,4.5,2.4469733,61.002716,0,8.809104
2018,19.75,4.75,2.5087059,61.418255,0,9.031341
2018,19.75,5.0,2.5235825,60.622837,0,9.084897
2018,19.75,5.25,2.5203307,60.88235,0,9.07319
2018,19.75,5.5,2.4922378,61.441956,0,8.972055
2018,19.75,5.75,2.4301775,61.378815,0,8.748638
2018,19.75,6.0,2.355645,61.45203,0,8.480322
2018,19.75,6.25,2.2668278,63.36471,0,8.16058
2018,19.75,6.5,2.2092428,66.985985,0,7.953274
2018,19.75,6.75,2.1922293,71.6059,0,7.892025
2018,19.75,7.0,2.2008045,76.07474,0,7.922896
2018,19.75,7.25,2.1910527,80.88863,0,7.8877892
2018,19.75,7.5,2.325583,84.91717,0,8.372099
2018,19.75,7.75,2.48068,88.771706,0,8.930448
2018,19.75,8.0,2.764293,90.70068,0,9.951454
2018,19.75,8.25,2.9987295,92.30573,0,10.795425
2018,19.75,8.5,2.9690151,93.282265,0,10.688455
2018,19.75,8.75,2.2778795,88.14145,0,8.200366
2018,19.75,9.0,1.3856162,71.87161,0,4.9882183
2018,19.75,9.25,1.2355957,178.86882,0,4.4481444
2018,19.75,9.5,1.1549855,170.75627,0,4.157948
2018,19.75,9.75,1.2301942,115.95471,0,4.428699
2018,19.75,10.0,1.298931,116.827675,0,4.6761513
2018,19.75,10.25,1.3764218,118.37195,0,4.955118
2018,19.75,10.5,1.431232,119.79855,0,5.152435
2018,19.75,10.75,1.4747444,124.216675,0,5.3090796
2018,19.75,11.0,1.5376705,70.139854,0,5.5356135
2018,19.75,11.25,1.6556439,74.8689,0,5.960318
2018,19.75,11.5,1.7585311,78.97129,0,6.330712
2018,19.75,11.75,1.8863,82.485985,0,6.79068
2018,19.75,12.0,1.9872133,84.00864,0,7.1539674
2018,19.5,-9.0,3.3301704,70.03001,0,11.988613
2018,19.5,-8.75,3.2647114,67.69096,0,11.75296
2018,19.5,-8.5,3.2136018,66.098206,0,11.568966
2018,19.5,-8.25,3.2095258,65.47567,0,11.554293
2018,19.5,-8.0,3.2354815,65.25527,0,11.647733
2018,19.5,-7.75,3.2733755,65.205696,0,11.784151
2018,19.5,-7.5,3.2865171,65.251335,0,11.831461
2018,19.5,-7.25,3.279272,65.0835,0,11.805379
2018,19.5,-7.0,3.259402,64.62022,0,11.733847
2018,19.5,-6.75,3.1821911,63.93282,0,11.455888
2018,19.5,-6.5,3.157849,64.456665,0,11.368257
2018,19.5,-6.25,3.177482,64.70432,0,11.438934
2018,19.5,-6.0,3.1726272,64.4172,0,11.421457
2018,19.5,-5.75,3.1550882,64.199394,0,11.358317
2018,19.5,-5.5,3.13036,64.09138,0,11.269296
2018,19.5,-5.25,3.1009223,63.9583,0,11.163321
2018,19.5,-5.0,3.0716722,63.775394,0,11.05802
2018,19.5,-4.75,3.0512075,63.423565,0,10.984346
2018,19.5,-4.5,3.0344627,63.203876,0,10.924066
2018,19.5,-4.25,3.0288007,92.94047,0,10.903683
2018,19.5,-4.0,3.0185192,93.092186,0,10.866669
2018,19.5,-3.75,3.0167735,93.255226,0,10.860384
2018,19.5,-3.5,3.0073693,93.49369,0,10.8265295
2018,19.5,-3.25,3.0091846,93.9262,0,10.833064
2018,19.5,-3.0,3.0127976,94.24103,0,10.846071
2018,19.5,-2.75,3.00612,64.290924,0,10.822032
2018,19.5,-2.5,2.9901922,64.279305,0,10.764691
2018,19.5,-2.25,2.947133,64.49168,0,10.609679
2018,19.5,-2.0,2.886797,65.17984,0,10.392468
2018,19.5,-1.75,2.8694894,66.21354,0,10.330162
2018,19.5,-1.5,2.8085945,65.966484,0,10.11094
2018,19.5,-1.25,2.6743853,65.51882,0,9.627787
2018,19.5,-1.0,2.5889513,67.1681,0,9.320225
2018,19.5,-0.75,2.6063378,70.280815,0,9.382815
2018,19.5,-0.5,2.6319034,71.570595,0,9.474852
2018,19.5,-0.25,2.5522368,70.49717,0,9.188052
2018,19.5,0.0,2.4569788,67.97712,0,8.845123
2018,19.5,0.25,2.3633041,95.21802,0,8.5078945
2018,19.5,0.5,2.338246,67.97283,0,8.4176855
2018,19.5,0.75,2.413431,74.624725,0,8.688351
2018,19.5,1.0,2.5267394,79.712074,0,9.096261
2018,19.5,1.25,2.5584333,81.737495,0,9.21036
2018,19.5,1.5,2.5193439,81.49076,0,9.069637
2018,19.5,1.75,2.4786174,81.63461,0,8.923022
2018,19.5,2.0,2.4739184,81.83789,0,8.906106
2018,19.5,2.25,2.4657495,83.9933,0,8.876698
2018,19.5,2.5,2.3445463,81.62693,0,8.440367
2018,19.5,2.75,2.2197964,103.64282,0,7.9912667
2018,19.5,3.0,2.1739628,97.642456,0,7.826266
2018,19.5,3.25,2.1822355,94.96847,0,7.8560476
2018,19.5,3.5,2.2163074,94.053246,0,7.9787064
2018,19.5,3.75,2.2640479,95.13502,0,8.150572
2018,19.5,4.0,2.337344,96.140816,0,8.414438
2018,19.5,4.25,2.38375,66.39083,0,8.5815
2018,19.5,4.5,2.405628,66.54818,0,8.66026
2018,19.5,4.75,2.4199018,66.36457,0,8.711646
2018,19.5,5.0,2.4017031,66.119514,0,8.646131
2018,19.5,5.25,2.411071,66.33363,0,8.679855
2018,19.5,5.5,2.3843806,66.31342,0,8.58377
2018,19.5,5.75,2.3239844,66.11473,0,8.3663435
2018,19.5,6.0,2.243285,67.04375,0,8.075826
2018,19.5,6.25,2.148934,69.79004,0,7.7361617
2018,19.5,6.5,2.0776374,71.84492,0,7.4794946
2018,19.5,6.75,2.0462787,74.83683,0,7.3666034
2018,19.5,7.0,2.059548,77.70652,0,7.4143724
2018,19.5,7.25,2.1249254,83.5491,0,7.649731
2018,19.5,7.5,2.3464205,87.49239,0,8.447114
2018,19.5,7.75,2.6215932,88.0915,0,9.437736
2018,19.5,8.0,2.9290602,88.84673,0,10.544617
2018,19.5,8.25,3.1428802,91.0812,0,11.314368
2018,19.5,8.5,3.1655166,93.675354,0,11.39586
2018,19.5,8.75,2.4936206,94.55395,0,8.977034
2018,19.5,9.0,1.1722726,90.31845,0,4.220181
2018,19.5,9.25,1.023678,174.54393,0,3.6852405
2018,19.5,9.5,1.1135601,165.84941,0,4.0088162
2018,19.5,9.75,1.1620537,160.28235,0,4.183393
2018,19.5,10.0,1.2590926,127.73818,0,4.532733
2018,19.5,10.25,1.3400669,122.71497,0,4.8242407
2018,19.5,10.5,1.3995371,123.93136,0,5.0383334
2018,19.5,10.75,1.4379522,97.42663,0,5.1766276
2018,19.5,11.0,1.4717383,72.679855,0,5.298258
2018,19.5,11.25,1.5885843,78.145485,0,5.7189035
2018,19.5,11.5,1.711412,82.509575,0,6.1610827
2018,19.5,11.75,1.8253409,86.55768,0,6.571227
2018,19.5,12.0,1.926674,87.88995,0,6.936026
2018,19.25,-9.0,3.4078114,70.063866,0,12.268121
2018,19.25,-8.75,3.4341056,68.31359,0,12.36278
2018,19.25,-8.5,3.4044669,66.98243,0,12.256081
2018,19.25,-8.25,3.3758852,66.33259,0,12.153187
2018,19.25,-8.0,3.3625786,66.215294,0,12.105283
2018,19.25,-7.75,3.3663032,66.379234,0,12.118691
2018,19.25,-7.5,3.377918,66.53716,0,12.160504
2018,19.25,-7.25,3.3798065,66.44342,0,12.167303
2018,19.25,-7.0,3.3574784,66.104805,0,12.086922
2018,19.25,-6.75,3.3009832,65.74319,0,11.883539
2018,19.25,-6.5,3.267442,65.88456,0,11.762791
2018,19.25,-6.25,3.2582998,65.75991,0,11.729879
2018,19.25,-6.0,3.2415762,65.60028,0,11.669674
2018,19.25,-5.75,3.2250185,65.63592,0,11.610066
2018,19.25,-5.5,3.2030847,65.623604,0,11.531105
2018,19.25,-5.25,3.1775923,65.3352,0,11.439332
2018,19.25,-5.0,3.1592252,64.82494,0,11.373211
2018,19.25,-4.75,3.1416416,64.18701,0,11.30991
2018,19.25,-4.5,3.1157835,63.81209,0,11.21682
2018,19.25,-4.25,3.0920513,63.469486,0,11.131384
2018,19.25,-4.0,3.061118,93.67881,0,11.020024
2018,19.25,-3.75,3.0402467,93.82021,0,10.944888
2018,19.25,-3.5,3.0173547,93.90339,0,10.862476
2018,19.25,-3.25,3.0053968,94.05125,0,10.819428
2018,19.25,-3.0,3.002023,94.24668,0,10.807282
2018,19.25,-2.75,2.9886892,94.41998,0,10.759281
2018,19.25,-2.5,2.9750788,94.694145,0,10.710283
2018,19.25,-2.25,2.9636755,65.21984,0,10.669231
2018,19.25,-2.0,2.9103763,65.9292,0,10.477354
2018,19.25,-1.75,2.8597689,67.08428,0,10.295168
2018,19.25,-1.5,2.7959614,67.78469,0,10.065461
2018,19.25,-1.25,2.679572,67.96821,0,9.64646
2018,19.25,-1.0,2.5743222,69.57904,0,9.26756
2018,19.25,-0.75,2.5550776,72.54309,0,9.198279
2018,19.25,-0.5,2.580583,73.880684,0,9.290099
2018,19.25,-0.25,2.5212286,72.46337,0,9.076423
2018,19.25,0.0,2.3864205,68.51392,0,8.591113
2018,19.25,0.25,2.2619147,95.84015,0,8.142893
2018,19.25,0.5,2.2545507,72.02894,0,8.116383
2018,19.25,0.75,2.4045303,79.810585,0,8.656309
2018,19.25,1.0,2.5627382,83.28332,0,9.225857
2018,19.25,1.25,2.608875,83.82276,0,9.39195
2018,19.25,1.5,2.5682464,83.6084,0,9.245687
2018,19.25,1.75,2.5359066,84.32933,0,9.129263
2018,19.25,2.0,2.5433123,84.25601,0,9.155924
2018,19.25,2.25,2.4925544,83.146645,0,8.973196
2018,19.25,2.5,2.2904694,80.96515,0,8.245689
2018,19.25,2.75,2.1792822,110.045105,0,7.8454156
2018,19.25,3.0,2.173724,109.159386,0,7.825406
2018,19.25,3.25,2.1978626,106.511986,0,7.9123054
2018,19.25,3.5,2.226959,105.18931,0,8.017052
2018,19.25,3.75,2.2522714,105.004295,0,8.108177
2018,19.25,4.0,2.2745209,104.62992,0,8.188275
2018,19.25,4.25,2.3038738,74.520775,0,8.293945
2018,19.25,4.5,2.3370519,74.63559,0,8.413386
2018,19.25,4.75,2.33332,74.21542,0,8.399951
2018,19.25,5.0,2.3058803,74.397865,0,8.301168
2018,19.25,5.25,2.2777166,74.48354,0,8.1997795
2018,19.25,5.5,2.233407,73.73053,0,8.040265
2018,19.25,5.75,2.1792676,73.45316,0,7.845363
2018,19.25,6.0,2.1209204,74.71459,0,7.6353135
2018,19.25,6.25,2.056564,76.58497,0,7.4036307
2018,19.25,6.5,1.9863836,77.363655,0,7.1509805
2018,19.25,6.75,1.8936807,78.20084,0,6.8172503
2018,19.25,7.0,1.8967576,79.72242,0,6.828327
2018,19.25,7.25,1.9448935,84.16743,0,7.0016165
2018,19.25,7.5,2.0619333,86.6308,0,7.42296
2018,19.25,7.75,2.2233922,85.597374,0,8.004211
2018,19.25,8.0,2.3429387,85.9194,0,8.434579
2018,19.25,8.25,2.3652012,89.12155,0,8.514724
2018,19.25,8.5,2.241449,91.86437,0,8.069217
2018,19.25,8.75,1.7761502,92.87543,0,6.3941407
2018,19.25,9.0,0.7861913,112.38235,0,2.8302886
2018,19.25,9.25,0.4247663,184.97723,0,1.5291586
2018,19.25,9.5,0.76540905,208.05193,0,2.7554724
2018,19.25,9.75,1.065066,209.85976,0,3.8342373
2018,19.25,10.0,1.2450604,124.05225,0,4.4822173
2018,19.25,10.25,1.3420085,124.16996,0,4.83123
2018,19.25,10.5,1.3882604,124.275795,0,4.9977374
2018,19.25,10.75,1.4201527,70.07501,0,5.1125493
2018,19.25,11.0,1.4626693,75.617226,0,5.2656093
2018,19.25,11.25,1.5467492,80.9639,0,5.568297
2018,19.25,11.5,1.6935687,85.28029,0,6.096847
2018,19.25,11.75,1.7959609,90.35195,0,6.465459
2018,19.25,12.0,1.8924958,92.84302,0,6.8129845
2018,19.0,-9.0,3.5540187,69.892624,0,12.794467
2018,19.0,-8.75,3.545822,68.71573,0,12.764958
2018,19.0,-8.5,3.5525997,67.86895,0,12.789358
2018,19.0,-8.25,3.541433,67.700294,0,12.749159
2018,19.0,-8.0,3.510396,67.70603,0,12.637425
2018,19.0,-7.75,3.4929392,67.79611,0,12.574581
2018,19.0,-7.5,3.4967268,67.90055,0,12.588216
2018,19.0,-7.25,3.4705687,67.84077,0,12.494047
2018,19.0,-7.0,3.4184415,67.54951,0,12.306389
2018,19.0,-6.75,3.4008572,67.34214,0,12.243086
2018,19.0,-6.5,3.3789356,67.17832,0,12.164167
2018,19.0,-6.25,3.3467484,66.97239,0,12.048294
2018,19.0,-6.0,3.327753,66.872856,0,11.979911
2018,19.0,-5.75,3.3049562,66.93307,0,11.897842
2018,19.0,-5.5,3.2745745,66.80363,0,11.788468
2018,19.0,-5.25,3.2447922,66.4034,0,11.681252
2018,19.0,-5.0,3.2115405,65.92831,0,11.561545
2018,19.0,-4.75,3.181474,65.35013,0,11.453306
2018,19.0,-4.5,3.1499398,64.92373,0,11.339783
2018,19.0,-4.25,3.117891,64.55833,0,11.224407
2018,19.0,-4.0,3.090368,94.594086,0,11.125324
2018,19.0,-3.75,3.0732028,94.56797,0,11.06353
2018,19.0,-3.5,3.0427513,94.47833,0,10.953904
2018,19.0,-3.25,3.0037117,94.251526,0,10.813362
2018,19.0,-3.0,2.9781435,94.193825,0,10.721316
2018,19.0,-2.75,2.9552968,94.35574,0,10.639068
2018,19.0,-2.5,2.9426868,94.74781,0,10.593672
2018,19.0,-2.25,2.9303741,95.80416,0,10.549347
2018,19.0,-2.0,2.9071386,67.423935,0,10.465698
2018,19.0,-1.75,2.8638363,68.86351,0,10.309811
2018,19.0,-1.5,2.798885,70.16341,0,10.075986
2018,19.0,-1.25,2.704115,70.93181,0,9.734814
2018,19.0,-1.0,2.6189744,72.613464,0,9.428308
2018,19.0,-0.75,2.5847294,75.09052,0,9.305026
2018,19.0,-0.5,2.5605724,75.399895,0,9.2180605
2018,19.0,-0.25,2.477743,72.987206,0,8.919874
2018,19.0,0.0,2.3617606,68.63294,0,8.502338
2018,19.0,0.25,2.2468283,117.604256,0,8.088582
2018,19.0,0.5,2.2518673,83.62846,0,8.106722
2018,19.0,0.75,2.3887427,85.38092,0,8.599473
2018,19.0,1.0,2.534115,87.0077,0,9.122814
2018,19.0,1.25,2.575926,87.55036,0,9.273334
2018,19.0,1.5,2.546425,88.01255,0,9.16713
2018,19.0,1.75,2.5518568,88.73835,0,9.186684
2018,19.0,2.0,2.5987313,88.51815,0,9.3554325
2018,19.0,2.25,2.5669615,86.92252,0,9.241061
2018,19.0,2.5,2.3559592,85.503174,0,8.481453
2018,19.0,2.75,2.2499065,115.85162,0,8.099664
2018,19.0,3.0,2.251808,114.62524,0,8.106508
2018,19.0,3.25,2.2830813,113.20559,0,8.219092
2018,19.0,3.5,2.3111959,111.998924,0,8.320305
2018,19.0,3.75,2.3285575,111.024315,0,8.382807
2018,19.0,4.0,2.3355987,110.4664,0,8.408155
2018,19.0,4.25,2.3363557,110.379616,0,8.41088
2018,19.0,4.5,2.3298862,80.80918,0,8.38759
2018,19.0,4.75,2.320502,81.12497,0,8.353807
2018,19.0,5.0,2.2890646,111.22358,0,8.240632
2018,19.0,5.25,2.2437472,111.61273,0,8.07749
2018,19.0,5.5,2.1873996,111.74032,0,7.8746386
2018,19.0,5.75,2.1153612,82.445335,0,7.6153
2018,19.0,6.0,2.0474827,83.95162,0,7.370938
2018,19.0,6.25,1.9797324,85.0566,0,7.1270366
2018,19.0,6.5,1.8954209,85.201775,0,6.823515
2018,19.0,6.75,1.7812811,114.23529,0,6.412612
2018,19.0,7.0,1.703279,84.53232,0,6.1318045
2018,19.0,7.25,1.6164187,87.40088,0,5.819107
2018,19.0,7.5,1.5929995,91.09467,0,5.734798
2018,19.0,7.75,1.6151749,89.4837,0,5.8146296
2018,19.0,8.0,1.5561461,90.11451,0,5.602126
2018,19.0,8.25,1.5322618,95.644684,0,5.5161424
2018,19.0,8.5,1.581676,96.42151,0,5.6940336
2018,19.0,8.75,1.4526471,86.36776,0,5.2295294
2018,19.0,9.0,1.1058592,90.914734,0,3.981093
2018,19.0,9.25,0.7194454,82.00139,0,2.5900035
2018,19.0,9.5,0.8286936,134.39513,0,2.9832969
2018,19.0,9.75,1.0168322,257.5054,0,3.660596
2018,19.0,10.0,1.1672074,176.29755,0,4.2019463
2018,19.0,10.25,1.2807683,121.443115,0,4.6107655
2018,19.0,10.5,1.3615552,125.38111,0,4.9015985
2018,19.0,10.75,1.4377168,70.947075,0,5.1757803
2018,19.0,11.0,1.51022,76.34155,0,5.436792
2018,19.0,11.25,1.5443944,81.485435,0,5.5598197
2018,19.0,11.5,1.7229953,95.735016,0,6.2027826
2018,19.0,11.75,1.835379,101.82736,0,6.607364
2018,19.0,12.0,1.9304172,105.04251,0,6.9495015
2018,18.75,-9.0,3.8059566,69.39439,0,13.701444
2018,18.75,-8.75,3.749245,68.83848,0,13.497281
2018,18.75,-8.5,3.7138813,68.457184,0,13.369972
2018,18.75,-8.25,3.7064545,68.78272,0,13.343236
2018,18.75,-8.0,3.650072,69.27543,0,13.140259
2018,18.75,-7.75,3.6035519,69.32728,0,12.972786
2018,18.75,-7.5,3.5667288,69.05096,0,12.840223
2018,18.75,-7.25,3.5551217,68.90587,0,12.798438
2018,18.75,-7.0,3.5355895,68.61924,0,12.728122
2018,18.75,-6.75,3.4786265,68.401855,0,12.523055
2018,18.75,-6.5,3.4470322,68.14048,0,12.409316
2018,18.75,-6.25,3.406495,68.09482,0,12.263382
2018,18.75,-6.0,3.3724988,68.00776,0,12.140995
2018,18.75,-5.75,3.3406487,68.16764,0,12.026335
2018,18.75,-5.5,3.3174903,68.08961,0,11.942965
2018,18.75,-5.25,3.2948875,67.71169,0,11.861595
2018,18.75,-5.0,3.253722,67.20229,0,11.713399
2018,18.75,-4.75,3.2275174,66.53276,0,11.619062
2018,18.75,-4.5,3.197505,65.97524,0,11.511018
2018,18.75,-4.25,3.1599858,95.548615,0,11.375949
2018,18.75,-4.0,3.1160939,95.250465,0,11.217937
2018,18.75,-3.75,3.0878246,95.17724,0,11.116168
2018,18.75,-3.5,3.057326,94.94675,0,11.006373
2018,18.75,-3.25,3.0226233,94.60816,0,10.881444
2018,18.75,-3.0,2.987177,94.21073,0,10.753837
2018,18.75,-2.75,2.957506,94.283325,0,10.647021
2018,18.75,-2.5,2.9098475,95.084816,0,10.4754505
2018,18.75,-2.25,2.8693085,96.79429,0,10.329511
2018,18.75,-2.0,2.8466475,98.95786,0,10.247931
2018,18.75,-1.75,2.8418214,70.45933,0,10.2305565
2018,18.75,-1.5,2.7999117,71.90528,0,10.079682
2018,18.75,-1.25,2.7518356,73.1309,0,9.906608
2018,18.75,-1.0,2.6862152,75.008995,0,9.670374
2018,18.75,-0.75,2.6570284,76.31911,0,9.565302
2018,18.75,-0.5,2.6295872,76.38415,0,9.466514
2018,18.75,-0.25,2.5418653,75.05234,0,9.150715
2018,18.75,0.0,2.4614706,86.860054,0,8.861294
2018,18.75,0.25,2.3719356,115.61553,0,8.538968
2018,18.75,0.5,2.333756,116.36384,0,8.401522
2018,18.75,0.75,2.4314516,88.95515,0,8.753225
2018,18.75,1.0,2.5265725,90.96586,0,9.09566
2018,18.75,1.25,2.5678616,91.75516,0,9.244302
2018,18.75,1.5,2.570048,92.23849,0,9.252172
2018,18.75,1.75,2.5861006,92.68341,0,9.309962
2018,18.75,2.0,2.6212113,92.26179,0,9.43636
2018,18.75,2.25,2.6045601,90.93607,0,9.376416
2018,18.75,2.5,2.4579127,89.20164,0,8.848485
2018,18.75,2.75,2.3704207,117.376564,0,8.533514
2018,18.75,3.0,2.372154,115.98638,0,8.539754
2018,18.75,3.25,2.3943264,114.90015,0,8.619575
2018,18.75,3.5,2.4122338,113.86149,0,8.684042
2018,18.75,3.75,2.4170427,112.921684,0,8.701354
2018,18.75,4.0,2.4222877,112.4841,0,8.720236
2018,18.75,4.25,2.3747842,112.59436,0,8.549223
2018,18.75,4.5,2.337168,113.49015,0,8.413804
2018,18.75,4.75,2.311759,113.80421,0,8.322332
2018,18.75,5.0,2.253406,113.39539,0,8.112262
2018,18.75,5.25,2.2105496,113.781525,0,7.9579782
2018,18.75,5.5,2.1445296,114.29464,0,7.7203064
2018,18.75,5.75,2.0642626,115.218895,0,7.4313455
2018,18.75,6.0,1.977301,116.71945,0,7.1182833
2018,18.75,6.25,1.9128193,88.033714,0,6.8861494
2018,18.75,6.5,1.8349622,88.40687,0,6.605864
2018,18.75,6.75,1.7254094,87.09979,0,6.2114735
2018,18.75,7.0,1.5920364,88.154274,0,5.731331
2018,18.75,7.25,1.4003414,95.003075,0,5.041229
2018,18.75,7.5,1.389465,100.192345,0,5.002074
2018,18.75,7.75,1.4747401,105.456055,0,5.3090644
2018,18.75,8.0,1.4850374,106.58996,0,5.3461347
2018,18.75,8.25,1.6677932,102.341774,0,6.004055
2018,18.75,8.5,1.8756409,95.23379,0,6.752307
2018,18.75,8.75,1.9541645,85.62082,0,7.034992
2018,18.75,9.0,1.6764278,67.4414,0,6.03514
2018,18.75,9.25,1.4462442,61.629444,0,5.206479
2018,18.75,9.5,1.293769,86.726204,0,4.6575685
2018,18.75,9.75,1.2336125,136.88857,0,4.441005
2018,18.75,10.0,1.261694,176.16246,0,4.542098
2018,18.75,10.25,1.3648767,91.63766,0,4.913556
2018,18.75,10.5,1.4023532,95.59723,0,5.0484715
2018,18.75,10.75,1.4534584,99.950035,0,5.23245
2018,18.75,11.0,1.5642004,103.66663,0,5.631121
2018,18.75,11.25,1.6436244,98.27613,0,5.917048
2018,18.75,11.5,1.8292929,101.32621,0,6.5854545
2018,18.75,11.75,1.937941,104.48002,0,6.9765873
2018,18.75,12.0,2.0192385,106.31003,0,7.2692585
2018,18.5,-9.0,3.8268387,70.12379,0,13.776619
2018,18.5,-8.75,3.903086,69.63513,0,14.051109
2018,18.5,-8.5,3.8568745,69.31372,0,13.8847475
2018,18.5,-8.25,3.877456,70.5947,0,13.958841
2018,18.5,-8.0,3.8402627,71.19613,0,13.824945
2018,18.5,-7.75,3.7483094,70.83399,0,13.493914
2018,18.5,-7.5,3.6851757,70.30714,0,13.266632
2018,18.5,-7.25,3.603841,69.714806,0,12.973827
2018,18.5,-7.0,3.5887597,69.413,0,12.919535
2018,18.5,-6.75,3.546315,69.35793,0,12.766733
2018,18.5,-6.5,3.512677,69.21753,0,12.645637
2018,18.5,-6.25,3.4639928,69.26245,0,12.470374
2018,18.5,-6.0,3.418051,69.079865,0,12.304983
2018,18.5,-5.75,3.3836174,69.17099,0,12.181023
2018,18.5,-5.5,3.353989,69.05866,0,12.07436
2018,18.5,-5.25,3.3271663,68.70915,0,11.977798
2018,18.5,-5.0,3.2939188,68.25869,0,11.858108
2018,18.5,-4.75,3.26978,67.470985,0,11.771208
2018,18.5,-4.5,3.230295,66.75454,0,11.629062
2018,18.5,-4.25,3.2028818,96.240746,0,11.530375
2018,18.5,-4.0,3.1673613,95.91086,0,11.4025
2018,18.5,-3.75,3.1291237,95.63735,0,11.264845
2018,18.5,-3.5,3.0922506,95.369995,0,11.132102
2018,18.5,-3.25,3.032899,94.95828,0,10.918436
2018,18.5,-3.0,2.988866,94.54293,0,10.759917
2018,18.5,-2.75,2.9308197,94.702965,0,10.550951
2018,18.5,-2.5,2.8774202,95.79517,0,10.358712
2018,18.5,-2.25,2.8398085,98.04154,0,10.22331
2018,18.5,-2.0,2.8060987,100.0319,0,10.101955
2018,18.5,-1.75,2.7914045,101.632416,0,10.049056
2018,18.5,-1.5,2.7777212,73.241234,0,9.999796
2018,18.5,-1.25,2.7419872,75.63201,0,9.871154
2018,18.5,-1.0,2.7291994,79.17533,0,9.825118
2018,18.5,-0.75,2.7123659,82.04307,0,9.764517
2018,18.5,-0.5,2.683965,84.03092,0,9.662273
2018,18.5,-0.25,2.6293533,86.67342,0,9.465672
2018,18.5,0.0,2.5944276,87.553,0,9.339939
2018,18.5,0.25,2.4802558,116.89703,0,8.928921
2018,18.5,0.5,2.4231234,118.01776,0,8.723244
2018,18.5,0.75,2.4745634,120.80448,0,8.908428
2018,18.5,1.0,2.5668154,93.01528,0,9.240535
2018,18.5,1.25,2.6125982,94.123955,0,9.405354
2018,18.5,1.5,2.61708,94.632835,0,9.421488
2018,18.5,1.75,2.6025813,94.796135,0,9.369292
2018,18.5,2.0,2.6269813,94.5835,0,9.457132
2018,18.5,2.25,2.6392288,93.312096,0,9.501224
2018,18.5,2.5,2.550999,120.793434,0,9.183596
2018,18.5,2.75,2.4777098,118.32803,0,8.919755
2018,18.5,3.0,2.4806798,116.68668,0,8.930447
2018,18.5,3.25,2.4935532,115.77483,0,8.976791
2018,18.5,3.5,2.4715967,114.51422,0,8.897748
2018,18.5,3.75,2.469964,113.44235,0,8.8918705
2018,18.5,4.0,2.4583519,113.681694,0,8.850066
2018,18.5,4.25,2.4221623,114.34365,0,8.719784
2018,18.5,4.5,2.3718853,115.445625,0,8.538787
2018,18.5,4.75,2.3244817,115.18461,0,8.368134
2018,18.5,5.0,2.254343,114.7745,0,8.115635
2018,18.5,5.25,2.155892,115.44532,0,7.7612104
2018,18.5,5.5,2.0870755,116.48395,0,7.5134716
2018,18.5,5.75,1.9991384,117.927986,0,7.196898
2018,18.5,6.0,1.9239181,119.28519,0,6.926105
2018,18.5,6.25,1.8428059,119.725494,0,6.634101
2018,18.5,6.5,1.7568086,119.67666,0,6.324511
2018,18.5,6.75,1.654106,118.93897,0,5.9547815
2018,18.5,7.0,1.5320473,93.19259,0,5.51537
2018,18.5,7.25,1.3898648,99.19994,0,5.0035133
2018,18.5,7.5,1.4782162,106.39514,0,5.321578
2018,18.5,7.75,1.659146,110.84464,0,5.972925
2018,18.5,8.0,1.9931132,108.56762,0,7.175207
2018,18.5,8.25,2.2140005,105.91711,0,7.9704013
2018,18.5,8.5,2.2693813,99.958855,0,8.169772
2018,18.5,8.75,2.1988554,90.89887,0,7.9158792
2018,18.5,9.0,1.6660128,84.47428,0,5.997646
2018,18.5,9.25,1.5069165,66.0011,0,5.424899
2018,18.5,9.5,1.5527229,87.92194,0,5.5898023
2018,18.5,9.75,1.5258046,76.06735,0,5.4928966
2018,18.5,10.0,1.4965192,50.73642,0,5.387469
2018,18.5,10.25,1.484736,90.00574,0,5.3450494
2018,18.5,10.5,1.4981121,94.368324,0,5.3932033
2018,18.5,10.75,1.5342711,96.344604,0,5.523376
2018,18.5,11.0,1.6854187,96.42173,0,6.0675073
2018,18.5,11.25,1.7742243,98.19474,0,6.387207
2018,18.5,11.5,1.9319826,101.44863,0,6.9551373
2018,18.5,11.75,2.0460367,103.983055,0,7.365732
2018,18.5,12.0,2.115205,105.56003,0,7.614738
2018,18.25,-9.0,3.8117828,71.6371,0,13.722418
2018,18.25,-8.75,3.9160767,71.04176,0,14.097876
2018,18.25,-8.5,3.8939266,70.57415,0,14.018135
2018,18.25,-8.25,3.9263036,71.78815,0,14.134693
2018,18.25,-8.0,3.970661,72.368225,0,14.294379
2018,18.25,-7.75,3.8787403,72.05621,0,13.963465
2018,18.25,-7.5,3.802172,71.27343,0,13.687819
2018,18.25,-7.25,3.7090724,70.77057,0,13.35266
2018,18.25,-7.0,3.6082497,70.420006,0,12.989698
2018,18.25,-6.75,3.5825567,70.43649,0,12.897203
2018,18.25,-6.5,3.5531893,70.27244,0,12.791481
2018,18.25,-6.25,3.4978173,70.023674,0,12.592142
2018,18.25,-6.0,3.4580624,69.81036,0,12.449024
2018,18.25,-5.75,3.427924,69.581566,0,12.340526
2018,18.25,-5.5,3.3985424,69.469475,0,12.234753
2018,18.25,-5.25,3.3957798,69.3281,0,12.224807
2018,18.25,-5.0,3.3692253,68.88268,0,12.12921
2018,18.25,-4.75,3.3338764,68.03222,0,12.001955
2018,18.25,-4.5,3.2939475,97.384224,0,11.858211
2018,18.25,-4.25,3.2608492,96.877625,0,11.739057
2018,18.25,-4.0,3.2047157,96.588234,0,11.536976
2018,18.25,-3.75,3.1631358,96.34473,0,11.387288
2018,18.25,-3.5,3.1068547,96.02857,0,11.184676
2018,18.25,-3.25,3.047508,95.62142,0,10.971028
2018,18.25,-3.0,2.9953241,95.326256,0,10.783167
2018,18.25,-2.75,2.9393423,95.606804,0,10.581632
2018,18.25,-2.5,2.8688467,126.33787,0,10.3278475
2018,18.25,-2.25,2.838805,128.0868,0,10.219698
2018,18.25,-2.0,2.8012753,128.62852,0,10.084591
2018,18.25,-1.75,2.7593296,127.52604,0,9.933586
2018,18.25,-1.5,2.7447917,121.36921,0,9.88125
2018,18.25,-1.25,2.7481997,119.03821,0,9.893518
2018,18.25,-1.0,2.750371,119.197624,0,9.901336
2018,18.25,-0.75,2.759058,119.27116,0,9.932609
2018,18.25,-0.5,2.73826,119.04904,0,9.857736
2018,18.25,-0.25,2.7158442,119.63107,0,9.777039
2018,18.25,0.0,2.6924765,120.01513,0,9.692915
2018,18.25,0.25,2.5634747,119.27274,0,9.228509
2018,18.25,0.5,2.470648,120.327965,0,8.894333
2018,18.25,0.75,2.5178306,122.8187,0,9.06419
2018,18.25,1.0,2.5940533,124.577515,0,9.338592
2018,18.25,1.25,2.6391828,125.70538,0,9.501058
2018,18.25,1.5,2.649193,96.308266,0,9.537095
2018,18.25,1.75,2.6415632,96.42808,0,9.509627
2018,18.25,2.0,2.652727,95.87031,0,9.549816
2018,18.25,2.25,2.666491,124.19385,0,9.599367
2018,18.25,2.5,2.6132076,121.37536,0,9.407547
2018,18.25,2.75,2.586442,119.15226,0,9.311191
2018,18.25,3.0,2.5792847,117.68814,0,9.285424
2018,18.25,3.25,2.542855,116.6227,0,9.154278
2018,18.25,3.5,2.5205657,115.245445,0,9.074037
2018,18.25,3.75,2.467919,114.630615,0,8.884508
2018,18.25,4.0,2.4446657,115.04279,0,8.8007965
2018,18.25,4.25,2.4211404,116.237755,0,8.716105
2018,18.25,4.5,2.3754928,117.06357,0,8.551774
2018,18.25,4.75,2.3248045,116.58762,0,8.369296
2018,18.25,5.0,2.2468624,116.75828,0,8.088704
2018,18.25,5.25,2.1455514,118.01642,0,7.723985
2018,18.25,5.5,2.0236242,120.2925,0,7.285047
2018,18.25,5.75,1.9442102,121.88974,0,6.9991565
2018,18.25,6.0,1.8406695,121.99273,0,6.62641
2018,18.25,6.25,1.7547003,122.175606,0,6.3169208
2018,18.25,6.5,1.673936,122.760376,0,6.0261693
2018,18.25,6.75,1.567824,123.9865,0,5.6441665
2018,18.25,7.0,1.4522618,97.28745,0,5.2281423
2018,18.25,7.25,1.3836322,100.82288,0,4.981076
2018,18.25,7.5,1.4574972,107.5859,0,5.2469897
2018,18.25,7.75,1.646463,106.955284,0,5.9272666
2018,18.25,8.0,1.9591707,105.85836,0,7.0530143
2018,18.25,8.25,1.9518081,106.46018,0,7.026509
2018,18.25,8.5,1.9134699,109.605835,0,6.8884916
2018,18.25,8.75,1.8969331,94.3411,0,6.828959
2018,18.25,9.0,1.411684,90.845764,0,5.0820622
2018,18.25,9.25,1.2103049,90.56487,0,4.357097
2018,18.25,9.5,1.5192618,79.33854,0,5.469342
2018,18.25,9.75,1.5586144,69.43778,0,5.6110115
2018,18.25,10.0,1.6113316,83.805916,0,5.8007936
2018,18.25,10.25,1.6113154,90.904335,0,5.800735
2018,18.25,10.5,1.6010528,92.29241,0,5.7637897
2018,18.25,10.75,1.6811804,94.47602,0,6.052249
2018,18.25,11.0,1.7900692,96.248924,0,6.444249
2018,18.25,11.25,1.8804054,98.20646,0,6.7694592
2018,18.25,11.5,2.03424,100.87893,0,7.3232636
2018,18.25,11.75,2.1324673,102.43656,0,7.676882
2018,18.25,12.0,2.204283,103.86904,0,7.9354186
2018,18.0,-9.0,3.8216515,72.49209,0,13.757945
2018,18.0,-8.75,3.8693812,72.13888,0,13.929772
2018,18.0,-8.5,3.8574464,71.77854,0,13.8868065
2018,18.0,-8.25,3.7942894,72.26037,0,13.659441
2018,18.0,-8.0,3.8362973,72.87435,0,13.81067
2018,18.0,-7.75,3.8821013,73.29911,0,13.975564
2018,18.0,-7.5,3.8058946,72.552246,0,13.7012205
2018,18.0,-7.25,3.8293688,72.51983,0,13.7857275
2018,18.0,-7.0,3.6825476,72.02982,0,13.257171
2018,18.0,-6.75,3.5943272,71.60618,0,12.939578
2018,18.0,-6.5,3.5686188,71.21446,0,12.847027
2018,18.0,-6.25,3.523762,70.73172,0,12.685543
2018,18.0,-6.0,3.4955204,70.11221,0,12.583873
2018,18.0,-5.75,3.465582,69.87825,0,12.476094
2018,18.0,-5.5,3.455945,69.7061,0,12.4414015
2018,18.0,-5.25,3.4540226,69.584496,0,12.434482
2018,18.0,-5.0,3.4326773,69.451744,0,12.357637
2018,18.0,-4.75,3.3967726,68.74876,0,12.228381
2018,18.0,-4.5,3.3553374,98.41098,0,12.079214
2018,18.0,-4.25,3.2985868,98.04916,0,11.874912
2018,18.0,-4.0,3.2344208,97.84967,0,11.643914
2018,18.0,-3.75,3.1801808,97.68726,0,11.44865
2018,18.0,-3.5,3.1246436,127.617065,0,11.248716
2018,18.0,-3.25,3.0583732,127.42983,0,11.010143
2018,18.0,-3.0,3.0091715,127.337074,0,10.833017
2018,18.0,-2.75,2.9360237,126.54948,0,10.569685
2018,18.0,-2.5,2.8675354,125.872765,0,10.323127
2018,18.0,-2.25,2.8573713,124.91097,0,10.286536
2018,18.0,-2.0,2.8277495,123.58364,0,10.179898
2018,18.0,-1.75,2.7946053,122.58081,0,10.060578
2018,18.0,-1.5,2.7745235,122.27362,0,9.988284
2018,18.0,-1.25,2.7768698,121.80026,0,9.996731
2018,18.0,-1.0,2.7802353,121.49726,0,10.008847
2018,18.0,-0.75,2.7885075,121.30363,0,10.038627
2018,18.0,-0.5,2.7874258,121.26241,0,10.034733
2018,18.0,-0.25,2.7751305,121.786476,0,9.99047
2018,18.0,0.0,2.7556427,122.1825,0,9.920313
2018,18.0,0.25,2.6395564,121.75289,0,9.502403
2018,18.0,0.5,2.548659,122.674706,0,9.175173
2018,18.0,0.75,2.561127,124.37011,0,9.220057
2018,18.0,1.0,2.6387413,126.04969,0,9.499468
2018,18.0,1.25,2.667095,127.30955,0,9.6015415
2018,18.0,1.5,2.6769238,127.92863,0,9.636926
2018,18.0,1.75,2.6765938,127.26353,0,9.635737
2018,18.0,2.0,2.682931,126.16201,0,9.658551
2018,18.0,2.25,2.6910543,124.18994,0,9.687796
2018,18.0,2.5,2.6745195,121.92258,0,9.62827
2018,18.0,2.75,2.6511934,119.96145,0,9.544296
2018,18.0,3.0,2.6145046,119.26241,0,9.412216
2018,18.0,3.25,2.5769422,118.11288,0,9.276992
2018,18.0,3.5,2.5170753,116.80094,0,9.061471
2018,18.0,3.75,2.4639525,116.22095,0,8.870229
2018,18.0,4.0,2.41887,116.77686,0,8.7079315
2018,18.0,4.25,2.3984966,118.04086,0,8.634587
2018,18.0,4.5,2.3561184,118.518524,0,8.482026
2018,18.0,4.75,2.2991636,118.68679,0,8.276989
2018,18.0,5.0,2.22149,120.08964,0,7.9973636
2018,18.0,5.25,2.1259873,123.18359,0,7.653554
2018,18.0,5.5,2.0169828,125.71533,0,7.261138
2018,18.0,5.75,1.8898973,126.13918,0,6.8036304
2018,18.0,6.0,1.787264,126.14569,0,6.43415
2018,18.0,6.25,1.6848793,126.68275,0,6.065565
2018,18.0,6.5,1.6030823,128.29286,0,5.771096
2018,18.0,6.75,1.4867193,130.6979,0,5.352189
2018,18.0,7.0,1.3561583,130.98047,0,4.8821697
2018,18.0,7.25,1.289382,133.33284,0,4.641775
2018,18.0,7.5,1.2923051,135.02652,0,4.6522985
2018,18.0,7.75,1.4638685,136.28343,0,5.2699265
2018,18.0,8.0,1.5711803,106.51111,0,5.656249
2018,18.0,8.25,1.5455381,107.523415,0,5.5639367
2018,18.0,8.5,1.5603648,105.51682,0,5.6173134
2018,18.0,8.75,1.6184835,84.65856,0,5.8265405
2018,18.0,9.0,1.3842707,100.32958,0,4.983374
2018,18.0,9.25,1.1884904,126.65858,0,4.2785654
2018,18.0,9.5,1.4668708,40.770176,0,5.2807345
2018,18.0,9.75,1.5383873,85.17551,0,5.538194
2018,18.0,10.0,1.6455545,90.99408,0,5.923996
2018,18.0,10.25,1.7316335,90.61853,0,6.2338805
2018,18.0,10.5,1.7643534,92.66227,0,6.351672
2018,18.0,10.75,1.8242207,94.37443,0,6.567194
2018,18.0,11.0,1.9008807,95.847015,0,6.84317
2018,18.0,11.25,1.9844958,98.11849,0,7.1441846
2018,18.0,11.5,2.1142366,100.00956,0,7.6112514
2018,18.0,11.75,2.207744,101.403725,0,7.947878
2018,18.0,12.0,2.2938004,102.514854,0,8.257681
