year,latitude,longitude,wspd,wdir,number,wspd_kmh
2020,37.0,-9.0,3.7832394,256.6666,0,13.619661
2020,37.0,-8.75,3.023506,250.29839,0,10.884621
2020,37.0,-8.5,2.564529,245.08197,0,9.232304
2020,37.0,-8.25,2.3013465,241.8951,0,8.284847
2020,37.0,-8.0,2.084641,238.12947,0,7.5047073
2020,37.0,-7.75,1.8755268,228.2867,0,6.7518964
2020,37.0,-7.5,1.8640981,221.23827,0,6.710753
2020,37.0,-7.25,1.9582634,216.71724,0,7.049748
2020,37.0,-7.0,2.1146934,213.9701,0,7.612896
2020,37.0,-6.75,2.086691,241.9186,0,7.512087
2020,37.0,-6.5,1.6953305,208.55672,0,6.1031895
2020,37.0,-6.25,1.3729731,204.44557,0,4.942703
2020,37.0,-6.0,1.0911362,199.31996,0,3.9280903
2020,37.0,-5.75,1.0521758,194.50452,0,3.7878327
2020,37.0,-5.5,1.140957,190.4549,0,4.1074452
2020,37.0,-5.25,1.2184027,191.04091,0,4.3862495
2020,37.0,-5.0,1.2925422,201.26671,0,4.653152
2020,37.0,-4.75,0.9748966,198.00153,0,3.5096278
2020,37.0,-4.5,0.806982,196.69084,0,2.9051352
2020,37.0,-4.25,0.7109287,204.54608,0,2.559343
2020,37.0,-4.0,0.7034319,238.38411,0,2.5323548
2020,37.0,-3.75,0.65204495,218.92891,0,2.3473618
2020,37.0,-3.5,0.61760396,216.16992,0,2.2233741
2020,37.0,-3.25,0.5778932,261.26285,0,2.0804155
2020,37.0,-3.0,0.5090048,264.48642,0,1.8324171
2020,37.0,-2.75,0.4602218,220.20964,0,1.6567985
2020,37.0,-2.5,0.53725064,166.22441,0,1.9341023
2020,37.0,-2.25,0.6794822,152.14886,0,2.446136
2020,37.0,-2.0,0.9663582,116.775734,0,3.4788895
2020,37.0,-1.75,1.4090592,121.68429,0,5.072613
2020,37.0,-1.5,1.6685926,124.698006,0,6.006933
2020,37.0,-1.25,1.7300473,125.93576,0,6.2281704
2020,37.0,-1.0,1.7678999,126.51206,0,6.3644395
2020,37.0,-0.75,1.8516216,127.69492,0,6.665838
2020,37.0,-0.5,1.9291363,128.03047,0,6.9448905
2020,37.0,-0.25,2.0027087,128.80464,0,7.209751
2020,37.0,0.0,2.0887976,130.25537,0,7.519671
2020,37.0,0.25,2.1517382,131.75331,0,7.7462573
2020,37.0,0.5,2.2125878,133.33849,0,7.965316
2020,37.0,0.75,2.2557356,135.3036,0,8.120648
2020,37.0,1.0,2.2735033,136.87595,0,8.184611
2020,37.0,1.25,2.2101312,137.14125,0,7.956472
2020,37.0,1.5,2.1341202,136.63568,0,7.6828327
2020,37.0,1.75,2.0905597,136.2624,0,7.526015
2020,37.0,2.0,2.069333,134.77429,0,7.449599
2020,37.0,2.25,2.0530028,132.739,0,7.39081
2020,37.0,2.5,2.0986497,127.45208,0,7.555139
2020,37.0,2.75,2.1401937,96.299095,0,7.704697
2020,37.0,3.0,2.130039,97.74297,0,7.66814
2020,37.0,3.25,2.129053,100.54792,0,7.664591
2020,37.0,3.5,2.0787647,103.95321,0,7.4835525
2020,37.0,3.75,2.00478,106.56909,0,7.217208
2020,37.0,4.0,1.8068177,142.7758,0,6.5045433
2020,37.0,4.25,1.7317295,152.8988,0,6.234226
2020,37.0,4.5,1.6193987,162.76955,0,5.8298354
2020,37.0,4.75,1.4954582,181.64386,0,5.3836493
2020,37.0,5.0,1.5607014,189.52019,0,5.6185246
2020,37.0,5.25,1.6321273,156.85872,0,5.875658
2020,37.0,5.5,1.5521593,152.6872,0,5.5877733
2020,37.0,5.75,1.4265922,182.98529,0,5.1357317
2020,37.0,6.0,1.263282,215.42934,0,4.547815
2020,37.0,6.25,0.9496382,216.48175,0,3.4186974
2020,37.0,6.5,0.9638057,242.14229,0,3.4697003
2020,37.0,6.75,1.1645896,253.34857,0,4.1925225
2020,37.0,7.0,1.4405379,229.80446,0,5.1859365
2020,37.0,7.25,1.2460437,228.80847,0,4.4857574
2020,37.0,7.5,1.1878419,229.33421,0,4.276231
2020,37.0,7.75,1.2948681,232.35558,0,4.6615252
2020,37.0,8.0,1.6212149,207.73088,0,5.8363733
2020,37.0,8.25,1.7095352,263.0364,0,6.154327
2020,37.0,8.5,1.6864268,256.17926,0,6.071136
2020,37.0,8.75,1.5620335,282.4556,0,5.6233206
2020,37.0,9.0,1.3169286,279.94592,0,4.740943
2020,37.0,9.25,1.2052041,278.48004,0,4.3387346
2020,37.0,9.5,1.1808372,281.24673,0,4.2510138
2020,37.0,9.75,1.253461,283.64322,0,4.5124593
2020,37.0,10.0,1.3240231,259.34595,0,4.7664833
2020,37.0,10.25,1.7836914,266.5729,0,6.421289
2020,37.0,10.5,1.9250137,266.4484,0,6.930049
2020,37.0,10.75,1.8418345,264.34436,0,6.6306043
2020,37.0,11.0,1.5623326,265.41702,0,5.6243973
2020,37.0,11.25,1.8300098,269.13092,0,6.588035
2020,37.0,11.5,2.1496797,270.21414,0,7.738847
2020,37.0,11.75,2.3021638,270.9542,0,8.287789
2020,37.0,12.0,2.3311045,240.15211,0,8.391976
2020,36.75,-9.0,3.950567,258.29623,0,14.222041
2020,36.75,-8.75,3.6283424,254.30098,0,13.062033
2020,36.75,-8.5,3.142823,250.53967,0,11.314162
2020,36.75,-8.25,2.7752984,247.1878,0,9.991074
2020,36.75,-8.0,2.480422,243.94574,0,8.929519
2020,36.75,-7.75,2.247892,237.99846,0,8.092411
2020,36.75,-7.5,2.0722969,232.75592,0,7.4602685
2020,36.75,-7.25,2.0813258,226.45338,0,7.4927726
2020,36.75,-7.0,2.1281502,220.45802,0,7.6613407
2020,36.75,-6.75,2.096826,214.51025,0,7.5485735
2020,36.75,-6.5,1.6876959,209.2616,0,6.075705
2020,36.75,-6.25,1.2482091,196.70305,0,4.4935527
2020,36.75,-6.0,1.1080779,181.63965,0,3.9890802
2020,36.75,-5.75,1.126831,176.62506,0,4.0565915
2020,36.75,-5.5,0.9370616,175.63518,0,3.3734217
2020,36.75,-5.25,0.92024535,188.10834,0,3.3128831
2020,36.75,-5.0,0.7345241,214.01787,0,2.6442866
2020,36.75,-4.75,0.6535906,183.09114,0,2.3529263
2020,36.75,-4.5,0.7188707,170.14299,0,2.5879345
2020,36.75,-4.25,0.95483303,176.39119,0,3.437399
2020,36.75,-4.0,1.084642,201.45502,0,3.9047112
2020,36.75,-3.75,1.0394915,206.40004,0,3.7421694
2020,36.75,-3.5,1.052913,211.93611,0,3.7904866
2020,36.75,-3.25,1.0847409,207.74829,0,3.905067
2020,36.75,-3.0,1.0901235,196.2408,0,3.9244447
2020,36.75,-2.75,1.1015095,181.94794,0,3.9654338
2020,36.75,-2.5,1.1773704,136.92064,0,4.2385335
2020,36.75,-2.25,1.4009596,125.77399,0,5.0434546
2020,36.75,-2.0,1.670978,118.44379,0,6.0155206
2020,36.75,-1.75,1.8807372,115.8773,0,6.7706537
2020,36.75,-1.5,1.8248792,145.35712,0,6.569565
2020,36.75,-1.25,1.848379,146.32704,0,6.6541643
2020,36.75,-1.0,1.866243,117.59879,0,6.718475
2020,36.75,-0.75,1.8995336,117.906586,0,6.8383207
2020,36.75,-0.5,1.965882,119.96203,0,7.0771747
2020,36.75,-0.25,2.0260968,122.41738,0,7.293948
2020,36.75,0.0,2.0898368,124.84034,0,7.523412
2020,36.75,0.25,2.1601732,126.2976,0,7.7766232
2020,36.75,0.5,2.2101965,127.939766,0,7.956707
2020,36.75,0.75,2.243226,130.27925,0,8.075614
2020,36.75,1.0,2.0794458,134.58733,0,7.486005
2020,36.75,1.25,1.9187703,133.3726,0,6.9075727
2020,36.75,1.5,1.8313627,131.24838,0,6.5929055
2020,36.75,1.75,1.7254399,128.90175,0,6.2115836
2020,36.75,2.0,1.6677493,156.7564,0,6.003897
2020,36.75,2.25,1.6188158,185.46014,0,5.827737
2020,36.75,2.5,1.5149757,183.14525,0,5.4539123
2020,36.75,2.75,1.4843882,181.02197,0,5.3437977
2020,36.75,3.0,1.1742655,180.8202,0,4.2273555
2020,36.75,3.25,1.0910312,184.33315,0,3.9277122
2020,36.75,3.5,1.0791872,125.43362,0,3.8850737
2020,36.75,3.75,1.0436114,127.59571,0,3.757001
2020,36.75,4.0,0.9021256,136.28633,0,3.247652
2020,36.75,4.25,0.88369584,147.18053,0,3.181305
2020,36.75,4.5,0.87888193,154.69412,0,3.1639748
2020,36.75,4.75,0.8036442,191.57118,0,2.8931189
2020,36.75,5.0,0.8159328,168.38455,0,2.9373581
2020,36.75,5.25,0.93353707,135.20122,0,3.3607333
2020,36.75,5.5,0.8800687,163.84344,0,3.1682472
2020,36.75,5.75,0.7866338,221.2994,0,2.8318815
2020,36.75,6.0,0.7200795,213.75749,0,2.592286
2020,36.75,6.25,0.6458771,237.27919,0,2.3251576
2020,36.75,6.5,0.6989015,237.932,0,2.5160453
2020,36.75,6.75,0.8541403,244.94751,0,3.074905
2020,36.75,7.0,1.029243,248.1009,0,3.7052746
2020,36.75,7.25,0.9941948,272.98465,0,3.5791013
2020,36.75,7.5,0.88762337,271.65433,0,3.195444
2020,36.75,7.75,0.8032995,243.81628,0,2.8918781
2020,36.75,8.0,0.912555,195.23932,0,3.2851977
2020,36.75,8.25,1.0295807,252.87714,0,3.7064905
2020,36.75,8.5,1.1377844,284.97244,0,4.0960236
2020,36.75,8.75,1.0548531,285.24277,0,3.797471
2020,36.75,9.0,1.0661283,282.9916,0,3.8380616
2020,36.75,9.25,1.1745415,280.45996,0,4.228349
2020,36.75,9.5,1.1424847,279.21167,0,4.1129446
2020,36.75,9.75,1.0362349,282.09042,0,3.7304454
2020,36.75,10.0,0.9595402,283.25278,0,3.4543445
2020,36.75,10.25,1.1331142,290.16183,0,4.079211
2020,36.75,10.5,1.244072,264.5845,0,4.478659
2020,36.75,10.75,1.1946112,293.76453,0,4.3006
2020,36.75,11.0,1.3691188,271.9517,0,4.928828
2020,36.75,11.25,1.788794,277.02676,0,6.439658
2020,36.75,11.5,2.0783107,277.67404,0,7.4819183
2020,36.75,11.75,2.243362,275.2007,0,8.076103
2020,36.75,12.0,2.3204203,242.3946,0,8.353513
2020,36.5,-9.0,4.0424304,260.53754,0,14.552749
2020,36.5,-8.75,3.734906,258.26074,0,13.445662
2020,36.5,-8.5,3.4334602,257.18997,0,12.360456
2020,36.5,-8.25,3.0516853,255.47926,0,10.986067
2020,36.5,-8.0,2.7011187,254.49744,0,9.724027
2020,36.5,-7.75,2.3927383,254.11536,0,8.613858
2020,36.5,-7.5,2.1585553,220.1767,0,7.7707987
2020,36.5,-7.25,1.9511819,211.62642,0,7.024255
2020,36.5,-7.0,1.8980112,205.58978,0,6.83284
2020,36.5,-6.75,1.8813833,202.99117,0,6.7729797
2020,36.5,-6.5,1.7700624,198.89215,0,6.372225
2020,36.5,-6.25,1.5106573,189.72777,0,5.438366
2020,36.5,-6.0,1.4145341,162.16095,0,5.092323
2020,36.5,-5.75,1.2282937,160.23384,0,4.421857
2020,36.5,-5.5,1.0939108,151.27206,0,3.9380789
2020,36.5,-5.25,1.0306766,178.70496,0,3.7104356
2020,36.5,-5.0,1.0832902,191.0893,0,3.8998446
2020,36.5,-4.75,1.0981339,173.1794,0,3.953282
2020,36.5,-4.5,1.276435,175.4688,0,4.5951657
2020,36.5,-4.25,1.5370412,182.87653,0,5.533348
2020,36.5,-4.0,1.7358986,188.16399,0,6.2492347
2020,36.5,-3.75,1.8288603,195.25629,0,6.5838966
2020,36.5,-3.5,1.907096,194.33582,0,6.8655457
2020,36.5,-3.25,1.8267827,189.85846,0,6.5764174
2020,36.5,-3.0,1.820264,188.40765,0,6.5529504
2020,36.5,-2.75,1.78377,147.68083,0,6.4215717
2020,36.5,-2.5,1.7513952,119.52661,0,6.3050227
2020,36.5,-2.25,1.9999655,98.04832,0,7.199876
2020,36.5,-2.0,2.1558378,116.88419,0,7.761016
2020,36.5,-1.75,2.1238947,141.81453,0,7.646021
2020,36.5,-1.5,2.0743442,139.23396,0,7.467639
2020,36.5,-1.25,1.9592875,137.52733,0,7.053435
2020,36.5,-1.0,1.9394808,138.99687,0,6.9821305
2020,36.5,-0.75,1.9559468,109.76835,0,7.0414085
2020,36.5,-0.5,2.011649,110.753845,0,7.2419357
2020,36.5,-0.25,2.0565307,114.202576,0,7.4035106
2020,36.5,0.0,2.0524623,115.56078,0,7.388864
2020,36.5,0.25,1.9440097,118.329704,0,6.9984345
2020,36.5,0.5,1.9419063,119.8144,0,6.990863
2020,36.5,0.75,1.656856,149.29369,0,5.964681
2020,36.5,1.0,1.3566618,147.93474,0,4.883982
2020,36.5,1.25,1.2141145,172.69765,0,4.3708124
2020,36.5,1.5,1.1468154,171.39922,0,4.1285353
2020,36.5,1.75,1.0716118,169.8012,0,3.8578022
2020,36.5,2.0,1.0275289,173.0974,0,3.6991038
2020,36.5,2.25,0.98034924,173.68703,0,3.5292573
2020,36.5,2.5,0.9483955,170.00658,0,3.4142237
2020,36.5,2.75,0.92012197,167.08466,0,3.312439
2020,36.5,3.0,0.79622847,163.55048,0,2.8664224
2020,36.5,3.25,0.7852909,221.60875,0,2.827047
2020,36.5,3.5,0.7610485,189.30168,0,2.7397745
2020,36.5,3.75,0.70470256,186.34955,0,2.5369291
2020,36.5,4.0,0.55738,193.75732,0,2.006568
2020,36.5,4.25,0.5204218,199.84326,0,1.8735185
2020,36.5,4.5,0.5198065,203.53929,0,1.8713033
2020,36.5,4.75,0.54280084,145.0038,0,1.954083
2020,36.5,5.0,0.54749805,145.51091,0,1.9709929
2020,36.5,5.25,0.6163899,173.45422,0,2.2190034
2020,36.5,5.5,0.6237157,207.06233,0,2.2453763
2020,36.5,5.75,0.64251363,261.4944,0,2.313049
2020,36.5,6.0,0.68845606,265.23087,0,2.4784417
2020,36.5,6.25,0.65033484,210.18056,0,2.3412054
2020,36.5,6.5,0.6991791,210.61017,0,2.5170448
2020,36.5,6.75,0.7501158,182.19945,0,2.7004168
2020,36.5,7.0,0.89151144,214.18658,0,3.2094412
2020,36.5,7.25,0.8638499,268.67258,0,3.1098595
2020,36.5,7.5,0.7830887,267.46323,0,2.8191192
2020,36.5,7.75,0.7038097,185.5067,0,2.5337148
2020,36.5,8.0,0.7954568,246.14984,0,2.8636446
2020,36.5,8.25,0.93721455,301.70578,0,3.3739724
2020,36.5,8.5,1.0352749,303.30777,0,3.7269895
2020,36.5,8.75,0.9734139,278.78622,0,3.5042899
2020,36.5,9.0,0.98822117,253.08656,0,3.5575962
2020,36.5,9.25,1.0268286,282.67337,0,3.696583
2020,36.5,9.5,0.9951091,284.17242,0,3.5823927
2020,36.5,9.75,0.9031715,282.2535,0,3.2514172
2020,36.5,10.0,0.9061547,285.67014,0,3.2621567
2020,36.5,10.25,0.90612596,293.56418,0,3.2620535
2020,36.5,10.5,1.0215808,298.38065,0,3.6776907
2020,36.5,10.75,1.2307793,279.33032,0,4.430805
2020,36.5,11.0,1.4879831,224.49263,0,5.356739
2020,36.5,11.25,1.8015295,255.16078,0,6.485506
2020,36.5,11.5,1.9528432,253.6845,0,7.0302353
2020,36.5,11.75,2.1039171,250.99532,0,7.5741014
2020,36.5,12.0,2.2455351,246.16383,0,8.083926
2020,36.25,-9.0,4.083105,262.79684,0,14.699178
2020,36.25,-8.75,3.853007,262.28152,0,13.870825
2020,36.25,-8.5,3.5385334,261.78726,0,12.73872
2020,36.25,-8.25,3.2489412,262.2584,0,11.696188
2020,36.25,-8.0,2.8977845,233.12407,0,10.432024
2020,36.25,-7.75,2.591994,236.20679,0,9.331179
2020,36.25,-7.5,2.335494,212.26033,0,8.407779
2020,36.25,-7.25,2.1331344,189.56429,0,7.6792836
2020,36.25,-7.0,2.076031,194.68553,0,7.4737115
2020,36.25,-6.75,2.069678,194.91316,0,7.450841
2020,36.25,-6.5,1.9610071,167.3622,0,7.0596256
2020,36.25,-6.25,2.0309181,140.74821,0,7.311305
2020,36.25,-6.0,1.9415798,146.3966,0,6.989687
2020,36.25,-5.75,1.6239352,144.70476,0,5.8461666
2020,36.25,-5.5,1.5193418,164.05728,0,5.4696302
2020,36.25,-5.25,1.4786115,164.55537,0,5.3230014
2020,36.25,-5.0,1.6081123,169.1204,0,5.789204
2020,36.25,-4.75,1.6805993,173.26964,0,6.0501575
2020,36.25,-4.5,1.8794088,209.6701,0,6.7658715
2020,36.25,-4.25,1.9026417,206.88579,0,6.8495097
2020,36.25,-4.0,2.0239859,201.80019,0,7.286349
2020,36.25,-3.75,2.0915198,188.42236,0,7.5294714
2020,36.25,-3.5,2.0343766,174.39807,0,7.3237557
2020,36.25,-3.25,2.0400546,160.88374,0,7.3441963
2020,36.25,-3.0,2.035481,144.63274,0,7.327731
2020,36.25,-2.75,2.0322964,131.36458,0,7.316267
2020,36.25,-2.5,2.1660066,128.83403,0,7.7976236
2020,36.25,-2.25,2.215608,94.82844,0,7.976188
2020,36.25,-2.0,2.305245,88.70736,0,8.298882
2020,36.25,-1.75,2.2277358,113.2977,0,8.019849
2020,36.25,-1.5,2.1167138,195.97868,0,7.620169
2020,36.25,-1.25,2.011647,194.13135,0,7.241929
2020,36.25,-1.0,1.9897856,161.88745,0,7.163228
2020,36.25,-0.75,1.9861885,160.37721,0,7.1502786
2020,36.25,-0.5,2.030175,132.12395,0,7.3086295
2020,36.25,-0.25,1.904781,161.03899,0,6.8572116
2020,36.25,0.0,1.843218,162.24037,0,6.6355844
2020,36.25,0.25,1.5821662,162.45544,0,5.695798
2020,36.25,0.5,1.3223033,162.68617,0,4.7602916
2020,36.25,0.75,1.0763236,187.24596,0,3.874765
2020,36.25,1.0,0.91393393,183.82597,0,3.290162
2020,36.25,1.25,0.8390789,153.1119,0,3.020684
2020,36.25,1.5,0.78268594,152.60948,0,2.8176694
2020,36.25,1.75,0.8032658,154.56451,0,2.8917568
2020,36.25,2.0,0.79905313,158.10521,0,2.8765912
2020,36.25,2.25,0.80097055,247.93623,0,2.883494
2020,36.25,2.5,0.74232125,220.35722,0,2.6723564
2020,36.25,2.75,0.72053885,215.36482,0,2.5939398
2020,36.25,3.0,0.7918641,250.5388,0,2.8507106
2020,36.25,3.25,0.79580325,253.46269,0,2.8648915
2020,36.25,3.5,0.7669649,223.11107,0,2.7610736
2020,36.25,3.75,0.67015386,229.09166,0,2.4125538
2020,36.25,4.0,0.5596497,233.05023,0,2.0147388
2020,36.25,4.25,0.49685082,206.02702,0,1.7886629
2020,36.25,4.5,0.46699253,202.42598,0,1.6811731
2020,36.25,4.75,0.49563494,169.91734,0,1.7842858
2020,36.25,5.0,0.54878896,209.49724,0,1.9756402
2020,36.25,5.25,0.5927859,235.8636,0,2.1340292
2020,36.25,5.5,0.72008586,276.98358,0,2.592309
2020,36.25,5.75,0.80821157,283.2498,0,2.9095616
2020,36.25,6.0,0.84131235,259.63275,0,3.0287244
2020,36.25,6.25,0.7532242,267.44287,0,2.711607
2020,36.25,6.5,0.735466,219.42604,0,2.6476777
2020,36.25,6.75,0.7888269,221.2155,0,2.8397768
2020,36.25,7.0,0.9003598,219.99084,0,3.2412953
2020,36.25,7.25,0.85991365,272.88574,0,3.095689
2020,36.25,7.5,0.78321743,270.79266,0,2.8195827
2020,36.25,7.75,0.9005101,280.01324,0,3.241836
2020,36.25,8.0,1.0647157,312.1603,0,3.8329766
2020,36.25,8.25,1.1202201,311.14218,0,4.032792
2020,36.25,8.5,0.8835123,272.1401,0,3.1806443
2020,36.25,8.75,0.8369592,253.20213,0,3.013053
2020,36.25,9.0,0.8773051,256.507,0,3.1582983
2020,36.25,9.25,0.92363304,256.00308,0,3.325079
2020,36.25,9.5,0.8986364,283.70105,0,3.235091
2020,36.25,9.75,0.89727545,292.46048,0,3.2301915
2020,36.25,10.0,0.94045687,298.09494,0,3.3856447
2020,36.25,10.25,0.9907498,246.85901,0,3.566699
2020,36.25,10.5,1.2538694,201.13458,0,4.51393
2020,36.25,10.75,1.5213957,207.08247,0,5.477024
2020,36.25,11.0,1.6677445,179.1996,0,6.00388
2020,36.25,11.25,1.7265288,231.02623,0,6.215503
2020,36.25,11.5,1.8689548,198.11719,0,6.728237
2020,36.25,11.75,2.0085585,220.21562,0,7.2308106
2020,36.25,12.0,2.1404383,270.20413,0,7.705578
2020,36.0,-9.0,4.1098228,264.32834,0,14.7953615
2020,36.0,-8.75,3.9069374,264.1699,0,14.064974
2020,36.0,-8.5,3.6759691,234.71382,0,13.233488
2020,36.0,-8.25,3.3817387,235.64238,0,12.174259
2020,36.0,-8.0,3.0900505,237.28416,0,11.124182
2020,36.0,-7.75,2.8328934,211.1845,0,10.198416
2020,36.0,-7.5,2.583905,186.50893,0,9.302057
2020,36.0,-7.25,2.419744,193.56636,0,8.711079
2020,36.0,-7.0,2.3386145,144.86739,0,8.419012
2020,36.0,-6.75,2.31572,128.54198,0,8.336592
2020,36.0,-6.5,2.4155176,131.99841,0,8.695863
2020,36.0,-6.25,2.4784434,135.83002,0,8.922396
2020,36.0,-6.0,2.3321543,140.16028,0,8.395755
2020,36.0,-5.75,1.8038436,141.5237,0,6.493837
2020,36.0,-5.5,1.6726246,158.13998,0,6.021448
2020,36.0,-5.25,1.8746189,168.86636,0,6.7486277
2020,36.0,-5.0,1.9538383,174.5468,0,7.033818
2020,36.0,-4.75,1.8937044,205.17326,0,6.8173356
2020,36.0,-4.5,1.9467955,205.20534,0,7.0084634
2020,36.0,-4.25,1.9791597,202.10832,0,7.1249747
2020,36.0,-4.0,1.9705873,198.85815,0,7.094114
2020,36.0,-3.75,2.01708,159.67914,0,7.261488
2020,36.0,-3.5,2.0698864,150.64555,0,7.451591
2020,36.0,-3.25,2.0499203,145.83887,0,7.379713
2020,36.0,-3.0,2.110535,138.85225,0,7.5979257
2020,36.0,-2.75,2.1575882,133.88292,0,7.7673173
2020,36.0,-2.5,2.212887,131.87294,0,7.966393
2020,36.0,-2.25,2.2543173,127.68024,0,8.115542
2020,36.0,-2.0,2.2510707,122.70121,0,8.103854
2020,36.0,-1.75,2.1696284,133.99,0,7.810662
2020,36.0,-1.5,2.0771265,133.40005,0,7.4776554
2020,36.0,-1.25,1.9828392,158.72554,0,7.1382213
2020,36.0,-1.0,1.9618801,184.9071,0,7.062768
2020,36.0,-0.75,1.9464045,211.30794,0,7.0070558
2020,36.0,-0.5,1.7067591,232.67015,0,6.1443324
2020,36.0,-0.25,1.6398574,221.99834,0,5.9034867
2020,36.0,0.0,1.4889134,211.18513,0,5.3600883
2020,36.0,0.25,1.2316178,238.22578,0,4.433824
2020,36.0,0.5,0.99395066,235.62848,0,3.5782223
2020,36.0,0.75,0.9045555,205.74054,0,3.2563996
2020,36.0,1.0,0.8451429,203.17424,0,3.0425143
2020,36.0,1.25,0.7950032,203.27806,0,2.8620114
2020,36.0,1.5,0.7704997,234.26012,0,2.773799
2020,36.0,1.75,0.7990818,234.60811,0,2.8766944
2020,36.0,2.0,0.88193303,239.29285,0,3.174959
2020,36.0,2.25,0.90749025,245.66878,0,3.266965
2020,36.0,2.5,0.8432494,250.28041,0,3.0356977
2020,36.0,2.75,0.7568724,258.0295,0,2.7247405
2020,36.0,3.0,0.8574757,230.94405,0,3.0869124
2020,36.0,3.25,0.8426239,233.18103,0,3.0334458
2020,36.0,3.5,0.8877468,241.51276,0,3.1958885
2020,36.0,3.75,0.83396125,255.1303,0,3.0022604
2020,36.0,4.0,0.7527568,207.81273,0,2.7099242
2020,36.0,4.25,0.5150898,211.59601,0,1.8543233
2020,36.0,4.5,0.46071354,158.96265,0,1.6585687
2020,36.0,4.75,0.42254904,164.9947,0,1.5211765
2020,36.0,5.0,0.49030516,226.4434,0,1.7650986
2020,36.0,5.25,0.58932924,234.3075,0,2.1215851
2020,36.0,5.5,0.6789768,232.86536,0,2.4443164
2020,36.0,5.75,0.7410088,240.31038,0,2.6676316
2020,36.0,6.0,0.8531111,279.47812,0,3.0712
2020,36.0,6.25,0.7870931,262.30484,0,2.8335352
2020,36.0,6.5,0.75449544,245.06822,0,2.7161834
2020,36.0,6.75,0.76569504,223.89313,0,2.7565022
2020,36.0,7.0,0.84889287,253.39,0,3.0560143
2020,36.0,7.25,0.82674193,274.2603,0,2.976271
2020,36.0,7.5,0.9429962,272.617,0,3.3947864
2020,36.0,7.75,1.0780168,279.59866,0,3.8808603
2020,36.0,8.0,1.124384,282.8948,0,4.0477824
2020,36.0,8.25,0.90624547,281.0981,0,3.2624836
2020,36.0,8.5,0.7167706,256.76468,0,2.580374
2020,36.0,8.75,0.755866,259.65912,0,2.7211175
2020,36.0,9.0,0.83103114,260.25998,0,2.991712
2020,36.0,9.25,0.9110036,259.78873,0,3.2796128
2020,36.0,9.5,0.8700432,265.97144,0,3.1321554
2020,36.0,9.75,0.9126975,272.59866,0,3.2857108
2020,36.0,10.0,0.95075065,220.9981,0,3.4227023
2020,36.0,10.25,0.9849043,198.19621,0,3.5456553
2020,36.0,10.5,1.3001119,178.92403,0,4.6804028
2020,36.0,10.75,1.587834,183.91852,0,5.7162023
2020,36.0,11.0,1.7265164,156.97652,0,6.215459
2020,36.0,11.25,1.7200713,178.02489,0,6.1922565
2020,36.0,11.5,1.8199782,197.51869,0,6.5519214
2020,36.0,11.75,1.9520072,191.10828,0,7.0272255
2020,36.0,12.0,2.0444484,186.6543,0,7.360014
2020,35.75,-9.0,4.133083,264.94315,0,14.879098
2020,35.75,-8.75,3.9659107,264.8657,0,14.277278
2020,35.75,-8.5,3.7322133,235.73145,0,13.435967
2020,35.75,-8.25,3.5104644,236.58032,0,12.637671
2020,35.75,-8.0,3.2534714,238.12349,0,11.712497
2020,35.75,-7.75,3.0142944,241.49736,0,10.8514595
2020,35.75,-7.5,2.7885993,184.48497,0,10.038957
2020,35.75,-7.25,2.5938222,190.39027,0,9.33776
2020,35.75,-7.0,2.4923432,167.14357,0,8.972435
2020,35.75,-6.75,2.4093926,114.19602,0,8.673813
2020,35.75,-6.5,2.4485276,121.9338,0,8.814699
2020,35.75,-6.25,2.2295053,128.43422,0,8.026218
2020,35.75,-6.0,2.014941,134.85814,0,7.2537875
2020,35.75,-5.75,1.5085125,139.93047,0,5.430645
2020,35.75,-5.5,1.4398512,150.9811,0,5.183464
2020,35.75,-5.25,1.6233414,167.81456,0,5.844029
2020,35.75,-5.0,1.819892,175.34515,0,6.5516114
2020,35.75,-4.75,1.9362644,175.34709,0,6.9705515
2020,35.75,-4.5,2.0603454,170.51807,0,7.4172435
2020,35.75,-4.25,2.1940033,168.16127,0,7.8984118
2020,35.75,-4.0,2.1856115,143.4901,0,7.8682013
2020,35.75,-3.75,2.165389,145.28876,0,7.7954006
2020,35.75,-3.5,2.058199,144.75957,0,7.409516
2020,35.75,-3.25,2.0396996,141.78108,0,7.3429184
2020,35.75,-3.0,2.0195649,139.60936,0,7.2704334
2020,35.75,-2.75,2.048039,136.68811,0,7.37294
2020,35.75,-2.5,2.1020226,164.1338,0,7.5672812
2020,35.75,-2.25,2.1236603,161.51297,0,7.645177
2020,35.75,-2.0,2.1341116,161.84996,0,7.6828017
2020,35.75,-1.75,2.0988138,162.19197,0,7.5557294
2020,35.75,-1.5,1.9275765,187.73897,0,6.9392753
2020,35.75,-1.25,1.8487115,212.61055,0,6.655361
2020,35.75,-1.0,1.650252,205.51076,0,5.940907
2020,35.75,-0.75,1.6121793,225.76378,0,5.8038454
2020,35.75,-0.5,1.405243,247.23846,0,5.0588746
2020,35.75,-0.25,1.249947,244.98976,0,4.499809
2020,35.75,0.0,1.1167547,265.9617,0,4.0203166
2020,35.75,0.25,1.0713905,265.8077,0,3.8570058
2020,35.75,0.5,1.0734026,267.6876,0,3.8642495
2020,35.75,0.75,0.9794819,267.18674,0,3.5261347
2020,35.75,1.0,0.9125232,261.68704,0,3.2850835
2020,35.75,1.25,0.89456725,261.89313,0,3.220442
2020,35.75,1.5,0.87633324,261.54507,0,3.1547995
2020,35.75,1.75,0.8493557,270.0697,0,3.0576804
2020,35.75,2.0,0.9875805,278.67044,0,3.5552897
2020,35.75,2.25,1.0758646,286.9701,0,3.8731122
2020,35.75,2.5,0.9940603,288.8621,0,3.5786169
2020,35.75,2.75,0.9084018,262.9487,0,3.2702463
2020,35.75,3.0,0.9059613,231.40692,0,3.2614605
2020,35.75,3.25,0.92884046,234.1559,0,3.3438256
2020,35.75,3.5,1.0254908,242.36607,0,3.6917667
2020,35.75,3.75,1.1218911,245.56065,0,4.038808
2020,35.75,4.0,0.9932392,227.69035,0,3.5756612
2020,35.75,4.25,0.6823341,233.26546,0,2.4564028
2020,35.75,4.5,0.6288621,155.3442,0,2.2639034
2020,35.75,4.75,0.53999,163.2433,0,1.943964
2020,35.75,5.0,0.51416194,166.84076,0,1.8509829
2020,35.75,5.25,0.40673482,228.8825,0,1.4642453
2020,35.75,5.5,0.39844918,230.18578,0,1.434417
2020,35.75,5.75,0.49444857,246.53905,0,1.7800149
2020,35.75,6.0,0.6557719,261.18222,0,2.3607788
2020,35.75,6.25,0.63553756,275.0351,0,2.2879353
2020,35.75,6.5,0.7526259,287.34738,0,2.709453
2020,35.75,6.75,0.73200387,264.92035,0,2.6352139
2020,35.75,7.0,0.72001266,269.27884,0,2.5920455
2020,35.75,7.25,0.78879356,260.71237,0,2.8396568
2020,35.75,7.5,0.91908044,262.0342,0,3.3086896
2020,35.75,7.75,0.9486595,263.2443,0,3.415174
2020,35.75,8.0,0.8428917,264.13953,0,3.03441
2020,35.75,8.25,0.6603859,252.23431,0,2.3773892
2020,35.75,8.5,0.7246632,259.42017,0,2.6087875
2020,35.75,8.75,0.811873,262.81335,0,2.9227428
2020,35.75,9.0,0.90906435,270.99637,0,3.2726316
2020,35.75,9.25,0.91615087,273.36554,0,3.2981431
2020,35.75,9.5,0.8875313,276.80664,0,3.1951125
2020,35.75,9.75,0.8229533,225.57043,0,2.9626317
2020,35.75,10.0,0.8791025,204.00531,0,3.164769
2020,35.75,10.25,0.88293,176.79079,0,3.1785479
2020,35.75,10.5,0.93463755,177.86955,0,3.364695
2020,35.75,10.75,1.1954108,153.3675,0,4.3034787
2020,35.75,11.0,1.5074462,157.02332,0,5.426806
2020,35.75,11.25,1.7794896,154.26125,0,6.4061627
2020,35.75,11.5,1.8161169,174.56288,0,6.5380206
2020,35.75,11.75,1.9172434,196.72089,0,6.902076
2020,35.75,12.0,1.9987417,192.82896,0,7.1954703
2020,35.5,-9.0,4.1122503,235.26308,0,14.804101
2020,35.5,-8.75,3.970935,234.9822,0,14.295366
2020,35.5,-8.5,3.787798,235.48161,0,13.636072
2020,35.5,-8.25,3.5772445,236.43213,0,12.87808
2020,35.5,-8.0,3.3511536,237.11926,0,12.064153
2020,35.5,-7.75,3.1030986,239.09297,0,11.171155
2020,35.5,-7.5,2.8703337,241.13387,0,10.333201
2020,35.5,-7.25,2.643506,182.52727,0,9.516622
2020,35.5,-7.0,2.4803593,186.16875,0,8.929294
2020,35.5,-6.75,2.3203769,189.67511,0,8.353356
2020,35.5,-6.5,2.001866,188.81908,0,7.206718
2020,35.5,-6.25,1.557773,160.6455,0,5.6079826
2020,35.5,-6.0,1.119077,133.04482,0,4.028677
2020,35.5,-5.75,0.9318681,144.98735,0,3.354725
2020,35.5,-5.5,0.8441885,157.28465,0,3.0390785
2020,35.5,-5.25,0.8654155,166.92209,0,3.1154957
2020,35.5,-5.0,1.2972153,161.3837,0,4.6699753
2020,35.5,-4.75,1.8184711,151.34438,0,6.546496
2020,35.5,-4.5,2.1727233,147.97386,0,7.8218036
2020,35.5,-4.25,2.3044498,144.88582,0,8.296019
2020,35.5,-4.0,2.2756927,145.12752,0,8.192493
2020,35.5,-3.75,2.149114,143.98685,0,7.7368097
2020,35.5,-3.5,1.987693,142.54944,0,7.1556945
2020,35.5,-3.25,1.8387532,170.87001,0,6.6195116
2020,35.5,-3.0,1.7491469,170.31908,0,6.296929
2020,35.5,-2.75,1.8635917,168.61528,0,6.70893
2020,35.5,-2.5,1.9967526,166.43446,0,7.188309
2020,35.5,-2.25,2.017585,164.02675,0,7.263306
2020,35.5,-2.0,1.9613441,191.46193,0,7.0608387
2020,35.5,-1.75,1.9333067,185.27881,0,6.9599037
2020,35.5,-1.5,1.7123846,209.4694,0,6.164584
2020,35.5,-1.25,1.4111043,206.47919,0,5.0799756
2020,35.5,-1.0,1.1045426,209.20961,0,3.9763534
2020,35.5,-0.75,1.1538429,241.74847,0,4.1538343
2020,35.5,-0.5,1.1743904,274.71738,0,4.2278056
2020,35.5,-0.25,1.091417,274.40604,0,3.929101
2020,35.5,0.0,0.96693975,268.31433,0,3.480983
2020,35.5,0.25,1.1014436,270.4069,0,3.965197
2020,35.5,0.5,1.119595,270.92847,0,4.030542
2020,35.5,0.75,1.0729903,269.296,0,3.862765
2020,35.5,1.0,1.0124187,264.65247,0,3.6447074
2020,35.5,1.25,1.06386,269.3987,0,3.8298962
2020,35.5,1.5,1.1474228,275.4632,0,4.130722
2020,35.5,1.75,1.1881055,285.44714,0,4.2771797
2020,35.5,2.0,1.2269878,293.89294,0,4.417156
2020,35.5,2.25,1.1672559,297.2954,0,4.2021213
2020,35.5,2.5,1.0887209,296.28207,0,3.9193952
2020,35.5,2.75,1.0182972,232.57207,0,3.6658697
2020,35.5,3.0,0.962598,230.19466,0,3.4653528
2020,35.5,3.25,0.9980459,226.92058,0,3.5929651
2020,35.5,3.5,1.0876865,230.17676,0,3.9156713
2020,35.5,3.75,1.2012366,236.86621,0,4.3244514
2020,35.5,4.0,1.1723856,243.6214,0,4.2205877
2020,35.5,4.25,0.9672477,237.78064,0,3.4820917
2020,35.5,4.5,0.75361425,233.36589,0,2.7130113
2020,35.5,4.75,0.70295066,185.36998,0,2.5306222
2020,35.5,5.0,0.7367688,165.40546,0,2.6523676
2020,35.5,5.25,0.5150997,169.453,0,1.8543589
2020,35.5,5.5,0.4505522,149.79622,0,1.6219878
2020,35.5,5.75,0.35016048,154.83414,0,1.2605777
2020,35.5,6.0,0.46721134,222.70752,0,1.6819608
2020,35.5,6.25,0.6746612,256.29468,0,2.4287803
2020,35.5,6.5,0.78707457,269.44894,0,2.8334684
2020,35.5,6.75,0.79927605,275.89224,0,2.8773937
2020,35.5,7.0,0.70602816,279.9538,0,2.5417013
2020,35.5,7.25,0.75192946,275.72134,0,2.706946
2020,35.5,7.5,0.78837174,275.72318,0,2.838138
2020,35.5,7.75,0.7812535,244.7688,0,2.8125126
2020,35.5,8.0,0.7377545,249.8955,0,2.6559162
2020,35.5,8.25,0.8371274,258.83197,0,3.0136585
2020,35.5,8.5,0.9344782,267.28772,0,3.3641214
2020,35.5,8.75,0.9379682,272.31778,0,3.3766854
2020,35.5,9.0,0.9536523,277.09494,0,3.4331484
2020,35.5,9.25,0.8675177,277.75076,0,3.1230636
2020,35.5,9.5,0.7663823,199.99013,0,2.7589762
2020,35.5,9.75,0.73699945,208.58704,0,2.653198
2020,35.5,10.0,0.7970906,182.09264,0,2.8695261
2020,35.5,10.25,0.8104773,156.30992,0,2.9177182
2020,35.5,10.5,0.7998194,154.19582,0,2.8793497
2020,35.5,10.75,0.8725369,153.13374,0,3.1411328
2020,35.5,11.0,1.1040304,156.31871,0,3.9745092
2020,35.5,11.25,1.5837451,127.59613,0,5.7014823
2020,35.5,11.5,1.8290571,153.208,0,6.584605
2020,35.5,11.75,1.9259793,176.18553,0,6.933525
2020,35.5,12.0,1.9818888,200.02264,0,7.1347995
2020,35.25,-9.0,4.1186223,234.3769,0,14.82704
2020,35.25,-8.75,3.9744244,233.94508,0,14.307927
2020,35.25,-8.5,3.781511,234.37556,0,13.61344
2020,35.25,-8.25,3.5698316,235.01302,0,12.851394
2020,35.25,-8.0,3.346609,235.48842,0,12.047792
2020,35.25,-7.75,3.0971844,236.47716,0,11.149863
2020,35.25,-7.5,2.8597925,236.84157,0,10.295253
2020,35.25,-7.25,2.620229,236.98418,0,9.432824
2020,35.25,-7.0,2.3384383,236.99196,0,8.418378
2020,35.25,-6.75,2.1418142,234.84442,0,7.710531
2020,35.25,-6.5,1.8314422,229.67279,0,6.593192
2020,35.25,-6.25,1.3599974,255.34174,0,4.8959904
2020,35.25,-6.0,0.65600777,188.941,0,2.3616278
2020,35.25,-5.75,0.6112442,142.2661,0,2.200479
2020,35.25,-5.5,0.54881173,150.28334,0,1.9757222
2020,35.25,-5.25,0.4789664,165.53575,0,1.7242789
2020,35.25,-5.0,0.51051944,135.46391,0,1.83787
2020,35.25,-4.75,0.7895928,132.28241,0,2.842534
2020,35.25,-4.5,1.1742939,126.11868,0,4.227458
2020,35.25,-4.25,1.4114395,153.3261,0,5.081182
2020,35.25,-4.0,1.5202976,152.15282,0,5.4730716
2020,35.25,-3.75,1.4596796,150.57875,0,5.2548466
2020,35.25,-3.5,1.3950886,150.24687,0,5.022319
2020,35.25,-3.25,1.2702285,176.68982,0,4.5728226
2020,35.25,-3.0,1.1415734,174.78296,0,4.1096644
2020,35.25,-2.75,1.4318938,144.00299,0,5.1548176
2020,35.25,-2.5,1.621572,141.97809,0,5.837659
2020,35.25,-2.25,1.6662086,167.68819,0,5.998351
2020,35.25,-2.0,1.6160749,190.3806,0,5.8178697
2020,35.25,-1.75,1.5638455,210.12903,0,5.6298437
2020,35.25,-1.5,1.3297398,232.09404,0,4.787063
2020,35.25,-1.25,1.0363888,244.4535,0,3.7309995
2020,35.25,-1.0,0.90852356,241.88751,0,3.2706847
2020,35.25,-0.75,1.0684174,277.31982,0,3.8463027
2020,35.25,-0.5,1.1534634,280.1393,0,4.152468
2020,35.25,-0.25,1.1162919,280.96573,0,4.0186505
2020,35.25,0.0,0.95184404,277.50613,0,3.4266384
2020,35.25,0.25,1.0286576,277.19043,0,3.7031672
2020,35.25,0.5,1.0260636,274.98996,0,3.6938288
2020,35.25,0.75,0.9806234,272.0347,0,3.5302444
2020,35.25,1.0,0.95860547,269.46463,0,3.4509797
2020,35.25,1.25,1.1445745,272.52203,0,4.120468
2020,35.25,1.5,1.2905401,272.66882,0,4.645944
2020,35.25,1.75,1.3530326,273.87448,0,4.8709173
2020,35.25,2.0,1.2555573,280.18362,0,4.520006
2020,35.25,2.25,1.1511527,284.65573,0,4.14415
2020,35.25,2.5,1.0953096,282.62708,0,3.9431145
2020,35.25,2.75,1.0471104,279.20514,0,3.7695975
2020,35.25,3.0,0.9323783,273.2762,0,3.3565617
2020,35.25,3.25,0.90670323,266.62393,0,3.2641315
2020,35.25,3.5,0.9546501,268.84668,0,3.4367404
2020,35.25,3.75,1.0210437,272.85007,0,3.6757572
2020,35.25,4.0,1.0822915,276.26614,0,3.8962493
2020,35.25,4.25,0.9865451,248.5247,0,3.5515623
2020,35.25,4.5,1.0058113,240.40967,0,3.6209207
2020,35.25,4.75,1.0158886,236.36884,0,3.6571987
2020,35.25,5.0,0.8232944,243.23846,0,2.9638598
2020,35.25,5.25,0.69378537,247.30653,0,2.4976273
2020,35.25,5.5,0.6819517,138.63081,0,2.4550261
2020,35.25,5.75,0.5687893,144.55472,0,2.0476415
2020,35.25,6.0,0.50544995,180.87697,0,1.8196198
2020,35.25,6.25,0.6078667,256.34152,0,2.1883202
2020,35.25,6.5,0.7312844,261.50345,0,2.6326237
2020,35.25,6.75,0.7231603,263.7159,0,2.603377
2020,35.25,7.0,0.65783024,265.6808,0,2.3681889
2020,35.25,7.25,0.81562513,274.82355,0,2.9362504
2020,35.25,7.5,0.84802514,281.17206,0,3.0528905
2020,35.25,7.75,0.85619956,288.95123,0,3.0823183
2020,35.25,8.0,0.88422424,292.804,0,3.1832073
2020,35.25,8.25,1.0062692,298.49332,0,3.622569
2020,35.25,8.5,0.97052336,303.90744,0,3.493884
2020,35.25,8.75,0.8764348,278.16748,0,3.1551652
2020,35.25,9.0,0.7820708,277.33426,0,2.815455
2020,35.25,9.25,0.7235916,203.80501,0,2.6049297
2020,35.25,9.5,0.69189566,183.26056,0,2.4908242
2020,35.25,9.75,0.68199134,189.23567,0,2.4551687
2020,35.25,10.0,0.7087055,160.89568,0,2.5513396
2020,35.25,10.25,0.78131485,163.75246,0,2.8127334
2020,35.25,10.5,0.8738177,163.53947,0,3.1457436
2020,35.25,10.75,0.9791534,163.02574,0,3.5249522
2020,35.25,11.0,1.171995,135.40038,0,4.219182
2020,35.25,11.25,1.6400547,133.60144,0,5.9041967
2020,35.25,11.5,1.9001144,129.56975,0,6.8404117
2020,35.25,11.75,1.9803325,154.4506,0,7.1291966
2020,35.25,12.0,1.9526039,179.76807,0,7.029374
2020,35.0,-9.0,4.0466905,233.1092,0,14.568086
2020,35.0,-8.75,3.9050777,232.50606,0,14.058279
2020,35.0,-8.5,3.7445877,231.60814,0,13.4805155
2020,35.0,-8.25,3.5665026,231.01154,0,12.839409
2020,35.0,-8.0,3.3629303,232.1773,0,12.106548
2020,35.0,-7.75,3.0875146,232.64165,0,11.115052
2020,35.0,-7.5,2.8301857,233.69818,0,10.188668
2020,35.0,-7.25,2.5648935,233.45366,0,9.233616
2020,35.0,-7.0,2.2476242,232.24153,0,8.091447
2020,35.0,-6.75,2.0464048,257.3812,0,7.3670573
2020,35.0,-6.5,1.7521615,251.34084,0,6.307781
2020,35.0,-6.25,1.3280787,245.13905,0,4.7810836
2020,35.0,-6.0,0.71557575,237.4463,0,2.5760727
2020,35.0,-5.75,0.56837577,229.27728,0,2.0461526
2020,35.0,-5.5,0.55058324,176.45782,0,1.9820997
2020,35.0,-5.25,0.5056249,170.33263,0,1.8202496
2020,35.0,-5.0,0.4883943,131.0933,0,1.7582194
2020,35.0,-4.75,0.45875207,138.46568,0,1.6515074
2020,35.0,-4.5,0.42610586,144.35286,0,1.5339811
2020,35.0,-4.25,0.41652,180.97557,0,1.4994719
2020,35.0,-4.0,0.44365025,191.0001,0,1.5971408
2020,35.0,-3.75,0.47999883,212.87407,0,1.7279958
2020,35.0,-3.5,0.632021,157.13457,0,2.2752755
2020,35.0,-3.25,0.7773234,150.84108,0,2.7983642
2020,35.0,-3.0,0.8861272,146.67082,0,3.1900578
2020,35.0,-2.75,0.89336157,115.01324,0,3.2161016
2020,35.0,-2.5,0.8799241,142.14632,0,3.1677268
2020,35.0,-2.25,0.8510758,197.14417,0,3.0638728
2020,35.0,-2.0,0.9002085,220.85577,0,3.2407503
2020,35.0,-1.75,0.8744948,274.63004,0,3.1481812
2020,35.0,-1.5,0.8462685,279.53445,0,3.0465665
2020,35.0,-1.25,0.8502312,275.1392,0,3.060832
2020,35.0,-1.0,0.98873764,278.23398,0,3.5594554
2020,35.0,-0.75,1.0754672,283.41666,0,3.871682
2020,35.0,-0.5,1.0700877,284.48413,0,3.8523154
2020,35.0,-0.25,0.988689,282.863,0,3.5592804
2020,35.0,0.0,0.89911646,278.02432,0,3.2368193
2020,35.0,0.25,1.0347167,278.62918,0,3.72498
2020,35.0,0.5,1.070501,278.16998,0,3.8538034
2020,35.0,0.75,1.0263467,277.6996,0,3.694848
2020,35.0,1.0,0.94295615,276.15244,0,3.394642
2020,35.0,1.25,1.0864683,286.6973,0,3.9112859
2020,35.0,1.5,1.262691,289.1826,0,4.5456877
2020,35.0,1.75,1.3954597,289.74478,0,5.0236545
2020,35.0,2.0,1.3863901,290.01248,0,4.991004
2020,35.0,2.25,1.2363614,287.66068,0,4.450901
2020,35.0,2.5,1.126555,280.27603,0,4.055598
2020,35.0,2.75,1.0332116,270.11057,0,3.7195616
2020,35.0,3.0,0.8992524,259.74557,0,3.2373085
2020,35.0,3.25,0.87609035,256.8695,0,3.1539252
2020,35.0,3.5,0.90922284,258.09012,0,3.2732022
2020,35.0,3.75,0.9616919,261.94742,0,3.4620907
2020,35.0,4.0,1.0170122,267.6308,0,3.661244
2020,35.0,4.25,0.9642171,264.82986,0,3.4711816
2020,35.0,4.5,0.99598885,259.7628,0,3.5855598
2020,35.0,4.75,1.0370871,264.71848,0,3.7335134
2020,35.0,5.0,1.114897,273.12015,0,4.013629
2020,35.0,5.25,1.1323037,254.74629,0,4.0762935
2020,35.0,5.5,1.1480742,152.29697,0,4.1330667
2020,35.0,5.75,1.0087972,136.64174,0,3.6316698
2020,35.0,6.0,0.5693806,188.4264,0,2.04977
2020,35.0,6.25,0.48997882,214.36281,0,1.7639238
2020,35.0,6.5,0.52597296,243.53026,0,1.8935026
2020,35.0,6.75,0.5777716,247.33699,0,2.0799778
2020,35.0,7.0,0.6673615,257.32162,0,2.4025013
2020,35.0,7.25,0.87643987,263.78503,0,3.1551836
2020,35.0,7.5,0.9851993,266.20822,0,3.5467174
2020,35.0,7.75,1.0200014,267.70377,0,3.672005
2020,35.0,8.0,1.0140744,271.12308,0,3.650668
2020,35.0,8.25,1.0396074,306.56604,0,3.7425866
2020,35.0,8.5,0.9900379,267.56705,0,3.5641365
2020,35.0,8.75,0.91593903,247.46,0,3.2973804
2020,35.0,9.0,0.807995,208.6858,0,2.908782
2020,35.0,9.25,0.7906552,185.42572,0,2.8463585
2020,35.0,9.5,0.8117816,195.58008,0,2.9224136
2020,35.0,9.75,0.8471424,170.38863,0,3.0497127
2020,35.0,10.0,0.8697036,141.62044,0,3.1309328
2020,35.0,10.25,0.97310466,141.44957,0,3.5031767
2020,35.0,10.5,1.1843675,111.53143,0,4.263723
2020,35.0,10.75,1.4575838,112.42739,0,5.2473016
2020,35.0,11.0,1.8126097,115.09733,0,6.5253944
2020,35.0,11.25,1.9637985,111.729195,0,7.0696745
2020,35.0,11.5,2.0097744,106.568565,0,7.235188
2020,35.0,11.75,1.9882039,100.99621,0,7.1575336
2020,35.0,12.0,1.9951239,157.59134,0,7.1824455
2020,34.75,-9.0,4.017723,263.192,0,14.463802
2020,34.75,-8.75,3.8620965,262.41757,0,13.903547
2020,34.75,-8.5,3.6845636,260.70917,0,13.264429
2020,34.75,-8.25,3.491924,288.99216,0,12.570927
2020,34.75,-8.0,3.2636592,287.45425,0,11.749173
2020,34.75,-7.75,3.0277846,273.35962,0,10.900024
2020,34.75,-7.5,2.763417,267.14417,0,9.948301
2020,34.75,-7.25,2.4776158,263.88748,0,8.919416
2020,34.75,-7.0,2.205192,259.95837,0,7.938691
2020,34.75,-6.75,1.9377583,253.66927,0,6.9759297
2020,34.75,-6.5,1.4765677,247.97725,0,5.315644
2020,34.75,-6.25,1.0126599,240.67358,0,3.6455755
2020,34.75,-6.0,0.8270708,235.19208,0,2.9774547
2020,34.75,-5.75,0.90689,234.83488,0,3.264804
2020,34.75,-5.5,0.83946604,235.93909,0,3.0220776
2020,34.75,-5.25,0.75589657,237.26909,0,2.7212276
2020,34.75,-5.0,0.62003857,210.45227,0,2.2321389
2020,34.75,-4.75,0.5146283,203.62321,0,1.8526618
2020,34.75,-4.5,0.48241222,222.04875,0,1.736684
2020,34.75,-4.25,0.5099365,207.539,0,1.8357714
2020,34.75,-4.0,0.6293015,218.42271,0,2.2654853
2020,34.75,-3.75,0.6351809,218.1557,0,2.2866511
2020,34.75,-3.5,0.710402,230.43506,0,2.5574472
2020,34.75,-3.25,0.85532945,180.61867,0,3.079186
2020,34.75,-3.0,1.0327505,57.57611,0,3.7179017
2020,34.75,-2.75,0.89631337,144.35115,0,3.226728
2020,34.75,-2.5,0.81199175,164.5326,0,2.9231703
2020,34.75,-2.25,0.82777834,255.1734,0,2.980002
2020,34.75,-2.0,0.82446337,255.48344,0,2.9680681
2020,34.75,-1.75,0.71727544,250.15863,0,2.5821915
2020,34.75,-1.5,0.70940036,247.57393,0,2.553841
2020,34.75,-1.25,0.78980535,280.7789,0,2.8432992
2020,34.75,-1.0,0.9486885,283.95145,0,3.4152784
2020,34.75,-0.75,0.98649794,255.9222,0,3.5513926
2020,34.75,-0.5,0.97721,255.87317,0,3.5179558
2020,34.75,-0.25,0.9350815,255.13239,0,3.3662932
2020,34.75,0.0,0.95949936,288.52103,0,3.4541976
2020,34.75,0.25,1.0907005,293.04254,0,3.9265218
2020,34.75,0.5,1.1309189,291.9999,0,4.0713077
2020,34.75,0.75,1.0939325,290.92245,0,3.9381568
2020,34.75,1.0,1.0064467,291.83676,0,3.623208
2020,34.75,1.25,1.0899254,295.10593,0,3.9237313
2020,34.75,1.5,1.1956471,293.9858,0,4.3043294
2020,34.75,1.75,1.3199081,291.04596,0,4.7516694
2020,34.75,2.0,1.4508991,283.23013,0,5.2232366
2020,34.75,2.25,1.2671181,270.87808,0,4.561625
2020,34.75,2.5,1.1249175,262.43167,0,4.049703
2020,34.75,2.75,0.9705879,255.6281,0,3.4941163
2020,34.75,3.0,0.89548904,253.54314,0,3.2237604
2020,34.75,3.25,0.89537317,259.7554,0,3.2233434
2020,34.75,3.5,0.986883,270.476,0,3.5527787
2020,34.75,3.75,1.1031109,277.52902,0,3.9711993
2020,34.75,4.0,1.1651335,285.205,0,4.1944804
2020,34.75,4.25,1.0120707,271.65015,0,3.6434543
2020,34.75,4.5,1.0523814,277.47244,0,3.788573
2020,34.75,4.75,1.1516756,252.50444,0,4.146032
2020,34.75,5.0,1.2499689,195.36272,0,4.499888
2020,34.75,5.25,1.2310735,170.91663,0,4.4318643
2020,34.75,5.5,1.2612656,179.53752,0,4.540556
2020,34.75,5.75,1.1695734,158.48268,0,4.210464
2020,34.75,6.0,0.9288079,168.82503,0,3.3437085
2020,34.75,6.25,0.901608,110.20576,0,3.2457886
2020,34.75,6.5,0.80082625,108.73102,0,2.8829744
2020,34.75,6.75,0.7390438,106.62024,0,2.6605575
2020,34.75,7.0,0.76694185,74.99988,0,2.7609906
2020,34.75,7.25,0.8329842,135.03032,0,2.998743
2020,34.75,7.5,0.82626814,219.91353,0,2.9745653
2020,34.75,7.75,0.84934235,225.2903,0,3.0576324
2020,34.75,8.0,0.94034666,219.11873,0,3.385248
2020,34.75,8.25,1.0992824,247.65157,0,3.9574165
2020,34.75,8.5,1.1482548,220.28453,0,4.133717
2020,34.75,8.75,1.1134032,164.51996,0,4.008251
2020,34.75,9.0,0.98468477,140.8246,0,3.5448651
2020,34.75,9.25,1.02067,173.12334,0,3.674412
2020,34.75,9.5,1.1144991,171.73132,0,4.0121965
2020,34.75,9.75,1.2026281,172.15625,0,4.329461
2020,34.75,10.0,1.3622004,114.764305,0,4.903921
2020,34.75,10.25,1.445217,115.860405,0,5.202781
2020,34.75,10.5,1.6475377,116.76072,0,5.9311357
2020,34.75,10.75,1.8915459,118.11027,0,6.809565
2020,34.75,11.0,2.1469939,119.02939,0,7.729178
2020,34.75,11.25,2.1750307,116.22363,0,7.8301105
2020,34.75,11.5,2.1543415,112.31665,0,7.755629
2020,34.75,11.75,2.1210027,107.91669,0,7.6356096
2020,34.75,12.0,2.0915945,103.82043,0,7.52974
2020,34.5,-9.0,3.9201138,234.65428,0,14.11241
2020,34.5,-8.75,3.7636034,263.23526,0,13.548972
2020,34.5,-8.5,3.5814898,261.3671,0,12.893363
2020,34.5,-8.25,3.3736703,287.86862,0,12.145213
2020,34.5,-8.0,3.139518,282.33957,0,11.302264
2020,34.5,-7.75,2.8931456,274.74173,0,10.415324
2020,34.5,-7.5,2.5790613,269.30585,0,9.28462
2020,34.5,-7.25,2.2785385,264.64465,0,8.202738
2020,34.5,-7.0,2.1535883,258.05447,0,7.752918
2020,34.5,-6.75,1.887895,250.417,0,6.796422
2020,34.5,-6.5,1.4187593,243.33492,0,5.1075335
2020,34.5,-6.25,0.9669152,235.3153,0,3.4808946
2020,34.5,-6.0,0.8614662,233.05524,0,3.1012783
2020,34.5,-5.75,0.9930307,234.95345,0,3.5749106
2020,34.5,-5.5,1.0808697,236.79008,0,3.8911307
2020,34.5,-5.25,1.0076939,236.63814,0,3.627698
2020,34.5,-5.0,0.9575822,237.51624,0,3.4472957
2020,34.5,-4.75,0.76523966,214.86751,0,2.7548628
2020,34.5,-4.5,0.65555704,206.18373,0,2.3600054
2020,34.5,-4.25,0.658364,175.46208,0,2.3701103
2020,34.5,-4.0,0.8280813,199.04189,0,2.9810927
2020,34.5,-3.75,0.878962,261.9405,0,3.164263
2020,34.5,-3.5,1.0343093,235.03639,0,3.7235134
2020,34.5,-3.25,1.1291732,212.19618,0,4.0650234
2020,34.5,-3.0,1.0612653,163.80017,0,3.8205552
2020,34.5,-2.75,0.8673813,186.43056,0,3.1225724
2020,34.5,-2.5,0.84553194,243.60316,0,3.0439148
2020,34.5,-2.25,0.8814547,248.42918,0,3.1732368
2020,34.5,-2.0,0.85510945,248.13286,0,3.078394
2020,34.5,-1.75,0.7566388,248.18044,0,2.7238996
2020,34.5,-1.5,0.8258689,260.50058,0,2.973128
2020,34.5,-1.25,0.9845154,261.9756,0,3.5442555
2020,34.5,-1.0,1.0290302,267.21512,0,3.7045085
2020,34.5,-0.75,1.0375563,270.03525,0,3.7352026
2020,34.5,-0.5,1.0192251,271.23444,0,3.6692104
2020,34.5,-0.25,1.0019268,274.30295,0,3.6069362
2020,34.5,0.0,1.0360633,277.50845,0,3.729828
2020,34.5,0.25,1.1663443,276.2933,0,4.198839
2020,34.5,0.5,1.2057353,303.27042,0,4.340647
2020,34.5,0.75,1.1719385,302.0798,0,4.2189784
2020,34.5,1.0,1.1551348,288.91156,0,4.158485
2020,34.5,1.25,1.0838404,276.50076,0,3.9018252
2020,34.5,1.5,1.1079975,274.09857,0,3.988791
2020,34.5,1.75,1.0887271,269.03305,0,3.9194176
2020,34.5,2.0,1.1882433,265.28635,0,4.2776756
2020,34.5,2.25,1.0767063,261.66104,0,3.8761425
2020,34.5,2.5,0.966178,265.93784,0,3.4782407
2020,34.5,2.75,0.8676543,267.27048,0,3.1235554
2020,34.5,3.0,0.97068024,278.52435,0,3.4944487
2020,34.5,3.25,0.990127,289.6169,0,3.5644572
2020,34.5,3.5,1.1152844,294.45657,0,4.0150237
2020,34.5,3.75,1.103572,267.172,0,3.9728591
2020,34.5,4.0,1.1459951,267.96075,0,4.125582
2020,34.5,4.25,1.1028804,273.86057,0,3.970369
2020,34.5,4.5,1.1051468,219.9865,0,3.9785283
2020,34.5,4.75,1.2231389,164.3554,0,4.4033
2020,34.5,5.0,1.2103773,140.24394,0,4.3573585
2020,34.5,5.25,1.3267463,171.49153,0,4.7762866
2020,34.5,5.5,1.3419471,146.92224,0,4.8310094
2020,34.5,5.75,1.3178879,152.72234,0,4.744396
2020,34.5,6.0,1.163536,182.42041,0,4.1887293
2020,34.5,6.25,1.1427573,98.34864,0,4.113926
2020,34.5,6.5,1.2189289,117.47626,0,4.388144
2020,34.5,6.75,1.1508443,116.97031,0,4.1430397
2020,34.5,7.0,1.2732457,76.92914,0,4.5836844
2020,34.5,7.25,1.3823342,66.62896,0,4.976403
2020,34.5,7.5,1.2612895,61.94737,0,4.540642
2020,34.5,7.75,1.1298739,110.16013,0,4.067546
2020,34.5,8.0,1.117654,126.90411,0,4.0235543
2020,34.5,8.25,1.1471764,117.409325,0,4.1298347
2020,34.5,8.5,1.03914,114.01858,0,3.7409039
2020,34.5,8.75,0.9979525,117.33139,0,3.592629
2020,34.5,9.0,1.0257089,148.40959,0,3.692552
2020,34.5,9.25,1.0998971,141.91895,0,3.9596295
2020,34.5,9.5,1.1891838,140.97379,0,4.2810616
2020,34.5,9.75,1.3706274,141.33342,0,4.9342585
2020,34.5,10.0,1.6234831,144.07709,0,5.8445387
2020,34.5,10.25,1.8294872,117.38147,0,6.586154
2020,34.5,10.5,2.126527,120.110756,0,7.655497
2020,34.5,10.75,2.3979003,121.06662,0,8.632441
2020,34.5,11.0,2.4480321,121.49274,0,8.812916
2020,34.5,11.25,2.2917745,118.84226,0,8.250388
2020,34.5,11.5,2.263003,115.61346,0,8.146811
2020,34.5,11.75,2.2384605,112.27316,0,8.058457
2020,34.5,12.0,2.205267,108.927765,0,7.938961
2020,34.25,-9.0,3.8732107,206.17928,0,13.943558
2020,34.25,-8.75,3.6926773,204.4284,0,13.293638
2020,34.25,-8.5,3.4832957,231.90198,0,12.539865
2020,34.25,-8.25,3.2277653,257.22733,0,11.619955
2020,34.25,-8.0,2.9076703,280.973,0,10.467612
2020,34.25,-7.75,2.615965,276.24686,0,9.417474
2020,34.25,-7.5,2.3832133,270.46738,0,8.579568
2020,34.25,-7.25,2.0476568,265.26672,0,7.3715644
2020,34.25,-7.0,1.8137774,258.3893,0,6.5295987
2020,34.25,-6.75,1.4932288,251.34846,0,5.3756237
2020,34.25,-6.5,1.2711622,245.09712,0,4.576184
2020,34.25,-6.25,0.93410665,240.5616,0,3.362784
2020,34.25,-6.0,0.87096095,241.71147,0,3.1354594
2020,34.25,-5.75,0.9609098,244.03181,0,3.4592752
2020,34.25,-5.5,0.99946445,245.62971,0,3.598072
2020,34.25,-5.25,1.069169,247.64557,0,3.8490086
2020,34.25,-5.0,1.0184251,247.54646,0,3.6663303
2020,34.25,-4.75,0.8507452,220.55139,0,3.0626826
2020,34.25,-4.5,0.71749526,223.778,0,2.5829828
2020,34.25,-4.25,0.73085207,192.49115,0,2.6310673
2020,34.25,-4.0,0.8127389,204.1253,0,2.92586
2020,34.25,-3.75,0.9540415,260.09927,0,3.4345493
2020,34.25,-3.5,1.0616692,204.5865,0,3.822009
2020,34.25,-3.25,1.1095594,197.02055,0,3.9944139
2020,34.25,-3.0,1.0516492,184.58696,0,3.785937
2020,34.25,-2.75,0.9825721,290.58102,0,3.5372593
2020,34.25,-2.5,1.0578432,283.69556,0,3.8082354
2020,34.25,-2.25,1.0851719,288.705,0,3.9066188
2020,34.25,-2.0,1.0070397,269.17935,0,3.6253426
2020,34.25,-1.75,0.9269829,270.27652,0,3.3371382
2020,34.25,-1.5,0.99782854,270.83234,0,3.5921826
2020,34.25,-1.25,1.1053656,269.84482,0,3.9793162
2020,34.25,-1.0,1.1658624,273.86075,0,4.1971045
2020,34.25,-0.75,1.1994314,277.12283,0,4.317953
2020,34.25,-0.5,1.1925468,250.14595,0,4.2931685
2020,34.25,-0.25,1.1184301,251.14192,0,4.0263486
2020,34.25,0.0,1.0248405,216.35652,0,3.6894257
2020,34.25,0.25,1.084556,209.71571,0,3.9044015
2020,34.25,0.5,1.1165432,234.869,0,4.019555
2020,34.25,0.75,1.0826296,227.59338,0,3.8974664
2020,34.25,1.0,1.0729759,242.57515,0,3.862713
2020,34.25,1.25,0.97912,259.3122,0,3.524832
2020,34.25,1.5,0.94712895,223.82018,0,3.4096642
2020,34.25,1.75,0.94568604,255.33504,0,3.4044697
2020,34.25,2.0,0.9916746,259.74118,0,3.5700285
2020,34.25,2.25,1.007566,269.9354,0,3.6272373
2020,34.25,2.5,1.01134,280.56046,0,3.640824
2020,34.25,2.75,1.0310138,287.3682,0,3.7116497
2020,34.25,3.0,1.1641293,295.91415,0,4.190865
2020,34.25,3.25,1.2733766,270.97665,0,4.5841556
2020,34.25,3.5,1.2149781,276.04727,0,4.373921
2020,34.25,3.75,1.135985,271.06433,0,4.0895457
2020,34.25,4.0,1.1076814,266.98184,0,3.987653
2020,34.25,4.25,1.0898402,240.10896,0,3.9234245
2020,34.25,4.5,1.0674285,188.33824,0,3.8427424
2020,34.25,4.75,1.1451975,164.62915,0,4.1227107
2020,34.25,5.0,1.203504,168.67134,0,4.332614
2020,34.25,5.25,1.3307991,169.53343,0,4.790877
2020,34.25,5.5,1.401895,169.25484,0,5.046822
2020,34.25,5.75,1.367962,202.33313,0,4.924663
2020,34.25,6.0,1.2441474,154.87329,0,4.4789305
2020,34.25,6.25,1.250035,131.98656,0,4.500126
2020,34.25,6.5,1.3954549,127.79308,0,5.0236373
2020,34.25,6.75,1.5640174,126.25647,0,5.6304626
2020,34.25,7.0,1.6713997,117.33728,0,6.017039
2020,34.25,7.25,1.7062187,109.06033,0,6.1423874
2020,34.25,7.5,1.6301888,98.396034,0,5.8686795
2020,34.25,7.75,1.5890654,116.836586,0,5.7206354
2020,34.25,8.0,1.5314134,108.18274,0,5.513088
2020,34.25,8.25,1.4328722,104.02451,0,5.1583395
2020,34.25,8.5,1.3868991,99.6242,0,4.9928365
2020,34.25,8.75,1.3561105,96.1499,0,4.8819976
2020,34.25,9.0,1.4165381,122.213326,0,5.099537
2020,34.25,9.25,1.5490074,144.26727,0,5.5764265
2020,34.25,9.5,1.6003304,138.75987,0,5.761189
2020,34.25,9.75,1.7385484,138.97563,0,6.2587743
2020,34.25,10.0,2.0291378,142.01863,0,7.304896
2020,34.25,10.25,2.4253256,146.68054,0,8.731172
2020,34.25,10.5,2.5391638,147.69019,0,9.140989
2020,34.25,10.75,2.5737798,118.736336,0,9.265607
2020,34.25,11.0,2.5699384,119.62507,0,9.251778
2020,34.25,11.25,2.4970436,119.4057,0,8.989357
2020,34.25,11.5,2.4168744,118.057,0,8.7007475
2020,34.25,11.75,2.3682797,115.72524,0,8.525806
2020,34.25,12.0,2.3245995,113.14439,0,8.368558
2020,34.0,-9.0,3.781122,208.12311,0,13.612039
2020,34.0,-8.75,3.5309174,206.06847,0,12.711303
2020,34.0,-8.5,3.2865658,202.34288,0,11.831636
2020,34.0,-8.25,3.030657,195.93095,0,10.910365
2020,34.0,-8.0,2.7082167,251.64244,0,9.749579
2020,34.0,-7.75,2.3761137,278.1631,0,8.5540085
2020,34.0,-7.5,2.022703,272.537,0,7.28173
2020,34.0,-7.25,1.7588867,265.47034,0,6.331992
2020,34.0,-7.0,1.29612,259.44693,0,4.666032
2020,34.0,-6.75,1.0539501,253.26392,0,3.7942202
2020,34.0,-6.5,0.91019315,247.42784,0,3.2766953
2020,34.0,-6.25,0.9335062,249.55548,0,3.3606222
2020,34.0,-6.0,0.90586895,252.7472,0,3.2611282
2020,34.0,-5.75,0.92073137,255.40822,0,3.314633
2020,34.0,-5.5,0.8440955,256.42813,0,3.0387437
2020,34.0,-5.25,0.9023712,260.03998,0,3.2485363
2020,34.0,-5.0,0.9055584,269.02597,0,3.2600102
2020,34.0,-4.75,0.77450794,268.63486,0,2.7882285
2020,34.0,-4.5,0.5961564,238.38698,0,2.146163
2020,34.0,-4.25,0.64134383,221.48936,0,2.3088377
2020,34.0,-4.0,0.67654985,207.22914,0,2.4355793
2020,34.0,-3.75,0.6996644,248.55501,0,2.518792
2020,34.0,-3.5,0.8246339,173.8083,0,2.968682
2020,34.0,-3.25,0.9123907,166.19493,0,3.2846065
2020,34.0,-3.0,1.1373724,299.98828,0,4.0945406
2020,34.0,-2.75,1.2478662,289.32523,0,4.492318
2020,34.0,-2.5,1.35402,286.8033,0,4.8744717
2020,34.0,-2.25,1.4324517,289.11224,0,5.156826
2020,34.0,-2.0,1.2873367,296.19055,0,4.634412
2020,34.0,-1.75,1.0919242,266.55075,0,3.930927
2020,34.0,-1.5,1.0885569,278.4792,0,3.9188046
2020,34.0,-1.25,1.1023974,279.7656,0,3.9686308
2020,34.0,-1.0,1.1463438,281.68607,0,4.1268377
2020,34.0,-0.75,1.1783665,222.98901,0,4.2421193
2020,34.0,-0.5,1.1024104,215.89397,0,3.9686775
2020,34.0,-0.25,1.0199492,213.94215,0,3.671817
2020,34.0,0.0,0.98495895,213.06804,0,3.5458522
2020,34.0,0.25,0.9961162,214.73256,0,3.5860183
2020,34.0,0.5,1.0102094,214.7533,0,3.6367538
2020,34.0,0.75,1.0304767,216.52832,0,3.709716
2020,34.0,1.0,0.9243962,220.41011,0,3.3278263
2020,34.0,1.25,0.8510625,252.17427,0,3.063825
2020,34.0,1.5,0.84342337,256.06833,0,3.036324
2020,34.0,1.75,0.93724746,266.8271,0,3.3740907
2020,34.0,2.0,1.0499974,276.38132,0,3.7799907
2020,34.0,2.25,1.0720404,284.33096,0,3.8593454
2020,34.0,2.5,1.1298547,289.19662,0,4.0674767
2020,34.0,2.75,1.1936306,291.97958,0,4.29707
2020,34.0,3.0,1.0973332,262.99496,0,3.9503994
2020,34.0,3.25,1.1377577,238.11607,0,4.0959272
2020,34.0,3.5,1.0655938,240.79102,0,3.8361378
2020,34.0,3.75,1.0562712,234.89648,0,3.8025763
2020,34.0,4.0,1.0511185,225.65503,0,3.7840264
2020,34.0,4.25,1.1035441,230.65918,0,3.9727588
2020,34.0,4.5,1.0764482,210.02467,0,3.8752134
2020,34.0,4.75,1.1580187,192.31578,0,4.168867
2020,34.0,5.0,1.2399105,166.0385,0,4.4636774
2020,34.0,5.25,1.3514943,166.24782,0,4.8653793
2020,34.0,5.5,1.3618757,164.31578,0,4.9027524
2020,34.0,5.75,1.3258575,195.34908,0,4.773087
2020,34.0,6.0,1.1984109,160.40054,0,4.314279
2020,34.0,6.25,1.2912353,161.38673,0,4.648447
2020,34.0,6.5,1.4389209,134.21388,0,5.1801147
2020,34.0,6.75,1.6470155,134.10905,0,5.9292555
2020,34.0,7.0,1.7756643,125.94311,0,6.392391
2020,34.0,7.25,1.7889575,116.75873,0,6.4402466
2020,34.0,7.5,1.7856808,113.916565,0,6.4284506
2020,34.0,7.75,1.7007446,112.8428,0,6.1226807
2020,34.0,8.0,1.6666751,110.8904,0,6.00003
2020,34.0,8.25,1.7708019,109.55063,0,6.3748865
2020,34.0,8.5,1.7561017,106.78476,0,6.321966
2020,34.0,8.75,1.9159104,102.650764,0,6.8972774
2020,34.0,9.0,1.9841646,95.22373,0,7.1429925
2020,34.0,9.25,2.0386443,146.13722,0,7.3391194
2020,34.0,9.5,1.9469628,136.73283,0,7.009066
2020,34.0,9.75,2.101273,130.40248,0,7.564583
2020,34.0,10.0,2.2251427,137.87338,0,8.010513
2020,34.0,10.25,2.6755743,143.62828,0,9.632068
2020,34.0,10.5,2.6599486,145.27856,0,9.575814
2020,34.0,10.75,2.5071876,147.34766,0,9.025875
2020,34.0,11.0,2.4359682,148.55928,0,8.769485
2020,34.0,11.25,2.6061203,120.709496,0,9.382033
2020,34.0,11.5,2.5472815,119.511444,0,9.170213
2020,34.0,11.75,2.484631,117.77851,0,8.944672
2020,34.0,12.0,2.4558938,115.80591,0,8.841217
2020,33.75,-9.0,3.6676662,122.44375,0,13.203598
2020,33.75,-8.75,3.3985758,150.76064,0,12.234873
2020,33.75,-8.5,3.037098,170.00783,0,10.933552
2020,33.75,-8.25,2.7841578,197.17578,0,10.022967
2020,33.75,-8.0,2.4155886,222.91206,0,8.696118
2020,33.75,-7.75,1.9358002,249.14648,0,6.9688807
2020,33.75,-7.5,1.5906428,271.90042,0,5.726314
2020,33.75,-7.25,1.3760656,268.22183,0,4.953836
2020,33.75,-7.0,0.92493296,261.05576,0,3.3297586
2020,33.75,-6.75,0.8362859,259.5011,0,3.0106292
2020,33.75,-6.5,0.8905855,261.4227,0,3.2061076
2020,33.75,-6.25,0.9186047,263.1346,0,3.3069768
2020,33.75,-6.0,0.85431,262.58182,0,3.0755157
2020,33.75,-5.75,0.8604012,264.75504,0,3.0974443
2020,33.75,-5.5,0.71812314,262.4893,0,2.5852432
2020,33.75,-5.25,0.7664423,259.52396,0,2.7591922
2020,33.75,-5.0,0.7839293,266.86273,0,2.8221455
2020,33.75,-4.75,0.7232067,275.68613,0,2.603544
2020,33.75,-4.5,0.38968632,250.22565,0,1.4028707
2020,33.75,-4.25,0.47167405,229.70384,0,1.6980265
2020,33.75,-4.0,0.46704486,260.2848,0,1.6813614
2020,33.75,-3.75,0.5151462,280.1468,0,1.8545263
2020,33.75,-3.5,0.7304669,169.29872,0,2.6296809
2020,33.75,-3.25,0.907152,260.5214,0,3.265747
2020,33.75,-3.0,1.0861691,304.1632,0,3.9102087
2020,33.75,-2.75,1.3278359,293.2073,0,4.780209
2020,33.75,-2.5,1.429645,291.06854,0,5.146722
2020,33.75,-2.25,1.50519,289.25912,0,5.418684
2020,33.75,-2.0,1.445892,289.96872,0,5.205211
2020,33.75,-1.75,1.1852237,298.05405,0,4.266805
2020,33.75,-1.5,1.0232807,245.9445,0,3.6838105
2020,33.75,-1.25,0.98562664,279.41364,0,3.548256
2020,33.75,-1.0,0.9939206,221.11609,0,3.5781143
2020,33.75,-0.75,0.9539018,218.58116,0,3.4340465
2020,33.75,-0.5,0.9449282,214.47789,0,3.4017415
2020,33.75,-0.25,0.89173335,216.72102,0,3.21024
2020,33.75,0.0,0.9375703,217.33545,0,3.375253
2020,33.75,0.25,0.9132678,219.85083,0,3.287764
2020,33.75,0.5,0.95242953,220.3697,0,3.4287462
2020,33.75,0.75,0.85986686,225.74107,0,3.0955205
2020,33.75,1.0,0.75882107,235.12213,0,2.7317557
2020,33.75,1.25,0.79585284,270.8967,0,2.86507
2020,33.75,1.5,0.9369828,272.66907,0,3.373138
2020,33.75,1.75,1.1011921,281.69388,0,3.9642916
2020,33.75,2.0,1.1191181,288.38297,0,4.028825
2020,33.75,2.25,1.093904,299.17557,0,3.9380543
2020,33.75,2.5,1.125697,256.12808,0,4.0525093
2020,33.75,2.75,1.0428857,226.57564,0,3.7543883
2020,33.75,3.0,0.98144215,224.7968,0,3.5331917
2020,33.75,3.25,1.0026697,223.90376,0,3.6096108
2020,33.75,3.5,1.0179101,220.29384,0,3.6644764
2020,33.75,3.75,1.0786182,219.9467,0,3.8830254
2020,33.75,4.0,1.1315947,226.30864,0,4.0737405
2020,33.75,4.25,1.1874449,201.30678,0,4.2748017
2020,33.75,4.5,1.2051872,206.55273,0,4.3386736
2020,33.75,4.75,1.2514652,209.93793,0,4.505275
2020,33.75,5.0,1.3139277,167.25865,0,4.7301393
2020,33.75,5.25,1.3460846,167.66508,0,4.8459044
2020,33.75,5.5,1.348485,165.38055,0,4.854546
2020,33.75,5.75,1.2713193,163.30472,0,4.5767493
2020,33.75,6.0,1.1525917,163.97047,0,4.14933
2020,33.75,6.25,1.2537862,163.93477,0,4.5136304
2020,33.75,6.5,1.4696846,134.21935,0,5.2908645
2020,33.75,6.75,1.6436934,137.84471,0,5.9172964
2020,33.75,7.0,1.7503566,131.97766,0,6.3012834
2020,33.75,7.25,1.7927862,127.438324,0,6.4540305
2020,33.75,7.5,1.7895087,128.50659,0,6.442231
2020,33.75,7.75,1.8005866,129.60391,0,6.4821115
2020,33.75,8.0,1.7646514,117.7459,0,6.352745
2020,33.75,8.25,1.9092077,106.95054,0,6.8731475
2020,33.75,8.5,2.043142,106.24228,0,7.3553114
2020,33.75,8.75,2.1919734,101.71177,0,7.891104
2020,33.75,9.0,2.1834753,99.55721,0,7.860511
2020,33.75,9.25,2.2133076,103.11135,0,7.9679074
2020,33.75,9.5,2.1582508,113.76892,0,7.769703
2020,33.75,9.75,2.0631695,124.30872,0,7.42741
2020,33.75,10.0,2.1522038,134.62677,0,7.7479334
2020,33.75,10.25,2.2734585,141.45851,0,8.18445
2020,33.75,10.5,2.3022373,144.10295,0,8.2880535
2020,33.75,10.75,2.1452916,145.96092,0,7.7230496
2020,33.75,11.0,2.4826992,119.98339,0,8.9377165
2020,33.75,11.25,2.6905587,122.13004,0,9.686011
2020,33.75,11.5,2.6402829,120.233826,0,9.505018
2020,33.75,11.75,2.6006362,118.64871,0,9.36229
2020,33.75,12.0,2.5665872,116.84489,0,9.239714
2020,33.5,-9.0,3.619648,98.74082,0,13.030732
2020,33.5,-8.75,3.1948178,104.965004,0,11.501344
2020,33.5,-8.5,2.8389368,112.15356,0,10.220172
2020,33.5,-8.25,2.3733156,140.64342,0,8.543936
2020,33.5,-8.0,1.9393167,196.33247,0,6.98154
2020,33.5,-7.75,1.4009594,251.13562,0,5.0434537
2020,33.5,-7.5,1.2250028,246.95905,0,4.41001
2020,33.5,-7.25,1.0197967,272.57703,0,3.6712682
2020,33.5,-7.0,0.90816545,270.81287,0,3.2693956
2020,33.5,-6.75,0.9028725,271.52194,0,3.250341
2020,33.5,-6.5,0.93419284,272.74722,0,3.363094
2020,33.5,-6.25,0.8461947,271.6157,0,3.046301
2020,33.5,-6.0,0.76132965,272.46973,0,2.7407866
2020,33.5,-5.75,0.7382137,267.5225,0,2.6575694
2020,33.5,-5.5,0.60491484,248.94646,0,2.1776934
2020,33.5,-5.25,0.72866696,244.08936,0,2.623201
2020,33.5,-5.0,0.91940254,252.11433,0,3.309849
2020,33.5,-4.75,0.91530436,257.842,0,3.2950957
2020,33.5,-4.5,0.41590098,256.71512,0,1.4972435
2020,33.5,-4.25,0.42444786,266.5114,0,1.5280123
2020,33.5,-4.0,0.52555346,296.52835,0,1.8919924
2020,33.5,-3.75,0.38547692,217.24959,0,1.3877169
2020,33.5,-3.5,0.8487248,149.04402,0,3.0554092
2020,33.5,-3.25,1.0071726,233.90837,0,3.625821
2020,33.5,-3.0,1.0933336,293.60577,0,3.9360008
2020,33.5,-2.75,1.3440108,287.98026,0,4.838439
2020,33.5,-2.5,1.2523469,286.28232,0,4.5084486
2020,33.5,-2.25,1.2521256,284.5143,0,4.5076523
2020,33.5,-2.0,1.2861884,284.37823,0,4.630278
2020,33.5,-1.75,1.2386893,282.55002,0,4.4592814
2020,33.5,-1.5,1.0822939,277.40305,0,3.8962579
2020,33.5,-1.25,0.9478502,254.24345,0,3.4122608
2020,33.5,-1.0,0.8986886,251.88428,0,3.2352788
2020,33.5,-0.75,0.8828872,216.05974,0,3.1783938
2020,33.5,-0.5,0.8305678,220.19029,0,2.9900439
2020,33.5,-0.25,0.78232104,224.02356,0,2.8163557
2020,33.5,0.0,0.78689194,220.7705,0,2.8328109
2020,33.5,0.25,0.8018202,223.02223,0,2.8865528
2020,33.5,0.5,0.8087025,244.08025,0,2.911329
2020,33.5,0.75,0.8360186,249.28023,0,3.009667
2020,33.5,1.0,0.8756103,250.11351,0,3.152197
2020,33.5,1.25,0.95623416,280.07968,0,3.442443
2020,33.5,1.5,1.054753,289.33868,0,3.7971106
2020,33.5,1.75,1.0367812,288.0289,0,3.732412
2020,33.5,2.0,1.0871805,221.26332,0,3.9138496
2020,33.5,2.25,1.0213208,224.00157,0,3.676755
2020,33.5,2.5,0.98596936,224.25153,0,3.5494897
2020,33.5,2.75,0.94734424,221.43169,0,3.4104393
2020,33.5,3.0,0.9751444,220.91875,0,3.5105197
2020,33.5,3.25,1.040193,220.54814,0,3.7446945
2020,33.5,3.5,1.1045908,221.31822,0,3.9765267
2020,33.5,3.75,1.1693773,227.39366,0,4.2097583
2020,33.5,4.0,1.2378954,234.03911,0,4.4564233
2020,33.5,4.25,1.258662,208.50954,0,4.5311832
2020,33.5,4.5,1.2900354,210.93367,0,4.6441274
2020,33.5,4.75,1.3293359,173.96367,0,4.7856092
2020,33.5,5.0,1.3627487,169.8243,0,4.905895
2020,33.5,5.25,1.3995366,170.02483,0,5.0383315
2020,33.5,5.5,1.3698064,170.27097,0,4.931303
2020,33.5,5.75,1.260054,166.49754,0,4.5361943
2020,33.5,6.0,1.1589378,136.39546,0,4.172176
2020,33.5,6.25,1.2859118,137.75264,0,4.6292825
2020,33.5,6.5,1.5077032,132.477,0,5.4277315
2020,33.5,6.75,1.6152105,134.84474,0,5.814758
2020,33.5,7.0,1.6862035,132.50444,0,6.0703325
2020,33.5,7.25,1.7221009,135.19734,0,6.199563
2020,33.5,7.5,1.7535225,138.34734,0,6.3126807
2020,33.5,7.75,1.7804121,136.72395,0,6.4094834
2020,33.5,8.0,1.8219796,148.94655,0,6.5591264
2020,33.5,8.25,1.9142032,122.1074,0,6.8911314
2020,33.5,8.5,2.0455225,115.57017,0,7.3638806
2020,33.5,8.75,2.1047897,112.372215,0,7.577243
2020,33.5,9.0,2.1126864,109.955055,0,7.605671
2020,33.5,9.25,2.1343596,108.669044,0,7.6836944
2020,33.5,9.5,2.177641,108.601105,0,7.839507
2020,33.5,9.75,2.042507,118.23251,0,7.353025
2020,33.5,10.0,1.8497299,132.12541,0,6.6590276
2020,33.5,10.25,1.6837877,139.54362,0,6.0616355
2020,33.5,10.5,1.8508686,142.39874,0,6.663127
2020,33.5,10.75,2.122904,145.07124,0,7.6424546
2020,33.5,11.0,2.4587772,149.14343,0,8.851598
2020,33.5,11.25,2.768768,121.7649,0,9.967565
2020,33.5,11.5,2.7216244,119.44619,0,9.797848
2020,33.5,11.75,2.6963031,118.19221,0,9.706691
2020,33.5,12.0,2.7087507,117.02716,0,9.751502
2020,33.25,-9.0,3.497614,74.89765,0,12.59141
2020,33.25,-8.75,2.9633124,115.09432,0,10.667924
2020,33.25,-8.5,2.3592098,114.50666,0,8.493155
2020,33.25,-8.25,1.8094608,113.70864,0,6.5140586
2020,33.25,-8.0,1.5474998,141.97765,0,5.570999
2020,33.25,-7.75,1.3430486,141.00854,0,4.834975
2020,33.25,-7.5,1.1942024,163.87053,0,4.2991285
2020,33.25,-7.25,1.121489,222.60156,0,4.0373607
2020,33.25,-7.0,1.0700194,251.9174,0,3.8520696
2020,33.25,-6.75,1.0035847,250.36986,0,3.612905
2020,33.25,-6.5,0.9248236,275.34305,0,3.3293648
2020,33.25,-6.25,0.8519377,272.47305,0,3.0669756
2020,33.25,-6.0,0.7003119,270.06534,0,2.5211227
2020,33.25,-5.75,0.6307836,258.55862,0,2.2708209
2020,33.25,-5.5,0.59244436,229.99516,0,2.1327996
2020,33.25,-5.25,0.7469898,236.18939,0,2.6891632
2020,33.25,-5.0,1.0220417,254.62257,0,3.67935
2020,33.25,-4.75,1.2305018,262.77795,0,4.429806
2020,33.25,-4.5,0.8639631,266.96103,0,3.1102672
2020,33.25,-4.25,0.8107211,292.92227,0,2.9185958
2020,33.25,-4.0,0.5096691,303.83353,0,1.8348088
2020,33.25,-3.75,0.49237797,133.71474,0,1.7725606
2020,33.25,-3.5,0.9505468,123.71145,0,3.4219685
2020,33.25,-3.25,1.0363389,237.7038,0,3.73082
2020,33.25,-3.0,1.2374023,268.32776,0,4.454648
2020,33.25,-2.75,1.244019,265.67285,0,4.4784684
2020,33.25,-2.5,1.1168283,264.42297,0,4.0205817
2020,33.25,-2.25,1.1321384,274.16907,0,4.075698
2020,33.25,-2.0,1.1807994,276.8727,0,4.2508774
2020,33.25,-1.75,1.1683539,271.1204,0,4.2060738
2020,33.25,-1.5,1.1028801,259.35736,0,3.9703684
2020,33.25,-1.25,1.000618,245.10309,0,3.6022246
2020,33.25,-1.0,0.8966077,238.09937,0,3.2277877
2020,33.25,-0.75,0.8443339,236.61604,0,3.0396018
2020,33.25,-0.5,0.79461694,235.03581,0,2.860621
2020,33.25,-0.25,0.73851126,237.35802,0,2.6586404
2020,33.25,0.0,0.6945548,251.01192,0,2.5003972
2020,33.25,0.25,0.8139482,252.4044,0,2.9302135
2020,33.25,0.5,0.9285105,250.69807,0,3.3426378
2020,33.25,0.75,1.014842,246.96252,0,3.6534312
2020,33.25,1.0,1.1248932,212.30159,0,4.0496154
2020,33.25,1.25,1.1391664,208.88072,0,4.100999
2020,33.25,1.5,1.0537766,206.1164,0,3.7935958
2020,33.25,1.75,0.9903609,201.87286,0,3.5652993
2020,33.25,2.0,0.95338994,201.30829,0,3.4322038
2020,33.25,2.25,0.9085174,205.72131,0,3.2706625
2020,33.25,2.5,0.9505717,207.22371,0,3.422058
2020,33.25,2.75,0.9735272,206.2636,0,3.5046978
2020,33.25,3.0,1.01237,205.48729,0,3.644532
2020,33.25,3.25,1.0690721,202.50606,0,3.8486595
2020,33.25,3.5,1.1512011,230.52637,0,4.144324
2020,33.25,3.75,1.2242086,235.09442,0,4.4071507
2020,33.25,4.0,1.2653531,208.94145,0,4.555271
2020,33.25,4.25,1.302714,178.9953,0,4.68977
2020,33.25,4.5,1.345177,176.6162,0,4.842637
2020,33.25,4.75,1.4015297,142.9042,0,5.0455065
2020,33.25,5.0,1.4275235,141.79622,0,5.1390843
2020,33.25,5.25,1.4027977,141.85576,0,5.0500717
2020,33.25,5.5,1.3592418,142.70607,0,4.8932705
2020,33.25,5.75,1.2848091,138.89742,0,4.625313
2020,33.25,6.0,1.2941347,137.08586,0,4.658885
2020,33.25,6.25,1.4005423,110.95573,0,5.041952
2020,33.25,6.5,1.5015154,118.72939,0,5.405455
2020,33.25,6.75,1.5637956,123.899925,0,5.629664
2020,33.25,7.0,1.6257854,123.69245,0,5.852827
2020,33.25,7.25,1.6545558,117.972664,0,5.956401
2020,33.25,7.5,1.6875235,139.74272,0,6.075084
2020,33.25,7.75,1.716937,133.99944,0,6.180973
2020,33.25,8.0,1.776205,125.839966,0,6.3943377
2020,33.25,8.25,1.8341527,122.79095,0,6.6029496
2020,33.25,8.5,1.8680764,121.27291,0,6.7250752
2020,33.25,8.75,1.909268,118.51624,0,6.873365
2020,33.25,9.0,1.9736034,116.58274,0,7.104972
2020,33.25,9.25,2.009189,113.84562,0,7.23308
2020,33.25,9.5,2.1264508,109.06051,0,7.6552224
2020,33.25,9.75,2.1312954,105.52021,0,7.672663
2020,33.25,10.0,1.8764745,117.81542,0,6.755308
2020,33.25,10.25,1.6186563,169.23918,0,5.8271623
2020,33.25,10.5,1.6168116,165.48134,0,5.820522
2020,33.25,10.75,1.8752747,138.33244,0,6.7509885
2020,33.25,11.0,2.1265423,142.62218,0,7.6555524
2020,33.25,11.25,2.4938304,117.63901,0,8.977789
2020,33.25,11.5,2.6277027,116.91793,0,9.459729
2020,33.25,11.75,2.6965168,115.434906,0,9.70746
2020,33.25,12.0,2.7255962,114.10742,0,9.812146
2020,33.0,-9.0,3.2423098,78.97385,0,11.672315
2020,33.0,-8.75,2.5027654,115.0147,0,9.009955
2020,33.0,-8.5,1.9342805,112.35606,0,6.96341
2020,33.0,-8.25,1.6336962,138.77324,0,5.881306
2020,33.0,-8.0,1.5387923,138.14638,0,5.539652
2020,33.0,-7.75,1.4928044,139.42097,0,5.374096
2020,33.0,-7.5,1.4168938,138.72688,0,5.1008177
2020,33.0,-7.25,1.3308274,135.57458,0,4.7909784
2020,33.0,-7.0,1.2747384,188.7093,0,4.5890584
2020,33.0,-6.75,1.3025833,239.2979,0,4.6893
2020,33.0,-6.5,1.2166587,259.93567,0,4.379971
2020,33.0,-6.25,0.95008665,258.65884,0,3.420312
2020,33.0,-6.0,0.665686,256.22546,0,2.3964696
2020,33.0,-5.75,0.52922314,242.9386,0,1.9052032
2020,33.0,-5.5,0.5847699,223.31706,0,2.1051717
2020,33.0,-5.25,0.8226325,245.3404,0,2.9614768
2020,33.0,-5.0,1.1800438,277.11856,0,4.2481575
2020,33.0,-4.75,1.3199122,277.36002,0,4.7516837
2020,33.0,-4.5,1.1312941,279.09903,0,4.0726585
2020,33.0,-4.25,1.0557886,279.1653,0,3.800839
2020,33.0,-4.0,0.80590445,276.98352,0,2.9012558
2020,33.0,-3.75,0.85778093,207.13025,0,3.0880113
2020,33.0,-3.5,1.0317146,233.0931,0,3.7141724
2020,33.0,-3.25,1.053966,261.72754,0,3.7942777
2020,33.0,-3.0,1.0746795,266.48743,0,3.8688462
2020,33.0,-2.75,1.0202843,263.0978,0,3.6730235
2020,33.0,-2.5,0.9346385,184.28249,0,3.3646984
2020,33.0,-2.25,0.9734256,250.50233,0,3.504332
2020,33.0,-2.0,0.9983769,256.94263,0,3.5941567
2020,33.0,-1.75,0.94019717,252.32776,0,3.3847098
2020,33.0,-1.5,0.88967305,242.88329,0,3.202823
2020,33.0,-1.25,0.9021749,234.74715,0,3.2478294
2020,33.0,-1.0,0.78807473,234.37138,0,2.837069
2020,33.0,-0.75,0.68115014,241.8459,0,2.4521403
2020,33.0,-0.5,0.64689916,247.18852,0,2.328837
2020,33.0,-0.25,0.664403,249.36224,0,2.3918507
2020,33.0,0.0,0.7327469,254.38446,0,2.6378887
2020,33.0,0.25,0.8633985,251.30983,0,3.1082344
2020,33.0,0.5,0.9579653,214.77393,0,3.4486752
2020,33.0,0.75,1.0457889,209.3329,0,3.76484
2020,33.0,1.0,1.0973325,208.90654,0,3.9503968
2020,33.0,1.25,1.0303398,214.14221,0,3.7092233
2020,33.0,1.5,0.9351175,212.87883,0,3.366423
2020,33.0,1.75,0.9105726,215.35376,0,3.2780612
2020,33.0,2.0,0.91555864,218.43445,0,3.296011
2020,33.0,2.25,0.9421646,132.97588,0,3.3917925
2020,33.0,2.5,0.98272896,160.33655,0,3.5378242
2020,33.0,2.75,0.9874256,158.74452,0,3.554732
2020,33.0,3.0,0.9997367,153.97859,0,3.5990522
2020,33.0,3.25,1.0347089,149.60506,0,3.7249517
2020,33.0,3.5,1.1464415,175.93373,0,4.127189
2020,33.0,3.75,1.2452376,207.79913,0,4.4828553
2020,33.0,4.0,1.3342639,178.50688,0,4.80335
2020,33.0,4.25,1.4047298,119.887276,0,5.0570273
2020,33.0,4.5,1.4574515,119.562065,0,5.246825
2020,33.0,4.75,1.4634285,145.97704,0,5.2683425
2020,33.0,5.0,1.4399418,143.10326,0,5.18379
2020,33.0,5.25,1.3948301,142.41513,0,5.021388
2020,33.0,5.5,1.3405119,143.21751,0,4.825843
2020,33.0,5.75,1.3129498,138.8385,0,4.7266192
2020,33.0,6.0,1.3461574,136.58997,0,4.8461666
2020,33.0,6.25,1.4294516,110.918785,0,5.1460257
2020,33.0,6.5,1.5140253,115.16272,0,5.450491
2020,33.0,6.75,1.5498441,116.36912,0,5.5794387
2020,33.0,7.0,1.5843859,113.11567,0,5.7037888
2020,33.0,7.25,1.6156875,111.08683,0,5.816475
2020,33.0,7.5,1.6455916,111.05343,0,5.9241295
2020,33.0,7.75,1.6733633,113.83789,0,6.024108
2020,33.0,8.0,1.707548,115.80249,0,6.147173
2020,33.0,8.25,1.7562824,117.89792,0,6.3226166
2020,33.0,8.5,1.7934672,118.79836,0,6.4564815
2020,33.0,8.75,1.8456354,118.857155,0,6.644287
2020,33.0,9.0,1.9277811,118.10375,0,6.940012
2020,33.0,9.25,1.9812846,118.08007,0,7.1326246
2020,33.0,9.5,2.1221113,113.952065,0,7.6396008
2020,33.0,9.75,2.1720135,108.12284,0,7.8192487
2020,33.0,10.0,2.0084665,95.85973,0,7.2304792
2020,33.0,10.25,1.7598289,175.96696,0,6.335384
2020,33.0,10.5,1.6365534,163.9159,0,5.891592
2020,33.0,10.75,1.5977402,159.57301,0,5.7518644
2020,33.0,11.0,1.6905683,131.56696,0,6.0860457
2020,33.0,11.25,1.871168,135.62202,0,6.7362046
2020,33.0,11.5,2.0573883,138.20366,0,7.4065976
2020,33.0,11.75,2.2578466,107.55646,0,8.128247
2020,33.0,12.0,2.486551,106.720825,0,8.951584
2020,32.75,-9.0,2.6111982,81.749275,0,9.400313
2020,32.75,-8.75,2.0259466,113.52772,0,7.2934074
2020,32.75,-8.5,1.7116276,140.03664,0,6.161859
2020,32.75,-8.25,1.621797,193.83305,0,5.838469
2020,32.75,-8.0,1.6179671,278.32993,0,5.8246813
2020,32.75,-7.75,1.727521,235.85152,0,6.219075
2020,32.75,-7.5,1.7600516,180.89647,0,6.3361855
2020,32.75,-7.25,1.7045387,180.93266,0,6.136339
2020,32.75,-7.0,1.5820943,233.7633,0,5.6955395
2020,32.75,-6.75,1.4245334,282.92947,0,5.12832
2020,32.75,-6.5,1.1117024,276.2243,0,4.0021286
2020,32.75,-6.25,0.73938924,243.69167,0,2.661801
2020,32.75,-6.0,0.6218937,235.88322,0,2.2388172
2020,32.75,-5.75,0.5900827,225.82439,0,2.1242976
2020,32.75,-5.5,0.67314935,219.23885,0,2.4233377
2020,32.75,-5.25,0.98077136,237.00484,0,3.5307767
2020,32.75,-5.0,1.260305,251.266,0,4.537098
2020,32.75,-4.75,1.3070575,261.53677,0,4.7054067
2020,32.75,-4.5,1.1304365,266.76157,0,4.0695715
2020,32.75,-4.25,1.0338691,263.9069,0,3.7219288
2020,32.75,-4.0,0.9902833,261.91245,0,3.5650198
2020,32.75,-3.75,1.0080826,263.91504,0,3.6290975
2020,32.75,-3.5,1.1076745,269.32382,0,3.987628
2020,32.75,-3.25,1.1063775,277.82864,0,3.9829588
2020,32.75,-3.0,0.9269536,287.55182,0,3.337033
2020,32.75,-2.75,0.7936392,174.19788,0,2.857101
2020,32.75,-2.5,0.71035933,172.92291,0,2.5572937
2020,32.75,-2.25,0.7063473,206.9871,0,2.5428503
2020,32.75,-2.0,0.7633223,199.50342,0,2.74796
2020,32.75,-1.75,0.70452213,228.60315,0,2.5362797
2020,32.75,-1.5,0.6429712,195.74922,0,2.3146963
2020,32.75,-1.25,0.6471332,170.3039,0,2.3296793
2020,32.75,-1.0,0.6664459,248.21132,0,2.3992052
2020,32.75,-0.75,0.630233,250.53798,0,2.2688386
2020,32.75,-0.5,0.6036496,255.03258,0,2.1731386
2020,32.75,-0.25,0.60955614,257.18866,0,2.194402
2020,32.75,0.0,0.65575975,250.87285,0,2.360735
2020,32.75,0.25,0.7791877,216.71614,0,2.8050756
2020,32.75,0.5,0.85885173,222.23787,0,3.0918663
2020,32.75,0.75,0.89541936,217.95361,0,3.2235096
2020,32.75,1.0,0.9097263,213.37065,0,3.2750146
2020,32.75,1.25,0.897682,187.23676,0,3.2316551
2020,32.75,1.5,0.90327954,134.51439,0,3.2518063
2020,32.75,1.75,0.9488942,139.88872,0,3.416019
2020,32.75,2.0,1.0066732,143.39256,0,3.6240234
2020,32.75,2.25,1.0596224,86.91116,0,3.8146405
2020,32.75,2.5,1.0721531,89.05572,0,3.859751
2020,32.75,2.75,1.0951692,95.00677,0,3.942609
2020,32.75,3.0,1.1245338,95.586754,0,4.0483212
2020,32.75,3.25,1.1546773,148.7447,0,4.156838
2020,32.75,3.5,1.2401778,129.01955,0,4.4646397
2020,32.75,3.75,1.305333,151.53801,0,4.6991987
2020,32.75,4.0,1.3598033,120.595795,0,4.895292
2020,32.75,4.25,1.4002428,121.85975,0,5.040874
2020,32.75,4.5,1.4318051,122.59098,0,5.1544986
2020,32.75,4.75,1.4181724,120.32062,0,5.1054206
2020,32.75,5.0,1.4116389,145.06268,0,5.0818996
2020,32.75,5.25,1.3859698,142.5819,0,4.989491
2020,32.75,5.5,1.3387833,142.6423,0,4.8196197
2020,32.75,5.75,1.3266635,106.84585,0,4.7759886
2020,32.75,6.0,1.3976072,104.51881,0,5.031386
2020,32.75,6.25,1.4792234,106.75065,0,5.325204
2020,32.75,6.5,1.5342382,107.48755,0,5.5232573
2020,32.75,6.75,1.546308,107.52161,0,5.5667086
2020,32.75,7.0,1.5550162,106.316284,0,5.598058
2020,32.75,7.25,1.5850916,104.59164,0,5.7063293
2020,32.75,7.5,1.6313548,104.15751,0,5.872877
2020,32.75,7.75,1.6820973,105.060326,0,6.05555
2020,32.75,8.0,1.7239313,106.69869,0,6.2061524
2020,32.75,8.25,1.7567195,109.44342,0,6.32419
2020,32.75,8.5,1.7916137,111.80685,0,6.449809
2020,32.75,8.75,1.8384022,112.89315,0,6.6182475
2020,32.75,9.0,1.9030532,112.623695,0,6.8509912
2020,32.75,9.25,1.9729074,112.70512,0,7.1024666
2020,32.75,9.5,2.1607735,110.9715,0,7.7787843
2020,32.75,9.75,2.2366326,106.581764,0,8.051877
2020,32.75,10.0,2.0789502,95.81177,0,7.4842205
2020,32.75,10.25,1.7857933,182.24377,0,6.428856
2020,32.75,10.5,1.6846224,166.27724,0,6.0646405
2020,32.75,10.75,1.6557745,159.79445,0,5.960788
2020,32.75,11.0,1.6468004,158.0933,0,5.928481
2020,32.75,11.25,1.6413864,126.659706,0,5.908991
2020,32.75,11.5,1.6430649,125.64258,0,5.9150333
2020,32.75,11.75,1.7515312,125.606834,0,6.3055124
2020,32.75,12.0,1.8130137,126.02011,0,6.5268493
2020,32.5,-9.0,2.3910725,85.886055,0,8.607861
2020,32.5,-8.75,1.968012,117.17963,0,7.084843
2020,32.5,-8.5,1.8084515,143.28746,0,6.5104256
2020,32.5,-8.25,1.7619591,168.17604,0,6.3430524
2020,32.5,-8.0,1.9879512,305.80692,0,7.156624
2020,32.5,-7.75,2.131202,331.1087,0,7.672327
2020,32.5,-7.5,1.9548793,307.7294,0,7.037565
2020,32.5,-7.25,1.6016874,279.83383,0,5.7660747
2020,32.5,-7.0,1.3390065,272.22928,0,4.8204236
2020,32.5,-6.75,0.96228224,244.38203,0,3.464216
2020,32.5,-6.5,0.7357488,244.30672,0,2.6486957
2020,32.5,-6.25,0.7063536,239.87077,0,2.542873
2020,32.5,-6.0,0.7065372,241.4759,0,2.5435338
2020,32.5,-5.75,0.6847982,235.06413,0,2.4652734
2020,32.5,-5.5,0.69179815,231.4246,0,2.4904733
2020,32.5,-5.25,0.7952733,230.7376,0,2.8629837
2020,32.5,-5.0,0.96237355,241.42015,0,3.4645448
2020,32.5,-4.75,1.0419394,249.55995,0,3.7509816
2020,32.5,-4.5,0.84779805,254.13513,0,3.052073
2020,32.5,-4.25,0.8535233,257.28296,0,3.0726838
2020,32.5,-4.0,0.91255426,262.82132,0,3.2851954
2020,32.5,-3.75,0.9848389,266.75922,0,3.54542
2020,32.5,-3.5,1.0561905,271.18964,0,3.8022857
2020,32.5,-3.25,0.8824076,282.011,0,3.1766672
2020,32.5,-3.0,0.7521331,206.27165,0,2.707679
2020,32.5,-2.75,0.6748945,128.69746,0,2.4296203
2020,32.5,-2.5,0.665235,91.35373,0,2.394846
2020,32.5,-2.25,0.6950857,107.25174,0,2.5023084
2020,32.5,-2.0,0.54079455,112.85336,0,1.9468603
2020,32.5,-1.75,0.4919443,141.77486,0,1.7709994
2020,32.5,-1.5,0.49954912,224.82884,0,1.7983768
2020,32.5,-1.25,0.54744893,175.64348,0,1.9708161
2020,32.5,-1.0,0.5669312,226.06749,0,2.0409522
2020,32.5,-0.75,0.4935473,219.31767,0,1.7767702
2020,32.5,-0.5,0.47939038,217.87646,0,1.7258053
2020,32.5,-0.25,0.56614345,219.38216,0,2.0381165
2020,32.5,0.0,0.6806182,164.42094,0,2.4502256
2020,32.5,0.25,0.79749125,93.00704,0,2.8709683
2020,32.5,0.5,0.8887646,101.23818,0,3.1995525
2020,32.5,0.75,0.92653054,77.07132,0,3.3355098
2020,32.5,1.0,0.9445705,109.50588,0,3.4004536
2020,32.5,1.25,0.9562443,143.56027,0,3.4424794
2020,32.5,1.5,0.9695749,147.98323,0,3.4904697
2020,32.5,1.75,1.00623,149.74202,0,3.622428
2020,32.5,2.0,1.0415779,119.84067,0,3.7496805
2020,32.5,2.25,1.1100603,92.82963,0,3.996217
2020,32.5,2.5,1.1823372,96.34489,0,4.2564135
2020,32.5,2.75,1.2396222,100.316895,0,4.46264
2020,32.5,3.0,1.255611,100.17208,0,4.5201993
2020,32.5,3.25,1.220125,123.072266,0,4.39245
2020,32.5,3.5,1.2357094,134.56868,0,4.448554
2020,32.5,3.75,1.2789966,125.99057,0,4.6043878
2020,32.5,4.0,1.3183175,124.44455,0,4.745943
2020,32.5,4.25,1.3663038,125.73248,0,4.9186935
2020,32.5,4.5,1.4334503,126.628426,0,5.160421
2020,32.5,4.75,1.4633802,125.43752,0,5.2681684
2020,32.5,5.0,1.4427009,119.79239,0,5.193723
2020,32.5,5.25,1.3949927,147.06725,0,5.0219736
2020,32.5,5.5,1.3351068,118.22229,0,4.8063846
2020,32.5,5.75,1.37016,97.76437,0,4.9325757
2020,32.5,6.0,1.4298867,102.831116,0,5.147592
2020,32.5,6.25,1.5005885,104.46976,0,5.4021187
2020,32.5,6.5,1.5451388,103.0795,0,5.5624995
2020,32.5,6.75,1.5665628,101.538574,0,5.639626
2020,32.5,7.0,1.5780653,99.059235,0,5.681035
2020,32.5,7.25,1.5982909,99.335785,0,5.753847
2020,32.5,7.5,1.6388092,100.15589,0,5.899713
2020,32.5,7.75,1.6874715,101.692986,0,6.0748973
2020,32.5,8.0,1.7396855,103.016624,0,6.262868
2020,32.5,8.25,1.7839612,103.931,0,6.4222603
2020,32.5,8.5,1.8467307,104.79638,0,6.6482306
2020,32.5,8.75,1.9119285,105.88033,0,6.8829427
2020,32.5,9.0,1.9887294,106.78619,0,7.1594257
2020,32.5,9.25,2.0455568,107.18933,0,7.364004
2020,32.5,9.5,2.2192972,105.14652,0,7.9894695
2020,32.5,9.75,2.3194091,100.508766,0,8.349873
2020,32.5,10.0,2.2109575,91.01838,0,7.959447
2020,32.5,10.25,1.9269656,155.0476,0,6.937076
2020,32.5,10.5,1.7491999,167.45213,0,6.297119
2020,32.5,10.75,1.6919924,161.08348,0,6.0911727
2020,32.5,11.0,1.6365949,157.93379,0,5.8917413
2020,32.5,11.25,1.6076406,155.39417,0,5.787506
2020,32.5,11.5,1.5616555,151.78148,0,5.6219597
2020,32.5,11.75,1.5327735,149.76747,0,5.5179844
2020,32.5,12.0,1.5252856,148.54027,0,5.491028
2020,32.25,-9.0,2.0951896,88.42871,0,7.542682
2020,32.25,-8.75,2.076401,123.712074,0,7.4750433
2020,32.25,-8.5,1.9539562,149.09727,0,7.034242
2020,32.25,-8.25,1.875773,176.66228,0,6.7527823
2020,32.25,-8.0,2.017937,256.30887,0,7.2645726
2020,32.25,-7.75,1.9948734,333.0038,0,7.1815443
2020,32.25,-7.5,1.7127122,316.67447,0,6.165764
2020,32.25,-7.25,1.3481547,306.9832,0,4.853357
2020,32.25,-7.0,0.9788456,286.70636,0,3.523844
2020,32.25,-6.75,0.7130088,243.52043,0,2.5668316
2020,32.25,-6.5,0.5910127,239.65306,0,2.1276457
2020,32.25,-6.25,0.48191416,237.12651,0,1.7348909
2020,32.25,-6.0,0.47879776,238.32867,0,1.7236719
2020,32.25,-5.75,0.69652003,237.24823,0,2.507472
2020,32.25,-5.5,0.91641587,245.44562,0,3.299097
2020,32.25,-5.25,0.85201097,245.01318,0,3.0672393
2020,32.25,-5.0,0.69992,244.72218,0,2.519712
2020,32.25,-4.75,0.69073796,246.72119,0,2.4866567
2020,32.25,-4.5,0.69643193,240.90178,0,2.507155
2020,32.25,-4.25,0.6616295,250.87508,0,2.3818662
2020,32.25,-4.0,0.7000971,256.1412,0,2.5203495
2020,32.25,-3.75,0.68899125,269.6719,0,2.4803684
2020,32.25,-3.5,0.70443296,246.02924,0,2.5359585
2020,32.25,-3.25,0.6252845,198.99274,0,2.251024
2020,32.25,-3.0,0.59678,152.65105,0,2.148408
2020,32.25,-2.75,0.655196,91.16272,0,2.3587055
2020,32.25,-2.5,0.7959986,107.771935,0,2.8655949
2020,32.25,-2.25,0.8973978,119.66232,0,3.230632
2020,32.25,-2.0,0.6200225,127.79197,0,2.232081
2020,32.25,-1.75,0.5017479,167.25502,0,1.8062924
2020,32.25,-1.5,0.5449588,205.88957,0,1.9618515
2020,32.25,-1.25,0.49499545,155.72801,0,1.7819836
2020,32.25,-1.0,0.50569826,118.40948,0,1.8205137
2020,32.25,-0.75,0.524091,129.401,0,1.8867276
2020,32.25,-0.5,0.6112087,106.9285,0,2.2003512
2020,32.25,-0.25,0.73764277,74.725105,0,2.655514
2020,32.25,0.0,0.7621779,106.232155,0,2.7438402
2020,32.25,0.25,0.84219384,82.270386,0,3.0318978
2020,32.25,0.5,0.9065818,86.12097,0,3.2636945
2020,32.25,0.75,0.96765345,91.478096,0,3.4835525
2020,32.25,1.0,1.041338,119.40302,0,3.7488165
2020,32.25,1.25,1.072198,121.81675,0,3.8599129
2020,32.25,1.5,1.085528,124.98218,0,3.9079008
2020,32.25,1.75,1.0802684,126.97177,0,3.888966
2020,32.25,2.0,1.1069626,127.63613,0,3.9850652
2020,32.25,2.25,1.1127349,129.57579,0,4.0058455
2020,32.25,2.5,1.1607689,104.05947,0,4.1787677
2020,32.25,2.75,1.2418905,106.74442,0,4.4708056
2020,32.25,3.0,1.2980033,103.86326,0,4.672812
2020,32.25,3.25,1.2854985,95.643745,0,4.6277943
2020,32.25,3.5,1.2797644,109.01478,0,4.607152
2020,32.25,3.75,1.2902623,129.88203,0,4.644944
2020,32.25,4.0,1.3332047,98.094795,0,4.799537
2020,32.25,4.25,1.3873963,98.855286,0,4.9946265
2020,32.25,4.5,1.4488446,99.538246,0,5.2158403
2020,32.25,4.75,1.4771175,98.621056,0,5.317623
2020,32.25,5.0,1.4434088,94.384224,0,5.196272
2020,32.25,5.25,1.3928204,92.40591,0,5.014153
2020,32.25,5.5,1.357018,94.349174,0,4.885265
2020,32.25,5.75,1.4276024,95.33384,0,5.1393685
2020,32.25,6.0,1.4758039,98.87949,0,5.312894
2020,32.25,6.25,1.5276937,98.07415,0,5.499697
2020,32.25,6.5,1.5785242,96.6463,0,5.6826873
2020,32.25,6.75,1.603272,96.30676,0,5.771779
2020,32.25,7.0,1.6028599,95.41986,0,5.770295
2020,32.25,7.25,1.6293215,95.84405,0,5.865557
2020,32.25,7.5,1.6716305,96.63674,0,6.0178695
2020,32.25,7.75,1.720983,97.86984,0,6.1955385
2020,32.25,8.0,1.7667896,98.808815,0,6.360442
2020,32.25,8.25,1.8328581,100.01925,0,6.598289
2020,32.25,8.5,1.8988608,101.27887,0,6.835899
2020,32.25,8.75,1.9767257,102.02775,0,7.1162124
2020,32.25,9.0,2.0532188,102.43044,0,7.3915877
2020,32.25,9.25,2.1119335,101.45151,0,7.60296
2020,32.25,9.5,2.2389688,98.701805,0,8.060287
2020,32.25,9.75,2.3629725,94.93809,0,8.5067005
2020,32.25,10.0,2.349909,90.60929,0,8.459672
2020,32.25,10.25,2.0560477,77.34145,0,7.4017715
2020,32.25,10.5,1.7137661,167.71075,0,6.1695576
2020,32.25,10.75,1.5308584,152.29117,0,5.5110903
2020,32.25,11.0,1.4753636,146.42067,0,5.311309
2020,32.25,11.25,1.4012018,142.65268,0,5.0443263
2020,32.25,11.5,1.3507619,139.1946,0,4.862743
2020,32.25,11.75,1.3182952,137.33565,0,4.745863
2020,32.25,12.0,1.2623795,136.84456,0,4.544566
2020,32.0,-9.0,1.8420591,146.65642,0,6.6314125
2020,32.0,-8.75,2.062392,177.40138,0,7.424611
2020,32.0,-8.5,2.1903117,153.1988,0,7.885122
2020,32.0,-8.25,2.0752332,152.10866,0,7.4708395
2020,32.0,-8.0,1.8956732,178.64229,0,6.8244233
2020,32.0,-7.75,1.5625454,281.59116,0,5.6251636
2020,32.0,-7.5,1.2449389,290.76913,0,4.4817796
2020,32.0,-7.25,0.9354677,301.66452,0,3.3676836
2020,32.0,-7.0,0.6409622,252.31047,0,2.307464
2020,32.0,-6.75,0.49617466,237.12273,0,1.7862288
2020,32.0,-6.5,0.47289905,238.46889,0,1.7024366
2020,32.0,-6.25,0.37929192,237.12022,0,1.3654509
2020,32.0,-6.0,0.4591228,240.10754,0,1.652842
2020,32.0,-5.75,0.69497585,242.52763,0,2.501913
2020,32.0,-5.5,0.905725,246.06325,0,3.2606099
2020,32.0,-5.25,0.7204763,242.2483,0,2.5937147
2020,32.0,-5.0,0.6065981,239.86427,0,2.183753
2020,32.0,-4.75,0.40082553,252.6487,0,1.4429718
2020,32.0,-4.5,0.33888122,212.22131,0,1.2199724
2020,32.0,-4.25,0.34920955,206.96764,0,1.2571543
2020,32.0,-4.0,0.4435164,169.62975,0,1.5966591
2020,32.0,-3.75,0.51177746,132.20148,0,1.8423988
2020,32.0,-3.5,0.5375154,160.56657,0,1.9350554
2020,32.0,-3.25,0.573856,136.30873,0,2.0658815
2020,32.0,-3.0,0.6588432,95.71661,0,2.3718355
2020,32.0,-2.75,0.7820583,103.748375,0,2.81541
2020,32.0,-2.5,0.9574692,115.295815,0,3.4468892
2020,32.0,-2.25,0.9849035,94.156,0,3.5456526
2020,32.0,-2.0,0.707901,123.11002,0,2.5484436
2020,32.0,-1.75,0.6007984,144.07457,0,2.1628742
2020,32.0,-1.5,0.61858034,132.28943,0,2.2268891
2020,32.0,-1.25,0.6363155,101.91748,0,2.2907357
2020,32.0,-1.0,0.67867833,106.32423,0,2.4432418
2020,32.0,-0.75,0.7685965,102.627785,0,2.7669473
2020,32.0,-0.5,0.8826311,97.97577,0,3.1774719
2020,32.0,-0.25,0.9562364,97.08307,0,3.442451
2020,32.0,0.0,0.9614306,96.585175,0,3.4611502
2020,32.0,0.25,0.9607027,97.318184,0,3.4585297
2020,32.0,0.5,1.0255405,99.928955,0,3.6919456
2020,32.0,0.75,1.0441928,98.19158,0,3.759094
2020,32.0,1.0,1.0898138,125.022606,0,3.9233296
2020,32.0,1.25,1.1310458,126.12033,0,4.071765
2020,32.0,1.5,1.1819016,100.45206,0,4.2548456
2020,32.0,1.75,1.1819394,102.76072,0,4.2549815
2020,32.0,2.0,1.1856542,104.84095,0,4.268355
2020,32.0,2.25,1.1966515,106.710175,0,4.3079453
2020,32.0,2.5,1.2400553,110.130714,0,4.464199
2020,32.0,2.75,1.2756532,109.24341,0,4.5923514
2020,32.0,3.0,1.3270894,106.36256,0,4.7775216
2020,32.0,3.25,1.3362716,95.10691,0,4.810578
2020,32.0,3.5,1.3440558,110.9657,0,4.8386006
2020,32.0,3.75,1.3418232,102.94168,0,4.8305635
2020,32.0,4.0,1.3743114,99.74557,0,4.947521
2020,32.0,4.25,1.431579,100.29712,0,5.153684
2020,32.0,4.5,1.4917488,101.5082,0,5.3702955
2020,32.0,4.75,1.5279984,101.02152,0,5.5007944
2020,32.0,5.0,1.4889809,97.63772,0,5.360331
2020,32.0,5.25,1.4295758,97.65222,0,5.146473
2020,32.0,5.5,1.3987738,96.66784,0,5.0355854
2020,32.0,5.75,1.4885535,92.44033,0,5.358793
2020,32.0,6.0,1.5209599,93.8939,0,5.4754553
2020,32.0,6.25,1.5727925,93.08262,0,5.662053
2020,32.0,6.5,1.6210022,92.409935,0,5.8356075
2020,32.0,6.75,1.658579,92.19552,0,5.9708843
2020,32.0,7.0,1.6643354,92.35648,0,5.991607
2020,32.0,7.25,1.6815721,93.34055,0,6.0536594
2020,32.0,7.5,1.7230939,94.20977,0,6.203138
2020,32.0,7.75,1.765026,94.895935,0,6.3540936
2020,32.0,8.0,1.8101088,95.9067,0,6.5163913
2020,32.0,8.25,1.8726183,97.268524,0,6.741426
2020,32.0,8.5,1.9373575,98.263115,0,6.974487
2020,32.0,8.75,2.0138905,99.19406,0,7.2500057
2020,32.0,9.0,2.0863316,98.491615,0,7.5107937
2020,32.0,9.25,2.1341636,97.65686,0,7.6829886
2020,32.0,9.5,2.2431896,95.98182,0,8.075482
2020,32.0,9.75,2.3345416,94.1157,0,8.404349
2020,32.0,10.0,2.3203537,90.44158,0,8.353273
2020,32.0,10.25,2.2070942,86.81948,0,7.945539
2020,32.0,10.5,1.8445159,114.611305,0,6.6402574
2020,32.0,10.75,1.5581924,117.24833,0,5.6094923
2020,32.0,11.0,1.3744178,143.60255,0,4.947904
2020,32.0,11.25,1.2996575,139.8476,0,4.6787667
2020,32.0,11.5,1.2451621,139.41252,0,4.4825835
2020,32.0,11.75,1.2065965,140.72968,0,4.343747
2020,32.0,12.0,1.1684675,142.07843,0,4.206483
2020,31.75,-9.0,1.63145,168.9676,0,5.87322
2020,31.75,-8.75,1.9689406,203.32825,0,7.0881863
2020,31.75,-8.5,2.089701,207.98497,0,7.522923
2020,31.75,-8.25,1.5478277,151.83324,0,5.57218
2020,31.75,-8.0,1.1709601,160.55794,0,4.215456
2020,31.75,-7.75,0.83170635,213.67339,0,2.9941428
2020,31.75,-7.5,0.7591869,269.3981,0,2.7330728
2020,31.75,-7.25,0.49277523,263.24844,0,1.7739908
2020,31.75,-7.0,0.4121866,256.1017,0,1.4838717
2020,31.75,-6.75,0.31905356,236.89018,0,1.1485928
2020,31.75,-6.5,0.29776213,226.8252,0,1.0719436
2020,31.75,-6.25,0.39210513,253.24146,0,1.4115784
2020,31.75,-6.0,0.5729474,249.56831,0,2.0626106
2020,31.75,-5.75,0.76821,247.719,0,2.7655559
2020,31.75,-5.5,0.7637201,236.34596,0,2.7493923
2020,31.75,-5.25,0.5995169,232.60144,0,2.1582608
2020,31.75,-5.0,0.42322883,233.73735,0,1.5236237
2020,31.75,-4.75,0.33688366,211.56537,0,1.2127812
2020,31.75,-4.5,0.33279064,174.7713,0,1.1980463
2020,31.75,-4.25,0.491683,130.99886,0,1.7700588
2020,31.75,-4.0,0.6864868,118.89291,0,2.4713523
2020,31.75,-3.75,0.81014663,123.140785,0,2.9165277
2020,31.75,-3.5,0.83058953,145.3957,0,2.9901223
2020,31.75,-3.25,0.73195225,146.54967,0,2.6350281
2020,31.75,-3.0,0.6949299,138.3433,0,2.5017476
2020,31.75,-2.75,0.8242266,113.187256,0,2.9672158
2020,31.75,-2.5,1.012952,117.35313,0,3.646627
2020,31.75,-2.25,1.0286832,122.92867,0,3.7032595
2020,31.75,-2.0,0.79863864,118.647804,0,2.875099
2020,31.75,-1.75,0.76371765,112.23798,0,2.7493834
2020,31.75,-1.5,0.80200386,103.8801,0,2.8872137
2020,31.75,-1.25,0.9672167,109.95127,0,3.4819798
2020,31.75,-1.0,1.0393525,113.74948,0,3.741669
2020,31.75,-0.75,1.0932978,111.229675,0,3.935872
2020,31.75,-0.5,1.1105729,106.15588,0,3.9980624
2020,31.75,-0.25,1.1785824,105.14095,0,4.2428966
2020,31.75,0.0,1.2107233,102.4134,0,4.3586035
2020,31.75,0.25,1.2013396,102.20815,0,4.3248224
2020,31.75,0.5,1.1970366,102.79657,0,4.309332
2020,31.75,0.75,1.214424,101.26688,0,4.3719263
2020,31.75,1.0,1.1777109,100.25809,0,4.239759
2020,31.75,1.25,1.2012972,101.783356,0,4.32467
2020,31.75,1.5,1.2600386,106.08416,0,4.536139
2020,31.75,1.75,1.2913653,108.78646,0,4.648915
2020,31.75,2.0,1.2998732,110.584526,0,4.6795435
2020,31.75,2.25,1.3341614,110.91868,0,4.802981
2020,31.75,2.5,1.382349,111.10822,0,4.976456
2020,31.75,2.75,1.412075,109.613365,0,5.08347
2020,31.75,3.0,1.3802251,102.785866,0,4.96881
2020,31.75,3.25,1.3893927,122.38263,0,5.001814
2020,31.75,3.5,1.4158295,111.45947,0,5.0969863
2020,31.75,3.75,1.4191513,104.88327,0,5.1089444
2020,31.75,4.0,1.450982,102.04575,0,5.223535
2020,31.75,4.25,1.4833021,100.99142,0,5.3398876
2020,31.75,4.5,1.5368534,102.24221,0,5.5326724
2020,31.75,4.75,1.5724498,102.189125,0,5.660819
2020,31.75,5.0,1.5651622,102.13126,0,5.6345835
2020,31.75,5.25,1.5062343,103.46515,0,5.4224434
2020,31.75,5.5,1.4958372,81.7538,0,5.385014
2020,31.75,5.75,1.5674113,89.06607,0,5.6426806
2020,31.75,6.0,1.5983562,89.17859,0,5.754082
2020,31.75,6.25,1.6282496,90.18095,0,5.8616986
2020,31.75,6.5,1.6788216,90.2854,0,6.0437574
2020,31.75,6.75,1.7122549,90.37081,0,6.1641173
2020,31.75,7.0,1.7186993,90.50599,0,6.1873174
2020,31.75,7.25,1.7366258,91.35547,0,6.2518525
2020,31.75,7.5,1.766564,92.03833,0,6.35963
2020,31.75,7.75,1.8072568,92.82154,0,6.5061245
2020,31.75,8.0,1.8532453,93.62856,0,6.671683
2020,31.75,8.25,1.9000826,94.77115,0,6.840297
2020,31.75,8.5,1.9604689,95.898796,0,7.0576878
2020,31.75,8.75,2.0043552,96.53665,0,7.2156787
2020,31.75,9.0,2.0725677,96.16815,0,7.4612436
2020,31.75,9.25,2.1033547,95.661995,0,7.572077
2020,31.75,9.5,2.1620452,95.85523,0,7.783363
2020,31.75,9.75,2.2558284,93.89606,0,8.120982
2020,31.75,10.0,2.2904103,93.66886,0,8.245477
2020,31.75,10.25,2.221908,91.26531,0,7.998869
2020,31.75,10.5,1.9829789,89.81485,0,7.138724
2020,31.75,10.75,1.8478112,112.05599,0,6.65212
2020,31.75,11.0,1.5981091,107.40637,0,5.753193
2020,31.75,11.25,1.4390006,110.22051,0,5.1804023
2020,31.75,11.5,1.333983,114.44229,0,4.8023386
2020,31.75,11.75,1.2911791,109.12637,0,4.6482444
2020,31.75,12.0,1.2224618,127.68035,0,4.400862
2020,31.5,-9.0,1.4393774,118.88073,0,5.1817584
2020,31.5,-8.75,1.6077229,153.21172,0,5.787802
2020,31.5,-8.5,1.4303144,231.65784,0,5.149132
2020,31.5,-8.25,0.8811478,215.60138,0,3.172132
2020,31.5,-8.0,0.5159108,205.94102,0,1.8572788
2020,31.5,-7.75,0.4131168,209.00133,0,1.4872205
2020,31.5,-7.5,0.39106676,270.87247,0,1.4078403
2020,31.5,-7.25,0.33434823,224.16167,0,1.2036536
2020,31.5,-7.0,0.3508816,221.02306,0,1.2631737
2020,31.5,-6.75,0.37583518,254.75061,0,1.3530066
2020,31.5,-6.5,0.4414443,239.65721,0,1.5891994
2020,31.5,-6.25,0.6034158,245.54968,0,2.1722968
2020,31.5,-6.0,0.68767333,261.96408,0,2.4756238
2020,31.5,-5.75,0.84341764,266.25778,0,3.0363035
2020,31.5,-5.5,0.7090459,237.04675,0,2.552565
2020,31.5,-5.25,0.5505366,232.62,0,1.9819316
2020,31.5,-5.0,0.41972923,208.33698,0,1.5110252
2020,31.5,-4.75,0.4230794,178.13971,0,1.5230858
2020,31.5,-4.5,0.5475637,154.68732,0,1.9712292
2020,31.5,-4.25,0.7970179,116.081215,0,2.8692644
2020,31.5,-4.0,1.0928284,110.95352,0,3.9341822
2020,31.5,-3.75,1.1541892,119.63446,0,4.1550813
2020,31.5,-3.5,1.0531987,130.35309,0,3.791515
2020,31.5,-3.25,0.8291514,157.27403,0,2.9849448
2020,31.5,-3.0,0.7426719,150.53656,0,2.6736188
2020,31.5,-2.75,0.85560423,118.80026,0,3.0801752
2020,31.5,-2.5,1.0756307,122.20611,0,3.8722703
2020,31.5,-2.25,1.1971925,124.97268,0,4.309893
2020,31.5,-2.0,1.076512,123.267204,0,3.875443
2020,31.5,-1.75,1.043789,118.36602,0,3.7576404
2020,31.5,-1.5,1.0738503,114.92521,0,3.865861
2020,31.5,-1.25,1.2568771,117.70817,0,4.5247574
2020,31.5,-1.0,1.3239526,117.657814,0,4.766229
2020,31.5,-0.75,1.3106445,114.121544,0,4.71832
2020,31.5,-0.5,1.3262442,110.22223,0,4.774479
2020,31.5,-0.25,1.3503036,107.28891,0,4.861093
2020,31.5,0.0,1.3914818,104.294106,0,5.009334
2020,31.5,0.25,1.4063811,104.0001,0,5.062972
2020,31.5,0.5,1.3990237,104.400185,0,5.036485
2020,31.5,0.75,1.3988711,104.972664,0,5.035936
2020,31.5,1.0,1.3504177,104.67462,0,4.8615036
2020,31.5,1.25,1.3517828,107.40026,0,4.866418
2020,31.5,1.5,1.3997694,111.27389,0,5.03917
2020,31.5,1.75,1.4387046,114.00584,0,5.1793365
2020,31.5,2.0,1.4414653,112.24594,0,5.189275
2020,31.5,2.25,1.4799122,111.60041,0,5.3276834
2020,31.5,2.5,1.533248,109.966576,0,5.5196924
2020,31.5,2.75,1.529843,105.07556,0,5.5074344
2020,31.5,3.0,1.5109509,98.57139,0,5.439423
2020,31.5,3.25,1.4521023,120.73315,0,5.227568
2020,31.5,3.5,1.4649987,111.73002,0,5.2739954
2020,31.5,3.75,1.4765857,105.81034,0,5.3157086
2020,31.5,4.0,1.5231246,103.26621,0,5.483248
2020,31.5,4.25,1.55587,102.4208,0,5.601132
2020,31.5,4.5,1.5846001,103.04825,0,5.7045603
2020,31.5,4.75,1.6008973,103.16486,0,5.7632303
2020,31.5,5.0,1.6016393,103.855835,0,5.765901
2020,31.5,5.25,1.6001846,78.95223,0,5.7606645
2020,31.5,5.5,1.6074389,85.806366,0,5.78678
2020,31.5,5.75,1.6410427,88.99566,0,5.9077535
2020,31.5,6.0,1.6600622,88.65061,0,5.976224
2020,31.5,6.25,1.6901156,89.64102,0,6.084416
2020,31.5,6.5,1.7222489,89.11393,0,6.200096
2020,31.5,6.75,1.7500896,89.15503,0,6.3003225
2020,31.5,7.0,1.7540649,89.21292,0,6.3146334
2020,31.5,7.25,1.7750944,89.55491,0,6.39034
2020,31.5,7.5,1.8043898,90.256256,0,6.4958034
2020,31.5,7.75,1.8360896,90.79871,0,6.6099224
2020,31.5,8.0,1.8793224,91.45255,0,6.7655606
2020,31.5,8.25,1.9200796,92.47897,0,6.9122863
2020,31.5,8.5,1.955288,93.09549,0,7.0390368
2020,31.5,8.75,1.9986582,93.82896,0,7.1951694
2020,31.5,9.0,2.0299757,94.491486,0,7.3079123
2020,31.5,9.25,2.0462477,94.53423,0,7.366492
2020,31.5,9.5,2.0975025,95.12113,0,7.5510087
2020,31.5,9.75,2.1451435,95.7298,0,7.7225165
2020,31.5,10.0,2.1794794,95.56974,0,7.8461256
2020,31.5,10.25,2.1677954,94.63254,0,7.8040633
2020,31.5,10.5,2.0844095,93.91802,0,7.503874
2020,31.5,10.75,1.9643521,94.9118,0,7.0716677
2020,31.5,11.0,1.8698244,100.292885,0,6.7313676
2020,31.5,11.25,1.7007351,102.811226,0,6.1226463
2020,31.5,11.5,1.546054,100.53141,0,5.5657945
2020,31.5,11.75,1.4768205,99.0158,0,5.3165536
2020,31.5,12.0,1.4553027,127.13208,0,5.2390895
2020,31.25,-9.0,1.1784078,84.63526,0,4.242268
2020,31.25,-8.75,0.8912347,79.564735,0,3.2084448
2020,31.25,-8.5,0.61767465,126.63428,0,2.2236288
2020,31.25,-8.25,0.5117716,276.05557,0,1.8423778
2020,31.25,-8.0,0.33510724,258.3451,0,1.206386
2020,31.25,-7.75,0.31871,257.04785,0,1.1473559
2020,31.25,-7.5,0.42420924,275.001,0,1.5271533
2020,31.25,-7.25,0.509268,269.1116,0,1.8333647
2020,31.25,-7.0,0.5285556,238.24211,0,1.9028
2020,31.25,-6.75,0.5169803,257.57443,0,1.861129
2020,31.25,-6.5,0.6074787,249.6794,0,2.1869233
2020,31.25,-6.25,0.6322666,242.00285,0,2.2761595
2020,31.25,-6.0,0.7605446,252.92336,0,2.7379606
2020,31.25,-5.75,0.7951329,252.43355,0,2.8624783
2020,31.25,-5.5,0.68900967,231.13747,0,2.4804347
2020,31.25,-5.25,0.6070352,193.0674,0,2.1853268
2020,31.25,-5.0,0.5454067,174.21523,0,1.963464
2020,31.25,-4.75,0.5905465,170.47063,0,2.1259673
2020,31.25,-4.5,0.7443764,129.67218,0,2.679755
2020,31.25,-4.25,1.0246396,122.69984,0,3.6887026
2020,31.25,-4.0,1.3262297,116.03054,0,4.774427
2020,31.25,-3.75,1.4737849,109.330894,0,5.3056254
2020,31.25,-3.5,1.2507857,130.52736,0,4.5028286
2020,31.25,-3.25,0.95025796,157.06682,0,3.4209285
2020,31.25,-3.0,0.8349109,154.69872,0,3.0056794
2020,31.25,-2.75,0.93828493,122.094505,0,3.3778257
2020,31.25,-2.5,1.2296623,127.52151,0,4.426784
2020,31.25,-2.25,1.4743608,101.03824,0,5.3076987
2020,31.25,-2.0,1.4170202,130.98607,0,5.1012726
2020,31.25,-1.75,1.4134407,127.116234,0,5.0883865
2020,31.25,-1.5,1.4310141,124.04423,0,5.1516504
2020,31.25,-1.25,1.4233106,120.12916,0,5.123918
2020,31.25,-1.0,1.4428048,117.66805,0,5.194097
2020,31.25,-0.75,1.4451848,114.71893,0,5.2026653
2020,31.25,-0.5,1.4947952,112.426,0,5.381263
2020,31.25,-0.25,1.5059347,110.15326,0,5.421365
2020,31.25,0.0,1.5199881,108.08725,0,5.4719567
2020,31.25,0.25,1.5432433,107.801575,0,5.5556755
2020,31.25,0.5,1.5420655,107.72666,0,5.5514355
2020,31.25,0.75,1.5418572,108.12014,0,5.550686
2020,31.25,1.0,1.5515652,108.9419,0,5.585634
2020,31.25,1.25,1.558341,111.878716,0,5.6100273
2020,31.25,1.5,1.6076971,114.81887,0,5.7877097
2020,31.25,1.75,1.6167498,113.22781,0,5.820299
2020,31.25,2.0,1.6170403,111.39801,0,5.821345
2020,31.25,2.25,1.6285566,109.43798,0,5.8628035
2020,31.25,2.5,1.6696981,106.9721,0,6.010913
2020,31.25,2.75,1.6704779,102.42045,0,6.01372
2020,31.25,3.0,1.6331078,96.57377,0,5.879188
2020,31.25,3.25,1.5649687,89.160576,0,5.6338873
2020,31.25,3.5,1.5301394,111.39786,0,5.508502
2020,31.25,3.75,1.5434623,106.95211,0,5.556464
2020,31.25,4.0,1.593552,104.6392,0,5.736787
2020,31.25,4.25,1.6240349,74.28596,0,5.846525
2020,31.25,4.5,1.6488365,74.72992,0,5.935811
2020,31.25,4.75,1.6460968,75.08267,0,5.9259486
2020,31.25,5.0,1.6381494,79.28925,0,5.8973374
2020,31.25,5.25,1.6527525,84.90258,0,5.9499087
2020,31.25,5.5,1.6850467,88.07966,0,6.066168
2020,31.25,5.75,1.6987778,89.518196,0,6.1156
2020,31.25,6.0,1.7097803,89.15983,0,6.155209
2020,31.25,6.25,1.7292695,88.53593,0,6.22537
2020,31.25,6.5,1.7626203,87.96002,0,6.345433
2020,31.25,6.75,1.7871528,87.47473,0,6.4337497
2020,31.25,7.0,1.7925754,87.95087,0,6.453271
2020,31.25,7.25,1.8136306,88.22236,0,6.52907
2020,31.25,7.5,1.8289584,88.31216,0,6.58425
2020,31.25,7.75,1.8590668,88.78988,0,6.6926403
2020,31.25,8.0,1.8866792,89.47933,0,6.7920446
2020,31.25,8.25,1.9165363,90.36593,0,6.8995304
2020,31.25,8.5,1.9515599,90.90096,0,7.0256157
2020,31.25,8.75,1.978603,91.21525,0,7.1229706
2020,31.25,9.0,1.9991841,92.04723,0,7.1970625
2020,31.25,9.25,1.9993731,93.01034,0,7.197743
2020,31.25,9.5,2.0173197,94.29843,0,7.2623506
2020,31.25,9.75,2.0650835,95.05042,0,7.4343004
2020,31.25,10.0,2.1072776,95.35966,0,7.5861993
2020,31.25,10.25,2.0984845,95.26279,0,7.554544
2020,31.25,10.5,2.0317514,96.52993,0,7.314305
2020,31.25,10.75,1.9675018,99.778656,0,7.0830064
2020,31.25,11.0,1.8683139,102.3549,0,6.7259297
2020,31.25,11.25,1.7468934,105.426674,0,6.288816
2020,31.25,11.5,1.5964197,104.10464,0,5.747111
2020,31.25,11.75,1.5140662,103.36263,0,5.4506383
2020,31.25,12.0,1.4587454,102.44392,0,5.251483
2020,31.0,-9.0,0.4652743,110.838936,0,1.6749874
2020,31.0,-8.75,0.2903498,147.99837,0,1.0452592
2020,31.0,-8.5,0.2653709,132.85675,0,0.95533526
2020,31.0,-8.25,0.30996412,186.19281,0,1.1158708
2020,31.0,-8.0,0.41428313,185.63678,0,1.4914192
2020,31.0,-7.75,0.6872949,255.89392,0,2.4742615
2020,31.0,-7.5,0.7071428,267.0536,0,2.545714
2020,31.0,-7.25,0.6533666,269.0424,0,2.3521197
2020,31.0,-7.0,0.6359131,284.39484,0,2.289287
2020,31.0,-6.75,0.62779576,264.2855,0,2.2600646
2020,31.0,-6.5,0.54120654,242.24434,0,1.9483435
2020,31.0,-6.25,0.5634576,229.84338,0,2.0284474
2020,31.0,-6.0,0.55894387,212.07655,0,2.012198
2020,31.0,-5.75,0.65012884,207.11482,0,2.3404639
2020,31.0,-5.5,0.75489897,195.41066,0,2.717636
2020,31.0,-5.25,0.6865261,183.85292,0,2.471494
2020,31.0,-5.0,0.63975555,173.05043,0,2.30312
2020,31.0,-4.75,0.71818113,133.85167,0,2.585452
2020,31.0,-4.5,0.8998885,129.47148,0,3.2395985
2020,31.0,-4.25,1.2388476,129.1126,0,4.4598513
2020,31.0,-4.0,1.5034176,124.984985,0,5.4123034
2020,31.0,-3.75,1.6174011,118.897644,0,5.8226438
2020,31.0,-3.5,1.4754974,107.81775,0,5.3117905
2020,31.0,-3.25,1.1482428,124.27424,0,4.133674
2020,31.0,-3.0,0.97680837,120.44158,0,3.51651
2020,31.0,-2.75,0.9917424,122.433846,0,3.5702724
2020,31.0,-2.5,1.2704135,131.39638,0,4.5734887
2020,31.0,-2.25,1.656571,107.92361,0,5.9636555
2020,31.0,-2.0,1.7891593,106.165504,0,6.4409733
2020,31.0,-1.75,1.7589933,101.25275,0,6.3323755
2020,31.0,-1.5,1.6661936,125.339966,0,5.9982967
2020,31.0,-1.25,1.5681924,120.5037,0,5.6454926
2020,31.0,-1.0,1.5370847,119.43342,0,5.533505
2020,31.0,-0.75,1.5781693,117.49308,0,5.6814094
2020,31.0,-0.5,1.63699,115.43548,0,5.8931637
2020,31.0,-0.25,1.6837438,113.68368,0,6.0614777
2020,31.0,0.0,1.6916107,112.172035,0,6.0897985
2020,31.0,0.25,1.6874937,112.07441,0,6.074977
2020,31.0,0.5,1.6776628,111.99543,0,6.039586
2020,31.0,0.75,1.6909137,112.00519,0,6.087289
2020,31.0,1.0,1.7236137,112.700874,0,6.2050095
2020,31.0,1.25,1.7644715,113.640236,0,6.3520975
2020,31.0,1.5,1.8013982,112.30407,0,6.485033
2020,31.0,1.75,1.8109083,110.738976,0,6.51927
2020,31.0,2.0,1.8040684,108.71423,0,6.494646
2020,31.0,2.25,1.804667,106.92771,0,6.496801
2020,31.0,2.5,1.8249168,104.08213,0,6.5697002
2020,31.0,2.75,1.8173884,99.9967,0,6.5425982
2020,31.0,3.0,1.7899871,94.39974,0,6.4439535
2020,31.0,3.25,1.738475,88.34202,0,6.2585096
2020,31.0,3.5,1.6725355,82.10883,0,6.0211277
2020,31.0,3.75,1.6737261,78.44742,0,6.0254135
2020,31.0,4.0,1.6854029,76.257996,0,6.06745
2020,31.0,4.25,1.711913,76.121574,0,6.1628866
2020,31.0,4.5,1.7170253,77.34002,0,6.1812906
2020,31.0,4.75,1.7118711,78.96323,0,6.162736
2020,31.0,5.0,1.7071799,83.7949,0,6.1458473
2020,31.0,5.25,1.7277614,87.45234,0,6.2199407
2020,31.0,5.5,1.7667192,89.3052,0,6.360189
2020,31.0,5.75,1.7786363,88.28135,0,6.4030905
2020,31.0,6.0,1.7857734,86.99701,0,6.428784
2020,31.0,6.25,1.8005673,86.42753,0,6.482042
2020,31.0,6.5,1.817544,86.09272,0,6.543158
2020,31.0,6.75,1.8391467,86.01648,0,6.6209283
2020,31.0,7.0,1.8466959,86.58993,0,6.648105
2020,31.0,7.25,1.8476392,86.437675,0,6.651501
2020,31.0,7.5,1.8604918,86.479034,0,6.69777
2020,31.0,7.75,1.8662385,87.15769,0,6.718458
2020,31.0,8.0,1.8826374,88.126625,0,6.7774944
2020,31.0,8.25,1.8936921,88.87375,0,6.8172917
2020,31.0,8.5,1.9137913,88.710205,0,6.8896484
2020,31.0,8.75,1.941039,88.976906,0,6.98774
2020,31.0,9.0,1.9570214,89.68279,0,7.0452766
2020,31.0,9.25,1.9451829,91.05729,0,7.0026584
2020,31.0,9.5,1.9428415,93.132225,0,6.9942293
2020,31.0,9.75,1.9558686,94.382866,0,7.0411267
2020,31.0,10.0,1.9945312,94.5256,0,7.180312
2020,31.0,10.25,2.0265677,96.163414,0,7.2956433
2020,31.0,10.5,2.0163033,100.42379,0,7.258692
2020,31.0,10.75,1.9491102,105.34557,0,7.0167966
2020,31.0,11.0,1.8463607,108.52365,0,6.6468983
2020,31.0,11.25,1.7131242,109.48276,0,6.167247
2020,31.0,11.5,1.587207,108.970726,0,5.713945
2020,31.0,11.75,1.5221974,109.977715,0,5.4799104
2020,31.0,12.0,1.4662642,110.541016,0,5.278551
2020,30.75,-9.0,0.50281674,253.22028,0,1.8101403
2020,30.75,-8.75,0.5203446,215.65437,0,1.8732406
2020,30.75,-8.5,0.53127074,203.01965,0,1.9125746
2020,30.75,-8.25,0.49040404,202.35559,0,1.7654545
2020,30.75,-8.0,0.5105497,198.67664,0,1.837979
2020,30.75,-7.75,0.95301217,247.16252,0,3.4308438
2020,30.75,-7.5,1.2973175,259.0997,0,4.670343
2020,30.75,-7.25,1.3718342,254.83507,0,4.938603
2020,30.75,-7.0,1.1857802,245.17564,0,4.2688084
2020,30.75,-6.75,1.0519001,233.19753,0,3.7868404
2020,30.75,-6.5,0.7288123,201.77815,0,2.6237242
2020,30.75,-6.25,0.5925108,190.94714,0,2.133039
2020,30.75,-6.0,0.6081131,164.61531,0,2.189207
2020,30.75,-5.75,0.6393021,159.68425,0,2.3014874
2020,30.75,-5.5,0.6154318,185.63348,0,2.2155545
2020,30.75,-5.25,0.58391684,175.08531,0,2.1021006
2020,30.75,-5.0,0.67052,160.06125,0,2.413872
2020,30.75,-4.75,0.8921971,129.8369,0,3.2119093
2020,30.75,-4.5,1.0933026,135.29712,0,3.9358892
2020,30.75,-4.25,1.3091544,134.83562,0,4.7129555
2020,30.75,-4.0,1.535174,130.86244,0,5.526626
2020,30.75,-3.75,1.6338352,125.17814,0,5.8818064
2020,30.75,-3.5,1.5532684,112.98966,0,5.5917664
2020,30.75,-3.25,1.2986206,128.67667,0,4.675034
2020,30.75,-3.0,1.1504457,126.48038,0,4.1416044
2020,30.75,-2.75,1.148323,128.92604,0,4.133963
2020,30.75,-2.5,1.3330139,133.65059,0,4.79885
2020,30.75,-2.25,1.7254924,109.19992,0,6.2117724
2020,30.75,-2.0,1.9658779,105.6463,0,7.0771604
2020,30.75,-1.75,1.9944474,101.018486,0,7.1800103
2020,30.75,-1.5,1.8979207,95.98115,0,6.8325143
2020,30.75,-1.25,1.7805386,91.56073,0,6.409939
2020,30.75,-1.0,1.7213593,120.23498,0,6.196893
2020,30.75,-0.75,1.7314259,118.09428,0,6.233133
2020,30.75,-0.5,1.7720855,116.29264,0,6.379508
2020,30.75,-0.25,1.8297173,114.90145,0,6.5869823
2020,30.75,0.0,1.8665229,113.85555,0,6.7194824
2020,30.75,0.25,1.8654119,112.76224,0,6.7154827
2020,30.75,0.5,1.8726729,111.90597,0,6.7416224
2020,30.75,0.75,1.8932065,111.76028,0,6.815543
2020,30.75,1.0,1.9307966,111.99345,0,6.9508677
2020,30.75,1.25,1.9662391,112.00814,0,7.0784607
2020,30.75,1.5,1.9776835,110.39796,0,7.1196604
2020,30.75,1.75,1.9804536,108.292336,0,7.129633
2020,30.75,2.0,1.9827658,106.039276,0,7.1379566
2020,30.75,2.25,1.9888716,104.00769,0,7.1599374
2020,30.75,2.5,1.9793802,101.282845,0,7.1257687
2020,30.75,2.75,1.9736115,97.53178,0,7.105001
2020,30.75,3.0,1.9514217,93.4372,0,7.025118
2020,30.75,3.25,1.9118528,88.76172,0,6.88267
2020,30.75,3.5,1.8288797,84.90736,0,6.5839667
2020,30.75,3.75,1.7827874,81.10775,0,6.4180346
2020,30.75,4.0,1.7801787,78.74275,0,6.4086432
2020,30.75,4.25,1.790562,78.25852,0,6.446023
2020,30.75,4.5,1.8006978,79.62384,0,6.482512
2020,30.75,4.75,1.8082858,82.84079,0,6.509829
2020,30.75,5.0,1.8232886,86.72446,0,6.5638385
2020,30.75,5.25,1.8429117,88.83484,0,6.634482
2020,30.75,5.5,1.8534259,88.60967,0,6.672333
2020,30.75,5.75,1.8400356,87.49969,0,6.624128
2020,30.75,6.0,1.8478285,85.929405,0,6.6521826
2020,30.75,6.25,1.8626719,84.77146,0,6.7056184
2020,30.75,6.5,1.8781005,84.320496,0,6.761162
2020,30.75,6.75,1.8847202,84.56986,0,6.7849927
2020,30.75,7.0,1.8824326,84.94112,0,6.7767572
2020,30.75,7.25,1.881987,85.169525,0,6.775153
2020,30.75,7.5,1.8834943,86.10607,0,6.780579
2020,30.75,7.75,1.882114,87.25683,0,6.7756104
2020,30.75,8.0,1.853046,87.357414,0,6.670965
2020,30.75,8.25,1.8311185,85.996925,0,6.592026
2020,30.75,8.5,1.8487478,85.774055,0,6.6554923
2020,30.75,8.75,1.8729067,86.6431,0,6.742464
2020,30.75,9.0,1.8893477,88.05139,0,6.8016515
2020,30.75,9.25,1.8929559,88.586464,0,6.814641
2020,30.75,9.5,1.8811417,90.118614,0,6.77211
2020,30.75,9.75,1.8766179,92.65261,0,6.755824
2020,30.75,10.0,1.895133,96.025475,0,6.822479
2020,30.75,10.25,1.9285496,100.16622,0,6.9427786
2020,30.75,10.5,1.974672,103.267426,0,7.108819
2020,30.75,10.75,1.9388685,106.96389,0,6.9799266
2020,30.75,11.0,1.8451041,111.13055,0,6.6423745
2020,30.75,11.25,1.7289046,113.28095,0,6.2240562
2020,30.75,11.5,1.6267071,113.7916,0,5.8561454
2020,30.75,11.75,1.5933689,115.22482,0,5.736128
2020,30.75,12.0,1.5869021,116.20721,0,5.7128477
2020,30.5,-9.0,0.8626666,222.93518,0,3.1055996
2020,30.5,-8.75,0.8631897,220.12856,0,3.107483
2020,30.5,-8.5,0.9141827,172.31514,0,3.2910578
2020,30.5,-8.25,0.92896795,191.10649,0,3.3442845
2020,30.5,-8.0,0.89219594,224.57404,0,3.2119052
2020,30.5,-7.75,1.1274332,279.83243,0,4.058759
2020,30.5,-7.5,1.3307937,261.9257,0,4.7908573
2020,30.5,-7.25,1.3106185,260.87436,0,4.7182264
2020,30.5,-7.0,1.0210192,243.4781,0,3.6756692
2020,30.5,-6.75,0.9546434,227.08794,0,3.4367163
2020,30.5,-6.5,0.81844974,220.59782,0,2.946419
2020,30.5,-6.25,0.6222141,205.37129,0,2.2399707
2020,30.5,-6.0,0.4637755,184.42436,0,1.6695917
2020,30.5,-5.75,0.479712,167.57625,0,1.7269632
2020,30.5,-5.5,0.6151411,161.44142,0,2.2145078
2020,30.5,-5.25,0.741944,152.30705,0,2.6709983
2020,30.5,-5.0,0.91644126,145.8236,0,3.2991884
2020,30.5,-4.75,1.097779,143.25963,0,3.9520044
2020,30.5,-4.5,1.1991674,138.47066,0,4.3170023
2020,30.5,-4.25,1.430501,131.49739,0,5.1498036
2020,30.5,-4.0,1.6235552,127.32859,0,5.8447986
2020,30.5,-3.75,1.6722592,123.09199,0,6.020133
2020,30.5,-3.5,1.5381552,113.737206,0,5.5373588
2020,30.5,-3.25,1.4283272,105.15345,0,5.141978
2020,30.5,-3.0,1.3702098,132.00356,0,4.932755
2020,30.5,-2.75,1.3674432,131.31404,0,4.9227953
2020,30.5,-2.5,1.4665078,132.9471,0,5.279428
2020,30.5,-2.25,1.7842597,107.127174,0,6.4233346
2020,30.5,-2.0,2.0279336,103.78009,0,7.300561
2020,30.5,-1.75,2.0787482,99.06705,0,7.4834933
2020,30.5,-1.5,2.033983,94.23875,0,7.3223386
2020,30.5,-1.25,1.9784306,90.53286,0,7.12235
2020,30.5,-1.0,1.92669,88.93002,0,6.936084
2020,30.5,-0.75,1.9084034,87.29246,0,6.870252
2020,30.5,-0.5,1.9262747,85.85096,0,6.9345884
2020,30.5,-0.25,1.970233,84.48792,0,7.0928383
2020,30.5,0.0,2.0162072,82.80328,0,7.2583456
2020,30.5,0.25,2.0303216,81.506035,0,7.3091574
2020,30.5,0.5,2.0487525,80.948265,0,7.375509
2020,30.5,0.75,2.0737998,80.63448,0,7.465679
2020,30.5,1.0,2.108234,79.94897,0,7.589642
2020,30.5,1.25,2.1541462,77.88148,0,7.754926
2020,30.5,1.5,2.1774564,76.20078,0,7.838843
2020,30.5,1.75,2.1876478,104.16611,0,7.875532
2020,30.5,2.0,2.1847806,102.29017,0,7.86521
2020,30.5,2.25,2.1630766,101.26325,0,7.7870755
2020,30.5,2.5,2.1132562,99.59271,0,7.6077223
2020,30.5,2.75,2.0557353,96.47952,0,7.400647
2020,30.5,3.0,2.0138192,93.64042,0,7.249749
2020,30.5,3.25,1.991525,91.46603,0,7.16949
2020,30.5,3.5,1.9690857,89.0585,0,7.0887084
2020,30.5,3.75,1.8888761,84.31085,0,6.799954
2020,30.5,4.0,1.8432765,81.485016,0,6.635795
2020,30.5,4.25,1.8252379,81.280655,0,6.570856
2020,30.5,4.5,1.8342792,83.44042,0,6.603405
2020,30.5,4.75,1.858574,87.2637,0,6.6908665
2020,30.5,5.0,1.8891305,89.70504,0,6.8008695
2020,30.5,5.25,1.9089733,90.0079,0,6.872304
2020,30.5,5.5,1.9133749,88.439415,0,6.8881493
2020,30.5,5.75,1.9097975,86.256775,0,6.875271
2020,30.5,6.0,1.9227667,84.41339,0,6.92196
2020,30.5,6.25,1.9340992,83.27148,0,6.962757
2020,30.5,6.5,1.943409,82.984344,0,6.996272
2020,30.5,6.75,1.9474357,83.4463,0,7.0107684
2020,30.5,7.0,1.9176135,83.71152,0,6.9034085
2020,30.5,7.25,1.9102736,84.43405,0,6.8769846
2020,30.5,7.5,1.9086484,85.4349,0,6.871134
2020,30.5,7.75,1.8914924,85.87103,0,6.8093724
2020,30.5,8.0,1.821889,83.96055,0,6.5588
2020,30.5,8.25,1.7758031,82.62844,0,6.392891
2020,30.5,8.5,1.7893099,83.097435,0,6.4415154
2020,30.5,8.75,1.8078266,84.18905,0,6.508176
2020,30.5,9.0,1.8011259,84.696465,0,6.484053
2020,30.5,9.25,1.7742,83.37063,0,6.38712
2020,30.5,9.5,1.7590514,84.64035,0,6.332585
2020,30.5,9.75,1.7724465,88.49656,0,6.3808074
2020,30.5,10.0,1.8203441,93.350655,0,6.5532384
2020,30.5,10.25,1.8918633,99.01986,0,6.810708
2020,30.5,10.5,1.9323922,103.35471,0,6.956612
2020,30.5,10.75,1.8965286,107.16108,0,6.8275027
2020,30.5,11.0,1.8167129,112.8355,0,6.540166
2020,30.5,11.25,1.7253675,115.4692,0,6.211323
2020,30.5,11.5,1.6547041,116.70661,0,5.9569345
2020,30.5,11.75,1.6453805,117.38549,0,5.9233694
2020,30.5,12.0,1.6608095,117.79803,0,5.9789143
2020,30.25,-9.0,1.2492936,212.21837,0,4.4974566
2020,30.25,-8.75,1.1007414,211.77376,0,3.962669
2020,30.25,-8.5,0.8966799,200.39568,0,3.2280474
2020,30.25,-8.25,0.83692366,214.21368,0,3.0129251
2020,30.25,-8.0,0.87030363,278.9755,0,3.1330929
2020,30.25,-7.75,1.0402681,276.21115,0,3.7449648
2020,30.25,-7.5,1.0202838,266.04742,0,3.6730216
2020,30.25,-7.25,0.7643314,265.58008,0,2.7515929
2020,30.25,-7.0,0.5576125,252.92542,0,2.0074048
2020,30.25,-6.75,0.57521456,208.2113,0,2.0707724
2020,30.25,-6.5,0.6847081,197.5479,0,2.4649491
2020,30.25,-6.25,0.72716206,207.7602,0,2.6177833
2020,30.25,-6.0,0.62418014,192.18031,0,2.2470484
2020,30.25,-5.75,0.64873004,161.37767,0,2.335428
2020,30.25,-5.5,0.7847306,150.37073,0,2.82503
2020,30.25,-5.25,0.9376914,144.31177,0,3.375689
2020,30.25,-5.0,1.0314254,140.57962,0,3.7131312
2020,30.25,-4.75,1.1048595,131.50066,0,3.977494
2020,30.25,-4.5,1.2619803,125.95016,0,4.543129
2020,30.25,-4.25,1.4994103,124.060585,0,5.3978767
2020,30.25,-4.0,1.731166,122.016235,0,6.2321973
2020,30.25,-3.75,1.7729565,116.95052,0,6.382643
2020,30.25,-3.5,1.6629523,112.73539,0,5.986628
2020,30.25,-3.25,1.597558,109.681786,0,5.751209
2020,30.25,-3.0,1.5538138,107.4564,0,5.5937295
2020,30.25,-2.75,1.5403613,104.49799,0,5.5453005
2020,30.25,-2.5,1.6061296,101.77777,0,5.7820663
2020,30.25,-2.25,1.8836831,101.758354,0,6.781259
2020,30.25,-2.0,2.0948417,99.03717,0,7.54143
2020,30.25,-1.75,2.1738844,95.57235,0,7.8259835
2020,30.25,-1.5,2.1574485,92.26465,0,7.7668147
2020,30.25,-1.25,2.1112835,89.77731,0,7.6006207
2020,30.25,-1.0,2.0726166,87.38781,0,7.4614196
2020,30.25,-0.75,2.0694537,85.15557,0,7.450033
2020,30.25,-0.5,2.090558,83.329735,0,7.5260086
2020,30.25,-0.25,2.1193635,81.80425,0,7.629709
2020,30.25,0.0,2.1760478,80.02902,0,7.8337717
2020,30.25,0.25,2.223243,79.026146,0,8.0036745
2020,30.25,0.5,2.2520335,77.108284,0,8.10732
2020,30.25,0.75,2.2725203,75.3001,0,8.181073
2020,30.25,1.0,2.2930806,73.639275,0,8.25509
2020,30.25,1.25,2.3256915,72.01632,0,8.372489
2020,30.25,1.5,2.3516042,71.23447,0,8.465775
2020,30.25,1.75,2.3589432,71.62704,0,8.492195
2020,30.25,2.0,2.3410327,72.827934,0,8.427717
2020,30.25,2.25,2.291994,103.96594,0,8.251179
2020,30.25,2.5,2.2001355,102.76429,0,7.9204874
2020,30.25,2.75,2.082213,99.084656,0,7.4959664
2020,30.25,3.0,2.038721,96.99174,0,7.3393955
2020,30.25,3.25,2.0421376,94.938286,0,7.351695
2020,30.25,3.5,2.0457556,91.94814,0,7.36472
2020,30.25,3.75,1.9763244,86.81042,0,7.114768
2020,30.25,4.0,1.9091378,84.23765,0,6.872896
2020,30.25,4.25,1.891204,85.01285,0,6.8083344
2020,30.25,4.5,1.9132767,87.25428,0,6.887796
2020,30.25,4.75,1.9578404,89.62784,0,7.0482254
2020,30.25,5.0,1.9932548,90.85482,0,7.175717
2020,30.25,5.25,1.9912596,89.994194,0,7.1685343
2020,30.25,5.5,1.9615432,87.98478,0,7.0615554
2020,30.25,5.75,1.9440616,85.32023,0,6.998622
2020,30.25,6.0,1.9517165,82.90185,0,7.0261793
2020,30.25,6.25,1.9690226,81.9785,0,7.0884814
2020,30.25,6.5,1.9888229,81.74197,0,7.1597624
2020,30.25,6.75,1.9775916,82.2681,0,7.11933
2020,30.25,7.0,1.9499711,82.84048,0,7.0198956
2020,30.25,7.25,1.929715,83.56274,0,6.946974
2020,30.25,7.5,1.931307,84.64883,0,6.952705
2020,30.25,7.75,1.9049867,82.99967,0,6.857952
2020,30.25,8.0,1.8401823,81.21566,0,6.624656
2020,30.25,8.25,1.7840209,80.573296,0,6.422475
2020,30.25,8.5,1.7627646,81.420105,0,6.3459525
2020,30.25,8.75,1.7555676,110.865395,0,6.320043
2020,30.25,9.0,1.7177762,109.47506,0,6.1839943
2020,30.25,9.25,1.6749687,108.77417,0,6.029887
2020,30.25,9.5,1.6296042,109.00351,0,5.8665752
2020,30.25,9.75,1.595287,110.67383,0,5.743033
2020,30.25,10.0,1.6328951,96.06867,0,5.8784223
2020,30.25,10.25,1.7757894,102.32711,0,6.392842
2020,30.25,10.5,1.8676915,107.86451,0,6.723689
2020,30.25,10.75,1.8760883,113.12916,0,6.7539177
2020,30.25,11.0,1.8094953,117.67132,0,6.514183
2020,30.25,11.25,1.7329129,118.93173,0,6.2384863
2020,30.25,11.5,1.6909887,119.989845,0,6.087559
2020,30.25,11.75,1.686495,119.8003,0,6.0713816
2020,30.25,12.0,1.699337,119.01743,0,6.117613
2020,30.0,-9.0,0.7970305,224.09407,0,2.8693097
2020,30.0,-8.75,0.9751716,233.54366,0,3.5106177
2020,30.0,-8.5,1.0063945,233.85487,0,3.6230202
2020,30.0,-8.25,0.85028434,272.4117,0,3.0610235
2020,30.0,-8.0,0.9211517,284.88892,0,3.3161461
2020,30.0,-7.75,0.916713,282.79138,0,3.3001666
2020,30.0,-7.5,0.7243185,270.6067,0,2.6075466
2020,30.0,-7.25,0.5863791,216.88647,0,2.1109648
2020,30.0,-7.0,0.5849168,202.53996,0,2.1057003
2020,30.0,-6.75,0.6549025,146.85414,0,2.357649
2020,30.0,-6.5,0.7066171,183.95717,0,2.5438216
2020,30.0,-6.25,0.78444815,173.62413,0,2.8240132
2020,30.0,-6.0,0.77945995,168.73431,0,2.8060558
2020,30.0,-5.75,0.7975163,162.84767,0,2.8710585
2020,30.0,-5.5,0.92858917,132.55411,0,3.342921
2020,30.0,-5.25,1.0984086,128.40956,0,3.9542708
2020,30.0,-5.0,1.1365339,151.351,0,4.0915217
2020,30.0,-4.75,1.1843923,125.01636,0,4.263812
2020,30.0,-4.5,1.3580633,126.786934,0,4.889028
2020,30.0,-4.25,1.5969278,124.39093,0,5.74894
2020,30.0,-4.0,1.8205299,120.45814,0,6.5539074
2020,30.0,-3.75,1.9016432,115.14453,0,6.8459153
2020,30.0,-3.5,1.8390588,112.31693,0,6.620611
2020,30.0,-3.25,1.7837963,111.28245,0,6.4216666
2020,30.0,-3.0,1.7283694,109.90866,0,6.2221293
2020,30.0,-2.75,1.6397166,107.44967,0,5.90298
2020,30.0,-2.5,1.6148309,103.27032,0,5.8133907
2020,30.0,-2.25,1.8009639,100.92877,0,6.48347
2020,30.0,-2.0,2.0261586,98.29825,0,7.294171
2020,30.0,-1.75,2.142998,95.176575,0,7.7147927
2020,30.0,-1.5,2.2118452,91.65038,0,7.962642
2020,30.0,-1.25,2.2140667,88.431984,0,7.97064
2020,30.0,-1.0,2.200211,85.55276,0,7.9207597
2020,30.0,-0.75,2.2064493,82.47986,0,7.9432173
2020,30.0,-0.5,2.2294662,80.36527,0,8.026078
2020,30.0,-0.25,2.2748792,78.08513,0,8.189565
2020,30.0,0.0,2.3296678,75.02473,0,8.386804
2020,30.0,0.25,2.3891394,72.437294,0,8.600902
2020,30.0,0.5,2.4333417,69.88143,0,8.76003
2020,30.0,0.75,2.4588761,67.91779,0,8.8519535
2020,30.0,1.0,2.4560034,68.01282,0,8.841612
2020,30.0,1.25,2.4762566,68.391975,0,8.914523
2020,30.0,1.5,2.4794335,70.33021,0,8.925961
2020,30.0,1.75,2.4706926,75.24343,0,8.894493
2020,30.0,2.0,2.459377,78.20438,0,8.853757
2020,30.0,2.25,2.4213982,79.57639,0,8.717033
2020,30.0,2.5,2.3056216,106.270325,0,8.300238
2020,30.0,2.75,2.1819475,102.423485,0,7.8550105
2020,30.0,3.0,2.1317866,99.14004,0,7.6744313
2020,30.0,3.25,2.1312685,96.195656,0,7.6725664
2020,30.0,3.5,2.138864,91.269196,0,7.69991
2020,30.0,3.75,2.1085575,87.67878,0,7.5908065
2020,30.0,4.0,2.0478127,87.20536,0,7.3721256
2020,30.0,4.25,1.9928352,88.302315,0,7.1742063
2020,30.0,4.5,2.0037522,90.06432,0,7.2135077
2020,30.0,4.75,2.02375,91.17011,0,7.2855
2020,30.0,5.0,2.043194,91.329254,0,7.3554983
2020,30.0,5.25,2.0518734,88.80978,0,7.386744
2020,30.0,5.5,2.0479233,85.3406,0,7.372524
2020,30.0,5.75,2.0331378,82.64785,0,7.319296
2020,30.0,6.0,2.025706,80.98097,0,7.2925415
2020,30.0,6.25,2.0307443,80.78667,0,7.3106794
2020,30.0,6.5,2.0440295,81.120964,0,7.3585057
2020,30.0,6.75,2.0334733,82.33029,0,7.3205037
2020,30.0,7.0,2.0102923,83.04719,0,7.237052
2020,30.0,7.25,1.9822632,83.508705,0,7.1361475
2020,30.0,7.5,1.9464699,83.430695,0,7.0072913
2020,30.0,7.75,1.8900119,81.24416,0,6.804043
2020,30.0,8.0,1.8446817,80.19836,0,6.640854
2020,30.0,8.25,1.7940375,79.579254,0,6.4585347
2020,30.0,8.5,1.7450794,108.24518,0,6.2822857
2020,30.0,8.75,1.697455,106.94517,0,6.110838
2020,30.0,9.0,1.642039,107.51032,0,5.91134
2020,30.0,9.25,1.5949537,106.6641,0,5.741833
2020,30.0,9.5,1.5486712,107.90253,0,5.5752163
2020,30.0,9.75,1.4685491,111.695915,0,5.2867765
2020,30.0,10.0,1.4668337,115.43868,0,5.280601
2020,30.0,10.25,1.6575761,116.44335,0,5.9672737
2020,30.0,10.5,1.816907,117.57017,0,6.5408654
2020,30.0,10.75,1.8451654,121.58192,0,6.6425953
2020,30.0,11.0,1.7689937,123.342255,0,6.368377
2020,30.0,11.25,1.6981996,122.49705,0,6.1135187
2020,30.0,11.5,1.6879286,121.933784,0,6.076543
2020,30.0,11.75,1.7038045,120.37793,0,6.133696
2020,30.0,12.0,1.7195779,118.95474,0,6.19048
2020,29.75,-9.0,0.77624154,201.52202,0,2.7944694
2020,29.75,-8.75,1.0330652,221.57048,0,3.7190347
2020,29.75,-8.5,0.95239115,247.4057,0,3.428608
2020,29.75,-8.25,0.88895506,297.3702,0,3.2002382
2020,29.75,-8.0,0.9730099,228.37437,0,3.5028355
2020,29.75,-7.75,1.0316964,195.5623,0,3.714107
2020,29.75,-7.5,0.8399951,168.76988,0,3.0239823
2020,29.75,-7.25,0.8936782,147.56667,0,3.2172413
2020,29.75,-7.0,0.9833128,154.51784,0,3.539926
2020,29.75,-6.75,1.0242817,163.53348,0,3.6874142
2020,29.75,-6.5,1.0623016,165.0429,0,3.8242857
2020,29.75,-6.25,1.1376792,159.194,0,4.095645
2020,29.75,-6.0,1.197959,158.55699,0,4.312652
2020,29.75,-5.75,1.2290801,153.35927,0,4.4246883
2020,29.75,-5.5,1.2413251,143.66924,0,4.4687705
2020,29.75,-5.25,1.3632375,137.8852,0,4.907655
2020,29.75,-5.0,1.3458186,137.66457,0,4.844947
2020,29.75,-4.75,1.3153168,138.6729,0,4.7351403
2020,29.75,-4.5,1.4710759,133.75577,0,5.295873
2020,29.75,-4.25,1.6841482,128.7965,0,6.0629334
2020,29.75,-4.0,1.8929108,124.00129,0,6.814479
2020,29.75,-3.75,1.9383659,117.09442,0,6.978117
2020,29.75,-3.5,1.9473604,112.43029,0,7.010497
2020,29.75,-3.25,1.9235249,111.39202,0,6.9246893
2020,29.75,-3.0,1.8900126,111.03009,0,6.804045
2020,29.75,-2.75,1.79799,109.692116,0,6.4727635
2020,29.75,-2.5,1.59722,106.40676,0,5.7499914
2020,29.75,-2.25,1.5815562,103.239845,0,5.693602
2020,29.75,-2.0,1.8013339,100.24981,0,6.484802
2020,29.75,-1.75,2.0386305,94.99249,0,7.3390694
2020,29.75,-1.5,2.145047,90.538994,0,7.722169
2020,29.75,-1.25,2.280895,85.85883,0,8.211222
2020,29.75,-1.0,2.323304,83.04475,0,8.3638935
2020,29.75,-0.75,2.3306634,79.76295,0,8.3903885
2020,29.75,-0.5,2.3645515,75.86592,0,8.512385
2020,29.75,-0.25,2.4224992,72.63359,0,8.720997
2020,29.75,0.0,2.460051,66.60926,0,8.856184
2020,29.75,0.25,2.5302522,64.262886,0,9.108908
2020,29.75,0.5,2.5864227,63.18585,0,9.311121
2020,29.75,0.75,2.5921845,65.644104,0,9.331864
2020,29.75,1.0,2.582051,66.5102,0,9.295383
2020,29.75,1.25,2.5563214,68.98995,0,9.202757
2020,29.75,1.5,2.5405338,75.05091,0,9.145922
2020,29.75,1.75,2.555845,79.91947,0,9.201042
2020,29.75,2.0,2.588277,81.791626,0,9.317798
2020,29.75,2.25,2.557845,81.96615,0,9.208242
2020,29.75,2.5,2.450946,77.81826,0,8.823405
2020,29.75,2.75,2.32783,104.895,0,8.380188
2020,29.75,3.0,2.2551003,101.007774,0,8.1183605
2020,29.75,3.25,2.185393,95.43621,0,7.867415
2020,29.75,3.5,2.1785495,90.31848,0,7.842778
2020,29.75,3.75,2.1909583,89.635925,0,7.8874497
2020,29.75,4.0,2.1689417,90.71264,0,7.80819
2020,29.75,4.25,2.111789,91.2388,0,7.6024404
2020,29.75,4.5,2.0834715,90.60177,0,7.5004973
2020,29.75,4.75,2.0991676,90.947754,0,7.557003
2020,29.75,5.0,2.1080759,89.55599,0,7.5890727
2020,29.75,5.25,2.1049302,86.34583,0,7.5777483
2020,29.75,5.5,2.1055992,83.41174,0,7.580157
2020,29.75,5.75,2.1019843,81.74052,0,7.567143
2020,29.75,6.0,2.0971613,80.44497,0,7.5497804
2020,29.75,6.25,2.0860293,80.4643,0,7.509705
2020,29.75,6.5,2.0926912,81.35023,0,7.533688
2020,29.75,6.75,2.0836997,82.374016,0,7.501319
2020,29.75,7.0,2.0572028,82.87551,0,7.40593
2020,29.75,7.25,2.0229623,82.98847,0,7.2826643
2020,29.75,7.5,1.9712948,81.456474,0,7.096661
2020,29.75,7.75,1.9129477,79.64969,0,6.8866115
2020,29.75,8.0,1.8635451,78.753365,0,6.708762
2020,29.75,8.25,1.7966372,108.161476,0,6.4678936
2020,29.75,8.5,1.7375193,106.92016,0,6.2550693
2020,29.75,8.75,1.6545035,108.14547,0,5.9562125
2020,29.75,9.0,1.6301185,107.98911,0,5.8684263
2020,29.75,9.25,1.6172625,108.88217,0,5.822145
2020,29.75,9.5,1.5561237,113.50425,0,5.602045
2020,29.75,9.75,1.4975454,137.84459,0,5.3911633
2020,29.75,10.0,1.4976951,135.87291,0,5.391702
2020,29.75,10.25,1.6330827,130.84528,0,5.879098
2020,29.75,10.5,1.769276,129.2215,0,6.3693933
2020,29.75,10.75,1.7623181,127.967766,0,6.344345
2020,29.75,11.0,1.6964293,128.62218,0,6.1071453
2020,29.75,11.25,1.6634575,125.47695,0,5.9884467
2020,29.75,11.5,1.6816663,123.85851,0,6.0539985
2020,29.75,11.75,1.7007703,121.96722,0,6.1227727
2020,29.75,12.0,1.7381378,119.95751,0,6.257296
2020,29.5,-9.0,1.3468356,188.2592,0,4.848608
2020,29.5,-8.75,1.389309,223.06972,0,5.0015125
2020,29.5,-8.5,1.1326746,276.52396,0,4.077628
2020,29.5,-8.25,0.9915784,220.02907,0,3.5696821
2020,29.5,-8.0,1.1239368,192.57732,0,4.046172
2020,29.5,-7.75,1.1468439,141.91785,0,4.128638
2020,29.5,-7.5,1.092384,151.99586,0,3.9325821
2020,29.5,-7.25,1.2303432,161.72122,0,4.4292355
2020,29.5,-7.0,1.2832301,164.98157,0,4.619628
2020,29.5,-6.75,1.4159635,164.1183,0,5.0974684
2020,29.5,-6.5,1.4470471,165.92076,0,5.2093697
2020,29.5,-6.25,1.5231305,165.72925,0,5.4832697
2020,29.5,-6.0,1.5650405,164.35118,0,5.6341457
2020,29.5,-5.75,1.4998355,160.64714,0,5.399408
2020,29.5,-5.5,1.4942746,152.95752,0,5.3793883
2020,29.5,-5.25,1.5204359,143.95818,0,5.4735694
2020,29.5,-5.0,1.5224913,140.66325,0,5.4809685
2020,29.5,-4.75,1.4991881,138.98772,0,5.397077
2020,29.5,-4.5,1.5900577,137.08362,0,5.724208
2020,29.5,-4.25,1.791138,131.8725,0,6.4480968
2020,29.5,-4.0,1.8891487,128.06197,0,6.8009353
2020,29.5,-3.75,1.8942175,121.20429,0,6.819183
2020,29.5,-3.5,1.9314637,115.08765,0,6.953269
2020,29.5,-3.25,1.9963034,110.57238,0,7.186692
2020,29.5,-3.0,1.9632754,110.28629,0,7.0677915
2020,29.5,-2.75,1.9442412,108.49286,0,6.999268
2020,29.5,-2.5,1.7939495,105.8031,0,6.458218
2020,29.5,-2.25,1.7257357,102.86062,0,6.2126484
2020,29.5,-2.0,1.7674465,98.93646,0,6.3628073
2020,29.5,-1.75,1.998391,94.07199,0,7.1942077
2020,29.5,-1.5,2.1056058,88.17566,0,7.5801806
2020,29.5,-1.25,2.2703297,83.62499,0,8.173186
2020,29.5,-1.0,2.3737154,80.95454,0,8.545375
2020,29.5,-0.75,2.4336002,77.496315,0,8.760961
2020,29.5,-0.5,2.4745963,73.86491,0,8.908546
2020,29.5,-0.25,2.5152547,64.45887,0,9.054916
2020,29.5,0.0,2.5795977,56.266132,0,9.286551
2020,29.5,0.25,2.6303837,59.36435,0,9.469381
2020,29.5,0.5,2.6444867,64.941765,0,9.520152
2020,29.5,0.75,2.6533792,67.3602,0,9.552165
2020,29.5,1.0,2.6219978,70.440926,0,9.439192
2020,29.5,1.25,2.6018898,73.87084,0,9.366803
2020,29.5,1.5,2.6428633,79.891815,0,9.514308
2020,29.5,1.75,2.7132208,80.726906,0,9.767594
2020,29.5,2.0,2.7475212,82.59202,0,9.891076
2020,29.5,2.25,2.7242448,81.45724,0,9.8072815
2020,29.5,2.5,2.6233444,79.48967,0,9.444039
2020,29.5,2.75,2.481774,76.28753,0,8.934386
2020,29.5,3.0,2.3369486,99.52003,0,8.413014
2020,29.5,3.25,2.272351,93.55411,0,8.180464
2020,29.5,3.5,2.2118576,91.35537,0,7.962687
2020,29.5,3.75,2.2279377,92.41285,0,8.020576
2020,29.5,4.0,2.241526,93.064445,0,8.069493
2020,29.5,4.25,2.1914399,90.98502,0,7.8891835
2020,29.5,4.5,2.161893,90.443054,0,7.782814
2020,29.5,4.75,2.1355207,88.58373,0,7.6878743
2020,29.5,5.0,2.1538055,87.061485,0,7.7537
2020,29.5,5.25,2.151932,84.50477,0,7.746955
2020,29.5,5.5,2.151726,83.22609,0,7.7462134
2020,29.5,5.75,2.1477177,81.58026,0,7.7317834
2020,29.5,6.0,2.1507487,81.13012,0,7.7426953
2020,29.5,6.25,2.1398466,81.13372,0,7.7034473
2020,29.5,6.5,2.144201,81.91404,0,7.7191234
2020,29.5,6.75,2.1333995,82.225,0,7.680238
2020,29.5,7.0,2.1072176,82.55885,0,7.585983
2020,29.5,7.25,2.0426517,81.214386,0,7.3535457
2020,29.5,7.5,1.9833993,79.57425,0,7.1402373
2020,29.5,7.75,1.9297724,78.517815,0,6.9471803
2020,29.5,8.0,1.8658103,78.75515,0,6.716917
2020,29.5,8.25,1.8009068,108.15974,0,6.4832644
2020,29.5,8.5,1.7168025,109.79574,0,6.1804886
2020,29.5,8.75,1.6622715,113.40033,0,5.984177
2020,29.5,9.0,1.6907501,105.944145,0,6.0867004
2020,29.5,9.25,1.6796161,112.83933,0,6.046618
2020,29.5,9.5,1.6340618,118.09852,0,5.8826222
2020,29.5,9.75,1.5905744,137.8127,0,5.7260675
2020,29.5,10.0,1.5989004,138.44502,0,5.7560415
2020,29.5,10.25,1.679993,135.25215,0,6.0479746
2020,29.5,10.5,1.687647,134.68596,0,6.075529
2020,29.5,10.75,1.6883677,134.53647,0,6.0781236
2020,29.5,11.0,1.6673177,132.09352,0,6.0023437
2020,29.5,11.25,1.6526769,128.0418,0,5.949637
2020,29.5,11.5,1.6761922,125.90586,0,6.0342917
2020,29.5,11.75,1.7074698,123.73238,0,6.146891
2020,29.5,12.0,1.7428479,121.474846,0,6.2742524
2020,29.25,-9.0,1.8268161,173.79976,0,6.5765376
2020,29.25,-8.75,1.576634,223.703,0,5.6758823
2020,29.25,-8.5,1.1845547,214.60162,0,4.2643967
2020,29.25,-8.25,1.118339,183.67113,0,4.02602
2020,29.25,-8.0,1.0407294,191.24977,0,3.7466257
2020,29.25,-7.75,1.1681765,155.7649,0,4.2054353
2020,29.25,-7.5,1.3693222,171.29346,0,4.9295597
2020,29.25,-7.25,1.5656075,169.76778,0,5.636187
2020,29.25,-7.0,1.6677421,171.7582,0,6.0038714
2020,29.25,-6.75,1.6174742,168.43944,0,5.822907
2020,29.25,-6.5,1.6445326,170.47026,0,5.920317
2020,29.25,-6.25,1.6105253,166.96419,0,5.7978907
2020,29.25,-6.0,1.608868,162.94446,0,5.7919245
2020,29.25,-5.75,1.5505365,158.47182,0,5.581931
2020,29.25,-5.5,1.5451107,154.02693,0,5.5623984
2020,29.25,-5.25,1.5700239,145.76283,0,5.652086
2020,29.25,-5.0,1.6226028,140.33098,0,5.84137
2020,29.25,-4.75,1.6465727,136.25427,0,5.9276614
2020,29.25,-4.5,1.7275901,134.25417,0,6.219324
2020,29.25,-4.25,1.7970716,132.28618,0,6.4694576
2020,29.25,-4.0,1.8804713,128.72401,0,6.7696967
2020,29.25,-3.75,1.8182527,123.53501,0,6.5457096
2020,29.25,-3.5,1.8639644,116.46682,0,6.710272
2020,29.25,-3.25,1.9255848,111.27529,0,6.932105
2020,29.25,-3.0,1.973982,107.05713,0,7.106335
2020,29.25,-2.75,1.9690188,105.053154,0,7.0884676
2020,29.25,-2.5,2.0168107,102.04484,0,7.260518
2020,29.25,-2.25,1.9953194,99.13483,0,7.1831493
2020,29.25,-2.0,2.0263054,95.69457,0,7.294699
2020,29.25,-1.75,2.0186608,91.84839,0,7.2671785
2020,29.25,-1.5,2.115976,86.52359,0,7.6175137
2020,29.25,-1.25,2.233657,82.81867,0,8.041164
2020,29.25,-1.0,2.425737,80.20545,0,8.732653
2020,29.25,-0.75,2.49449,77.94622,0,8.980164
2020,29.25,-0.5,2.502492,75.41311,0,9.008971
2020,29.25,-0.25,2.5685873,75.43621,0,9.246914
2020,29.25,0.0,2.6245074,50.541912,0,9.448227
2020,29.25,0.25,2.6561873,63.951008,0,9.562274
2020,29.25,0.5,2.6785882,69.286835,0,9.642917
2020,29.25,0.75,2.6401165,72.73068,0,9.504419
2020,29.25,1.0,2.6169415,75.74299,0,9.420989
2020,29.25,1.25,2.6568058,79.38627,0,9.564501
2020,29.25,1.5,2.7680023,81.48626,0,9.9648075
2020,29.25,1.75,2.8412907,81.73441,0,10.228646
2020,29.25,2.0,2.888608,82.12751,0,10.398989
2020,29.25,2.25,2.8647916,81.1829,0,10.31325
2020,29.25,2.5,2.806187,81.224556,0,10.102273
2020,29.25,2.75,2.605527,75.220245,0,9.379897
2020,29.25,3.0,2.4546504,97.76593,0,8.836741
2020,29.25,3.25,2.3300054,93.88071,0,8.38802
2020,29.25,3.5,2.2654412,92.21041,0,8.155588
2020,29.25,3.75,2.274251,94.47579,0,8.187304
2020,29.25,4.0,2.3188434,93.57639,0,8.347836
2020,29.25,4.25,2.265474,91.2999,0,8.155706
2020,29.25,4.5,2.214068,87.909935,0,7.9706445
2020,29.25,4.75,2.184821,86.07556,0,7.865355
2020,29.25,5.0,2.2016866,85.53324,0,7.9260716
2020,29.25,5.25,2.1850083,84.397316,0,7.8660297
2020,29.25,5.5,2.1849945,83.28696,0,7.8659797
2020,29.25,5.75,2.1878974,82.732864,0,7.8764305
2020,29.25,6.0,2.1910946,82.260185,0,7.8879404
2020,29.25,6.25,2.187033,82.301094,0,7.873318
2020,29.25,6.5,2.182155,82.34746,0,7.855757
2020,29.25,6.75,2.171265,82.39673,0,7.8165536
2020,29.25,7.0,2.124643,81.40613,0,7.648715
2020,29.25,7.25,2.0601664,79.87747,0,7.416599
2020,29.25,7.5,1.974682,79.1206,0,7.108855
2020,29.25,7.75,1.9201554,80.110725,0,6.9125595
2020,29.25,8.0,1.8595511,80.55244,0,6.6943836
2020,29.25,8.25,1.7664558,112.44085,0,6.3592405
2020,29.25,8.5,1.6908555,114.46552,0,6.0870795
2020,29.25,8.75,1.697846,96.12887,0,6.1122456
2020,29.25,9.0,1.7885324,105.48312,0,6.4387164
2020,29.25,9.25,1.7824484,113.398834,0,6.4168143
2020,29.25,9.5,1.7308391,117.94213,0,6.231021
2020,29.25,9.75,1.6853067,119.15034,0,6.067104
2020,29.25,10.0,1.654246,145.52388,0,5.9552855
2020,29.25,10.25,1.6593814,130.54189,0,5.973773
2020,29.25,10.5,1.6697745,131.94652,0,6.011188
2020,29.25,10.75,1.6853179,129.5539,0,6.0671444
2020,29.25,11.0,1.6728183,128.06253,0,6.0221457
2020,29.25,11.25,1.6914258,126.049194,0,6.089133
2020,29.25,11.5,1.7184653,125.3736,0,6.186475
2020,29.25,11.75,1.7499374,123.69654,0,6.2997746
2020,29.25,12.0,1.7552209,121.48581,0,6.318795
2020,29.0,-9.0,1.7411089,194.5684,0,6.267992
2020,29.0,-8.75,1.4901319,211.93864,0,5.364475
2020,29.0,-8.5,1.2580372,172.94936,0,4.528934
2020,29.0,-8.25,1.235226,175.41418,0,4.4468136
2020,29.0,-8.0,1.397127,187.04012,0,5.0296574
2020,29.0,-7.75,1.4961314,187.615,0,5.386073
2020,29.0,-7.5,1.7147247,186.4104,0,6.1730084
2020,29.0,-7.25,1.8204612,180.80891,0,6.55366
2020,29.0,-7.0,1.7645944,173.62561,0,6.35254
2020,29.0,-6.75,1.7276435,168.35092,0,6.2195163
2020,29.0,-6.5,1.671456,162.4621,0,6.0172415
2020,29.0,-6.25,1.6134157,156.21066,0,5.808296
2020,29.0,-6.0,1.6201863,153.12648,0,5.8326707
2020,29.0,-5.75,1.6092334,150.29588,0,5.79324
2020,29.0,-5.5,1.6031321,147.15352,0,5.7712755
2020,29.0,-5.25,1.6343341,143.86946,0,5.8836026
2020,29.0,-5.0,1.6934878,139.2066,0,6.0965557
2020,29.0,-4.75,1.7315259,134.55162,0,6.233493
2020,29.0,-4.5,1.8028909,130.8374,0,6.490407
2020,29.0,-4.25,1.8715874,128.80373,0,6.7377143
2020,29.0,-4.0,1.8852884,125.374306,0,6.787038
2020,29.0,-3.75,1.8027325,120.69567,0,6.4898367
2020,29.0,-3.5,1.8311806,114.60998,0,6.59225
2020,29.0,-3.25,1.8448087,109.916664,0,6.641311
2020,29.0,-3.0,1.8936167,104.8928,0,6.81702
2020,29.0,-2.75,1.9264637,100.92343,0,6.9352694
2020,29.0,-2.5,2.038908,97.72626,0,7.340069
2020,29.0,-2.25,2.0910017,94.68418,0,7.527606
2020,29.0,-2.0,2.179495,91.31957,0,7.8461823
2020,29.0,-1.75,2.1813862,88.06815,0,7.85299
2020,29.0,-1.5,2.1786673,85.37783,0,7.843202
2020,29.0,-1.25,2.2445214,82.38705,0,8.0802765
2020,29.0,-1.0,2.443847,79.987305,0,8.797849
2020,29.0,-0.75,2.5300066,77.104256,0,9.108024
2020,29.0,-0.5,2.5597608,73.32588,0,9.215138
2020,29.0,-0.25,2.512441,72.67046,0,9.044787
2020,29.0,0.0,2.5430381,77.042885,0,9.154937
2020,29.0,0.25,2.6216004,70.9395,0,9.437761
2020,29.0,0.5,2.672416,74.676476,0,9.620697
2020,29.0,0.75,2.6445425,77.93931,0,9.520352
2020,29.0,1.0,2.6451125,78.54543,0,9.522405
2020,29.0,1.25,2.7250469,80.71047,0,9.810168
2020,29.0,1.5,2.8348296,80.17576,0,10.205386
2020,29.0,1.75,2.8848612,80.972145,0,10.3855
2020,29.0,2.0,2.9332142,81.41839,0,10.559571
2020,29.0,2.25,2.9818718,82.08976,0,10.734738
2020,29.0,2.5,2.9458086,80.896416,0,10.604911
2020,29.0,2.75,2.712368,73.177574,0,9.764524
2020,29.0,3.0,2.5344365,67.123695,0,9.123971
2020,29.0,3.25,2.4107466,63.498707,0,8.678687
2020,29.0,3.5,2.3851159,93.37342,0,8.586417
2020,29.0,3.75,2.3971422,65.05352,0,8.629711
2020,29.0,4.0,2.4331176,93.62908,0,8.759223
2020,29.0,4.25,2.3503687,89.809105,0,8.461328
2020,29.0,4.5,2.3008611,86.56623,0,8.2831
2020,29.0,4.75,2.2605412,85.44346,0,8.137948
2020,29.0,5.0,2.264117,85.83837,0,8.150821
2020,29.0,5.25,2.2277284,85.07696,0,8.019822
2020,29.0,5.5,2.2273023,83.996574,0,8.018288
2020,29.0,5.75,2.2293234,83.44752,0,8.025564
2020,29.0,6.0,2.2374985,83.25945,0,8.054995
2020,29.0,6.25,2.2355006,83.15911,0,8.047802
2020,29.0,6.5,2.2195346,82.54565,0,7.9903245
2020,29.0,6.75,2.172743,81.71423,0,7.821875
2020,29.0,7.0,2.127253,80.6773,0,7.6581106
2020,29.0,7.25,2.0688133,80.80463,0,7.4477277
2020,29.0,7.5,1.9824122,81.278244,0,7.136684
2020,29.0,7.75,1.9330792,83.496956,0,6.959085
2020,29.0,8.0,1.8836026,85.33048,0,6.780969
2020,29.0,8.25,1.8039589,87.972664,0,6.4942517
2020,29.0,8.5,1.7196679,91.71749,0,6.1908045
2020,29.0,8.75,1.7471699,100.56186,0,6.289811
2020,29.0,9.0,1.8753276,104.17142,0,6.751179
2020,29.0,9.25,1.8945379,109.629875,0,6.8203363
2020,29.0,9.5,1.8417164,116.92551,0,6.630179
2020,29.0,9.75,1.7580614,119.8511,0,6.329021
2020,29.0,10.0,1.7026495,120.867744,0,6.129538
2020,29.0,10.25,1.6958838,122.16517,0,6.105181
2020,29.0,10.5,1.6954732,123.65375,0,6.1037035
2020,29.0,10.75,1.7118548,124.59897,0,6.1626773
2020,29.0,11.0,1.7241734,125.38632,0,6.207024
2020,29.0,11.25,1.7521566,125.236115,0,6.3077636
2020,29.0,11.5,1.7750906,124.72611,0,6.390326
2020,29.0,11.75,1.7799698,122.60345,0,6.4078913
2020,29.0,12.0,1.795135,120.67514,0,6.462486
2020,28.75,-9.0,1.813681,236.26884,0,6.5292516
2020,28.75,-8.75,1.6128062,199.32967,0,5.8061023
2020,28.75,-8.5,1.6020103,192.99245,0,5.7672367
2020,28.75,-8.25,1.7172123,196.49907,0,6.1819644
2020,28.75,-8.0,1.7409967,194.97523,0,6.267588
2020,28.75,-7.75,1.8150827,195.29054,0,6.5342975
2020,28.75,-7.5,1.8332,190.5926,0,6.5995197
2020,28.75,-7.25,1.7647461,183.82954,0,6.3530855
2020,28.75,-7.0,1.7332922,159.992,0,6.239852
2020,28.75,-6.75,1.7358149,157.684,0,6.248934
2020,28.75,-6.5,1.7104745,154.28789,0,6.157708
2020,28.75,-6.25,1.6772407,153.17102,0,6.0380664
2020,28.75,-6.0,1.6745887,151.21373,0,6.028519
2020,28.75,-5.75,1.6699805,148.66515,0,6.0119295
2020,28.75,-5.5,1.6851941,146.10982,0,6.0666986
2020,28.75,-5.25,1.719233,143.0429,0,6.1892385
2020,28.75,-5.0,1.7553463,138.63045,0,6.3192463
2020,28.75,-4.75,1.801905,134.02129,0,6.486858
2020,28.75,-4.5,1.8687559,129.75531,0,6.7275214
2020,28.75,-4.25,1.9075775,125.070465,0,6.867279
2020,28.75,-4.0,1.9280008,120.69946,0,6.9408026
2020,28.75,-3.75,1.904688,115.8489,0,6.856877
2020,28.75,-3.5,1.8809735,112.84247,0,6.7715044
2020,28.75,-3.25,1.8902931,106.59605,0,6.805055
2020,28.75,-3.0,1.9223099,101.003395,0,6.9203153
2020,28.75,-2.75,1.9478317,96.64392,0,7.012194
2020,28.75,-2.5,1.9976348,93.7535,0,7.191485
2020,28.75,-2.25,2.1312802,90.07519,0,7.6726084
2020,28.75,-2.0,2.2708757,87.38385,0,8.175152
2020,28.75,-1.75,2.340926,84.96357,0,8.427333
2020,28.75,-1.5,2.3533106,83.36691,0,8.471918
2020,28.75,-1.25,2.3346682,80.62121,0,8.404805
2020,28.75,-1.0,2.4288049,78.58206,0,8.743697
2020,28.75,-0.75,2.530484,75.14038,0,9.109742
2020,28.75,-0.5,2.5258405,73.463425,0,9.093025
2020,28.75,-0.25,2.4500382,73.216415,0,8.820137
2020,28.75,0.0,2.4091065,76.6869,0,8.672783
2020,28.75,0.25,2.5806792,75.70573,0,9.290444
2020,28.75,0.5,2.658912,78.208206,0,9.5720825
2020,28.75,0.75,2.6789398,78.18015,0,9.644183
2020,28.75,1.0,2.6878529,77.4959,0,9.6762705
2020,28.75,1.25,2.780407,76.38342,0,10.009465
2020,28.75,1.5,2.864978,77.13202,0,10.313921
2020,28.75,1.75,2.919053,79.8149,0,10.508591
2020,28.75,2.0,3.0324821,81.60289,0,10.916935
2020,28.75,2.25,3.0978057,82.29876,0,11.152101
2020,28.75,2.5,3.022645,77.41855,0,10.881521
2020,28.75,2.75,2.7962902,70.34676,0,10.066645
2020,28.75,3.0,2.635749,65.80927,0,9.488696
2020,28.75,3.25,2.545859,64.526375,0,9.165092
2020,28.75,3.5,2.536762,64.38147,0,9.132343
2020,28.75,3.75,2.5804403,65.19567,0,9.289585
2020,28.75,4.0,2.6138408,64.16695,0,9.409826
2020,28.75,4.25,2.49684,90.20007,0,8.988624
2020,28.75,4.5,2.3771248,86.934044,0,8.557649
2020,28.75,4.75,2.318179,85.92969,0,8.345444
2020,28.75,5.0,2.3222344,87.429436,0,8.360044
2020,28.75,5.25,2.2767913,85.345604,0,8.196448
2020,28.75,5.5,2.2807167,84.15435,0,8.21058
2020,28.75,5.75,2.2927063,83.862854,0,8.253742
2020,28.75,6.0,2.3093617,83.93653,0,8.313702
2020,28.75,6.25,2.2951882,83.643776,0,8.262677
2020,28.75,6.5,2.249183,82.28197,0,8.097058
2020,28.75,6.75,2.195088,81.223724,0,7.902316
2020,28.75,7.0,2.145956,81.611946,0,7.7254415
2020,28.75,7.25,2.1036944,82.678566,0,7.5733
2020,28.75,7.5,2.0678737,84.63495,0,7.444345
2020,28.75,7.75,2.001024,86.48336,0,7.203686
2020,28.75,8.0,1.9612023,88.0997,0,7.060328
2020,28.75,8.25,1.9124657,89.85186,0,6.8848763
2020,28.75,8.5,1.8436128,93.25086,0,6.637006
2020,28.75,8.75,1.8395618,97.096954,0,6.622422
2020,28.75,9.0,1.9560679,98.241554,0,7.0418444
2020,28.75,9.25,1.9836721,98.70245,0,7.1412196
2020,28.75,9.5,1.9386533,96.96752,0,6.9791517
2020,28.75,9.75,1.8533087,125.36851,0,6.6719112
2020,28.75,10.0,1.7979487,124.531395,0,6.4726152
2020,28.75,10.25,1.7803874,124.53553,0,6.4093943
2020,28.75,10.5,1.7900528,124.78852,0,6.44419
2020,28.75,10.75,1.8010327,125.301056,0,6.4837174
2020,28.75,11.0,1.8203921,95.03339,0,6.5534115
2020,28.75,11.25,1.7983389,94.15503,0,6.47402
2020,28.75,11.5,1.7999301,92.53336,0,6.4797482
2020,28.75,11.75,1.8210822,120.40156,0,6.555896
2020,28.75,12.0,1.8215036,88.23786,0,6.557413
2020,28.5,-9.0,2.0348687,231.66197,0,7.325527
2020,28.5,-8.75,1.94441,203.01434,0,6.9998755
2020,28.5,-8.5,1.97887,209.27553,0,7.123932
2020,28.5,-8.25,1.950281,207.0641,0,7.0210114
2020,28.5,-8.0,1.9275931,199.28816,0,6.939335
2020,28.5,-7.75,1.8902267,191.8858,0,6.8048162
2020,28.5,-7.5,1.8407303,186.09456,0,6.626629
2020,28.5,-7.25,1.7915545,186.29594,0,6.449596
2020,28.5,-7.0,1.7773604,186.8158,0,6.3984976
2020,28.5,-6.75,1.7750196,156.00139,0,6.3900704
2020,28.5,-6.5,1.7718754,154.34901,0,6.3787513
2020,28.5,-6.25,1.7636942,152.35219,0,6.349299
2020,28.5,-6.0,1.755035,150.1277,0,6.318126
2020,28.5,-5.75,1.7623997,148.31685,0,6.344639
2020,28.5,-5.5,1.781692,146.06116,0,6.414091
2020,28.5,-5.25,1.7973849,143.00427,0,6.4705853
2020,28.5,-5.0,1.7974448,139.3932,0,6.4708014
2020,28.5,-4.75,1.8457018,135.35512,0,6.6445265
2020,28.5,-4.5,1.8815913,130.87099,0,6.7737284
2020,28.5,-4.25,1.8997021,125.7909,0,6.8389273
2020,28.5,-4.0,1.9135853,119.82776,0,6.888907
2020,28.5,-3.75,1.9590383,109.19283,0,7.0525374
2020,28.5,-3.5,1.9489322,101.09739,0,7.0161557
2020,28.5,-3.25,1.9693203,98.2449,0,7.089553
2020,28.5,-3.0,2.0127108,96.95767,0,7.2457585
2020,28.5,-2.75,2.0821517,95.69968,0,7.4957457
2020,28.5,-2.5,2.1617935,93.85355,0,7.7824564
2020,28.5,-2.25,2.2961826,89.865654,0,8.266257
2020,28.5,-2.0,2.3879144,86.73936,0,8.596492
2020,28.5,-1.75,2.4487815,84.082405,0,8.815613
2020,28.5,-1.5,2.4667976,81.408516,0,8.880471
2020,28.5,-1.25,2.453586,78.23237,0,8.83291
2020,28.5,-1.0,2.478268,76.72322,0,8.921764
2020,28.5,-0.75,2.5152323,75.56768,0,9.054836
2020,28.5,-0.5,2.4967508,75.36011,0,8.988303
2020,28.5,-0.25,2.4239023,77.7585,0,8.7260475
2020,28.5,0.0,2.362087,83.76731,0,8.503513
2020,28.5,0.25,2.547116,72.88285,0,9.169618
2020,28.5,0.5,2.6642342,74.51499,0,9.591243
2020,28.5,0.75,2.7037957,73.61323,0,9.7336645
2020,28.5,1.0,2.7015207,72.44049,0,9.725474
2020,28.5,1.25,2.7442138,72.47581,0,9.879169
2020,28.5,1.5,2.842249,76.15839,0,10.232096
2020,28.5,1.75,3.0049436,78.86434,0,10.817797
2020,28.5,2.0,3.1568425,79.52593,0,11.364633
2020,28.5,2.25,3.235431,76.58636,0,11.647552
2020,28.5,2.5,3.1337366,71.671745,0,11.281451
2020,28.5,2.75,2.9339516,67.23219,0,10.562225
2020,28.5,3.0,2.824318,65.479004,0,10.167544
2020,28.5,3.25,2.7274969,64.86207,0,9.818989
2020,28.5,3.5,2.638802,65.61292,0,9.499687
2020,28.5,3.75,2.6606815,66.93967,0,9.578453
2020,28.5,4.0,2.7484083,64.14011,0,9.89427
2020,28.5,4.25,2.680007,58.475464,0,9.648025
2020,28.5,4.5,2.5581217,85.67945,0,9.209238
2020,28.5,4.75,2.4545171,87.46401,0,8.836262
2020,28.5,5.0,2.4530547,89.7369,0,8.8309965
2020,28.5,5.25,2.3862977,85.60673,0,8.590672
2020,28.5,5.5,2.3445454,83.148224,0,8.440363
2020,28.5,5.75,2.3461645,83.156136,0,8.446192
2020,28.5,6.0,2.357835,85.06994,0,8.488206
2020,28.5,6.25,2.327453,84.92347,0,8.37883
2020,28.5,6.5,2.2841985,79.14928,0,8.223114
2020,28.5,6.75,2.237062,80.084755,0,8.053423
2020,28.5,7.0,2.1997545,81.376686,0,7.919116
2020,28.5,7.25,2.1778426,82.482544,0,7.8402333
2020,28.5,7.5,2.1708145,83.50465,0,7.814932
2020,28.5,7.75,2.093526,84.4132,0,7.536693
2020,28.5,8.0,2.0526469,84.86004,0,7.3895288
2020,28.5,8.25,2.0146484,86.105125,0,7.252734
2020,28.5,8.5,1.9967052,88.020805,0,7.1881385
2020,28.5,8.75,2.0135045,88.784546,0,7.248616
2020,28.5,9.0,2.0869577,90.346565,0,7.5130477
2020,28.5,9.25,2.0743394,91.24609,0,7.467622
2020,28.5,9.5,2.0256505,92.48751,0,7.2923417
2020,28.5,9.75,1.9775001,93.676476,0,7.119
2020,28.5,10.0,1.9574395,94.11077,0,7.046782
2020,28.5,10.25,1.9479591,94.187386,0,7.0126524
2020,28.5,10.5,1.9426721,94.19004,0,6.9936194
2020,28.5,10.75,1.9428773,94.37829,0,6.994358
2020,28.5,11.0,1.9279776,94.44553,0,6.940719
2020,28.5,11.25,1.8564777,93.862816,0,6.6833196
2020,28.5,11.5,1.8129984,92.83728,0,6.526794
2020,28.5,11.75,1.7735132,91.41104,0,6.3846474
2020,28.5,12.0,1.7487074,89.9275,0,6.2953467
2020,28.25,-9.0,2.269713,241.03743,0,8.170966
2020,28.25,-8.75,2.2199438,218.20888,0,7.9917974
2020,28.25,-8.5,2.2522652,225.4951,0,8.108154
2020,28.25,-8.25,2.2199214,231.0846,0,7.991717
2020,28.25,-8.0,2.1572661,177.321,0,7.766158
2020,28.25,-7.75,2.0584965,180.98653,0,7.4105873
2020,28.25,-7.5,1.94499,182.85234,0,7.001964
2020,28.25,-7.25,1.8540472,184.8684,0,6.6745696
2020,28.25,-7.0,1.825477,186.16951,0,6.5717173
2020,28.25,-6.75,1.8393828,185.96074,0,6.621778
2020,28.25,-6.5,1.8542162,154.79155,0,6.675178
2020,28.25,-6.25,1.8317224,152.99583,0,6.5942006
2020,28.25,-6.0,1.8210038,151.69116,0,6.5556135
2020,28.25,-5.75,1.8143698,149.77141,0,6.531731
2020,28.25,-5.5,1.8035141,147.11511,0,6.4926505
2020,28.25,-5.25,1.7934537,143.59705,0,6.4564333
2020,28.25,-5.0,1.8095714,139.75435,0,6.5144567
2020,28.25,-4.75,1.8590738,135.43077,0,6.6926656
2020,28.25,-4.5,1.8913666,130.67523,0,6.8089194
2020,28.25,-4.25,1.9065509,123.58524,0,6.863583
2020,28.25,-4.0,1.9285722,110.881035,0,6.9428596
2020,28.25,-3.75,1.9821261,106.40503,0,7.135654
2020,28.25,-3.5,2.017111,102.257286,0,7.2615995
2020,28.25,-3.25,2.0548334,99.12267,0,7.3974
2020,28.25,-3.0,2.097518,97.43691,0,7.5510645
2020,28.25,-2.75,2.1522274,95.91406,0,7.7480183
2020,28.25,-2.5,2.2330554,93.70554,0,8.038999
2020,28.25,-2.25,2.3023946,91.06372,0,8.28862
2020,28.25,-2.0,2.3413239,88.669556,0,8.428765
2020,28.25,-1.75,2.3785002,85.686195,0,8.5626
2020,28.25,-1.5,2.416499,82.28167,0,8.699396
2020,28.25,-1.25,2.4318264,79.144875,0,8.754575
2020,28.25,-1.0,2.441424,77.7701,0,8.789125
2020,28.25,-0.75,2.470586,76.803116,0,8.89411
2020,28.25,-0.5,2.4715655,78.11366,0,8.897635
2020,28.25,-0.25,2.4380145,82.57331,0,8.776852
2020,28.25,0.0,2.4147666,60.846558,0,8.693159
2020,28.25,0.25,2.5223672,67.17519,0,9.080522
2020,28.25,0.5,2.6346927,68.14103,0,9.484894
2020,28.25,0.75,2.6988409,67.69344,0,9.715827
2020,28.25,1.0,2.7122118,68.47993,0,9.763963
2020,28.25,1.25,2.7096558,72.89228,0,9.754761
2020,28.25,1.5,2.852975,77.166214,0,10.270709
2020,28.25,1.75,3.0207222,76.426476,0,10.874599
2020,28.25,2.0,3.18336,72.647026,0,11.460096
2020,28.25,2.25,3.3194602,67.3487,0,11.950056
2020,28.25,2.5,3.372771,62.631863,0,12.141975
2020,28.25,2.75,3.2658536,59.801678,0,11.757072
2020,28.25,3.0,3.179753,60.018204,0,11.447111
2020,28.25,3.25,3.050107,62.225983,0,10.980385
2020,28.25,3.5,2.8892658,65.227745,0,10.401357
2020,28.25,3.75,2.7805054,65.83486,0,10.009819
2020,28.25,4.0,2.8323371,58.8264,0,10.196413
2020,28.25,4.25,2.8569944,54.551983,0,10.285179
2020,28.25,4.5,2.8257923,55.481915,0,10.1728525
2020,28.25,4.75,2.754859,60.703747,0,9.917492
2020,28.25,5.0,2.643011,61.58142,0,9.51484
2020,28.25,5.25,2.4665039,84.97415,0,8.879414
2020,28.25,5.5,2.3952475,82.77313,0,8.62289
2020,28.25,5.75,2.382085,84.12619,0,8.575506
2020,28.25,6.0,2.3994443,58.21588,0,8.638
2020,28.25,6.25,2.4227383,62.298054,0,8.721858
2020,28.25,6.5,2.4439626,66.69138,0,8.798265
2020,28.25,6.75,2.382426,69.99594,0,8.576734
2020,28.25,7.0,2.3049252,74.10569,0,8.29773
2020,28.25,7.25,2.2444596,76.75663,0,8.080054
2020,28.25,7.5,2.207736,75.10316,0,7.9478493
2020,28.25,7.75,2.1811547,74.18393,0,7.8521566
2020,28.25,8.0,2.1828105,74.68023,0,7.8581176
2020,28.25,8.25,2.165242,77.309364,0,7.794871
2020,28.25,8.5,2.1495388,81.75332,0,7.7383394
2020,28.25,8.75,2.2077048,85.66339,0,7.947737
2020,28.25,9.0,2.3128173,86.66425,0,8.326142
2020,28.25,9.25,2.2989771,85.41345,0,8.276318
2020,28.25,9.5,2.2324364,82.10555,0,8.036771
2020,28.25,9.75,2.1691349,74.65147,0,7.808885
2020,28.25,10.0,2.1301873,73.616516,0,7.668674
2020,28.25,10.25,2.1227825,75.04276,0,7.642017
2020,28.25,10.5,2.109921,80.51002,0,7.5957155
2020,28.25,10.75,2.1119378,86.59794,0,7.602976
2020,28.25,11.0,2.0958788,89.00968,0,7.5451636
2020,28.25,11.25,2.010475,91.095406,0,7.2377095
2020,28.25,11.5,1.8687377,91.283104,0,6.7274556
2020,28.25,11.75,1.765214,90.81018,0,6.35477
2020,28.25,12.0,1.6959699,120.27655,0,6.1054916
2020,28.0,-9.0,2.7509959,258.46725,0,9.9035845
2020,28.0,-8.75,2.6709435,230.3156,0,9.6153965
2020,28.0,-8.5,2.505783,231.9599,0,9.020819
2020,28.0,-8.25,2.414286,234.9063,0,8.691429
2020,28.0,-8.0,2.255882,177.7382,0,8.121175
2020,28.0,-7.75,2.1287215,180.5262,0,7.6633973
2020,28.0,-7.5,2.0042384,182.38564,0,7.215258
2020,28.0,-7.25,1.8968596,185.3564,0,6.8286943
2020,28.0,-7.0,1.8895668,187.26875,0,6.80244
2020,28.0,-6.75,1.9243245,187.74309,0,6.927568
2020,28.0,-6.5,1.9428297,186.77673,0,6.994187
2020,28.0,-6.25,1.920373,185.99219,0,6.9133425
2020,28.0,-6.0,1.9210048,156.12889,0,6.915617
2020,28.0,-5.75,1.898631,153.62306,0,6.8350716
2020,28.0,-5.5,1.8610071,148.86212,0,6.6996255
2020,28.0,-5.25,1.8386132,141.0143,0,6.619007
2020,28.0,-5.0,1.8695521,139.37932,0,6.7303877
2020,28.0,-4.75,1.9003434,140.29094,0,6.841236
2020,28.0,-4.5,1.9277161,141.82251,0,6.939778
2020,28.0,-4.25,1.9492875,112.094444,0,7.017435
2020,28.0,-4.0,1.9783627,110.99936,0,7.1221056
2020,28.0,-3.75,2.0033362,109.87765,0,7.21201
2020,28.0,-3.5,2.02974,108.19763,0,7.307064
2020,28.0,-3.25,2.0731115,99.09879,0,7.4632015
2020,28.0,-3.0,2.131451,94.53766,0,7.673223
2020,28.0,-2.75,2.187982,92.849,0,7.876735
2020,28.0,-2.5,2.2388747,91.53577,0,8.059949
2020,28.0,-2.25,2.2819114,90.37281,0,8.214881
2020,28.0,-2.0,2.322664,88.53886,0,8.36159
2020,28.0,-1.75,2.337777,85.876,0,8.415997
2020,28.0,-1.5,2.3483837,82.5852,0,8.454181
2020,28.0,-1.25,2.3317182,79.9437,0,8.394185
2020,28.0,-1.0,2.349418,79.147804,0,8.457904
2020,28.0,-0.75,2.389613,78.65981,0,8.602606
2020,28.0,-0.5,2.4369962,79.32902,0,8.773186
2020,28.0,-0.25,2.4531567,85.18518,0,8.831364
2020,28.0,0.0,2.4792545,61.535236,0,8.925316
2020,28.0,0.25,2.5160143,64.44064,0,9.0576515
2020,28.0,0.5,2.6062324,65.14427,0,9.382437
2020,28.0,0.75,2.6778257,65.598015,0,9.640172
2020,28.0,1.0,2.721181,67.51295,0,9.796251
2020,28.0,1.25,2.8266964,72.492226,0,10.176106
2020,28.0,1.5,2.9793026,74.26401,0,10.72549
2020,28.0,1.75,3.0080574,71.42917,0,10.829006
2020,28.0,2.0,3.0176518,65.62342,0,10.863546
2020,28.0,2.25,3.1305597,60.733334,0,11.270015
2020,28.0,2.5,3.3262053,58.31934,0,11.974339
2020,28.0,2.75,3.2843087,56.129837,0,11.823511
2020,28.0,3.0,3.2439244,56.512318,0,11.678127
2020,28.0,3.25,3.258085,58.117188,0,11.729106
2020,28.0,3.5,3.227712,59.586452,0,11.619762
2020,28.0,3.75,3.179526,57.403473,0,11.446294
2020,28.0,4.0,3.110341,52.97119,0,11.1972275
2020,28.0,4.25,3.1017249,52.444916,0,11.166209
2020,28.0,4.5,3.1010873,56.991074,0,11.163914
2020,28.0,4.75,3.1020253,62.20775,0,11.167291
2020,28.0,5.0,2.9754963,61.115223,0,10.711786
2020,28.0,5.25,2.663821,56.0152,0,9.589755
2020,28.0,5.5,2.50999,54.549908,0,9.035964
2020,28.0,5.75,2.4167016,56.016155,0,8.700126
2020,28.0,6.0,2.4137657,59.06732,0,8.689556
2020,28.0,6.25,2.448115,61.3222,0,8.813214
2020,28.0,6.5,2.5429256,66.15687,0,9.1545315
2020,28.0,6.75,2.5403914,68.58474,0,9.145409
2020,28.0,7.0,2.4935,70.099815,0,8.9766
2020,28.0,7.25,2.4126468,71.03113,0,8.685528
2020,28.0,7.5,2.3243425,71.84867,0,8.367633
2020,28.0,7.75,2.2837331,73.04477,0,8.221439
2020,28.0,8.0,2.2792227,73.68591,0,8.205201
2020,28.0,8.25,2.296967,75.673164,0,8.269081
2020,28.0,8.5,2.3219104,79.04595,0,8.358877
2020,28.0,8.75,2.3583977,82.19876,0,8.4902315
2020,28.0,9.0,2.3900304,81.85508,0,8.604109
2020,28.0,9.25,2.3952258,79.90359,0,8.622812
2020,28.0,9.5,2.366058,77.94219,0,8.517809
2020,28.0,9.75,2.313978,76.3861,0,8.33032
2020,28.0,10.0,2.239111,76.82052,0,8.0608
2020,28.0,10.25,2.2439537,78.695564,0,8.078233
2020,28.0,10.5,2.2596674,80.54794,0,8.134803
2020,28.0,10.75,2.2682495,81.321236,0,8.165698
2020,28.0,11.0,2.236535,81.345535,0,8.051526
2020,28.0,11.25,2.1719053,79.42603,0,7.8188586
2020,28.0,11.5,2.0535383,82.672264,0,7.392738
2020,28.0,11.75,1.9253117,88.797905,0,6.931122
2020,28.0,12.0,1.8059124,90.43467,0,6.5012846
2020,27.75,-9.0,3.003678,233.62675,0,10.813241
2020,27.75,-8.75,2.8287811,234.74072,0,10.183612
2020,27.75,-8.5,2.6593935,235.54066,0,9.573816
2020,27.75,-8.25,2.484316,206.54199,0,8.943538
2020,27.75,-8.0,2.2933302,178.11249,0,8.255988
2020,27.75,-7.75,2.1113741,181.90288,0,7.600947
2020,27.75,-7.5,2.0499818,185.692,0,7.3799343
2020,27.75,-7.25,2.033816,187.72981,0,7.321738
2020,27.75,-7.0,2.0551224,189.27153,0,7.3984404
2020,27.75,-6.75,2.0795133,190.34198,0,7.4862475
2020,27.75,-6.5,2.0867674,190.71184,0,7.5123625
2020,27.75,-6.25,2.0600116,161.7874,0,7.416042
2020,27.75,-6.0,2.0518076,163.97455,0,7.3865075
2020,27.75,-5.75,2.0354803,163.76213,0,7.3277287
2020,27.75,-5.5,2.0078256,133.22975,0,7.228172
2020,27.75,-5.25,1.9855804,134.46828,0,7.1480894
2020,27.75,-5.0,1.9919757,137.13634,0,7.171112
2020,27.75,-4.75,2.0106103,139.53377,0,7.238197
2020,27.75,-4.5,2.0106802,111.5152,0,7.2384486
2020,27.75,-4.25,1.9986752,112.76203,0,7.1952305
2020,27.75,-4.0,2.0058646,112.94291,0,7.2211123
2020,27.75,-3.75,2.010572,112.89923,0,7.238059
2020,27.75,-3.5,2.0173938,113.16211,0,7.2626176
2020,27.75,-3.25,2.0389354,116.13114,0,7.3401675
2020,27.75,-3.0,2.0758934,90.661095,0,7.473216
2020,27.75,-2.75,2.139387,90.70117,0,7.7017927
2020,27.75,-2.5,2.1942177,89.98584,0,7.8991833
2020,27.75,-2.25,2.2560189,89.26107,0,8.121668
2020,27.75,-2.0,2.3170955,88.074,0,8.341543
2020,27.75,-1.75,2.3485224,85.75244,0,8.45468
2020,27.75,-1.5,2.3249042,82.14573,0,8.369655
2020,27.75,-1.25,2.3195724,79.83749,0,8.350461
2020,27.75,-1.0,2.3075492,79.060524,0,8.307177
2020,27.75,-0.75,2.3093042,80.73389,0,8.313495
2020,27.75,-0.5,2.338177,77.463905,0,8.417437
2020,27.75,-0.25,2.4583683,55.44051,0,8.850125
2020,27.75,0.0,2.5351574,61.53781,0,9.126567
2020,27.75,0.25,2.5316048,62.850246,0,9.113777
2020,27.75,0.5,2.5923283,63.500042,0,9.332381
2020,27.75,0.75,2.6718712,64.86365,0,9.618736
2020,27.75,1.0,2.7827377,67.38086,0,10.017856
2020,27.75,1.25,2.942787,70.39826,0,10.594032
2020,27.75,1.5,3.1053941,70.03089,0,11.179419
2020,27.75,1.75,3.014035,63.43722,0,10.850526
2020,27.75,2.0,3.016885,58.705505,0,10.8607855
2020,27.75,2.25,3.2003336,57.435658,0,11.5212
2020,27.75,2.5,3.3980696,57.35011,0,12.23305
2020,27.75,2.75,3.4368336,56.68678,0,12.372601
2020,27.75,3.0,3.4249096,57.582565,0,12.329674
2020,27.75,3.25,3.6830761,59.217896,0,13.259074
2020,27.75,3.5,3.805475,58.206524,0,13.69971
2020,27.75,3.75,3.7343588,55.935715,0,13.443691
2020,27.75,4.0,3.5524263,53.635742,0,12.788734
2020,27.75,4.25,3.343094,54.810314,0,12.035138
2020,27.75,4.5,3.257677,59.785923,0,11.727637
2020,27.75,4.75,3.2960796,62.32367,0,11.865887
2020,27.75,5.0,3.1719167,60.636383,0,11.4189
2020,27.75,5.25,2.9094346,57.819897,0,10.473964
2020,27.75,5.5,2.672064,56.81209,0,9.619431
2020,27.75,5.75,2.547949,57.59508,0,9.172616
2020,27.75,6.0,2.5087333,57.71933,0,9.03144
2020,27.75,6.25,2.4889834,61.058025,0,8.96034
2020,27.75,6.5,2.543647,66.84266,0,9.157129
2020,27.75,6.75,2.5813375,70.17994,0,9.292814
2020,27.75,7.0,2.5632315,71.106804,0,9.227633
2020,27.75,7.25,2.4835758,70.07696,0,8.940873
2020,27.75,7.5,2.4204671,68.9956,0,8.713681
2020,27.75,7.75,2.4195616,69.511696,0,8.710422
2020,27.75,8.0,2.357399,70.84692,0,8.486636
2020,27.75,8.25,2.3717124,73.76523,0,8.538164
2020,27.75,8.5,2.4163022,77.078476,0,8.698688
2020,27.75,8.75,2.448182,79.63315,0,8.813456
2020,27.75,9.0,2.4028323,79.47302,0,8.650196
2020,27.75,9.25,2.3775513,79.11077,0,8.559184
2020,27.75,9.5,2.4142463,79.04834,0,8.691286
2020,27.75,9.75,2.378292,78.98764,0,8.5618515
2020,27.75,10.0,2.307776,79.40574,0,8.307993
2020,27.75,10.25,2.266395,80.57711,0,8.159022
2020,27.75,10.5,2.319506,82.462326,0,8.350221
2020,27.75,10.75,2.340639,81.60609,0,8.426301
2020,27.75,11.0,2.3054078,81.15133,0,8.299468
2020,27.75,11.25,2.24578,81.247665,0,8.084807
2020,27.75,11.5,2.1599467,82.76301,0,7.775808
2020,27.75,11.75,2.0526717,85.260124,0,7.389618
2020,27.75,12.0,1.9103726,88.96283,0,6.8773413
2020,27.5,-9.0,3.0898921,236.87215,0,11.123611
2020,27.5,-8.75,2.9098473,237.51288,0,10.47545
2020,27.5,-8.5,2.734171,208.08313,0,9.843015
2020,27.5,-8.25,2.5397074,179.11845,0,9.142946
2020,27.5,-8.0,2.3309968,181.33424,0,8.391588
2020,27.5,-7.75,2.2304127,185.15526,0,8.029486
2020,27.5,-7.5,2.1992936,187.84502,0,7.9174566
2020,27.5,-7.25,2.2051933,188.47504,0,7.9386954
2020,27.5,-7.0,2.2287488,188.93541,0,8.023496
2020,27.5,-6.75,2.267217,190.177,0,8.161981
2020,27.5,-6.5,2.228992,192.16264,0,8.024371
2020,27.5,-6.25,2.1968648,164.22719,0,7.9087133
2020,27.5,-6.0,2.171655,165.58807,0,7.8179574
2020,27.5,-5.75,2.132532,134.55254,0,7.6771145
2020,27.5,-5.5,2.1051388,134.01134,0,7.5784993
2020,27.5,-5.25,2.088178,135.77158,0,7.5174403
2020,27.5,-5.0,2.085551,138.06905,0,7.5079837
2020,27.5,-4.75,2.0800266,140.54988,0,7.4880958
2020,27.5,-4.5,2.0728443,113.14109,0,7.4622393
2020,27.5,-4.25,2.074794,115.14063,0,7.4692583
2020,27.5,-4.0,2.070928,115.763985,0,7.455341
2020,27.5,-3.75,2.0616577,115.92126,0,7.4219675
2020,27.5,-3.5,2.0373166,115.49225,0,7.3343396
2020,27.5,-3.25,2.050741,116.62512,0,7.382667
2020,27.5,-3.0,2.0628417,117.66642,0,7.42623
2020,27.5,-2.75,2.1125433,88.300896,0,7.605156
2020,27.5,-2.5,2.1684308,88.473015,0,7.8063507
2020,27.5,-2.25,2.2365677,88.916405,0,8.051643
2020,27.5,-2.0,2.3060977,88.059975,0,8.301951
2020,27.5,-1.75,2.3573925,85.69875,0,8.486613
2020,27.5,-1.5,2.3406384,82.39924,0,8.426298
2020,27.5,-1.25,2.3208263,80.691536,0,8.354975
2020,27.5,-1.0,2.2389193,78.11411,0,8.060109
2020,27.5,-0.75,2.218036,80.56918,0,7.984929
2020,27.5,-0.5,2.2471225,74.32608,0,8.089641
2020,27.5,-0.25,2.4116497,54.517567,0,8.681939
2020,27.5,0.0,2.5923293,61.49234,0,9.332385
2020,27.5,0.25,2.5654519,62.411377,0,9.235626
2020,27.5,0.5,2.6091924,62.68742,0,9.393092
2020,27.5,0.75,2.7133982,63.671524,0,9.768233
2020,27.5,1.0,2.8480113,66.49705,0,10.25284
2020,27.5,1.25,3.0891867,66.259766,0,11.121072
2020,27.5,1.5,3.2653468,63.442963,0,11.755248
2020,27.5,1.75,3.2353594,56.280933,0,11.647294
2020,27.5,2.0,3.2580137,53.586437,0,11.728849
2020,27.5,2.25,3.4240217,53.775707,0,12.326478
2020,27.5,2.5,3.5602224,56.631763,0,12.8168
2020,27.5,2.75,3.6196678,57.19322,0,13.030804
2020,27.5,3.0,3.61155,58.56697,0,13.00158
2020,27.5,3.25,3.879883,60.690327,0,13.967579
2020,27.5,3.5,4.0484023,59.622692,0,14.574248
2020,27.5,3.75,4.049956,58.603775,0,14.579841
2020,27.5,4.0,3.830704,57.777405,0,13.790534
2020,27.5,4.25,3.605718,58.611797,0,12.980584
2020,27.5,4.5,3.4544628,61.76302,0,12.436066
2020,27.5,4.75,3.3972504,63.42744,0,12.230102
2020,27.5,5.0,3.270366,63.093105,0,11.773317
2020,27.5,5.25,3.043465,61.239788,0,10.956473
2020,27.5,5.5,2.8549442,58.857452,0,10.277799
2020,27.5,5.75,2.7039688,58.014538,0,9.734287
2020,27.5,6.0,2.5319483,56.319324,0,9.115014
2020,27.5,6.25,2.4746654,61.094498,0,8.908795
2020,27.5,6.5,2.4774344,67.371635,0,8.918763
2020,27.5,6.75,2.397353,70.76984,0,8.63047
2020,27.5,7.0,2.3611512,70.991325,0,8.500144
2020,27.5,7.25,2.4258378,70.06396,0,8.733016
2020,27.5,7.5,2.3886745,68.63455,0,8.599228
2020,27.5,7.75,2.3875513,68.790344,0,8.595184
2020,27.5,8.0,2.418249,70.464806,0,8.705696
2020,27.5,8.25,2.4202216,73.35432,0,8.712797
2020,27.5,8.5,2.4925315,76.14012,0,8.973113
2020,27.5,8.75,2.5279424,77.9815,0,9.100593
2020,27.5,9.0,2.432029,77.929054,0,8.755304
2020,27.5,9.25,2.3377826,80.38074,0,8.416018
2020,27.5,9.5,2.3706193,81.86283,0,8.534229
2020,27.5,9.75,2.3423512,81.409645,0,8.432464
2020,27.5,10.0,2.272167,81.28754,0,8.179801
2020,27.5,10.25,2.2495456,81.28054,0,8.098364
2020,27.5,10.5,2.34552,84.271736,0,8.4438715
2020,27.5,10.75,2.3458426,84.62362,0,8.445033
2020,27.5,11.0,2.3193676,85.26825,0,8.349723
2020,27.5,11.25,2.2709467,85.885475,0,8.175408
2020,27.5,11.5,2.2230463,86.14619,0,8.002967
2020,27.5,11.75,2.1276958,87.573524,0,7.6597047
2020,27.5,12.0,2.0163198,90.00594,0,7.258751
2020,27.25,-9.0,3.116644,239.94331,0,11.219917
2020,27.25,-8.75,2.957491,210.74522,0,10.646967
2020,27.25,-8.5,2.8052387,181.26707,0,10.098859
2020,27.25,-8.25,2.610679,182.52074,0,9.398444
2020,27.25,-8.0,2.514367,183.80937,0,9.051722
2020,27.25,-7.75,2.4266775,187.08598,0,8.736038
2020,27.25,-7.5,2.385612,187.9272,0,8.588203
2020,27.25,-7.25,2.3324933,186.79488,0,8.3969755
2020,27.25,-7.0,2.332188,187.75104,0,8.395876
2020,27.25,-6.75,2.283449,190.58113,0,8.220416
2020,27.25,-6.5,2.245056,192.8243,0,8.082201
2020,27.25,-6.25,2.2630436,165.01201,0,8.146956
2020,27.25,-6.0,2.2495065,166.0014,0,8.098223
2020,27.25,-5.75,2.21023,135.2473,0,7.956828
2020,27.25,-5.5,2.1748354,135.93744,0,7.829407
2020,27.25,-5.25,2.157898,137.67084,0,7.7684326
2020,27.25,-5.0,2.1583893,140.5402,0,7.770201
2020,27.25,-4.75,2.1552434,143.1125,0,7.758876
2020,27.25,-4.5,2.154634,116.22601,0,7.7566824
2020,27.25,-4.25,2.184804,118.376656,0,7.865294
2020,27.25,-4.0,2.1852767,118.79061,0,7.8669963
2020,27.25,-3.75,2.1512125,117.263985,0,7.7443647
2020,27.25,-3.5,2.1367807,116.998116,0,7.6924105
2020,27.25,-3.25,2.1154814,116.208435,0,7.6157327
2020,27.25,-3.0,2.1090007,115.9128,0,7.5924025
2020,27.25,-2.75,2.1332343,86.281425,0,7.679643
2020,27.25,-2.5,2.17355,87.33427,0,7.8247795
2020,27.25,-2.25,2.2461517,88.10153,0,8.086145
2020,27.25,-2.0,2.3178244,87.826454,0,8.344168
2020,27.25,-1.75,2.3722503,85.91448,0,8.540101
2020,27.25,-1.5,2.3465266,83.38975,0,8.447495
2020,27.25,-1.25,2.3078482,82.0454,0,8.308253
2020,27.25,-1.0,2.228757,79.20365,0,8.023524
2020,27.25,-0.75,2.1011221,77.0379,0,7.5640397
2020,27.25,-0.5,2.0969832,71.88594,0,7.5491395
2020,27.25,-0.25,2.318588,53.11687,0,8.346916
2020,27.25,0.0,2.6222048,60.53214,0,9.439937
2020,27.25,0.25,2.643471,61.33971,0,9.516496
2020,27.25,0.5,2.6786034,60.779842,0,9.642972
2020,27.25,0.75,2.786643,61.91231,0,10.031915
2020,27.25,1.0,3.0219028,61.440113,0,10.87885
2020,27.25,1.25,3.2807076,61.235554,0,11.810547
2020,27.25,1.5,3.4706278,57.181293,0,12.49426
2020,27.25,1.75,3.5031796,51.75989,0,12.611446
2020,27.25,2.0,3.5328064,49.86794,0,12.718102
2020,27.25,2.25,3.619396,52.427917,0,13.029825
2020,27.25,2.5,3.7521887,55.170338,0,13.507879
2020,27.25,2.75,3.810261,55.900146,0,13.716939
2020,27.25,3.0,3.8252668,57.121883,0,13.77096
2020,27.25,3.25,3.9876423,59.219166,0,14.355512
2020,27.25,3.5,3.9852495,60.149,0,14.346898
2020,27.25,3.75,3.997327,59.18688,0,14.390377
2020,27.25,4.0,4.053703,59.616985,0,14.593329
2020,27.25,4.25,3.857851,60.376423,0,13.888264
2020,27.25,4.5,3.6378174,62.055176,0,13.096142
2020,27.25,4.75,3.4785903,64.6811,0,12.522924
2020,27.25,5.0,3.3212645,64.930504,0,11.956552
2020,27.25,5.25,3.0283136,64.61966,0,10.901929
2020,27.25,5.5,2.8272588,62.58354,0,10.178131
2020,27.25,5.75,2.5349376,59.809174,0,9.125775
2020,27.25,6.0,2.2888138,56.09645,0,8.23973
2020,27.25,6.25,2.3262322,60.311428,0,8.374435
2020,27.25,6.5,2.3164904,64.26974,0,8.339365
2020,27.25,6.75,2.2114272,67.82852,0,7.961138
2020,27.25,7.0,2.0044925,70.2128,0,7.2161727
2020,27.25,7.25,2.1141167,70.024574,0,7.61082
2020,27.25,7.5,2.2754586,69.56555,0,8.19165
2020,27.25,7.75,2.2797613,69.08772,0,8.207141
2020,27.25,8.0,2.3153455,70.62592,0,8.335243
2020,27.25,8.25,2.3951695,72.964485,0,8.62261
2020,27.25,8.5,2.4700649,75.8007,0,8.892233
2020,27.25,8.75,2.5445683,77.185814,0,9.160445
2020,27.25,9.0,2.47085,77.57429,0,8.89506
2020,27.25,9.25,2.3655345,81.49415,0,8.515924
2020,27.25,9.5,2.3357925,84.73878,0,8.408853
2020,27.25,9.75,2.3028493,84.184746,0,8.290257
2020,27.25,10.0,2.2014306,83.34742,0,7.92515
2020,27.25,10.25,2.1800258,84.53012,0,7.8480926
2020,27.25,10.5,2.3314826,87.81188,0,8.393337
2020,27.25,10.75,2.3141935,87.88324,0,8.331097
2020,27.25,11.0,2.2954435,88.34867,0,8.263597
2020,27.25,11.25,2.3043163,88.16876,0,8.295538
2020,27.25,11.5,2.2579284,88.5506,0,8.128542
2020,27.25,11.75,2.1875827,88.467445,0,7.8752975
2020,27.25,12.0,2.1038668,89.61587,0,7.5739202
2020,27.0,-9.0,3.0600011,213.08269,0,11.016004
2020,27.0,-8.75,2.9480143,184.6194,0,10.612851
2020,27.0,-8.5,2.8028533,185.26302,0,10.090272
2020,27.0,-8.25,2.6682608,184.69392,0,9.605739
2020,27.0,-8.0,2.5736063,186.13316,0,9.264982
2020,27.0,-7.75,2.4957113,188.34338,0,8.984561
2020,27.0,-7.5,2.453604,189.03264,0,8.832974
2020,27.0,-7.25,2.3602097,187.43095,0,8.496755
2020,27.0,-7.0,2.2666261,187.75322,0,8.159854
2020,27.0,-6.75,2.2186015,190.81462,0,7.986965
2020,27.0,-6.5,2.2528462,193.82341,0,8.110247
2020,27.0,-6.25,2.2869806,195.9904,0,8.23313
2020,27.0,-6.0,2.2917469,166.4609,0,8.250288
2020,27.0,-5.75,2.271643,137.02258,0,8.177915
2020,27.0,-5.5,2.2409692,138.0547,0,8.067489
2020,27.0,-5.25,2.2396843,140.47949,0,8.062863
2020,27.0,-5.0,2.243378,143.36662,0,8.07616
2020,27.0,-4.75,2.2627332,145.89241,0,8.14584
2020,27.0,-4.5,2.2753947,118.63125,0,8.191421
2020,27.0,-4.25,2.3106582,120.58381,0,8.318369
2020,27.0,-4.0,2.333729,120.24554,0,8.401424
2020,27.0,-3.75,2.3140824,118.797386,0,8.330696
2020,27.0,-3.5,2.2624166,116.97109,0,8.144699
2020,27.0,-3.25,2.2427409,116.12674,0,8.073867
2020,27.0,-3.0,2.207625,115.173744,0,7.9474497
2020,27.0,-2.75,2.166681,114.65504,0,7.8000517
2020,27.0,-2.5,2.208348,85.93909,0,7.9500527
2020,27.0,-2.25,2.2686894,87.67694,0,8.167281
2020,27.0,-2.0,2.3457344,87.703,0,8.444643
2020,27.0,-1.75,2.3660288,86.8924,0,8.517703
2020,27.0,-1.5,2.334781,84.87931,0,8.405211
2020,27.0,-1.25,2.2985919,83.86652,0,8.27493
2020,27.0,-1.0,2.2344368,81.18226,0,8.043972
2020,27.0,-0.75,2.106864,109.333626,0,7.58471
2020,27.0,-0.5,1.9645866,114.04248,0,7.0725117
2020,27.0,-0.25,2.1274216,49.823505,0,7.6587176
2020,27.0,0.0,2.5529559,58.090183,0,9.19064
2020,27.0,0.25,2.749861,58.193054,0,9.899499
2020,27.0,0.5,2.793455,57.449886,0,10.0564375
2020,27.0,0.75,2.9373062,56.10201,0,10.574302
2020,27.0,1.0,3.1764138,56.383923,0,11.435089
2020,27.0,1.25,3.4617236,54.99646,0,12.462205
2020,27.0,1.5,3.6660001,51.518513,0,13.1976
2020,27.0,1.75,3.7023556,47.974995,0,13.32848
2020,27.0,2.0,3.6911952,48.81377,0,13.288302
2020,27.0,2.25,3.776532,51.285995,0,13.595514
2020,27.0,2.5,3.8510106,53.051235,0,13.863638
2020,27.0,2.75,3.9005048,53.642986,0,14.041817
2020,27.0,3.0,3.9445946,54.617596,0,14.200541
2020,27.0,3.25,3.8602552,56.321594,0,13.896918
2020,27.0,3.5,3.7990015,57.679432,0,13.676405
2020,27.0,3.75,3.908611,58.329845,0,14.070999
2020,27.0,4.0,3.9648778,58.78005,0,14.27356
2020,27.0,4.25,3.96196,59.49344,0,14.263056
2020,27.0,4.5,3.717014,61.373943,0,13.38125
2020,27.0,4.75,3.4658215,64.792625,0,12.476957
2020,27.0,5.0,3.0699317,67.3305,0,11.051754
2020,27.0,5.25,2.775471,67.300125,0,9.991695
2020,27.0,5.5,2.4396899,66.47213,0,8.782884
2020,27.0,5.75,2.1374872,63.93272,0,7.6949534
2020,27.0,6.0,1.8539895,84.010155,0,6.674362
2020,27.0,6.25,1.9951674,56.15977,0,7.1826024
2020,27.0,6.5,2.008766,60.113506,0,7.2315574
2020,27.0,6.75,1.806725,61.11292,0,6.50421
2020,27.0,7.0,1.5883741,62.747944,0,5.718147
2020,27.0,7.25,1.7365971,65.66439,0,6.251749
2020,27.0,7.5,2.0041568,67.05564,0,7.2149644
2020,27.0,7.75,2.0873463,66.66699,0,7.5144467
2020,27.0,8.0,2.2119446,67.51703,0,7.9630003
2020,27.0,8.25,2.2917511,70.08319,0,8.250304
2020,27.0,8.5,2.362973,75.099396,0,8.506702
2020,27.0,8.75,2.4414074,76.97182,0,8.789066
2020,27.0,9.0,2.4208605,79.42972,0,8.715097
2020,27.0,9.25,2.3824823,83.8666,0,8.576936
2020,27.0,9.5,2.3438375,86.397644,0,8.437815
2020,27.0,9.75,2.2632616,85.179115,0,8.147741
2020,27.0,10.0,2.159242,84.67055,0,7.7732706
2020,27.0,10.25,2.1434987,89.08535,0,7.716595
2020,27.0,10.5,2.2754567,90.512,0,8.191644
2020,27.0,10.75,2.2573469,89.0353,0,8.126449
2020,27.0,11.0,2.2755787,88.70695,0,8.192083
2020,27.0,11.25,2.2842705,88.54907,0,8.223373
2020,27.0,11.5,2.2633,85.44192,0,8.14788
2020,27.0,11.75,2.197179,84.929016,0,7.9098444
2020,27.0,12.0,2.143064,86.16953,0,7.71503
2020,26.75,-9.0,2.9463599,186.73265,0,10.606895
2020,26.75,-8.75,2.8687322,188.56934,0,10.3274355
2020,26.75,-8.5,2.7533352,188.60048,0,9.912006
2020,26.75,-8.25,2.6144419,188.08714,0,9.41199
2020,26.75,-8.0,2.4855483,188.14696,0,8.947973
2020,26.75,-7.75,2.3966975,190.50798,0,8.628111
2020,26.75,-7.5,2.4077141,191.12476,0,8.66777
2020,26.75,-7.25,2.3465507,189.95909,0,8.447582
2020,26.75,-7.0,2.2555313,189.85199,0,8.119912
2020,26.75,-6.75,2.2366354,192.10669,0,8.0518875
2020,26.75,-6.5,2.2730343,195.18135,0,8.182923
2020,26.75,-6.25,2.312497,197.04755,0,8.324988
2020,26.75,-6.0,2.310308,197.29802,0,8.317108
2020,26.75,-5.75,2.3015506,138.87514,0,8.285582
2020,26.75,-5.5,2.324183,141.42415,0,8.367059
2020,26.75,-5.25,2.3252451,143.71709,0,8.370882
2020,26.75,-5.0,2.3447206,145.5766,0,8.440994
2020,26.75,-4.75,2.373092,117.87513,0,8.543131
2020,26.75,-4.5,2.4118094,119.35669,0,8.682514
2020,26.75,-4.25,2.447254,120.63193,0,8.810114
2020,26.75,-4.0,2.483875,120.26837,0,8.94195
2020,26.75,-3.75,2.460491,119.04417,0,8.857767
2020,26.75,-3.5,2.4161155,117.48208,0,8.698015
2020,26.75,-3.25,2.3762,116.73636,0,8.554319
2020,26.75,-3.0,2.3360298,115.66125,0,8.409707
2020,26.75,-2.75,2.25999,114.38916,0,8.135963
2020,26.75,-2.5,2.2385018,85.07569,0,8.058606
2020,26.75,-2.25,2.2998557,87.14648,0,8.27948
2020,26.75,-2.0,2.359496,88.641624,0,8.494185
2020,26.75,-1.75,2.3718808,88.32739,0,8.538771
2020,26.75,-1.5,2.3380287,87.31097,0,8.416903
2020,26.75,-1.25,2.2971222,87.15688,0,8.26964
2020,26.75,-1.0,2.2417784,85.109,0,8.070402
2020,26.75,-0.75,2.148754,114.00696,0,7.7355137
2020,26.75,-0.5,2.014466,91.261986,0,7.2520776
2020,26.75,-0.25,1.9889255,43.567474,0,7.1601315
2020,26.75,0.0,2.3641891,54.72964,0,8.511081
2020,26.75,0.25,2.6637852,54.605145,0,9.589626
2020,26.75,0.5,2.8501244,52.219677,0,10.2604475
2020,26.75,0.75,2.9973986,51.342197,0,10.790635
2020,26.75,1.0,3.2273567,49.960785,0,11.618484
2020,26.75,1.25,3.5201533,48.976765,0,12.672551
2020,26.75,1.5,3.72242,47.064663,0,13.400712
2020,26.75,1.75,3.7421858,46.394512,0,13.4718685
2020,26.75,2.0,3.7219553,47.684162,0,13.399038
2020,26.75,2.25,3.76095,49.556133,0,13.53942
2020,26.75,2.5,3.830632,51.297485,0,13.790275
2020,26.75,2.75,3.82184,51.441463,0,13.758624
2020,26.75,3.0,3.8528717,52.56925,0,13.8703375
2020,26.75,3.25,3.6411095,54.22517,0,13.107994
2020,26.75,3.5,3.2958724,55.448547,0,11.865141
2020,26.75,3.75,3.4268703,56.188507,0,12.336733
2020,26.75,4.0,3.7099998,56.525898,0,13.355999
2020,26.75,4.25,3.7888288,57.440754,0,13.639784
2020,26.75,4.5,3.4950187,61.354565,0,12.5820675
2020,26.75,4.75,3.0295706,65.167336,0,10.906454
2020,26.75,5.0,2.572373,68.73342,0,9.260542
2020,26.75,5.25,2.228737,68.61264,0,8.023454
2020,26.75,5.5,1.8816906,68.006004,0,6.774086
2020,26.75,5.75,1.7687796,93.35043,0,6.3676066
2020,26.75,6.0,1.5271039,104.40772,0,5.497574
2020,26.75,6.25,1.5517063,77.06241,0,5.5861425
2020,26.75,6.5,1.6895871,52.038,0,6.0825133
2020,26.75,6.75,1.4902626,51.444366,0,5.3649454
2020,26.75,7.0,1.3664923,50.82553,0,4.919372
2020,26.75,7.25,1.446139,53.313824,0,5.2061
2020,26.75,7.5,1.587718,57.602917,0,5.7157845
2020,26.75,7.75,1.814797,60.3588,0,6.5332694
2020,26.75,8.0,1.9642342,91.565025,0,7.0712433
2020,26.75,8.25,2.1010087,94.9801,0,7.563631
2020,26.75,8.5,2.1701896,100.41453,0,7.8126826
2020,26.75,8.75,2.2408342,108.36502,0,8.067003
2020,26.75,9.0,2.2616773,113.39199,0,8.142038
2020,26.75,9.25,2.278618,116.657555,0,8.203025
2020,26.75,9.5,2.2436051,115.64337,0,8.076979
2020,26.75,9.75,2.1666565,113.635925,0,7.799963
2020,26.75,10.0,2.1585898,112.65739,0,7.770923
2020,26.75,10.25,2.1481998,88.78321,0,7.733519
2020,26.75,10.5,2.2024248,88.046875,0,7.928729
2020,26.75,10.75,2.1905298,87.24845,0,7.885907
2020,26.75,11.0,2.223116,87.5892,0,8.003217
2020,26.75,11.25,2.2230265,83.11628,0,8.002895
2020,26.75,11.5,2.2075782,79.8184,0,7.9472814
2020,26.75,11.75,2.1462138,81.86707,0,7.7263694
2020,26.75,12.0,2.0897183,86.621864,0,7.522986
2020,26.5,-9.0,2.940834,190.60222,0,10.587003
2020,26.5,-8.75,2.8490484,191.48766,0,10.256574
2020,26.5,-8.5,2.7296095,191.77495,0,9.826594
2020,26.5,-8.25,2.5968938,192.34068,0,9.348818
2020,26.5,-8.0,2.4693816,192.78943,0,8.889773
2020,26.5,-7.75,2.371676,192.61943,0,8.5380335
2020,26.5,-7.5,2.3903782,192.05193,0,8.605361
2020,26.5,-7.25,2.3492053,191.7415,0,8.457139
2020,26.5,-7.0,2.3028946,192.41046,0,8.290421
2020,26.5,-6.75,2.2817848,194.5699,0,8.214425
2020,26.5,-6.5,2.3043468,196.66386,0,8.295649
2020,26.5,-6.25,2.3369162,198.23438,0,8.412898
2020,26.5,-6.0,2.3258648,168.61757,0,8.373113
2020,26.5,-5.75,2.332341,141.3073,0,8.396427
2020,26.5,-5.5,2.374276,143.85695,0,8.547393
2020,26.5,-5.25,2.4118702,145.81535,0,8.682733
2020,26.5,-5.0,2.4389963,147.3862,0,8.780387
2020,26.5,-4.75,2.4636564,118.2902,0,8.869163
2020,26.5,-4.5,2.5059187,119.05554,0,9.021307
2020,26.5,-4.25,2.547404,120.41671,0,9.170654
2020,26.5,-4.0,2.5925343,120.789375,0,9.333123
2020,26.5,-3.75,2.5728729,119.74682,0,9.262342
2020,26.5,-3.5,2.5289843,118.72878,0,9.104343
2020,26.5,-3.25,2.4983995,118.23044,0,8.994238
2020,26.5,-3.0,2.457312,116.93738,0,8.846323
2020,26.5,-2.75,2.3687563,115.060974,0,8.527522
2020,26.5,-2.5,2.326959,85.75107,0,8.377051
2020,26.5,-2.25,2.3334987,87.8313,0,8.400595
2020,26.5,-2.0,2.3913057,90.08389,0,8.6087
2020,26.5,-1.75,2.4203918,91.632286,0,8.71341
2020,26.5,-1.5,2.3847983,92.660866,0,8.585274
2020,26.5,-1.25,2.3230517,91.99307,0,8.362986
2020,26.5,-1.0,2.2815669,90.64382,0,8.21364
2020,26.5,-0.75,2.2098029,59.34383,0,7.9552903
2020,26.5,-0.5,2.1317,61.092693,0,7.67412
2020,26.5,-0.25,2.0557435,68.55869,0,7.4006763
2020,26.5,0.0,2.1949112,51.317623,0,7.9016805
2020,26.5,0.25,2.4303386,51.491684,0,8.749219
2020,26.5,0.5,2.6612523,48.80247,0,9.580508
2020,26.5,0.75,2.8366044,46.04845,0,10.211776
2020,26.5,1.0,3.082944,44.796818,0,11.098598
2020,26.5,1.25,3.3327293,44.75162,0,11.997826
2020,26.5,1.5,3.5180387,44.592407,0,12.664939
2020,26.5,1.75,3.5646112,45.92715,0,12.8326
2020,26.5,2.0,3.5527697,48.008667,0,12.78997
2020,26.5,2.25,3.585863,49.54372,0,12.909107
2020,26.5,2.5,3.6225243,49.56367,0,13.041087
2020,26.5,2.75,3.611441,49.634518,0,13.001187
2020,26.5,3.0,3.5681343,50.92497,0,12.8452835
2020,26.5,3.25,3.344302,53.847446,0,12.039487
2020,26.5,3.5,2.942703,54.433254,0,10.593731
2020,26.5,3.75,2.8269837,51.06956,0,10.177141
2020,26.5,4.0,3.0826318,51.394592,0,11.097474
2020,26.5,4.25,3.1378257,57.072906,0,11.296172
2020,26.5,4.5,2.8129585,64.239525,0,10.12665
2020,26.5,4.75,2.2715132,67.727715,0,8.177447
2020,26.5,5.0,1.9131616,65.76275,0,6.8873816
2020,26.5,5.25,1.6219002,65.8836,0,5.8388405
2020,26.5,5.5,1.6434493,79.35122,0,5.916417
2020,26.5,5.75,1.6704491,83.88373,0,6.0136166
2020,26.5,6.0,1.4819955,97.66688,0,5.3351836
2020,26.5,6.25,1.2106315,87.96186,0,4.358273
2020,26.5,6.5,1.333135,67.13339,0,4.799286
2020,26.5,6.75,1.3806072,74.65917,0,4.9701858
2020,26.5,7.0,1.3630271,75.60107,0,4.9068975
2020,26.5,7.25,1.3523673,102.018005,0,4.868522
2020,26.5,7.5,1.3147249,101.28147,0,4.73301
2020,26.5,7.75,1.503023,108.9024,0,5.410883
2020,26.5,8.0,1.6118635,113.81249,0,5.8027086
2020,26.5,8.25,1.7753719,117.02029,0,6.391339
2020,26.5,8.5,1.9102597,118.147675,0,6.876935
2020,26.5,8.75,2.024326,118.601654,0,7.287574
2020,26.5,9.0,2.0890229,121.271126,0,7.520482
2020,26.5,9.25,2.028708,121.84577,0,7.3033485
2020,26.5,9.5,1.9919957,123.404625,0,7.1711845
2020,26.5,9.75,2.0688527,117.16803,0,7.4478693
2020,26.5,10.0,2.0817573,113.06247,0,7.494326
2020,26.5,10.25,2.1033678,83.82027,0,7.572124
2020,26.5,10.5,2.1587675,83.55923,0,7.7715626
2020,26.5,10.75,2.1388624,84.976875,0,7.6999044
2020,26.5,11.0,2.150922,82.64637,0,7.743319
2020,26.5,11.25,2.154071,77.63898,0,7.754656
2020,26.5,11.5,2.083287,78.84423,0,7.499833
2020,26.5,11.75,2.0188625,84.70338,0,7.2679048
2020,26.5,12.0,1.9614197,101.24551,0,7.061111
2020,26.25,-9.0,3.093089,193.34053,0,11.13512
2020,26.25,-8.75,2.9517276,194.33498,0,10.626219
2020,26.25,-8.5,2.8176394,195.6342,0,10.143501
2020,26.25,-8.25,2.6864402,196.64275,0,9.671185
2020,26.25,-8.0,2.5795422,196.6991,0,9.286351
2020,26.25,-7.75,2.47347,195.52148,0,8.904491
2020,26.25,-7.5,2.3858619,194.36314,0,8.589103
2020,26.25,-7.25,2.311193,194.85143,0,8.320294
2020,26.25,-7.0,2.2799802,195.50362,0,8.207929
2020,26.25,-6.75,2.2641513,196.82,0,8.150945
2020,26.25,-6.5,2.2887807,198.41406,0,8.239611
2020,26.25,-6.25,2.345108,169.10968,0,8.442389
2020,26.25,-6.0,2.351724,170.15456,0,8.466206
2020,26.25,-5.75,2.382846,143.55934,0,8.578246
2020,26.25,-5.5,2.442547,146.02028,0,8.793169
2020,26.25,-5.25,2.485668,147.61507,0,8.948404
2020,26.25,-5.0,2.5122118,148.46179,0,9.0439625
2020,26.25,-4.75,2.5292735,118.93833,0,9.105385
2020,26.25,-4.5,2.524994,119.053,0,9.089978
2020,26.25,-4.25,2.58933,120.512634,0,9.321588
2020,26.25,-4.0,2.6688454,121.108315,0,9.607843
2020,26.25,-3.75,2.696242,120.8092,0,9.706471
2020,26.25,-3.5,2.656516,120.14288,0,9.5634575
2020,26.25,-3.25,2.5880723,119.77262,0,9.31706
2020,26.25,-3.0,2.5306704,88.43046,0,9.110414
2020,26.25,-2.75,2.4660609,87.12022,0,8.877819
2020,26.25,-2.5,2.4082723,87.40472,0,8.66978
2020,26.25,-2.25,2.3929822,89.479485,0,8.614736
2020,26.25,-2.0,2.4103842,92.53644,0,8.677382
2020,26.25,-1.75,2.4409997,65.478584,0,8.787599
2020,26.25,-1.5,2.438987,67.0389,0,8.780353
2020,26.25,-1.25,2.3995843,34.56009,0,8.638503
2020,26.25,-1.0,2.348936,32.555668,0,8.45617
2020,26.25,-0.75,2.3060515,32.264935,0,8.301785
2020,26.25,-0.5,2.2634597,64.07418,0,8.148455
2020,26.25,-0.25,2.245979,37.91164,0,8.085525
2020,26.25,0.0,2.3064363,46.905518,0,8.30317
2020,26.25,0.25,2.3896306,46.38336,0,8.60267
2020,26.25,0.5,2.4654133,41.32143,0,8.875487
2020,26.25,0.75,2.6217048,39.021946,0,9.438137
2020,26.25,1.0,2.8019426,38.181355,0,10.086993
2020,26.25,1.25,3.0182703,39.370285,0,10.865772
2020,26.25,1.5,3.1510594,42.51139,0,11.343814
2020,26.25,1.75,3.2556727,46.36513,0,11.720422
2020,26.25,2.0,3.2482536,48.0759,0,11.693712
2020,26.25,2.25,3.2593231,47.797943,0,11.733562
2020,26.25,2.5,3.2831898,47.021637,0,11.819483
2020,26.25,2.75,3.2435496,46.996445,0,11.676778
2020,26.25,3.0,3.1549675,48.518814,0,11.3578825
2020,26.25,3.25,2.9891536,53.676346,0,10.760953
2020,26.25,3.5,2.4901755,51.752445,0,8.964631
2020,26.25,3.75,2.2435071,44.362427,0,8.076626
2020,26.25,4.0,2.1943572,44.614532,0,7.8996854
2020,26.25,4.25,2.1345472,59.48607,0,7.68437
2020,26.25,4.5,1.9524821,77.2258,0,7.0289354
2020,26.25,4.75,1.640045,87.81083,0,5.904162
2020,26.25,5.0,1.3966984,83.75736,0,5.028114
2020,26.25,5.25,1.3989209,83.092094,0,5.036115
2020,26.25,5.5,1.5430369,78.03947,0,5.5549326
2020,26.25,5.75,1.7242746,77.88029,0,6.2073884
2020,26.25,6.0,1.6656119,98.866035,0,5.9962025
2020,26.25,6.25,1.3876243,83.39511,0,4.995447
2020,26.25,6.5,1.2939047,80.64164,0,4.6580567
2020,26.25,6.75,1.2820444,84.134125,0,4.61536
2020,26.25,7.0,1.2933787,84.44443,0,4.656163
2020,26.25,7.25,1.3539997,89.46842,0,4.8743987
2020,26.25,7.5,1.4906529,93.99998,0,5.36635
2020,26.25,7.75,1.5070587,99.88482,0,5.425411
2020,26.25,8.0,1.493656,106.84964,0,5.3771615
2020,26.25,8.25,1.5672569,113.0353,0,5.6421247
2020,26.25,8.5,1.7189852,116.24833,0,6.1883464
2020,26.25,8.75,1.7960383,118.6806,0,6.465738
2020,26.25,9.0,1.8252827,122.78626,0,6.5710177
2020,26.25,9.25,1.6341629,124.42452,0,5.882986
2020,26.25,9.5,1.7379079,124.0268,0,6.2564683
2020,26.25,9.75,1.8944426,123.856865,0,6.819993
2020,26.25,10.0,1.9726287,105.38311,0,7.1014633
2020,26.25,10.25,1.9736582,107.23666,0,7.1051693
2020,26.25,10.5,2.1125178,82.558495,0,7.605064
2020,26.25,10.75,2.075371,83.06271,0,7.4713354
2020,26.25,11.0,2.0668344,82.35331,0,7.4406037
2020,26.25,11.25,2.0821278,88.11184,0,7.49566
2020,26.25,11.5,2.0170274,93.944695,0,7.261298
2020,26.25,11.75,1.8874909,100.43626,0,6.794967
2020,26.25,12.0,1.8505086,112.06034,0,6.661831
2020,26.0,-9.0,3.1128762,166.35532,0,11.206354
2020,26.0,-8.75,2.9650116,137.82841,0,10.674042
2020,26.0,-8.5,2.8576326,139.21944,0,10.2874775
2020,26.0,-8.25,2.7738476,140.34447,0,9.985851
2020,26.0,-8.0,2.7120945,170.55565,0,9.76354
2020,26.0,-7.75,2.6434615,199.59944,0,9.516461
2020,26.0,-7.5,2.4957354,198.7433,0,8.984647
2020,26.0,-7.25,2.3820035,199.48212,0,8.5752125
2020,26.0,-7.0,2.3173153,199.91986,0,8.342335
2020,26.0,-6.75,2.2827606,200.18134,0,8.217938
2020,26.0,-6.5,2.2940733,200.05583,0,8.258664
2020,26.0,-6.25,2.3495877,169.93542,0,8.458515
2020,26.0,-6.0,2.3932722,171.94359,0,8.61578
2020,26.0,-5.75,2.4702406,145.5459,0,8.892866
2020,26.0,-5.5,2.5297291,147.62926,0,9.107024
2020,26.0,-5.25,2.5721433,148.75499,0,9.259716
2020,26.0,-5.0,2.5993223,119.26773,0,9.35756
2020,26.0,-4.75,2.6067796,119.47702,0,9.384406
2020,26.0,-4.5,2.5783935,119.4765,0,9.282216
2020,26.0,-4.25,2.6149476,120.510185,0,9.413811
2020,26.0,-4.0,2.714831,121.28863,0,9.773392
2020,26.0,-3.75,2.7889779,121.71728,0,10.04032
2020,26.0,-3.5,2.7917798,121.81504,0,10.050406
2020,26.0,-3.25,2.7203476,121.51319,0,9.793251
2020,26.0,-3.0,2.6055033,90.03713,0,9.379811
2020,26.0,-2.75,2.5083637,89.55126,0,9.030109
2020,26.0,-2.5,2.4506197,59.788647,0,8.82223
2020,26.0,-2.25,2.4315736,61.51428,0,8.753665
2020,26.0,-2.0,2.4414945,64.26571,0,8.78938
2020,26.0,-1.75,2.4656155,66.535034,0,8.876216
2020,26.0,-1.5,2.4923723,37.29514,0,8.97254
2020,26.0,-1.25,2.495812,35.329723,0,8.984922
2020,26.0,-1.0,2.4460132,33.609554,0,8.805647
2020,26.0,-0.75,2.4012764,33.4508,0,8.644594
2020,26.0,-0.5,2.382664,35.32097,0,8.57759
2020,26.0,-0.25,2.4094236,38.85863,0,8.673924
2020,26.0,0.0,2.5061023,42.18047,0,9.021968
2020,26.0,0.25,2.575064,68.914085,0,9.27023
2020,26.0,0.5,2.601012,63.50275,0,9.363643
2020,26.0,0.75,2.639312,60.00041,0,9.501523
2020,26.0,1.0,2.7040052,59.17838,0,9.734419
2020,26.0,1.25,2.799606,61.83421,0,10.078582
2020,26.0,1.5,2.8890884,37.531906,0,10.400718
2020,26.0,1.75,2.9992688,42.980457,0,10.797367
2020,26.0,2.0,3.0476913,44.696667,0,10.971688
2020,26.0,2.25,3.0444887,43.648846,0,10.960159
2020,26.0,2.5,2.9969175,41.9856,0,10.788902
2020,26.0,2.75,2.8946683,41.831776,0,10.420806
2020,26.0,3.0,2.7446852,44.386196,0,9.880866
2020,26.0,3.25,2.4073458,50.610214,0,8.666445
2020,26.0,3.5,1.8330301,44.341328,0,6.5989084
2020,26.0,3.75,1.5491847,62.766785,0,5.5770645
2020,26.0,4.0,1.4649019,60.573772,0,5.273647
2020,26.0,4.25,1.3937238,70.779785,0,5.0174055
2020,26.0,4.5,1.477356,114.82004,0,5.3184814
2020,26.0,4.75,1.402955,134.82585,0,5.050638
2020,26.0,5.0,1.2599827,137.98743,0,4.535938
2020,26.0,5.25,1.4508718,73.716835,0,5.2231383
2020,26.0,5.5,1.8420199,68.354576,0,6.6312714
2020,26.0,5.75,2.0308878,84.803444,0,7.311196
2020,26.0,6.0,2.0848868,76.58253,0,7.5055923
2020,26.0,6.25,1.8152046,72.09857,0,6.5347366
2020,26.0,6.5,1.5190921,84.1842,0,5.4687314
2020,26.0,6.75,1.339879,86.16514,0,4.8235645
2020,26.0,7.0,1.2406825,89.796074,0,4.466457
2020,26.0,7.25,1.2634708,93.02408,0,4.548495
2020,26.0,7.5,1.510304,95.50128,0,5.437094
2020,26.0,7.75,1.4386749,96.68038,0,5.1792297
2020,26.0,8.0,1.3116782,101.684364,0,4.722041
2020,26.0,8.25,1.3033879,110.53101,0,4.6921964
2020,26.0,8.5,1.322411,116.18607,0,4.7606792
2020,26.0,8.75,1.2635947,118.41906,0,4.548941
2020,26.0,9.0,1.3504448,118.93359,0,4.8616014
2020,26.0,9.25,1.4205073,118.796165,0,5.1138263
2020,26.0,9.5,1.6654601,123.84592,0,5.995656
2020,26.0,9.75,1.8816146,129.14955,0,6.7738123
2020,26.0,10.0,1.9357449,129.25385,0,6.9686813
2020,26.0,10.25,1.8670858,101.5093,0,6.721509
2020,26.0,10.5,1.9541693,82.99703,0,7.0350094
2020,26.0,10.75,1.9184719,85.83491,0,6.906499
2020,26.0,11.0,2.0071824,90.77732,0,7.2258563
2020,26.0,11.25,2.1565158,94.614624,0,7.763457
2020,26.0,11.5,2.217744,98.61453,0,7.9838786
2020,26.0,11.75,2.1090345,104.78069,0,7.592524
2020,26.0,12.0,1.9449767,117.147736,0,7.001916
2020,25.75,-9.0,3.0572379,139.63957,0,11.006056
2020,25.75,-8.75,2.9302769,141.73067,0,10.548997
2020,25.75,-8.5,2.8184004,142.59135,0,10.146241
2020,25.75,-8.25,2.7508078,142.78154,0,9.902907
2020,25.75,-8.0,2.7203503,142.85071,0,9.793261
2020,25.75,-7.75,2.7288103,142.96928,0,9.823717
2020,25.75,-7.5,2.6610382,142.8735,0,9.579737
2020,25.75,-7.25,2.6045883,113.44982,0,9.376517
2020,25.75,-7.0,2.548988,143.82735,0,9.176357
2020,25.75,-6.75,2.5013888,173.39894,0,9.004999
2020,25.75,-6.5,2.4570842,171.99669,0,8.845503
2020,25.75,-6.25,2.4417732,171.37471,0,8.790383
2020,25.75,-6.0,2.4328933,174.05396,0,8.758415
2020,25.75,-5.75,2.5166428,147.48877,0,9.059914
2020,25.75,-5.5,2.5776687,149.02826,0,9.279607
2020,25.75,-5.25,2.6288674,119.7327,0,9.4639225
2020,25.75,-5.0,2.6688566,120.24128,0,9.607883
2020,25.75,-4.75,2.6980715,120.65875,0,9.7130575
2020,25.75,-4.5,2.6945696,120.63003,0,9.70045
2020,25.75,-4.25,2.6733418,120.37966,0,9.62403
2020,25.75,-4.0,2.6944215,120.49467,0,9.699917
2020,25.75,-3.75,2.778104,121.55393,0,10.001174
2020,25.75,-3.5,2.8657396,123.110756,0,10.316662
2020,25.75,-3.25,2.8686008,63.60471,0,10.326962
2020,25.75,-3.0,2.7576463,62.717148,0,9.927526
2020,25.75,-2.75,2.5970645,61.897446,0,9.349432
2020,25.75,-2.5,2.502083,61.80714,0,9.007499
2020,25.75,-2.25,2.4449215,62.83964,0,8.801717
2020,25.75,-2.0,2.444533,64.99842,0,8.800319
2020,25.75,-1.75,2.4746168,36.63582,0,8.90862
2020,25.75,-1.5,2.5119593,37.136593,0,9.043054
2020,25.75,-1.25,2.5293405,35.617027,0,9.105625
2020,25.75,-1.0,2.5097845,34.802624,0,9.035224
2020,25.75,-0.75,2.4789217,35.075684,0,8.924118
2020,25.75,-0.5,2.4716644,36.45573,0,8.897992
2020,25.75,-0.25,2.4999275,38.526623,0,8.999739
2020,25.75,0.0,2.5932915,38.894993,0,9.335849
2020,25.75,0.25,2.6645672,66.01565,0,9.592442
2020,25.75,0.5,2.6720219,60.84199,0,9.619279
2020,25.75,0.75,2.6386292,86.04523,0,9.499064
2020,25.75,1.0,2.6390574,84.19155,0,9.500607
2020,25.75,1.25,2.6427407,55.84165,0,9.513866
2020,25.75,1.5,2.7022333,61.978725,0,9.72804
2020,25.75,1.75,2.8295653,37.492077,0,10.186435
2020,25.75,2.0,2.9334745,39.99226,0,10.560508
2020,25.75,2.25,2.8919666,39.1405,0,10.411079
2020,25.75,2.5,2.7153747,37.562923,0,9.775349
2020,25.75,2.75,2.5218909,37.8001,0,9.078807
2020,25.75,3.0,2.277929,41.692326,0,8.200544
2020,25.75,3.25,1.9074136,44.686935,0,6.8666887
2020,25.75,3.5,1.5716605,70.40725,0,5.6579776
2020,25.75,3.75,1.4358088,65.92243,0,5.1689115
2020,25.75,4.0,1.3502016,67.59876,0,4.860726
2020,25.75,4.25,1.2804271,108.74203,0,4.6095376
2020,25.75,4.5,1.4693238,115.1384,0,5.2895656
2020,25.75,4.75,1.4627906,131.42206,0,5.266046
2020,25.75,5.0,1.3643037,88.60519,0,4.9114933
2020,25.75,5.25,1.4795159,65.09919,0,5.326257
2020,25.75,5.5,1.7493664,76.77822,0,6.297719
2020,25.75,5.75,1.8560582,82.947945,0,6.6818094
2020,25.75,6.0,1.8860942,80.61607,0,6.789939
2020,25.75,6.25,1.8256174,80.52657,0,6.5722227
2020,25.75,6.5,1.6221842,78.76353,0,5.839863
2020,25.75,6.75,1.5204479,95.44058,0,5.4736123
2020,25.75,7.0,1.4536338,95.50292,0,5.2330813
2020,25.75,7.25,1.3572334,96.87066,0,4.88604
2020,25.75,7.5,1.4636326,100.39759,0,5.2690773
2020,25.75,7.75,1.3314351,101.85361,0,4.793166
2020,25.75,8.0,1.2512339,104.57238,0,4.504442
2020,25.75,8.25,1.2197504,110.58106,0,4.3911014
2020,25.75,8.5,1.169529,115.24033,0,4.2103043
2020,25.75,8.75,1.1083667,117.42462,0,3.9901202
2020,25.75,9.0,1.2751411,117.2742,0,4.590508
2020,25.75,9.25,1.5022078,118.75347,0,5.4079475
2020,25.75,9.5,1.678453,122.77221,0,6.0424304
2020,25.75,9.75,1.7310058,124.16556,0,6.231621
2020,25.75,10.0,1.7271277,94.61328,0,6.2176595
2020,25.75,10.25,1.7162194,73.930336,0,6.1783895
2020,25.75,10.5,1.7062588,114.38794,0,6.1425314
2020,25.75,10.75,1.6865044,103.16268,0,6.0714154
2020,25.75,11.0,1.8575639,97.0602,0,6.6872296
2020,25.75,11.25,2.048282,96.11796,0,7.3738146
2020,25.75,11.5,2.2238576,95.15628,0,8.005887
2020,25.75,11.75,2.2618241,116.323456,0,8.142567
2020,25.75,12.0,1.9676924,111.78809,0,7.0836926
2020,25.5,-9.0,3.0563915,112.94804,0,11.003009
2020,25.5,-8.75,2.9686954,114.64747,0,10.687304
2020,25.5,-8.5,2.8593655,115.16416,0,10.2937155
2020,25.5,-8.25,2.7687225,114.97782,0,9.967401
2020,25.5,-8.0,2.6911068,114.282745,0,9.687984
2020,25.5,-7.75,2.6733475,114.3812,0,9.624051
2020,25.5,-7.5,2.7079306,114.73581,0,9.748549
2020,25.5,-7.25,2.740925,115.443275,0,9.86733
2020,25.5,-7.0,2.7166207,115.927345,0,9.779834
2020,25.5,-6.75,2.714144,115.36396,0,9.770918
2020,25.5,-6.5,2.6666176,174.14948,0,9.599823
2020,25.5,-6.25,2.5499308,173.79366,0,9.17975
2020,25.5,-6.0,2.501238,176.26445,0,9.0044565
2020,25.5,-5.75,2.5790608,148.702,0,9.284618
2020,25.5,-5.5,2.6286864,148.71654,0,9.463271
2020,25.5,-5.25,2.6764748,119.35804,0,9.635309
2020,25.5,-5.0,2.7320454,120.51339,0,9.835363
2020,25.5,-4.75,2.786434,121.54977,0,10.031162
2020,25.5,-4.5,2.8488195,122.11025,0,10.25575
2020,25.5,-4.25,2.7951813,121.19705,0,10.062653
2020,25.5,-4.0,2.740905,121.04197,0,9.867258
2020,25.5,-3.75,2.6844141,122.15882,0,9.663891
2020,25.5,-3.5,2.7343063,93.964195,0,9.843503
2020,25.5,-3.25,2.789737,65.85508,0,10.043053
2020,25.5,-3.0,2.7560265,66.356544,0,9.921695
2020,25.5,-2.75,2.6597304,65.55903,0,9.575029
2020,25.5,-2.5,2.5585449,63.88684,0,9.210761
2020,25.5,-2.25,2.4935982,64.09597,0,8.9769535
2020,25.5,-2.0,2.4756625,64.37851,0,8.912385
2020,25.5,-1.75,2.5099618,35.29042,0,9.035862
2020,25.5,-1.5,2.5443842,35.92713,0,9.159783
2020,25.5,-1.25,2.5453694,35.396202,0,9.163329
2020,25.5,-1.0,2.526305,35.06164,0,9.094698
2020,25.5,-0.75,2.5167487,35.231133,0,9.060295
2020,25.5,-0.5,2.5215318,36.045116,0,9.077515
2020,25.5,-0.25,2.5763752,36.26141,0,9.274951
2020,25.5,0.0,2.6557202,36.422787,0,9.560593
2020,25.5,0.25,2.707318,64.21517,0,9.746345
2020,25.5,0.5,2.6916401,59.632313,0,9.689904
2020,25.5,0.75,2.6429825,84.90838,0,9.514737
2020,25.5,1.0,2.5266283,81.36591,0,9.095861
2020,25.5,1.25,2.4529614,81.68508,0,8.830661
2020,25.5,1.5,2.4176893,56.5945,0,8.703681
2020,25.5,1.75,2.5461786,60.719105,0,9.166243
2020,25.5,2.0,2.6590598,64.450294,0,9.572615
2020,25.5,2.25,2.649129,36.194622,0,9.536864
2020,25.5,2.5,2.4825494,65.57277,0,8.937178
2020,25.5,2.75,2.2042587,66.71637,0,7.935331
2020,25.5,3.0,1.898416,69.82455,0,6.8342977
2020,25.5,3.25,1.6259888,72.100105,0,5.8535595
2020,25.5,3.5,1.5845715,76.72012,0,5.7044573
2020,25.5,3.75,1.4809638,71.77332,0,5.3314695
2020,25.5,4.0,1.4919914,106.11979,0,5.371169
2020,25.5,4.25,1.5374008,111.96112,0,5.5346427
2020,25.5,4.5,1.7148862,136.40524,0,6.17359
2020,25.5,4.75,1.7818238,122.67115,0,6.4145656
2020,25.5,5.0,1.7094947,82.58582,0,6.154181
2020,25.5,5.25,1.4337969,61.680683,0,5.161669
2020,25.5,5.5,1.5434707,80.12485,0,5.5564947
2020,25.5,5.75,1.6963938,115.655495,0,6.1070175
2020,25.5,6.0,1.8373162,129.56606,0,6.614338
2020,25.5,6.25,1.8119987,79.00564,0,6.5231953
2020,25.5,6.5,1.9592208,83.69909,0,7.0531945
2020,25.5,6.75,1.8831711,85.11978,0,6.7794156
2020,25.5,7.0,1.7025872,89.670494,0,6.129314
2020,25.5,7.25,1.5305071,97.580894,0,5.509825
2020,25.5,7.5,1.5251112,102.245735,0,5.4904003
2020,25.5,7.75,1.5079545,100.9016,0,5.428636
2020,25.5,8.0,1.533703,132.86922,0,5.5213304
2020,25.5,8.25,1.5497308,105.61884,0,5.5790305
2020,25.5,8.5,1.4978212,108.61459,0,5.392156
2020,25.5,8.75,1.6086978,111.647896,0,5.7913117
2020,25.5,9.0,1.7761534,115.592705,0,6.394152
2020,25.5,9.25,1.7609438,119.33496,0,6.3393974
2020,25.5,9.5,1.6125188,121.076355,0,5.8050675
2020,25.5,9.75,1.5134131,121.546074,0,5.448287
2020,25.5,10.0,1.3843303,125.62595,0,4.9835887
2020,25.5,10.25,1.5094765,81.61668,0,5.4341154
2020,25.5,10.5,1.612326,107.22006,0,5.8043737
2020,25.5,10.75,1.5340365,112.10319,0,5.5225315
2020,25.5,11.0,1.6936723,98.8537,0,6.09722
2020,25.5,11.25,1.9499116,91.58859,0,7.0196815
2020,25.5,11.5,2.1667879,88.42957,0,7.800436
2020,25.5,11.75,2.3276067,93.128654,0,8.379384
2020,25.5,12.0,2.014392,95.210815,0,7.2518106
2020,25.25,-9.0,3.1096706,114.96222,0,11.194814
2020,25.25,-8.75,3.0635364,116.61733,0,11.02873
2020,25.25,-8.5,2.9719172,117.45513,0,10.698901
2020,25.25,-8.25,2.8441448,117.45046,0,10.238921
2020,25.25,-8.0,2.7555144,116.88922,0,9.919851
2020,25.25,-7.75,2.651552,116.061646,0,9.545587
2020,25.25,-7.5,2.6543243,115.66422,0,9.555567
2020,25.25,-7.25,2.6988056,116.37137,0,9.7157
2020,25.25,-7.0,2.7734995,116.85531,0,9.984598
2020,25.25,-6.75,2.7747877,116.51709,0,9.989235
2020,25.25,-6.5,2.7650948,146.71237,0,9.954341
2020,25.25,-6.25,2.6765,147.0868,0,9.6354
2020,25.25,-6.0,2.647762,148.28772,0,9.531943
2020,25.25,-5.75,2.6803064,148.55656,0,9.649103
2020,25.25,-5.5,2.7099628,148.63759,0,9.755866
2020,25.25,-5.25,2.693474,119.64692,0,9.6965065
2020,25.25,-5.0,2.7414427,121.04595,0,9.869193
2020,25.25,-4.75,2.7876463,122.98046,0,10.035526
2020,25.25,-4.5,2.850345,123.89401,0,10.261241
2020,25.25,-4.25,2.8169024,123.28727,0,10.140848
2020,25.25,-4.0,2.7172654,92.69791,0,9.782155
2020,25.25,-3.75,2.6463835,93.72117,0,9.52698
2020,25.25,-3.5,2.5693948,95.221245,0,9.249821
2020,25.25,-3.25,2.5812423,97.25055,0,9.292472
2020,25.25,-3.0,2.5934515,68.96099,0,9.336425
2020,25.25,-2.75,2.603899,67.8526,0,9.374036
2020,25.25,-2.5,2.5345232,95.889046,0,9.124284
2020,25.25,-2.25,2.5176127,93.96439,0,9.063405
2020,25.25,-2.0,2.5072799,93.68391,0,9.026207
2020,25.25,-1.75,2.517907,34.077988,0,9.064465
2020,25.25,-1.5,2.5420446,34.876865,0,9.1513605
2020,25.25,-1.25,2.5489318,34.5901,0,9.176154
2020,25.25,-1.0,2.554382,34.877148,0,9.195775
2020,25.25,-0.75,2.5486202,34.92241,0,9.175033
2020,25.25,-0.5,2.5783513,34.884636,0,9.282064
2020,25.25,-0.25,2.6291459,35.348587,0,9.464925
2020,25.25,0.0,2.668685,34.52346,0,9.607265
2020,25.25,0.25,2.7114604,62.836914,0,9.761257
2020,25.25,0.5,2.7036297,59.02892,0,9.733067
2020,25.25,0.75,2.639403,55.683613,0,9.501851
2020,25.25,1.0,2.5206316,52.363403,0,9.074273
2020,25.25,1.25,2.3155556,80.36489,0,8.3359995
2020,25.25,1.5,2.1846426,83.343666,0,7.864713
2020,25.25,1.75,2.1706266,84.488594,0,7.8142557
2020,25.25,2.0,2.1621578,86.78507,0,7.7837677
2020,25.25,2.25,2.1570766,59.949177,0,7.7654757
2020,25.25,2.5,2.031687,65.27227,0,7.314073
2020,25.25,2.75,1.7518625,67.42731,0,6.306705
2020,25.25,3.0,1.4813501,99.96741,0,5.33286
2020,25.25,3.25,1.4236492,105.65853,0,5.125137
2020,25.25,3.5,1.4265604,81.66524,0,5.1356173
2020,25.25,3.75,1.5562285,83.62059,0,5.6024227
2020,25.25,4.0,1.615137,113.822105,0,5.814493
2020,25.25,4.25,1.963734,79.1217,0,7.0694423
2020,25.25,4.5,2.0932,101.90148,0,7.5355196
2020,25.25,4.75,2.1286647,61.545452,0,7.6631927
2020,25.25,5.0,1.8152496,63.35301,0,6.5348983
2020,25.25,5.25,1.5649611,71.74173,0,5.6338596
2020,25.25,5.5,1.2729117,115.26422,0,4.582482
2020,25.25,5.75,1.4818784,112.33175,0,5.334762
2020,25.25,6.0,1.8230585,135.7389,0,6.56301
2020,25.25,6.25,1.8385315,134.55867,0,6.6187134
2020,25.25,6.5,1.9479884,84.37994,0,7.0127583
2020,25.25,6.75,2.038337,87.22538,0,7.338013
2020,25.25,7.0,1.8726712,90.784096,0,6.7416162
2020,25.25,7.25,1.676397,91.55555,0,6.035029
2020,25.25,7.5,1.6029135,107.78387,0,5.7704883
2020,25.25,7.75,1.582179,101.34342,0,5.695844
2020,25.25,8.0,1.6996785,130.50645,0,6.1188426
2020,25.25,8.25,1.6915199,132.06146,0,6.0894713
2020,25.25,8.5,1.606682,100.85847,0,5.7840548
2020,25.25,8.75,1.6854905,100.87199,0,6.0677657
2020,25.25,9.0,1.979033,107.14828,0,7.1245184
2020,25.25,9.25,1.9584521,112.47381,0,7.0504274
2020,25.25,9.5,1.78713,113.22736,0,6.4336677
2020,25.25,9.75,1.355625,120.42893,0,4.88025
2020,25.25,10.0,1.1373993,119.6771,0,4.0946374
2020,25.25,10.25,1.2568394,104.95709,0,4.5246215
2020,25.25,10.5,1.6402036,104.08319,0,5.9047327
2020,25.25,10.75,1.5144382,112.04209,0,5.4519773
2020,25.25,11.0,1.677402,93.24613,0,6.038647
2020,25.25,11.25,2.0003986,87.55648,0,7.201435
2020,25.25,11.5,2.3652651,87.41919,0,8.514955
2020,25.25,11.75,2.4687784,90.26388,0,8.887602
2020,25.25,12.0,2.1149619,90.30762,0,7.6138625
2020,25.0,-9.0,3.1504555,115.95792,0,11.3416395
2020,25.0,-8.75,3.1124704,118.08527,0,11.204893
2020,25.0,-8.5,3.0869935,120.01395,0,11.113176
2020,25.0,-8.25,2.960838,120.11741,0,10.659017
2020,25.0,-8.0,2.847986,119.56305,0,10.252749
2020,25.0,-7.75,2.7390683,118.579124,0,9.860645
2020,25.0,-7.5,2.6527786,117.046104,0,9.550003
2020,25.0,-7.25,2.6476228,117.51995,0,9.531442
2020,25.0,-7.0,2.7075531,117.86249,0,9.747191
2020,25.0,-6.75,2.7245257,118.468956,0,9.808292
2020,25.0,-6.5,2.7158215,148.72969,0,9.7769575
2020,25.0,-6.25,2.7887967,149.5915,0,10.039668
2020,25.0,-6.0,2.801615,149.65198,0,10.0858135
2020,25.0,-5.75,2.7918084,148.9061,0,10.050509
2020,25.0,-5.5,2.7383893,119.35907,0,9.858201
2020,25.0,-5.25,2.7240403,120.456184,0,9.806544
2020,25.0,-5.0,2.666445,122.89446,0,9.599202
2020,25.0,-4.75,2.6869552,94.90427,0,9.6730385
2020,25.0,-4.5,2.6837385,96.236275,0,9.661458
2020,25.0,-4.25,2.667003,96.07119,0,9.601211
2020,25.0,-4.0,2.585029,95.53532,0,9.306104
2020,25.0,-3.75,2.5574126,95.576935,0,9.206685
2020,25.0,-3.5,2.4872956,97.00696,0,8.954264
2020,25.0,-3.25,2.461331,97.53823,0,8.860791
2020,25.0,-3.0,2.4734027,98.4264,0,8.904249
2020,25.0,-2.75,2.5122473,97.30764,0,9.04409
2020,25.0,-2.5,2.537502,95.63177,0,9.135007
2020,25.0,-2.25,2.5228727,93.46051,0,9.082341
2020,25.0,-2.0,2.5195587,62.62767,0,9.070411
2020,25.0,-1.75,2.5233874,62.818592,0,9.084194
2020,25.0,-1.5,2.5327885,33.860188,0,9.118038
2020,25.0,-1.25,2.5362113,33.73136,0,9.130361
2020,25.0,-1.0,2.5477355,34.048214,0,9.171847
2020,25.0,-0.75,2.5717416,34.18468,0,9.258269
2020,25.0,-0.5,2.6016955,34.256218,0,9.366104
2020,25.0,-0.25,2.6277914,34.295277,0,9.460049
2020,25.0,0.0,2.6536863,63.13332,0,9.55327
2020,25.0,0.25,2.6840928,61.820526,0,9.662734
2020,25.0,0.5,2.6680849,59.40556,0,9.605105
2020,25.0,0.75,2.6043751,56.139065,0,9.375751
2020,25.0,1.0,2.4923334,54.826065,0,8.9724
2020,25.0,1.25,2.295293,83.38783,0,8.263055
2020,25.0,1.5,2.1083434,83.638145,0,7.590036
2020,25.0,1.75,1.8942924,109.354675,0,6.8194523
2020,25.0,2.0,1.828436,110.31796,0,6.5823693
2020,25.0,2.25,1.6392359,114.09515,0,5.901249
2020,25.0,2.5,1.4934114,90.4349,0,5.376281
2020,25.0,2.75,1.3017372,96.12836,0,4.6862535
2020,25.0,3.0,1.1520449,104.97074,0,4.1473613
2020,25.0,3.25,1.2091684,111.31073,0,4.3530064
2020,25.0,3.5,1.4424537,86.04044,0,5.1928334
2020,25.0,3.75,1.5936915,86.07343,0,5.737289
2020,25.0,4.0,1.9519863,86.109535,0,7.0271506
2020,25.0,4.25,2.3210561,80.022385,0,8.355802
2020,25.0,4.5,2.373595,70.27181,0,8.544942
2020,25.0,4.75,2.2164397,63.898926,0,7.9791827
2020,25.0,5.0,1.9338678,66.56526,0,6.961924
2020,25.0,5.25,1.326737,103.70548,0,4.776253
2020,25.0,5.5,1.0708145,125.04652,0,3.854932
2020,25.0,5.75,1.1978165,136.85735,0,4.312139
2020,25.0,6.0,1.6176506,109.554085,0,5.823542
2020,25.0,6.25,1.725443,134.55058,0,6.2115946
2020,25.0,6.5,1.8244978,114.87168,0,6.568192
2020,25.0,6.75,1.922134,91.443214,0,6.9196825
2020,25.0,7.0,2.0403001,95.41822,0,7.3450804
2020,25.0,7.25,1.8923963,96.63513,0,6.812627
2020,25.0,7.5,1.7469077,93.97996,0,6.2888675
2020,25.0,7.75,1.6601142,91.01786,0,5.976411
2020,25.0,8.0,1.6823863,140.0143,0,6.0565906
2020,25.0,8.25,1.583694,100.298,0,5.701298
2020,25.0,8.5,1.5191382,100.63693,0,5.4688973
2020,25.0,8.75,1.6231083,81.06351,0,5.8431897
2020,25.0,9.0,1.8908285,103.17468,0,6.8069825
2020,25.0,9.25,1.9301473,102.32382,0,6.94853
2020,25.0,9.5,1.9428946,108.68225,0,6.9944205
2020,25.0,9.75,1.4823328,135.81435,0,5.336398
2020,25.0,10.0,0.9460011,142.69843,0,3.405604
2020,25.0,10.25,0.91840553,97.68343,0,3.3062599
2020,25.0,10.5,1.5819426,95.85218,0,5.694993
2020,25.0,10.75,1.5809265,110.743355,0,5.691335
2020,25.0,11.0,1.670199,82.878265,0,6.0127163
2020,25.0,11.25,2.1362245,88.92374,0,7.690408
2020,25.0,11.5,2.5139847,89.273125,0,9.050344
2020,25.0,11.75,2.5588825,90.95588,0,9.211977
2020,25.0,12.0,2.1992586,89.1542,0,7.9173307
2020,24.75,-9.0,3.165025,116.815125,0,11.39409
2020,24.75,-8.75,3.115363,119.61408,0,11.215306
2020,24.75,-8.5,3.1022158,121.7786,0,11.167976
2020,24.75,-8.25,3.084605,123.10317,0,11.104578
2020,24.75,-8.0,2.9685748,122.65391,0,10.686869
2020,24.75,-7.75,2.8721578,120.85201,0,10.339767
2020,24.75,-7.5,2.7534037,119.21328,0,9.912253
2020,24.75,-7.25,2.7141435,119.49168,0,9.770916
2020,24.75,-7.0,2.6942003,149.2744,0,9.6991205
2020,24.75,-6.75,2.7125165,149.88109,0,9.765059
2020,24.75,-6.5,2.7526608,150.80888,0,9.909578
2020,24.75,-6.25,2.8453057,151.64272,0,10.2431
2020,24.75,-6.0,2.8494196,150.69576,0,10.257911
2020,24.75,-5.75,2.7447376,149.8584,0,9.881055
2020,24.75,-5.5,2.6777132,90.834984,0,9.639767
2020,24.75,-5.25,2.6082146,93.83768,0,9.389572
2020,24.75,-5.0,2.5598738,96.39831,0,9.215546
2020,24.75,-4.75,2.525502,97.6744,0,9.091806
2020,24.75,-4.5,2.5029042,98.51547,0,9.010455
2020,24.75,-4.25,2.4923022,97.99819,0,8.972287
2020,24.75,-4.0,2.4833205,97.476654,0,8.939954
2020,24.75,-3.75,2.4554443,97.51392,0,8.8396
2020,24.75,-3.5,2.4928477,97.39866,0,8.974252
2020,24.75,-3.25,2.4768727,97.37031,0,8.916741
2020,24.75,-3.0,2.5011427,96.39014,0,9.004113
2020,24.75,-2.75,2.5393996,95.35166,0,9.141838
2020,24.75,-2.5,2.5733454,93.68691,0,9.264043
2020,24.75,-2.25,2.557676,93.08154,0,9.207634
2020,24.75,-2.0,2.556201,62.055058,0,9.202323
2020,24.75,-1.75,2.5251725,62.373775,0,9.090621
2020,24.75,-1.5,2.526033,63.37038,0,9.093719
2020,24.75,-1.25,2.5193224,63.225254,0,9.06956
2020,24.75,-1.0,2.537591,33.710056,0,9.135327
2020,24.75,-0.75,2.5617259,33.887146,0,9.222213
2020,24.75,-0.5,2.5815442,33.525482,0,9.293559
2020,24.75,-0.25,2.604111,33.444427,0,9.374799
2020,24.75,0.0,2.6094987,62.124683,0,9.394196
2020,24.75,0.25,2.60749,60.983578,0,9.386964
2020,24.75,0.5,2.5904124,58.788883,0,9.325484
2020,24.75,0.75,2.5224102,57.986073,0,9.080676
2020,24.75,1.0,2.408579,56.75879,0,8.670884
2020,24.75,1.25,2.2526844,56.198315,0,8.109663
2020,24.75,1.5,2.084668,85.96445,0,7.504804
2020,24.75,1.75,1.8552252,111.51066,0,6.6788106
2020,24.75,2.0,1.6761017,108.1817,0,6.033966
2020,24.75,2.25,1.4852616,112.05805,0,5.3469415
2020,24.75,2.5,1.215859,115.92182,0,4.3770924
2020,24.75,2.75,1.0443332,115.92152,0,3.7595994
2020,24.75,3.0,0.9797413,111.79124,0,3.5270686
2020,24.75,3.25,1.0234646,143.48463,0,3.6844723
2020,24.75,3.5,1.2867193,116.90155,0,4.6321893
2020,24.75,3.75,1.7046589,70.34501,0,6.1367717
2020,24.75,4.0,2.0734904,57.893787,0,7.4645653
2020,24.75,4.25,2.2948773,51.744213,0,8.261558
2020,24.75,4.5,2.3052156,70.597015,0,8.298776
2020,24.75,4.75,2.0520058,64.328865,0,7.3872204
2020,24.75,5.0,1.7138444,70.681274,0,6.16984
2020,24.75,5.25,1.1442147,111.29276,0,4.119173
2020,24.75,5.5,0.8929405,118.29782,0,3.2145858
2020,24.75,5.75,0.946326,121.24463,0,3.4067736
2020,24.75,6.0,1.2741765,117.28495,0,4.587035
2020,24.75,6.25,1.6228952,130.17499,0,5.8424225
2020,24.75,6.5,1.6848837,137.44812,0,6.0655813
2020,24.75,6.75,1.8744341,128.58339,0,6.7479625
2020,24.75,7.0,2.004367,131.3218,0,7.2157216
2020,24.75,7.25,2.003071,130.99092,0,7.2110558
2020,24.75,7.5,1.8507334,98.76999,0,6.66264
2020,24.75,7.75,1.778618,97.604836,0,6.4030247
2020,24.75,8.0,1.638,117.565125,0,5.8968
2020,24.75,8.25,1.5431391,106.32273,0,5.5553007
2020,24.75,8.5,1.5583591,105.648415,0,5.6100926
2020,24.75,8.75,1.7017179,86.71588,0,6.126184
2020,24.75,9.0,1.9263946,88.54483,0,6.9350204
2020,24.75,9.25,1.9115424,82.19286,0,6.8815527
2020,24.75,9.5,1.8654747,106.20215,0,6.7157087
2020,24.75,9.75,1.8176465,122.60836,0,6.543527
2020,24.75,10.0,1.251949,125.10168,0,4.507016
2020,24.75,10.25,0.813755,82.55535,0,2.9295177
2020,24.75,10.5,1.4323606,85.6452,0,5.1564984
2020,24.75,10.75,1.6300122,104.79426,0,5.8680434
2020,24.75,11.0,1.5853148,82.11246,0,5.707133
2020,24.75,11.25,2.0315433,86.79917,0,7.3135557
2020,24.75,11.5,2.5761302,90.4505,0,9.274068
2020,24.75,11.75,2.6565793,92.004295,0,9.563685
2020,24.75,12.0,2.2753599,88.39936,0,8.191296
2020,24.5,-9.0,3.163865,118.061424,0,11.389914
2020,24.5,-8.75,3.1104681,121.0619,0,11.197685
2020,24.5,-8.5,3.091586,93.83282,0,11.129709
2020,24.5,-8.25,3.083768,95.19373,0,11.101564
2020,24.5,-8.0,3.0590916,94.53381,0,11.01273
2020,24.5,-7.75,2.9769876,92.68006,0,10.717155
2020,24.5,-7.5,2.897705,91.37376,0,10.431738
2020,24.5,-7.25,2.8701808,121.322716,0,10.332651
2020,24.5,-7.0,2.8342314,121.05843,0,10.203233
2020,24.5,-6.75,2.817053,121.62417,0,10.141391
2020,24.5,-6.5,2.858153,92.54391,0,10.2893505
2020,24.5,-6.25,2.8497527,93.16862,0,10.2591095
2020,24.5,-6.0,2.7970743,92.43479,0,10.069468
2020,24.5,-5.75,2.635139,92.449425,0,9.4865
2020,24.5,-5.5,2.504281,95.1409,0,9.015411
2020,24.5,-5.25,2.4505172,98.375496,0,8.821861
2020,24.5,-5.0,2.4661965,99.499115,0,8.878307
2020,24.5,-4.75,2.4416142,100.50042,0,8.789811
2020,24.5,-4.5,2.4461145,99.47904,0,8.806012
2020,24.5,-4.25,2.4457467,98.12104,0,8.8046875
2020,24.5,-4.0,2.4552028,97.65731,0,8.83873
2020,24.5,-3.75,2.4923737,97.75436,0,8.972545
2020,24.5,-3.5,2.5399094,97.48524,0,9.143674
2020,24.5,-3.25,2.5565636,96.08878,0,9.203629
2020,24.5,-3.0,2.593717,94.45999,0,9.337381
2020,24.5,-2.75,2.6229875,93.54333,0,9.442755
2020,24.5,-2.5,2.6363041,92.90977,0,9.490695
2020,24.5,-2.25,2.6206264,62.237064,0,9.434255
2020,24.5,-2.0,2.5733712,62.514843,0,9.264136
2020,24.5,-1.75,2.5340953,62.848003,0,9.122743
2020,24.5,-1.5,2.5134819,63.493362,0,9.048534
2020,24.5,-1.25,2.5030677,63.29369,0,9.011044
2020,24.5,-1.0,2.5216086,33.78018,0,9.07779
2020,24.5,-0.75,2.5248463,33.581707,0,9.089446
2020,24.5,-0.5,2.544904,33.23935,0,9.161654
2020,24.5,-0.25,2.5509617,32.650906,0,9.183462
2020,24.5,0.0,2.5421102,61.436646,0,9.151596
2020,24.5,0.25,2.522343,60.14265,0,9.080434
2020,24.5,0.5,2.4691393,58.912384,0,8.888902
2020,24.5,0.75,2.399872,58.211155,0,8.639539
2020,24.5,1.0,2.2844946,58.57097,0,8.22418
2020,24.5,1.25,2.1296864,58.52828,0,7.6668706
2020,24.5,1.5,1.9899874,88.71155,0,7.1639543
2020,24.5,1.75,1.8814836,87.18453,0,6.7733407
2020,24.5,2.0,1.6898909,114.80859,0,6.0836067
2020,24.5,2.25,1.4686044,116.63958,0,5.286976
2020,24.5,2.5,1.2020907,121.901,0,4.3275266
2020,24.5,2.75,1.0388702,122.1904,0,3.7399328
2020,24.5,3.0,0.9257949,114.72828,0,3.3328617
2020,24.5,3.25,0.9004763,142.90236,0,3.2417145
2020,24.5,3.5,1.1968291,108.66923,0,4.3085847
2020,24.5,3.75,1.6222324,82.08371,0,5.8400364
2020,24.5,4.0,1.8495947,55.692795,0,6.6585407
2020,24.5,4.25,2.009496,49.464233,0,7.234185
2020,24.5,4.5,1.9782821,71.501045,0,7.121815
2020,24.5,4.75,1.7684933,68.671265,0,6.3665757
2020,24.5,5.0,1.4832096,76.39964,0,5.3395543
2020,24.5,5.25,1.2910281,108.200356,0,4.6477013
2020,24.5,5.5,1.0769242,115.24642,0,3.8769271
2020,24.5,5.75,0.9095728,108.83145,0,3.274462
2020,24.5,6.0,1.1248748,144.3835,0,4.049549
2020,24.5,6.25,1.5215464,122.91537,0,5.4775667
2020,24.5,6.5,1.5177168,135.21725,0,5.4637804
2020,24.5,6.75,1.7110981,136.37326,0,6.159953
2020,24.5,7.0,1.9300605,140.39317,0,6.948218
2020,24.5,7.25,1.9841818,149.70314,0,7.143054
2020,24.5,7.5,1.8230349,154.5514,0,6.5629253
2020,24.5,7.75,1.7822968,127.26681,0,6.4162683
2020,24.5,8.0,1.6242763,118.06167,0,5.8473945
2020,24.5,8.25,1.5958842,111.96804,0,5.745183
2020,24.5,8.5,1.6131144,82.17211,0,5.8072114
2020,24.5,8.75,1.7393738,60.051407,0,6.2617455
2020,24.5,9.0,1.9606643,61.56352,0,7.058391
2020,24.5,9.25,1.9536942,59.932083,0,7.033299
2020,24.5,9.5,1.8811084,83.10592,0,6.7719903
2020,24.5,9.75,1.738379,100.81504,0,6.2581644
2020,24.5,10.0,1.8205442,116.757225,0,6.553959
2020,24.5,10.25,1.3132175,89.06793,0,4.727583
2020,24.5,10.5,1.4161428,72.93054,0,5.098114
2020,24.5,10.75,1.7197386,101.91712,0,6.1910586
2020,24.5,11.0,1.6532116,81.30526,0,5.9515615
2020,24.5,11.25,1.8995441,81.47883,0,6.838359
2020,24.5,11.5,2.4272947,86.434875,0,8.738261
2020,24.5,11.75,2.7149098,89.37383,0,9.773675
2020,24.5,12.0,2.3033788,85.54135,0,8.292164
2020,24.25,-9.0,3.146743,89.52869,0,11.328275
2020,24.25,-8.75,3.122687,92.71755,0,11.241673
2020,24.25,-8.5,3.0946941,95.53205,0,11.140899
2020,24.25,-8.25,3.0746918,96.46079,0,11.06889
2020,24.25,-8.0,3.0490952,95.71468,0,10.976742
2020,24.25,-7.75,3.0170612,93.95371,0,10.86142
2020,24.25,-7.5,2.9909246,92.77936,0,10.767328
2020,24.25,-7.25,2.9998891,92.60885,0,10.799601
2020,24.25,-7.0,2.9658155,92.95426,0,10.676936
2020,24.25,-6.75,2.93839,93.55261,0,10.578204
2020,24.25,-6.5,2.8947408,94.54797,0,10.421066
2020,24.25,-6.25,2.8431456,95.28539,0,10.235324
2020,24.25,-6.0,2.7484207,95.680275,0,9.894315
2020,24.25,-5.75,2.5914001,96.69631,0,9.329041
2020,24.25,-5.5,2.4733832,99.39468,0,8.90418
2020,24.25,-5.25,2.475739,100.5505,0,8.912661
2020,24.25,-5.0,2.4984334,101.41204,0,8.99436
2020,24.25,-4.75,2.5303392,100.668976,0,9.109221
2020,24.25,-4.5,2.5560236,98.75726,0,9.201685
2020,24.25,-4.25,2.5560768,97.525604,0,9.201876
2020,24.25,-4.0,2.5733373,97.81316,0,9.264014
2020,24.25,-3.75,2.6080334,97.731316,0,9.38892
2020,24.25,-3.5,2.5945652,96.73931,0,9.340434
2020,24.25,-3.25,2.6024115,94.92871,0,9.368681
2020,24.25,-3.0,2.606546,93.42159,0,9.383565
2020,24.25,-2.75,2.6266625,92.53959,0,9.455985
2020,24.25,-2.5,2.6440067,92.113464,0,9.518424
2020,24.25,-2.25,2.6554055,63.395855,0,9.55946
2020,24.25,-2.0,2.6096783,64.008736,0,9.394841
2020,24.25,-1.75,2.530151,63.60689,0,9.108543
2020,24.25,-1.5,2.4853451,63.70619,0,8.947242
2020,24.25,-1.25,2.4877052,63.40183,0,8.955739
2020,24.25,-1.0,2.4845402,63.061558,0,8.9443445
2020,24.25,-0.75,2.4823291,62.91376,0,8.936384
2020,24.25,-0.5,2.4821422,62.640636,0,8.935712
2020,24.25,-0.25,2.4876587,62.07475,0,8.955571
2020,24.25,0.0,2.468791,61.10877,0,8.887648
2020,24.25,0.25,2.4341397,59.821686,0,8.762903
2020,24.25,0.5,2.3565083,58.994366,0,8.48343
2020,24.25,0.75,2.247288,58.822437,0,8.090237
2020,24.25,1.0,2.1299384,59.387802,0,7.667778
2020,24.25,1.25,2.0141819,60.98879,0,7.2510543
2020,24.25,1.5,1.8550497,91.973656,0,6.678179
2020,24.25,1.75,1.7790809,92.07493,0,6.4046907
2020,24.25,2.0,1.6808596,93.59186,0,6.051094
2020,24.25,2.25,1.4795966,97.094025,0,5.3265476
2020,24.25,2.5,1.3309605,101.44568,0,4.7914577
2020,24.25,2.75,1.1862694,104.45453,0,4.27057
2020,24.25,3.0,1.0342674,101.54801,0,3.7233627
2020,24.25,3.25,1.0135201,96.665565,0,3.6486723
2020,24.25,3.5,1.3163902,101.630615,0,4.7390046
2020,24.25,3.75,1.5041442,73.06252,0,5.414919
2020,24.25,4.0,1.6942219,74.67919,0,6.0991983
2020,24.25,4.25,1.7045213,76.80819,0,6.1362767
2020,24.25,4.5,1.6834526,71.49022,0,6.060429
2020,24.25,4.75,1.6604648,76.08524,0,5.977673
2020,24.25,5.0,1.6842006,79.733826,0,6.0631223
2020,24.25,5.25,1.4893712,110.18609,0,5.3617363
2020,24.25,5.5,1.3371905,119.508545,0,4.8138857
2020,24.25,5.75,1.162759,114.07665,0,4.185932
2020,24.25,6.0,1.2028745,144.45229,0,4.330348
2020,24.25,6.25,1.3518167,149.82204,0,4.86654
2020,24.25,6.5,1.3966932,140.40997,0,5.0280957
2020,24.25,6.75,1.5143117,142.89635,0,5.451522
2020,24.25,7.0,1.7285557,146.14223,0,6.2228003
2020,24.25,7.25,1.8674694,148.8999,0,6.72289
2020,24.25,7.5,1.7204257,149.73648,0,6.1935325
2020,24.25,7.75,1.6816635,149.159,0,6.0539885
2020,24.25,8.0,1.6658111,119.67362,0,5.9969196
2020,24.25,8.25,1.5647073,117.02362,0,5.632946
2020,24.25,8.5,1.4812169,114.57621,0,5.332381
2020,24.25,8.75,1.5477486,89.21928,0,5.5718946
2020,24.25,9.0,1.7592181,91.549355,0,6.333185
2020,24.25,9.25,1.8684496,62.204662,0,6.7264185
2020,24.25,9.5,1.844468,61.433308,0,6.6400847
2020,24.25,9.75,2.1000302,82.008934,0,7.5601087
2020,24.25,10.0,2.1741712,98.735054,0,7.8270164
2020,24.25,10.25,2.0997548,88.96322,0,7.5591173
2020,24.25,10.5,1.8221377,94.96818,0,6.5596957
2020,24.25,10.75,1.9346179,99.5314,0,6.9646244
2020,24.25,11.0,1.6946467,96.19814,0,6.100728
2020,24.25,11.25,1.860064,75.75335,0,6.6962304
2020,24.25,11.5,2.3423212,77.72665,0,8.432356
2020,24.25,11.75,2.684008,80.611374,0,9.662428
2020,24.25,12.0,2.3199136,75.567535,0,8.351688
2020,24.0,-9.0,3.1145775,90.78284,0,11.212479
2020,24.0,-8.75,3.1006603,94.26565,0,11.162376
2020,24.0,-8.5,3.1040332,97.04162,0,11.17452
2020,24.0,-8.25,3.0815794,97.79665,0,11.093686
2020,24.0,-8.0,3.03877,96.738914,0,10.939571
2020,24.0,-7.75,2.9969447,94.96787,0,10.7890005
2020,24.0,-7.5,2.9825804,94.02407,0,10.737289
2020,24.0,-7.25,2.9809554,94.912476,0,10.731439
2020,24.0,-7.0,2.941209,95.86008,0,10.588352
2020,24.0,-6.75,2.8878508,96.84702,0,10.396262
2020,24.0,-6.5,2.8314283,97.97401,0,10.193142
2020,24.0,-6.25,2.7830486,98.80447,0,10.018975
2020,24.0,-6.0,2.713527,99.60214,0,9.768697
2020,24.0,-5.75,2.6251752,100.27542,0,9.45063
2020,24.0,-5.5,2.6203477,100.31681,0,9.433251
2020,24.0,-5.25,2.651325,100.446754,0,9.544769
2020,24.0,-5.0,2.7084873,100.161194,0,9.750554
2020,24.0,-4.75,2.764409,99.217384,0,9.951873
2020,24.0,-4.5,2.7729483,98.037476,0,9.982614
2020,24.0,-4.25,2.7275991,97.46085,0,9.819357
2020,24.0,-4.0,2.7305286,97.74994,0,9.829903
2020,24.0,-3.75,2.7163322,97.61685,0,9.778795
2020,24.0,-3.5,2.6745942,96.59103,0,9.628539
2020,24.0,-3.25,2.6039832,94.89624,0,9.374339
2020,24.0,-3.0,2.5661554,93.37378,0,9.238159
2020,24.0,-2.75,2.5689356,91.50889,0,9.248168
2020,24.0,-2.5,2.5565557,90.84901,0,9.203601
2020,24.0,-2.25,2.599139,63.05038,0,9.3569
2020,24.0,-2.0,2.6397734,66.24965,0,9.503184
2020,24.0,-1.75,2.566251,66.35943,0,9.238503
2020,24.0,-1.5,2.435723,63.97601,0,8.768602
2020,24.0,-1.25,2.442877,63.59672,0,8.794357
2020,24.0,-1.0,2.4460254,63.13927,0,8.805691
2020,24.0,-0.75,2.441792,62.903484,0,8.790451
2020,24.0,-0.5,2.4370823,32.554955,0,8.773496
2020,24.0,-0.25,2.4205563,62.01695,0,8.714003
2020,24.0,0.0,2.3807716,61.32066,0,8.570778
2020,24.0,0.25,2.3312705,60.330708,0,8.392573
2020,24.0,0.5,2.2360823,60.01744,0,8.049896
2020,24.0,0.75,2.1212149,60.13335,0,7.6363735
2020,24.0,1.0,2.006177,61.271038,0,7.2222366
2020,24.0,1.25,1.9069772,63.68314,0,6.8651175
2020,24.0,1.5,1.8055024,65.1351,0,6.4998083
2020,24.0,1.75,1.7215667,96.75761,0,6.19764
2020,24.0,2.0,1.6381181,99.49713,0,5.8972254
2020,24.0,2.25,1.5473367,103.365944,0,5.570412
2020,24.0,2.5,1.4772414,107.10476,0,5.318069
2020,24.0,2.75,1.4226702,109.254585,0,5.1216125
2020,24.0,3.0,1.3200501,107.81905,0,4.75218
2020,24.0,3.25,1.3205943,103.204124,0,4.7541394
2020,24.0,3.5,1.4159144,72.168976,0,5.097292
2020,24.0,3.75,1.4678035,72.51571,0,5.2840924
2020,24.0,4.0,1.4663061,102.58694,0,5.278702
2020,24.0,4.25,1.4536344,102.576775,0,5.2330837
2020,24.0,4.5,1.4248999,107.95868,0,5.1296396
2020,24.0,4.75,1.529348,110.94131,0,5.505653
2020,24.0,5.0,1.6528773,83.225655,0,5.9503584
2020,24.0,5.25,1.6375755,113.11633,0,5.895272
2020,24.0,5.5,1.5284168,128.05182,0,5.5023003
2020,24.0,5.75,1.4925832,124.63221,0,5.373299
2020,24.0,6.0,1.4135184,130.67755,0,5.0886664
2020,24.0,6.25,1.3998913,144.83226,0,5.0396085
2020,24.0,6.5,1.4130615,152.02774,0,5.0870214
2020,24.0,6.75,1.4901247,153.63872,0,5.364449
2020,24.0,7.0,1.5235928,151.17133,0,5.484934
2020,24.0,7.25,1.5820612,148.03465,0,5.6954203
2020,24.0,7.5,1.5880938,142.53743,0,5.7171373
2020,24.0,7.75,1.7775831,144.78935,0,6.399299
2020,24.0,8.0,1.7223854,147.52931,0,6.2005873
2020,24.0,8.25,1.4915715,117.950134,0,5.3696575
2020,24.0,8.5,1.3158501,114.40329,0,4.7370605
2020,24.0,8.75,1.3771138,117.88018,0,4.9576097
2020,24.0,9.0,1.6121812,95.24319,0,5.803852
2020,24.0,9.25,1.7904259,65.02615,0,6.4455333
2020,24.0,9.5,2.0763261,67.24016,0,7.474774
2020,24.0,9.75,2.4820106,61.825577,0,8.935238
2020,24.0,10.0,2.9024935,52.835144,0,10.4489765
2020,24.0,10.25,3.004483,102.9529,0,10.816138
2020,24.0,10.5,2.547705,75.91067,0,9.171738
2020,24.0,10.75,2.2577012,75.26847,0,8.127724
2020,24.0,11.0,1.9221635,99.198235,0,6.9197884
2020,24.0,11.25,1.7405739,67.95339,0,6.2660656
2020,24.0,11.5,2.1297543,71.24268,0,7.667115
2020,24.0,11.75,2.7131813,68.7999,0,9.767452
2020,24.0,12.0,2.6301246,59.317963,0,9.468449
2020,23.75,-9.0,3.0655642,92.208984,0,11.036031
2020,23.75,-8.75,3.0561993,95.89551,0,11.002317
2020,23.75,-8.5,3.0804214,98.4338,0,11.089517
2020,23.75,-8.25,3.0854113,98.88949,0,11.10748
2020,23.75,-8.0,3.0536406,97.81916,0,10.993106
2020,23.75,-7.75,2.99384,96.56094,0,10.777823
2020,23.75,-7.5,2.9279947,96.88538,0,10.540781
2020,23.75,-7.25,2.8749354,99.08436,0,10.349767
2020,23.75,-7.0,2.8142884,100.40335,0,10.131438
2020,23.75,-6.75,2.7626474,101.057365,0,9.94553
2020,23.75,-6.5,2.7284062,101.43845,0,9.822262
2020,23.75,-6.25,2.71754,101.742035,0,9.783144
2020,23.75,-6.0,2.7332697,101.586784,0,9.83977
2020,23.75,-5.75,2.749445,100.54714,0,9.898002
2020,23.75,-5.5,2.7801616,99.3216,0,10.008581
2020,23.75,-5.25,2.82351,98.715,0,10.164636
2020,23.75,-5.0,2.8777914,98.61667,0,10.360049
2020,23.75,-4.75,2.9268768,98.60279,0,10.5367565
2020,23.75,-4.5,2.928394,98.38022,0,10.542218
2020,23.75,-4.25,2.8975308,97.81715,0,10.43111
2020,23.75,-4.0,2.8878639,98.00284,0,10.39631
2020,23.75,-3.75,2.867297,98.2221,0,10.3222685
2020,23.75,-3.5,2.8087063,97.71203,0,10.111342
2020,23.75,-3.25,2.7034485,95.98293,0,9.732414
2020,23.75,-3.0,2.5826395,93.31769,0,9.297502
2020,23.75,-2.75,2.4873035,89.93534,0,8.954292
2020,23.75,-2.5,2.398681,88.84329,0,8.635251
2020,23.75,-2.25,2.4289572,63.05655,0,8.744246
2020,23.75,-2.0,2.542592,38.59256,0,9.153331
2020,23.75,-1.75,2.5834699,39.60039,0,9.300491
2020,23.75,-1.5,2.4480522,64.4279,0,8.812987
2020,23.75,-1.25,2.4164422,63.603046,0,8.699191
2020,23.75,-1.0,2.4140818,63.218403,0,8.690694
2020,23.75,-0.75,2.3975778,63.087463,0,8.63128
2020,23.75,-0.5,2.370964,32.941696,0,8.53547
2020,23.75,-0.25,2.3439975,32.66651,0,8.438391
2020,23.75,0.0,2.2999725,32.24888,0,8.279901
2020,23.75,0.25,2.2171142,61.680965,0,7.981611
2020,23.75,0.5,2.117665,61.823902,0,7.623594
2020,23.75,0.75,2.0061288,62.481792,0,7.2220635
2020,23.75,1.0,1.8926979,63.79598,0,6.8137126
2020,23.75,1.25,1.7974187,65.944435,0,6.4707074
2020,23.75,1.5,1.7554761,68.59442,0,6.319714
2020,23.75,1.75,1.6792377,70.608574,0,6.0452557
2020,23.75,2.0,1.5958467,102.86905,0,5.7450476
2020,23.75,2.25,1.5240599,106.80084,0,5.4866157
2020,23.75,2.5,1.4329735,110.890015,0,5.1587043
2020,23.75,2.75,1.3131199,113.74695,0,4.7272315
2020,23.75,3.0,1.2632017,116.59402,0,4.547526
2020,23.75,3.25,1.2539234,84.80994,0,4.5141244
2020,23.75,3.5,1.2733383,82.50387,0,4.5840178
2020,23.75,3.75,1.2868528,81.22114,0,4.63267
2020,23.75,4.0,1.3012166,109.8666,0,4.6843796
2020,23.75,4.25,1.3404092,109.765465,0,4.825473
2020,23.75,4.5,1.4143528,113.456505,0,5.09167
2020,23.75,4.75,1.5463368,114.95123,0,5.566812
2020,23.75,5.0,1.6838261,78.39086,0,6.061774
2020,23.75,5.25,1.7595968,115.44986,0,6.3345485
2020,23.75,5.5,1.8154422,122.280556,0,6.5355916
2020,23.75,5.75,1.8047286,133.15364,0,6.497023
2020,23.75,6.0,1.6643924,143.76826,0,5.991812
2020,23.75,6.25,1.6281368,152.62947,0,5.8612924
2020,23.75,6.5,1.5678831,158.35716,0,5.644379
2020,23.75,6.75,1.4811435,156.93329,0,5.3321166
2020,23.75,7.0,1.3931926,145.91489,0,5.0154934
2020,23.75,7.25,1.3588926,134.87776,0,4.892013
2020,23.75,7.5,1.4588593,137.87675,0,5.2518935
2020,23.75,7.75,1.8288816,140.74794,0,6.583974
2020,23.75,8.0,1.7850262,146.08751,0,6.426094
2020,23.75,8.25,1.5589327,116.67658,0,5.6121573
2020,23.75,8.5,1.3977131,115.18359,0,5.031767
2020,23.75,8.75,1.4595275,116.32612,0,5.2542987
2020,23.75,9.0,1.69801,96.50503,0,6.112836
2020,23.75,9.25,1.9260087,95.618774,0,6.933631
2020,23.75,9.5,2.2110076,71.42124,0,7.959627
2020,23.75,9.75,2.6570663,66.33419,0,9.565438
2020,23.75,10.0,3.196759,59.420406,0,11.508332
2020,23.75,10.25,3.5746052,54.57779,0,12.868579
2020,23.75,10.5,3.3522377,57.703003,0,12.068055
2020,23.75,10.75,2.9919176,64.20642,0,10.770904
2020,23.75,11.0,2.4371102,65.11057,0,8.773597
2020,23.75,11.25,2.0276213,78.49741,0,7.2994366
2020,23.75,11.5,2.0744226,69.14785,0,7.4679213
2020,23.75,11.75,2.5966887,62.798016,0,9.34808
2020,23.75,12.0,2.955615,55.015583,0,10.640214
2020,23.5,-9.0,2.982795,94.72698,0,10.738062
2020,23.5,-8.75,2.9643412,98.08175,0,10.671628
2020,23.5,-8.5,2.9850245,100.20878,0,10.746088
2020,23.5,-8.25,2.9987946,100.61683,0,10.79566
2020,23.5,-8.0,2.9778574,99.9866,0,10.720286
2020,23.5,-7.75,2.9219646,99.97114,0,10.519073
2020,23.5,-7.5,2.8573468,101.784706,0,10.2864485
2020,23.5,-7.25,2.8222532,103.66482,0,10.160111
2020,23.5,-7.0,2.7802727,103.48223,0,10.008982
2020,23.5,-6.75,2.742689,102.89831,0,9.87368
2020,23.5,-6.5,2.7347434,101.604576,0,9.845076
2020,23.5,-6.25,2.7493484,100.88589,0,9.897654
2020,23.5,-6.0,2.8070803,100.148254,0,10.105489
2020,23.5,-5.75,2.8488772,99.149376,0,10.255958
2020,23.5,-5.5,2.8675706,98.29716,0,10.323254
2020,23.5,-5.25,2.8966234,98.381836,0,10.427844
2020,23.5,-5.0,2.9418745,98.87147,0,10.590748
2020,23.5,-4.75,2.973097,99.65482,0,10.703149
2020,23.5,-4.5,2.9659567,99.73637,0,10.6774435
2020,23.5,-4.25,2.9241931,99.4464,0,10.527095
2020,23.5,-4.0,2.8850296,99.442085,0,10.3861065
2020,23.5,-3.75,2.8864448,99.30853,0,10.391201
2020,23.5,-3.5,2.9020965,98.16895,0,10.447547
2020,23.5,-3.25,2.8552735,66.070435,0,10.278984
2020,23.5,-3.0,2.7474492,63.939087,0,9.890817
2020,23.5,-2.75,2.5614932,91.65452,0,9.221375
2020,23.5,-2.5,2.3584797,90.24505,0,8.490527
2020,23.5,-2.25,2.2514408,64.59074,0,8.105186
2020,23.5,-2.0,2.3466399,40.849808,0,8.447904
2020,23.5,-1.75,2.5031147,41.650475,0,9.011212
2020,23.5,-1.5,2.4418561,65.56289,0,8.790682
2020,23.5,-1.25,2.3855631,34.60364,0,8.588027
2020,23.5,-1.0,2.3865883,34.216545,0,8.591718
2020,23.5,-0.75,2.3673027,34.162907,0,8.522289
2020,23.5,-0.5,2.321157,34.097393,0,8.356165
2020,23.5,-0.25,2.2742012,33.791355,0,8.187124
2020,23.5,0.0,2.2063606,33.686626,0,7.942898
2020,23.5,0.25,2.122702,33.90257,0,7.6417265
2020,23.5,0.5,2.0129771,34.25231,0,7.2467175
2020,23.5,0.75,1.9008442,34.976128,0,6.843039
2020,23.5,1.0,1.7981504,36.481167,0,6.4733415
2020,23.5,1.25,1.717089,38.967396,0,6.1815205
2020,23.5,1.5,1.6767696,42.839405,0,6.0363703
2020,23.5,1.75,1.6095809,74.800285,0,5.794491
2020,23.5,2.0,1.5615964,78.28232,0,5.621747
2020,23.5,2.25,1.4921888,82.32244,0,5.3718796
2020,23.5,2.5,1.3256216,85.21457,0,4.772238
2020,23.5,2.75,1.1177496,116.33832,0,4.023898
2020,23.5,3.0,1.1834784,93.05982,0,4.260522
2020,23.5,3.25,1.2281841,96.63812,0,4.4214625
2020,23.5,3.5,1.2141072,93.714195,0,4.3707857
2020,23.5,3.75,1.211529,120.87325,0,4.3615046
2020,23.5,4.0,1.2171307,118.9558,0,4.3816705
2020,23.5,4.25,1.2259083,117.38653,0,4.4132695
2020,23.5,4.5,1.3019637,118.02798,0,4.687069
2020,23.5,4.75,1.3717637,118.53778,0,4.9383492
2020,23.5,5.0,1.3989495,87.38886,0,5.036218
2020,23.5,5.25,1.4977778,116.059166,0,5.392
2020,23.5,5.5,1.6611077,128.0808,0,5.9799876
2020,23.5,5.75,1.819067,139.06828,0,6.548641
2020,23.5,6.0,1.7306062,150.7656,0,6.230182
2020,23.5,6.25,1.6932937,151.46289,0,6.095857
2020,23.5,6.5,1.5353144,153.19078,0,5.527132
2020,23.5,6.75,1.298278,139.69945,0,4.6738005
2020,23.5,7.0,1.2458459,129.17581,0,4.485045
2020,23.5,7.25,1.3613368,129.05177,0,4.9008126
2020,23.5,7.5,1.6614275,114.33896,0,5.9811387
2020,23.5,7.75,2.0031643,122.81055,0,7.2113914
2020,23.5,8.0,1.9409485,110.05252,0,6.9874144
2020,23.5,8.25,1.7470552,111.03491,0,6.2893987
2020,23.5,8.5,1.6573192,111.21643,0,5.966349
2020,23.5,8.75,1.7575612,116.241875,0,6.32722
2020,23.5,9.0,1.9325391,88.511475,0,6.9571404
2020,23.5,9.25,2.1997378,74.28543,0,7.919056
2020,23.5,9.5,2.476967,75.08464,0,8.917081
2020,23.5,9.75,2.7835493,71.45456,0,10.020778
2020,23.5,10.0,3.2018185,65.196,0,11.5265465
2020,23.5,10.25,3.6099145,61.73123,0,12.995692
2020,23.5,10.5,3.7069342,63.11023,0,13.344963
2020,23.5,10.75,3.6895895,65.236565,0,13.282522
2020,23.5,11.0,3.3759549,64.97407,0,12.153438
2020,23.5,11.25,2.8493063,66.807655,0,10.257503
2020,23.5,11.5,2.4245589,69.22219,0,8.728412
2020,23.5,11.75,2.4991868,64.05963,0,8.997072
2020,23.5,12.0,2.9360466,56.25321,0,10.569768
2020,23.25,-9.0,2.911883,97.95281,0,10.482779
2020,23.25,-8.75,2.8812304,100.79761,0,10.372429
2020,23.25,-8.5,2.8771706,102.39619,0,10.357814
2020,23.25,-8.25,2.8796024,102.996544,0,10.366569
2020,23.25,-8.0,2.83719,103.36975,0,10.213883
2020,23.25,-7.75,2.7740662,103.916626,0,9.986638
2020,23.25,-7.5,2.7843819,105.70397,0,10.023774
2020,23.25,-7.25,2.8211575,105.313576,0,10.156167
2020,23.25,-7.0,2.7964041,104.15256,0,10.067055
2020,23.25,-6.75,2.7827072,101.82351,0,10.017746
2020,23.25,-6.5,2.7775402,100.26168,0,9.999145
2020,23.25,-6.25,2.7832162,99.31464,0,10.019578
2020,23.25,-6.0,2.8349855,99.1258,0,10.205948
2020,23.25,-5.75,2.894644,98.69531,0,10.420718
2020,23.25,-5.5,2.92784,98.407074,0,10.540224
2020,23.25,-5.25,2.9604359,98.51707,0,10.657569
2020,23.25,-5.0,3.0149586,99.20866,0,10.85385
2020,23.25,-4.75,3.0608895,99.94935,0,11.019202
2020,23.25,-4.5,3.1034458,99.87656,0,11.172404
2020,23.25,-4.25,3.097605,100.253944,0,11.151378
2020,23.25,-4.0,3.0342855,69.90552,0,10.923428
2020,23.25,-3.75,2.9442275,68.80963,0,10.599218
2020,23.25,-3.5,2.9184048,67.43301,0,10.506257
2020,23.25,-3.25,2.9002583,66.46397,0,10.440929
2020,23.25,-3.0,2.883516,66.007256,0,10.380657
2020,23.25,-2.75,2.7634413,65.3037,0,9.948388
2020,23.25,-2.5,2.5119302,64.4783,0,9.042949
2020,23.25,-2.25,2.354265,67.77596,0,8.475353
2020,23.25,-2.0,2.318248,41.157337,0,8.345693
2020,23.25,-1.75,2.4385605,40.89831,0,8.778817
2020,23.25,-1.5,2.431616,35.873558,0,8.753818
2020,23.25,-1.25,2.3784628,35.185062,0,8.562466
2020,23.25,-1.0,2.3636875,35.154186,0,8.5092745
2020,23.25,-0.75,2.3252876,35.734,0,8.371035
2020,23.25,-0.5,2.2752345,35.832508,0,8.190844
2020,23.25,-0.25,2.2162108,35.53738,0,7.9783587
2020,23.25,0.0,2.1337523,35.90249,0,7.681508
2020,23.25,0.25,2.0617182,36.672333,0,7.4221854
2020,23.25,0.5,1.9565697,37.638863,0,7.0436506
2020,23.25,0.75,1.8397859,38.806934,0,6.623229
2020,23.25,1.0,1.7190088,40.30142,0,6.1884317
2020,23.25,1.25,1.6346412,43.018177,0,5.884708
2020,23.25,1.5,1.5828733,46.836758,0,5.6983438
2020,23.25,1.75,1.5675496,81.15646,0,5.6431785
2020,23.25,2.0,1.5291489,85.471214,0,5.504936
2020,23.25,2.25,1.4481635,89.18426,0,5.2133884
2020,23.25,2.5,1.2913164,92.06028,0,4.648739
2020,23.25,2.75,1.1715758,94.55029,0,4.217673
2020,23.25,3.0,1.2906245,100.11765,0,4.646248
2020,23.25,3.25,1.3300525,103.03344,0,4.788189
2020,23.25,3.5,1.2805609,102.984474,0,4.6100187
2020,23.25,3.75,1.2382635,100.48389,0,4.4577484
2020,23.25,4.0,1.1709396,128.42522,0,4.215382
2020,23.25,4.25,1.1610206,125.97146,0,4.179674
2020,23.25,4.5,1.1873063,124.251884,0,4.2743025
2020,23.25,4.75,1.2171412,124.97147,0,4.381708
2020,23.25,5.0,1.2675148,98.186584,0,4.563053
2020,23.25,5.25,1.2770101,120.66305,0,4.597236
2020,23.25,5.5,1.4846271,135.14772,0,5.3446574
2020,23.25,5.75,1.8449659,140.58229,0,6.641877
2020,23.25,6.0,1.5972942,141.76591,0,5.750259
2020,23.25,6.25,1.4571198,134.70964,0,5.245631
2020,23.25,6.5,1.4422909,128.04863,0,5.192247
2020,23.25,6.75,1.3536445,122.65615,0,4.87312
2020,23.25,7.0,1.3941141,123.89785,0,5.0188107
2020,23.25,7.25,1.5699617,103.063576,0,5.6518617
2020,23.25,7.5,2.03519,87.60598,0,7.326684
2020,23.25,7.75,2.3954942,96.98718,0,8.623779
2020,23.25,8.0,2.2287195,104.85438,0,8.02339
2020,23.25,8.25,1.8970737,107.02222,0,6.8294654
2020,23.25,8.5,1.7893496,111.54303,0,6.441658
2020,23.25,8.75,2.0315692,82.74412,0,7.313649
2020,23.25,9.0,2.220075,66.25736,0,7.9922695
2020,23.25,9.25,2.4648602,70.3274,0,8.873496
2020,23.25,9.5,2.7556098,73.00788,0,9.920195
2020,23.25,9.75,2.9628975,71.08039,0,10.66643
2020,23.25,10.0,3.0443125,68.7186,0,10.959524
2020,23.25,10.25,3.3078184,66.0619,0,11.908146
2020,23.25,10.5,3.7949378,67.43534,0,13.661776
2020,23.25,10.75,4.187616,66.29501,0,15.075417
2020,23.25,11.0,3.997369,64.029274,0,14.390529
2020,23.25,11.25,3.688568,61.31239,0,13.278845
2020,23.25,11.5,3.3006964,61.00957,0,11.882506
2020,23.25,11.75,3.028589,61.687786,0,10.90292
2020,23.25,12.0,3.2385676,58.432648,0,11.658843
2020,23.0,-9.0,2.8677475,70.761505,0,10.323891
2020,23.0,-8.75,2.8331268,103.457275,0,10.199256
2020,23.0,-8.5,2.819144,105.186134,0,10.148918
2020,23.0,-8.25,2.7903268,105.99066,0,10.0451765
2020,23.0,-8.0,2.7478654,106.40324,0,9.892315
2020,23.0,-7.75,2.7189739,106.39669,0,9.788305
2020,23.0,-7.5,2.7576315,107.157845,0,9.927473
2020,23.0,-7.25,2.8165035,105.74021,0,10.139413
2020,23.0,-7.0,2.8419607,103.2429,0,10.231058
2020,23.0,-6.75,2.8364484,101.04894,0,10.211214
2020,23.0,-6.5,2.8343773,100.10089,0,10.203758
2020,23.0,-6.25,2.835538,99.41457,0,10.207936
2020,23.0,-6.0,2.8522136,99.557396,0,10.267969
2020,23.0,-5.75,2.8936198,99.263725,0,10.417031
2020,23.0,-5.5,2.9192555,99.02436,0,10.509319
2020,23.0,-5.25,2.9333916,99.22422,0,10.560209
2020,23.0,-5.0,2.9837644,99.87711,0,10.741551
2020,23.0,-4.75,3.029271,99.86228,0,10.905375
2020,23.0,-4.5,3.0774949,99.39054,0,11.078981
2020,23.0,-4.25,3.139043,69.85592,0,11.300555
2020,23.0,-4.0,3.221387,69.73691,0,11.5969925
2020,23.0,-3.75,3.1294243,68.77469,0,11.265927
2020,23.0,-3.5,2.9951897,67.77084,0,10.782682
2020,23.0,-3.25,2.9210565,66.8331,0,10.515803
2020,23.0,-3.0,2.8956697,67.45907,0,10.424411
2020,23.0,-2.75,2.8987176,69.299995,0,10.435383
2020,23.0,-2.5,2.7000396,69.499794,0,9.720142
2020,23.0,-2.25,2.5080464,69.84943,0,9.028967
2020,23.0,-2.0,2.4619138,42.078197,0,8.862889
2020,23.0,-1.75,2.4375536,39.915295,0,8.775193
2020,23.0,-1.5,2.4150643,36.491306,0,8.694231
2020,23.0,-1.25,2.3779733,36.48635,0,8.560703
2020,23.0,-1.0,2.3495867,37.401844,0,8.458512
2020,23.0,-0.75,2.3106306,37.932774,0,8.31827
2020,23.0,-0.5,2.2466393,38.001495,0,8.087901
2020,23.0,-0.25,2.1810865,38.030884,0,7.8519115
2020,23.0,0.0,2.1050253,38.87022,0,7.5780907
2020,23.0,0.25,2.0271738,39.97989,0,7.2978253
2020,23.0,0.5,1.9305363,41.64966,0,6.94993
2020,23.0,0.75,1.8300501,43.225048,0,6.58818
2020,23.0,1.0,1.7224474,44.914337,0,6.2008104
2020,23.0,1.25,1.6370491,47.887836,0,5.8933764
2020,23.0,1.5,1.5766821,52.742336,0,5.6760554
2020,23.0,1.75,1.5757726,58.577908,0,5.6727815
2020,23.0,2.0,1.5607848,62.347095,0,5.618825
2020,23.0,2.25,1.494924,65.60191,0,5.3817263
2020,23.0,2.5,1.4404044,67.7447,0,5.185456
2020,23.0,2.75,1.3932496,71.22486,0,5.0156984
2020,23.0,3.0,1.4894638,75.833305,0,5.3620696
2020,23.0,3.25,1.4634527,78.06007,0,5.2684298
2020,23.0,3.5,1.4137076,79.143105,0,5.0893474
2020,23.0,3.75,1.3156316,109.776276,0,4.736274
2020,23.0,4.0,1.2369684,139.14479,0,4.453086
2020,23.0,4.25,1.2332114,110.06817,0,4.439561
2020,23.0,4.5,1.3083322,108.960625,0,4.7099957
2020,23.0,4.75,1.4528786,107.83872,0,5.230363
2020,23.0,5.0,1.6973333,94.24825,0,6.1103997
2020,23.0,5.25,1.6515093,133.3621,0,5.945433
2020,23.0,5.5,1.8009058,144.18317,0,6.4832606
2020,23.0,5.75,2.0436213,139.21959,0,7.3570366
2020,23.0,6.0,1.5764114,129.05394,0,5.675081
2020,23.0,6.25,1.4438266,123.98547,0,5.1977754
2020,23.0,6.5,1.5169133,121.3551,0,5.460888
2020,23.0,6.75,1.5773803,122.83801,0,5.678569
2020,23.0,7.0,1.648554,127.92089,0,5.934794
2020,23.0,7.25,1.7797546,81.60074,0,6.4071164
2020,23.0,7.5,2.2793293,89.6608,0,8.2055855
2020,23.0,7.75,2.6548698,93.78384,0,9.557531
2020,23.0,8.0,2.5969832,90.87534,0,9.349139
2020,23.0,8.25,2.2479994,83.65974,0,8.092797
2020,23.0,8.5,2.0809078,78.024956,0,7.491268
2020,23.0,8.75,2.291926,59.857864,0,8.250933
2020,23.0,9.0,2.4427426,64.968575,0,8.793873
2020,23.0,9.25,2.645336,67.63343,0,9.523209
2020,23.0,9.5,2.948156,70.3054,0,10.613361
2020,23.0,9.75,3.024934,69.993675,0,10.889762
2020,23.0,10.0,3.0891826,67.52771,0,11.1210575
2020,23.0,10.25,3.1905205,66.823006,0,11.485873
2020,23.0,10.5,3.6897295,68.48242,0,13.283026
2020,23.0,10.75,4.0753875,66.20789,0,14.671394
2020,23.0,11.0,4.1170273,61.349255,0,14.821298
2020,23.0,11.25,3.943929,58.4138,0,14.198144
2020,23.0,11.5,4.017487,57.298862,0,14.462953
2020,23.0,11.75,3.8045938,57.25082,0,13.696537
2020,23.0,12.0,3.5049384,57.467396,0,12.617778
2020,22.75,-9.0,2.7932997,73.10392,0,10.055879
2020,22.75,-8.75,2.8003814,75.775154,0,10.081373
2020,22.75,-8.5,2.8015883,77.60325,0,10.085717
2020,22.75,-8.25,2.7736518,108.07,0,9.9851465
2020,22.75,-8.0,2.7421815,107.710724,0,9.871853
2020,22.75,-7.75,2.723791,107.03104,0,9.805647
2020,22.75,-7.5,2.7819605,106.3917,0,10.015058
2020,22.75,-7.25,2.846961,104.56118,0,10.24906
2020,22.75,-7.0,2.8756618,102.35794,0,10.352383
2020,22.75,-6.75,2.8815544,101.36063,0,10.373595
2020,22.75,-6.5,2.8816528,101.040016,0,10.37395
2020,22.75,-6.25,2.86619,100.69046,0,10.318284
2020,22.75,-6.0,2.8649712,100.77215,0,10.313896
2020,22.75,-5.75,2.87767,100.4517,0,10.3596115
2020,22.75,-5.5,2.874451,100.21262,0,10.348023
2020,22.75,-5.25,2.878142,100.44226,0,10.361311
2020,22.75,-5.0,2.894685,100.65927,0,10.420866
2020,22.75,-4.75,2.9041643,100.2543,0,10.454991
2020,22.75,-4.5,2.9070084,99.39676,0,10.46523
2020,22.75,-4.25,2.9682157,69.70693,0,10.685576
2020,22.75,-4.0,3.0404546,69.775246,0,10.945637
2020,22.75,-3.75,3.0633497,69.72932,0,11.028059
2020,22.75,-3.5,3.0875409,69.47934,0,11.115147
2020,22.75,-3.25,2.9754858,68.5344,0,10.711749
2020,22.75,-3.0,2.8470757,69.372795,0,10.249473
2020,22.75,-2.75,2.8374064,42.30528,0,10.214663
2020,22.75,-2.5,2.7489681,44.347,0,9.896285
2020,22.75,-2.25,2.6290984,45.318024,0,9.464754
2020,22.75,-2.0,2.532757,42.34741,0,9.117925
2020,22.75,-1.75,2.4682224,39.21622,0,8.8856
2020,22.75,-1.5,2.4148786,37.815937,0,8.6935625
2020,22.75,-1.25,2.3807685,38.446487,0,8.570766
2020,22.75,-1.0,2.3486502,39.5499,0,8.45514
2020,22.75,-0.75,2.3005219,40.193275,0,8.281878
2020,22.75,-0.5,2.2478955,40.48827,0,8.092423
2020,22.75,-0.25,2.1596098,41.41129,0,7.7745953
2020,22.75,0.0,2.0997913,42.475697,0,7.5592484
2020,22.75,0.25,2.022806,44.124897,0,7.282101
2020,22.75,0.5,1.9402114,46.39806,0,6.9847608
2020,22.75,0.75,1.8596824,48.63563,0,6.6948566
2020,22.75,1.0,1.7840213,50.88318,0,6.4224763
2020,22.75,1.25,1.7167554,55.163372,0,6.1803193
2020,22.75,1.5,1.6618975,60.117046,0,5.982831
2020,22.75,1.75,1.6641413,64.85864,0,5.9909086
2020,22.75,2.0,1.6961094,67.13952,0,6.1059937
2020,22.75,2.25,1.6768657,68.915504,0,6.0367165
2020,22.75,2.5,1.6344814,71.01479,0,5.884133
2020,22.75,2.75,1.6410408,75.10214,0,5.907747
2020,22.75,3.0,1.69406,79.34348,0,6.0986156
2020,22.75,3.25,1.6506394,82.20382,0,5.9423018
2020,22.75,3.5,1.5686626,84.376915,0,5.6471853
2020,22.75,3.75,1.5243522,88.12604,0,5.4876676
2020,22.75,4.0,1.4991878,91.37772,0,5.397076
2020,22.75,4.25,1.5499507,98.49353,0,5.5798225
2020,22.75,4.5,1.7172545,105.3696,0,6.182116
2020,22.75,4.75,1.9234008,105.633484,0,6.9242425
2020,22.75,5.0,2.141524,98.217285,0,7.7094865
2020,22.75,5.25,2.2928913,81.21781,0,8.254408
2020,22.75,5.5,2.3045008,120.78608,0,8.296203
2020,22.75,5.75,2.2392163,136.40533,0,8.061178
2020,22.75,6.0,1.8448013,125.53965,0,6.6412845
2020,22.75,6.25,1.6445618,123.04212,0,5.920422
2020,22.75,6.5,1.6009327,126.693794,0,5.7633576
2020,22.75,6.75,1.7038597,102.03184,0,6.133895
2020,22.75,7.0,1.8342215,78.89757,0,6.603197
2020,22.75,7.25,2.0922587,81.63114,0,7.532131
2020,22.75,7.5,2.5471857,88.11179,0,9.169868
2020,22.75,7.75,2.9804223,87.5459,0,10.72952
2020,22.75,8.0,2.9632037,80.9822,0,10.667533
2020,22.75,8.25,2.6280138,71.58332,0,9.46085
2020,22.75,8.5,2.3842435,64.95569,0,8.583277
2020,22.75,8.75,2.488693,64.209274,0,8.959294
2020,22.75,9.0,2.5787203,65.70018,0,9.283393
2020,22.75,9.25,2.7218506,67.20485,0,9.798662
2020,22.75,9.5,3.0506527,70.258385,0,10.982349
2020,22.75,9.75,3.1905756,69.53426,0,11.486072
2020,22.75,10.0,3.1036747,66.01571,0,11.173228
2020,22.75,10.25,3.1442277,65.04846,0,11.31922
2020,22.75,10.5,3.570865,66.0547,0,12.855113
2020,22.75,10.75,3.982812,63.9239,0,14.338122
2020,22.75,11.0,4.074363,59.520283,0,14.667707
2020,22.75,11.25,4.336603,56.668934,0,15.611771
2020,22.75,11.5,4.548636,55.95171,0,16.37509
2020,22.75,11.75,4.1565175,55.148083,0,14.963463
2020,22.75,12.0,3.7019107,54.033234,0,13.326879
2020,22.5,-9.0,2.6772096,74.73055,0,9.637955
2020,22.5,-8.75,2.7269986,77.437744,0,9.817195
2020,22.5,-8.5,2.7942426,78.377205,0,10.059273
2020,22.5,-8.25,2.7767496,78.65011,0,9.996299
2020,22.5,-8.0,2.7601357,107.72455,0,9.936488
2020,22.5,-7.75,2.7690258,106.660484,0,9.9684925
2020,22.5,-7.5,2.8195972,105.33475,0,10.15055
2020,22.5,-7.25,2.8551521,104.56588,0,10.278547
2020,22.5,-7.0,2.8831165,103.20266,0,10.379219
2020,22.5,-6.75,2.887852,102.84375,0,10.396267
2020,22.5,-6.5,2.892337,102.71734,0,10.412414
2020,22.5,-6.25,2.8884745,102.33154,0,10.398508
2020,22.5,-6.0,2.894429,102.08126,0,10.419944
2020,22.5,-5.75,2.880206,101.760254,0,10.368742
2020,22.5,-5.5,2.852315,101.63385,0,10.268333
2020,22.5,-5.25,2.8481066,101.75497,0,10.253183
2020,22.5,-5.0,2.8155634,102.3209,0,10.136028
2020,22.5,-4.75,2.7816727,101.77712,0,10.014022
2020,22.5,-4.5,2.7339518,100.838135,0,9.842226
2020,22.5,-4.25,2.690446,100.66418,0,9.685605
2020,22.5,-4.0,2.7886837,71.27963,0,10.039261
2020,22.5,-3.75,2.8656456,71.897804,0,10.316324
2020,22.5,-3.5,2.9429867,71.73343,0,10.594752
2020,22.5,-3.25,2.943962,71.57076,0,10.598264
2020,22.5,-3.0,2.789953,72.9042,0,10.043831
2020,22.5,-2.75,2.733491,46.773815,0,9.840568
2020,22.5,-2.5,2.7273982,48.520756,0,9.818633
2020,22.5,-2.25,2.6570404,47.873993,0,9.565345
2020,22.5,-2.0,2.5685554,43.58585,0,9.246799
2020,22.5,-1.75,2.4868417,40.32952,0,8.95263
2020,22.5,-1.5,2.4362576,40.114014,0,8.770527
2020,22.5,-1.25,2.3934317,41.376377,0,8.616354
2020,22.5,-1.0,2.3581734,42.71715,0,8.489424
2020,22.5,-0.75,2.3058589,43.698605,0,8.301091
2020,22.5,-0.5,2.2447078,44.622875,0,8.080948
2020,22.5,-0.25,2.1671503,45.81363,0,7.8017406
2020,22.5,0.0,2.1163266,47.16386,0,7.6187754
2020,22.5,0.25,2.05334,49.36221,0,7.3920236
2020,22.5,0.5,1.9824628,51.68706,0,7.1368656
2020,22.5,0.75,1.9217525,54.513866,0,6.9183087
2020,22.5,1.0,1.8641711,59.096767,0,6.711016
2020,22.5,1.25,1.8373567,63.174366,0,6.614484
2020,22.5,1.5,1.7995867,65.30749,0,6.478512
2020,22.5,1.75,1.7871308,68.44535,0,6.433671
2020,22.5,2.0,1.8026212,69.81042,0,6.489436
2020,22.5,2.25,1.8039182,70.92335,0,6.4941053
2020,22.5,2.5,1.823606,73.87179,0,6.5649815
2020,22.5,2.75,1.8389286,77.47054,0,6.620143
2020,22.5,3.0,1.843864,81.68313,0,6.63791
2020,22.5,3.25,1.8056842,84.88334,0,6.500463
2020,22.5,3.5,1.73339,87.70652,0,6.240204
2020,22.5,3.75,1.7583051,92.60715,0,6.329898
2020,22.5,4.0,1.8030761,97.98876,0,6.491074
2020,22.5,4.25,1.9743567,99.7883,0,7.1076837
2020,22.5,4.5,2.1716063,101.68374,0,7.8177824
2020,22.5,4.75,2.3745549,98.87388,0,8.548397
2020,22.5,5.0,2.5364087,93.00767,0,9.131071
2020,22.5,5.25,2.6757097,79.35999,0,9.632555
2020,22.5,5.5,2.6562238,96.06708,0,9.562406
2020,22.5,5.75,2.4514968,140.37982,0,8.825388
2020,22.5,6.0,2.158651,131.2541,0,7.771144
2020,22.5,6.25,1.8600683,130.37697,0,6.6962457
2020,22.5,6.5,1.6890211,134.35617,0,6.080476
2020,22.5,6.75,1.8775414,101.88482,0,6.759149
2020,22.5,7.0,2.12622,77.24239,0,7.654392
2020,22.5,7.25,2.3412426,81.13801,0,8.4284725
2020,22.5,7.5,2.7757561,84.41563,0,9.992722
2020,22.5,7.75,3.160323,81.576324,0,11.377162
2020,22.5,8.0,3.2586718,74.83991,0,11.731218
2020,22.5,8.25,2.9600153,67.08581,0,10.6560545
2020,22.5,8.5,2.7714741,65.31695,0,9.977306
2020,22.5,8.75,2.724455,66.25697,0,9.808038
2020,22.5,9.0,2.659722,68.18156,0,9.574999
2020,22.5,9.25,2.7730563,69.368706,0,9.983003
2020,22.5,9.5,3.0253785,70.81177,0,10.891362
2020,22.5,9.75,3.2444017,69.28509,0,11.679846
2020,22.5,10.0,3.2128837,65.67782,0,11.566381
2020,22.5,10.25,3.238641,62.88902,0,11.659107
2020,22.5,10.5,3.5558684,62.583008,0,12.801126
2020,22.5,10.75,3.9084575,61.259705,0,14.070447
2020,22.5,11.0,4.125045,58.17976,0,14.850161
2020,22.5,11.25,4.3861775,55.874752,0,15.790238
2020,22.5,11.5,4.548268,55.903515,0,16.373764
2020,22.5,11.75,4.2167096,54.69737,0,15.180154
2020,22.5,12.0,3.90238,51.429035,0,14.048568
2020,22.25,-9.0,2.609438,75.30902,0,9.393976
2020,22.25,-8.75,2.6508312,77.503395,0,9.542993
2020,22.25,-8.5,2.7241452,78.615326,0,9.806922
2020,22.25,-8.25,2.7732255,78.42429,0,9.983612
2020,22.25,-8.0,2.7698996,107.36294,0,9.971639
2020,22.25,-7.75,2.785918,106.494026,0,10.0293045
2020,22.25,-7.5,2.798091,105.927574,0,10.073127
2020,22.25,-7.25,2.83194,105.282845,0,10.1949835
2020,22.25,-7.0,2.8585472,104.802765,0,10.29077
2020,22.25,-6.75,2.863448,104.554756,0,10.308413
2020,22.25,-6.5,2.8853323,104.12052,0,10.387197
2020,22.25,-6.25,2.9058006,103.57792,0,10.460882
2020,22.25,-6.0,2.9248202,103.14234,0,10.529352
2020,22.25,-5.75,2.929632,102.3234,0,10.546675
2020,22.25,-5.5,2.9033222,102.223694,0,10.45196
2020,22.25,-5.25,2.888199,103.85556,0,10.397516
2020,22.25,-5.0,2.8418758,104.82269,0,10.230753
2020,22.25,-4.75,2.7474506,104.38102,0,9.890821
2020,22.25,-4.5,2.6554716,103.70182,0,9.559697
2020,22.25,-4.25,2.588576,103.36663,0,9.318873
2020,22.25,-4.0,2.5426214,103.69686,0,9.153437
2020,22.25,-3.75,2.606129,74.25463,0,9.382064
2020,22.25,-3.5,2.6313004,75.38259,0,9.472681
2020,22.25,-3.25,2.7079086,76.19223,0,9.748471
2020,22.25,-3.0,2.652147,48.223476,0,9.5477295
2020,22.25,-2.75,2.65859,51.227947,0,9.570924
2020,22.25,-2.5,2.6631305,52.90846,0,9.58727
2020,22.25,-2.25,2.6510851,49.542896,0,9.543906
2020,22.25,-2.0,2.5719295,45.07596,0,9.258945
2020,22.25,-1.75,2.5094967,42.719013,0,9.034188
2020,22.25,-1.5,2.4816866,43.606323,0,8.934072
2020,22.25,-1.25,2.4421854,45.44804,0,8.791867
2020,22.25,-1.0,2.3889341,47.056828,0,8.6001625
2020,22.25,-0.75,2.3408408,48.5396,0,8.427027
2020,22.25,-0.5,2.295217,50.111652,0,8.262781
2020,22.25,-0.25,2.2301009,51.6038,0,8.028363
2020,22.25,0.0,2.1605809,53.459034,0,7.778091
2020,22.25,0.25,2.113152,55.726856,0,7.607347
2020,22.25,0.5,2.0747266,58.18912,0,7.4690156
2020,22.25,0.75,2.0221918,61.66103,0,7.27989
2020,22.25,1.0,1.9735972,64.286415,0,7.1049495
2020,22.25,1.25,1.954473,66.79701,0,7.036103
2020,22.25,1.5,1.9337775,69.0963,0,6.961599
2020,22.25,1.75,1.9044175,71.39106,0,6.8559027
2020,22.25,2.0,1.8975111,72.50831,0,6.83104
2020,22.25,2.25,1.8935345,74.34788,0,6.8167243
2020,22.25,2.5,1.9147547,76.76087,0,6.893117
2020,22.25,2.75,1.9430709,80.14413,0,6.995055
2020,22.25,3.0,1.9443885,84.193085,0,6.9997983
2020,22.25,3.25,1.8948356,86.95584,0,6.821408
2020,22.25,3.5,1.8815966,90.46772,0,6.7737474
2020,22.25,3.75,1.9409765,95.09908,0,6.9875154
2020,22.25,4.0,2.102125,96.72776,0,7.5676494
2020,22.25,4.25,2.2875123,98.04736,0,8.2350445
2020,22.25,4.5,2.4838474,96.14413,0,8.941851
2020,22.25,4.75,2.7122238,92.64681,0,9.764006
2020,22.25,5.0,2.8304176,87.56207,0,10.189504
2020,22.25,5.25,2.848108,79.164665,0,10.253189
2020,22.25,5.5,2.8387346,98.09614,0,10.219444
2020,22.25,5.75,2.7878075,91.789894,0,10.036107
2020,22.25,6.0,2.4620075,115.5365,0,8.863227
2020,22.25,6.25,2.183581,112.770775,0,7.860892
2020,22.25,6.5,1.9796959,89.59484,0,7.126905
2020,22.25,6.75,2.2671275,71.55388,0,8.161659
2020,22.25,7.0,2.4607916,75.7636,0,8.85885
2020,22.25,7.25,2.6720047,79.26202,0,9.619217
2020,22.25,7.5,2.846969,81.06577,0,10.249087
2020,22.25,7.75,3.209566,78.530266,0,11.554438
2020,22.25,8.0,3.3752944,73.58488,0,12.15106
2020,22.25,8.25,3.2625673,68.97687,0,11.745242
2020,22.25,8.5,3.0633,67.739136,0,11.02788
2020,22.25,8.75,2.868351,69.653564,0,10.326063
2020,22.25,9.0,2.8010743,71.39197,0,10.083867
2020,22.25,9.25,2.7358425,71.51589,0,9.849032
2020,22.25,9.5,2.9093077,71.282005,0,10.473508
2020,22.25,9.75,3.1874058,68.47833,0,11.474661
2020,22.25,10.0,3.2873104,64.34691,0,11.834317
2020,22.25,10.25,3.302653,61.230633,0,11.889551
2020,22.25,10.5,3.4240868,59.31894,0,12.326713
2020,22.25,10.75,3.7572813,58.186066,0,13.526213
2020,22.25,11.0,3.9665906,56.579327,0,14.279726
2020,22.25,11.25,4.1758165,55.064007,0,15.032939
2020,22.25,11.5,4.282058,55.57635,0,15.415407
2020,22.25,11.75,4.313114,55.100895,0,15.52721
2020,22.25,12.0,3.9977877,51.920887,0,14.3920355
2020,22.0,-9.0,2.6185179,73.210976,0,9.426664
2020,22.0,-8.75,2.6439044,76.041534,0,9.518056
2020,22.0,-8.5,2.691789,77.73685,0,9.69044
2020,22.0,-8.25,2.761322,77.859474,0,9.940759
2020,22.0,-8.0,2.7688866,77.61354,0,9.967992
2020,22.0,-7.75,2.7782593,77.63663,0,10.001733
2020,22.0,-7.5,2.7681353,107.42709,0,9.965287
2020,22.0,-7.25,2.76575,107.1899,0,9.956699
2020,22.0,-7.0,2.7922125,106.69216,0,10.051965
2020,22.0,-6.75,2.8247616,105.74793,0,10.169142
2020,22.0,-6.5,2.8621242,105.00353,0,10.303647
2020,22.0,-6.25,2.901434,104.360016,0,10.445162
2020,22.0,-6.0,2.9434147,103.49478,0,10.5962925
2020,22.0,-5.75,2.955943,102.7268,0,10.641395
2020,22.0,-5.5,2.960475,103.94281,0,10.65771
2020,22.0,-5.25,2.959303,75.99154,0,10.65349
2020,22.0,-5.0,2.9498837,77.31631,0,10.619581
2020,22.0,-4.75,2.8238468,76.736374,0,10.165849
2020,22.0,-4.5,2.7092054,76.460396,0,9.7531395
2020,22.0,-4.25,2.6557157,106.691864,0,9.560576
2020,22.0,-4.0,2.5933642,107.06588,0,9.336111
2020,22.0,-3.75,2.5030777,77.91453,0,9.01108
2020,22.0,-3.5,2.4344852,79.41932,0,8.764147
2020,22.0,-3.25,2.4159462,81.8903,0,8.697406
2020,22.0,-3.0,2.510944,54.545643,0,9.039398
2020,22.0,-2.75,2.579108,56.095036,0,9.284788
2020,22.0,-2.5,2.6370234,53.97774,0,9.493284
2020,22.0,-2.25,2.6300771,50.444134,0,9.468277
2020,22.0,-2.0,2.5878103,47.29076,0,9.316116
2020,22.0,-1.75,2.5418987,45.78114,0,9.150835
2020,22.0,-1.5,2.5280857,47.705784,0,9.101109
2020,22.0,-1.25,2.512843,50.38153,0,9.046234
2020,22.0,-1.0,2.4636927,52.02229,0,8.869293
2020,22.0,-0.75,2.406024,53.726658,0,8.661686
2020,22.0,-0.5,2.365325,55.903595,0,8.51517
2020,22.0,-0.25,2.3214352,57.97198,0,8.357166
2020,22.0,0.0,2.2267113,60.476288,0,8.01616
2020,22.0,0.25,2.1829815,62.41502,0,7.858733
2020,22.0,0.5,2.1638346,64.35077,0,7.7898045
2020,22.0,0.75,2.1434321,66.14008,0,7.7163553
2020,22.0,1.0,2.0955634,68.05906,0,7.5440283
2020,22.0,1.25,2.0580122,70.171364,0,7.408844
2020,22.0,1.5,2.040079,72.54543,0,7.3442845
2020,22.0,1.75,2.0144427,74.54683,0,7.2519937
2020,22.0,2.0,1.978535,76.300125,0,7.122726
2020,22.0,2.25,1.9729835,78.00555,0,7.1027403
2020,22.0,2.5,1.9882575,80.372444,0,7.157727
2020,22.0,2.75,2.0226657,83.683685,0,7.2815967
2020,22.0,3.0,2.018738,86.380554,0,7.2674565
2020,22.0,3.25,1.9252748,88.87051,0,6.9309893
2020,22.0,3.5,1.9433659,92.65411,0,6.996117
2020,22.0,3.75,2.090759,94.41293,0,7.5267324
2020,22.0,4.0,2.2584832,95.405464,0,8.130539
2020,22.0,4.25,2.405759,94.642235,0,8.660732
2020,22.0,4.5,2.6036181,92.71723,0,9.373025
2020,22.0,4.75,2.810401,88.98224,0,10.117443
2020,22.0,5.0,2.9101722,83.66823,0,10.47662
2020,22.0,5.25,2.9076521,76.81707,0,10.467547
2020,22.0,5.5,2.9246352,71.65717,0,10.528687
2020,22.0,5.75,2.8871562,66.86378,0,10.393763
2020,22.0,6.0,2.8423946,63.9406,0,10.23262
2020,22.0,6.25,2.6776502,63.15558,0,9.639541
2020,22.0,6.5,2.529952,65.73407,0,9.107827
2020,22.0,6.75,2.5995865,70.60007,0,9.358511
2020,22.0,7.0,2.7789161,73.308754,0,10.004098
2020,22.0,7.25,2.9429233,75.03236,0,10.594523
2020,22.0,7.5,3.0927942,76.80771,0,11.134059
2020,22.0,7.75,3.2938316,78.42642,0,11.857794
2020,22.0,8.0,3.5088234,75.24084,0,12.631763
2020,22.0,8.25,3.4788382,71.477135,0,12.523817
2020,22.0,8.5,3.2955658,71.35908,0,11.864037
2020,22.0,8.75,3.0857437,73.801056,0,11.108677
2020,22.0,9.0,2.9126718,75.93029,0,10.485619
2020,22.0,9.25,2.8065236,76.257835,0,10.103484
2020,22.0,9.5,2.7523477,70.54037,0,9.908451
2020,22.0,9.75,3.0228577,66.22387,0,10.882287
2020,22.0,10.0,3.1873548,61.794434,0,11.474477
2020,22.0,10.25,3.2953825,58.45453,0,11.863377
2020,22.0,10.5,3.3938591,56.57773,0,12.217893
2020,22.0,10.75,3.5051734,55.884357,0,12.618624
2020,22.0,11.0,3.687206,54.4958,0,13.273941
2020,22.0,11.25,3.8585737,54.080246,0,13.890865
2020,22.0,11.5,3.9852064,55.177563,0,14.346743
2020,22.0,11.75,4.1104846,55.312298,0,14.797744
2020,22.0,12.0,4.1259003,54.711872,0,14.853241
2020,21.75,-9.0,2.709816,101.42297,0,9.755338
2020,21.75,-8.75,2.7034824,73.43041,0,9.732536
2020,21.75,-8.5,2.7238343,75.96411,0,9.805803
2020,21.75,-8.25,2.7591593,77.87375,0,9.932973
2020,21.75,-8.0,2.7614987,78.66056,0,9.941395
2020,21.75,-7.75,2.7778971,79.175545,0,10.000429
2020,21.75,-7.5,2.7634304,79.224556,0,9.948349
2020,21.75,-7.25,2.7486105,108.98419,0,9.894998
2020,21.75,-7.0,2.7351925,108.31223,0,9.846693
2020,21.75,-6.75,2.7547615,107.195564,0,9.917141
2020,21.75,-6.5,2.8067846,106.436584,0,10.104424
2020,21.75,-6.25,2.8535373,105.800804,0,10.272734
2020,21.75,-6.0,2.883529,105.03445,0,10.380704
2020,21.75,-5.75,2.8605843,105.26939,0,10.298103
2020,21.75,-5.5,2.870547,76.9316,0,10.333969
2020,21.75,-5.25,2.9278758,79.08611,0,10.540353
2020,21.75,-5.0,2.9686353,80.03292,0,10.687087
2020,21.75,-4.75,2.911352,79.17843,0,10.480866
2020,21.75,-4.5,2.825793,79.14498,0,10.172854
2020,21.75,-4.25,2.7649944,79.83171,0,9.9539795
2020,21.75,-4.0,2.7175953,80.95898,0,9.783343
2020,21.75,-3.75,2.6324704,82.09794,0,9.476893
2020,21.75,-3.5,2.5113041,82.98922,0,9.040694
2020,21.75,-3.25,2.3770247,85.196625,0,8.557288
2020,21.75,-3.0,2.454833,58.022526,0,8.837399
2020,21.75,-2.75,2.548625,57.49618,0,9.17505
2020,21.75,-2.5,2.6111038,55.05405,0,9.399973
2020,21.75,-2.25,2.6216288,52.447556,0,9.437863
2020,21.75,-2.0,2.5910375,50.41548,0,9.327735
2020,21.75,-1.75,2.5423462,49.851482,0,9.152446
2020,21.75,-1.5,2.5342531,52.47388,0,9.123311
2020,21.75,-1.25,2.5437472,55.30788,0,9.15749
2020,21.75,-1.0,2.487345,56.291035,0,8.954442
2020,21.75,-0.75,2.4278615,58.25883,0,8.740301
2020,21.75,-0.5,2.407627,61.33133,0,8.667458
2020,21.75,-0.25,2.3969047,63.263447,0,8.628857
2020,21.75,0.0,2.2957976,64.55852,0,8.264871
2020,21.75,0.25,2.2216787,66.23085,0,7.998043
2020,21.75,0.5,2.1965785,68.040634,0,7.9076824
2020,21.75,0.75,2.2023156,69.56102,0,7.9283357
2020,21.75,1.0,2.2013075,71.00553,0,7.924707
2020,21.75,1.25,2.171159,72.862816,0,7.816172
2020,21.75,1.5,2.1443856,75.16187,0,7.719788
2020,21.75,1.75,2.1236827,77.3024,0,7.6452575
2020,21.75,2.0,2.0816042,79.66741,0,7.493775
2020,21.75,2.25,2.056549,82.05464,0,7.4035764
2020,21.75,2.5,2.0665207,84.22862,0,7.439474
2020,21.75,2.75,2.0830915,85.516426,0,7.4991293
2020,21.75,3.0,2.0834348,86.9226,0,7.5003653
2020,21.75,3.25,1.937653,89.11967,0,6.9755507
2020,21.75,3.5,1.9657488,92.287476,0,7.0766954
2020,21.75,3.75,2.148959,93.36454,0,7.736252
2020,21.75,4.0,2.3082612,93.14599,0,8.30974
2020,21.75,4.25,2.4285665,91.98275,0,8.742839
2020,21.75,4.5,2.5620964,89.26245,0,9.223547
2020,21.75,4.75,2.7749016,85.868286,0,9.989646
2020,21.75,5.0,2.8628483,80.90736,0,10.306253
2020,21.75,5.25,2.8715541,76.505714,0,10.337595
2020,21.75,5.5,2.9234846,72.73461,0,10.524544
2020,21.75,5.75,2.9750054,70.015526,0,10.710019
2020,21.75,6.0,2.9805424,67.65301,0,10.729953
2020,21.75,6.25,2.9502754,66.01821,0,10.620992
2020,21.75,6.5,2.8269758,66.8232,0,10.177113
2020,21.75,6.75,2.7510836,69.73228,0,9.903901
2020,21.75,7.0,2.8702662,71.02743,0,10.332958
2020,21.75,7.25,3.0623264,72.54223,0,11.024375
2020,21.75,7.5,3.255378,75.13485,0,11.71936
2020,21.75,7.75,3.4214041,77.477844,0,12.317055
2020,21.75,8.0,3.522763,77.44782,0,12.681947
2020,21.75,8.25,3.4994047,75.30209,0,12.5978565
2020,21.75,8.5,3.4079943,75.62895,0,12.268779
2020,21.75,8.75,3.3272865,77.607414,0,11.978231
2020,21.75,9.0,3.1460075,79.11471,0,11.325626
2020,21.75,9.25,2.8591058,76.692635,0,10.292781
2020,21.75,9.5,2.6474981,68.861046,0,9.530993
2020,21.75,9.75,2.846213,63.884815,0,10.2463665
2020,21.75,10.0,3.048031,59.55119,0,10.972912
2020,21.75,10.25,3.1769402,56.169376,0,11.436984
2020,21.75,10.5,3.2518623,54.390156,0,11.706704
2020,21.75,10.75,3.330775,53.830677,0,11.990789
2020,21.75,11.0,3.4224665,53.865295,0,12.320879
2020,21.75,11.25,3.5248792,54.067455,0,12.689565
2020,21.75,11.5,3.7582464,55.34314,0,13.529687
2020,21.75,11.75,3.9026582,57.462093,0,14.049569
2020,21.75,12.0,3.9685698,57.778637,0,14.286851
2020,21.5,-9.0,2.720948,70.831764,0,9.795412
2020,21.5,-8.75,2.7276554,102.24854,0,9.819559
2020,21.5,-8.5,2.7532933,74.47404,0,9.911856
2020,21.5,-8.25,2.7922573,77.78934,0,10.052126
2020,21.5,-8.0,2.8082993,79.53189,0,10.109878
2020,21.5,-7.75,2.819748,80.08022,0,10.151093
2020,21.5,-7.5,2.8173199,80.35539,0,10.142351
2020,21.5,-7.25,2.789222,80.226036,0,10.041199
2020,21.5,-7.0,2.7487,109.8197,0,9.895319
2020,21.5,-6.75,2.7272387,109.39471,0,9.818059
2020,21.5,-6.5,2.7547028,109.208855,0,9.91693
2020,21.5,-6.25,2.7654705,109.128624,0,9.955693
2020,21.5,-6.0,2.752157,108.83549,0,9.907764
2020,21.5,-5.75,2.7059853,109.444885,0,9.741547
2020,21.5,-5.5,2.711819,81.25265,0,9.7625475
2020,21.5,-5.25,2.7839363,83.11332,0,10.02217
2020,21.5,-5.0,2.8503249,83.55294,0,10.261169
2020,21.5,-4.75,2.8420637,82.77686,0,10.231429
2020,21.5,-4.5,2.8162928,82.542854,0,10.138654
2020,21.5,-4.25,2.7869136,82.78935,0,10.032888
2020,21.5,-4.0,2.7564404,83.77231,0,9.923185
2020,21.5,-3.75,2.720075,85.02326,0,9.79227
2020,21.5,-3.5,2.6590514,86.11624,0,9.572585
2020,21.5,-3.25,2.5401282,57.53274,0,9.144462
2020,21.5,-3.0,2.5198708,58.84311,0,9.071534
2020,21.5,-2.75,2.5545566,57.94516,0,9.1964035
2020,21.5,-2.5,2.5899818,56.222324,0,9.323935
2020,21.5,-2.25,2.6146615,54.52702,0,9.412781
2020,21.5,-2.0,2.607859,53.402283,0,9.388291
2020,21.5,-1.75,2.5494087,53.35878,0,9.177871
2020,21.5,-1.5,2.5287702,56.25589,0,9.103573
2020,21.5,-1.25,2.562679,58.439342,0,9.225644
2020,21.5,-1.0,2.5000403,58.89922,0,9.000145
2020,21.5,-0.75,2.4235806,60.86722,0,8.72489
2020,21.5,-0.5,2.4082897,64.33148,0,8.669843
2020,21.5,-0.25,2.448564,66.75636,0,8.814831
2020,21.5,0.0,2.391351,67.2289,0,8.608863
2020,21.5,0.25,2.270434,69.22602,0,8.173562
2020,21.5,0.5,2.2098045,71.132484,0,7.955296
2020,21.5,0.75,2.2105792,72.45037,0,7.9580846
2020,21.5,1.0,2.2333276,73.547905,0,8.039979
2020,21.5,1.25,2.2426517,75.06242,0,8.073545
2020,21.5,1.5,2.2315352,77.42377,0,8.033526
2020,21.5,1.75,2.2204676,80.08544,0,7.993683
2020,21.5,2.0,2.1846652,82.76945,0,7.8647947
2020,21.5,2.25,2.1548283,85.16534,0,7.757382
2020,21.5,2.5,2.13601,86.81726,0,7.6896358
2020,21.5,2.75,2.1173084,87.16894,0,7.62231
2020,21.5,3.0,2.0747516,85.90485,0,7.4691057
2020,21.5,3.25,1.9482096,84.25094,0,7.0135546
2020,21.5,3.5,1.9880403,86.84003,0,7.156945
2020,21.5,3.75,2.2113285,89.62421,0,7.9607825
2020,21.5,4.0,2.3699057,89.31119,0,8.53166
2020,21.5,4.25,2.4180071,86.675316,0,8.704825
2020,21.5,4.5,2.469731,83.07702,0,8.891031
2020,21.5,4.75,2.6780002,80.07021,0,9.6408
2020,21.5,5.0,2.801611,76.45605,0,10.085799
2020,21.5,5.25,2.8246126,73.624306,0,10.168605
2020,21.5,5.5,2.8953714,71.30088,0,10.423337
2020,21.5,5.75,2.9571583,68.835205,0,10.64577
2020,21.5,6.0,2.9558153,66.484764,0,10.640935
2020,21.5,6.25,2.902138,65.8034,0,10.447697
2020,21.5,6.5,2.8266032,68.02769,0,10.175771
2020,21.5,6.75,2.7827928,68.38497,0,10.018054
2020,21.5,7.0,2.874932,68.91692,0,10.349755
2020,21.5,7.25,3.0525424,71.5599,0,10.989153
2020,21.5,7.5,3.2610786,75.31956,0,11.739882
2020,21.5,7.75,3.4279306,78.24185,0,12.340549
2020,21.5,8.0,3.4316971,79.55212,0,12.35411
2020,21.5,8.25,3.3833973,78.66952,0,12.18023
2020,21.5,8.5,3.4401417,78.67059,0,12.38451
2020,21.5,8.75,3.4407291,79.09702,0,12.386624
2020,21.5,9.0,3.2816288,78.38449,0,11.813864
2020,21.5,9.25,2.962464,74.965675,0,10.66487
2020,21.5,9.5,2.6179824,68.020325,0,9.424736
2020,21.5,9.75,2.657676,60.71252,0,9.567634
2020,21.5,10.0,2.8712575,57.050568,0,10.336527
2020,21.5,10.25,3.013685,54.937397,0,10.849266
2020,21.5,10.5,3.0741866,53.492916,0,11.067071
2020,21.5,10.75,3.1153753,52.732113,0,11.215351
2020,21.5,11.0,3.1936882,52.819668,0,11.497277
2020,21.5,11.25,3.2576761,53.499653,0,11.727633
2020,21.5,11.5,3.4608707,55.38545,0,12.459134
2020,21.5,11.75,3.619173,57.962223,0,13.029022
2020,21.5,12.0,3.7660084,58.730923,0,13.55763
2020,21.25,-9.0,2.764785,71.23149,0,9.953226
2020,21.25,-8.75,2.7694118,71.17978,0,9.969882
2020,21.25,-8.5,2.7702668,71.675865,0,9.97296
2020,21.25,-8.25,2.8052156,46.00423,0,10.098776
2020,21.25,-8.0,2.84187,81.02775,0,10.230732
2020,21.25,-7.75,2.851372,82.233696,0,10.264939
2020,21.25,-7.5,2.862943,82.8033,0,10.306594
2020,21.25,-7.25,2.8461726,82.87613,0,10.246221
2020,21.25,-7.0,2.8040476,82.7886,0,10.094571
2020,21.25,-6.75,2.7573116,113.06257,0,9.926321
2020,21.25,-6.5,2.743274,113.28428,0,9.875786
2020,21.25,-6.25,2.7360566,113.269615,0,9.849803
2020,21.25,-6.0,2.7118149,113.56118,0,9.762533
2020,21.25,-5.75,2.6541133,114.45574,0,9.554808
2020,21.25,-5.5,2.6298885,86.15192,0,9.467599
2020,21.25,-5.25,2.6724226,87.59687,0,9.620721
2020,21.25,-5.0,2.7061374,87.62393,0,9.742094
2020,21.25,-4.75,2.7070758,87.01013,0,9.745473
2020,21.25,-4.5,2.7074358,86.90289,0,9.746769
2020,21.25,-4.25,2.7221715,86.973,0,9.799817
2020,21.25,-4.0,2.714731,87.536255,0,9.773031
2020,21.25,-3.75,2.7032983,58.15034,0,9.7318735
2020,21.25,-3.5,2.670887,58.927624,0,9.615193
2020,21.25,-3.25,2.6417086,59.243107,0,9.510151
2020,21.25,-3.0,2.614218,59.494312,0,9.411184
2020,21.25,-2.75,2.5894501,58.983612,0,9.322021
2020,21.25,-2.5,2.561653,58.55894,0,9.221951
2020,21.25,-2.25,2.5607507,57.936687,0,9.218702
2020,21.25,-2.0,2.5563273,57.568134,0,9.202778
2020,21.25,-1.75,2.5315115,57.7393,0,9.113441
2020,21.25,-1.5,2.5345922,59.71112,0,9.124532
2020,21.25,-1.25,2.5953963,60.723682,0,9.343427
2020,21.25,-1.0,2.5634677,61.121204,0,9.228483
2020,21.25,-0.75,2.502602,62.72182,0,9.009367
2020,21.25,-0.5,2.4797475,65.562744,0,8.927091
2020,21.25,-0.25,2.5127943,67.62668,0,9.046059
2020,21.25,0.0,2.507901,68.7691,0,9.028443
2020,21.25,0.25,2.4281328,70.88599,0,8.741278
2020,21.25,0.5,2.3255918,71.43095,0,8.37213
2020,21.25,0.75,2.266081,72.05035,0,8.157891
2020,21.25,1.0,2.2727938,73.66193,0,8.182057
2020,21.25,1.25,2.3099701,76.48051,0,8.315892
2020,21.25,1.5,2.3127437,79.58541,0,8.325877
2020,21.25,1.75,2.3024466,82.41398,0,8.288808
2020,21.25,2.0,2.2966228,84.66983,0,8.267841
2020,21.25,2.25,2.259309,86.539795,0,8.1335125
2020,21.25,2.5,2.183867,87.42202,0,7.861921
2020,21.25,2.75,2.1216552,87.36668,0,7.6379585
2020,21.25,3.0,2.1096528,85.830475,0,7.59475
2020,21.25,3.25,2.1649451,82.50187,0,7.7938023
2020,21.25,3.5,2.2346933,84.90342,0,8.044895
2020,21.25,3.75,2.3467996,87.8873,0,8.448479
2020,21.25,4.0,2.4192781,86.20212,0,8.709401
2020,21.25,4.25,2.389922,80.17145,0,8.603719
2020,21.25,4.5,2.4170938,75.03147,0,8.701537
2020,21.25,4.75,2.6307306,73.99331,0,9.47063
2020,21.25,5.0,2.786021,73.45685,0,10.0296755
2020,21.25,5.25,2.77662,70.83429,0,9.9958315
2020,21.25,5.5,2.8040211,68.93708,0,10.094476
2020,21.25,5.75,2.8647258,66.808304,0,10.313013
2020,21.25,6.0,2.9106731,65.13782,0,10.478423
2020,21.25,6.25,2.9147627,65.19114,0,10.493146
2020,21.25,6.5,2.9899733,66.286354,0,10.763904
2020,21.25,6.75,2.9957607,64.58277,0,10.784739
2020,21.25,7.0,3.0135896,65.841,0,10.848923
2020,21.25,7.25,3.0809314,70.619774,0,11.091352
2020,21.25,7.5,3.2431762,75.70746,0,11.675434
2020,21.25,7.75,3.3986442,78.739784,0,12.235119
2020,21.25,8.0,3.4411309,79.52602,0,12.388071
2020,21.25,8.25,3.34702,79.204956,0,12.049272
2020,21.25,8.5,3.3878186,79.646965,0,12.196147
2020,21.25,8.75,3.4415,79.33442,0,12.3894
2020,21.25,9.0,3.3652925,77.31289,0,12.115053
2020,21.25,9.25,3.067795,73.455734,0,11.044062
2020,21.25,9.5,2.6363008,66.85578,0,9.490683
2020,21.25,9.75,2.4910622,57.17523,0,8.967824
2020,21.25,10.0,2.6507356,55.03336,0,9.542648
2020,21.25,10.25,2.8157547,54.190212,0,10.136717
2020,21.25,10.5,2.890455,53.26668,0,10.405638
2020,21.25,10.75,2.8938525,52.841644,0,10.417869
2020,21.25,11.0,2.9223108,53.096546,0,10.520319
2020,21.25,11.25,3.0004804,54.25139,0,10.801729
2020,21.25,11.5,3.0795214,55.697674,0,11.086277
2020,21.25,11.75,3.255679,57.374836,0,11.720444
2020,21.25,12.0,3.4844046,57.31131,0,12.543856
2020,21.0,-9.0,2.8456266,72.22733,0,10.244255
2020,21.0,-8.75,2.8260868,71.785614,0,10.173912
2020,21.0,-8.5,2.8104866,71.68759,0,10.117751
2020,21.0,-8.25,2.8214743,70.81028,0,10.157308
2020,21.0,-8.0,2.8178856,92.78208,0,10.144388
2020,21.0,-7.75,2.8283596,57.780872,0,10.182095
2020,21.0,-7.5,2.8310254,57.410885,0,10.191691
2020,21.0,-7.25,2.82693,57.1654,0,10.176948
2020,21.0,-7.0,2.819004,56.921276,0,10.148415
2020,21.0,-6.75,2.7909489,86.918816,0,10.047416
2020,21.0,-6.5,2.726216,117.05196,0,9.814378
2020,21.0,-6.25,2.6966207,117.66099,0,9.707834
2020,21.0,-6.0,2.6804054,118.30425,0,9.649459
2020,21.0,-5.75,2.6448119,89.15543,0,9.521322
2020,21.0,-5.5,2.6256747,90.50629,0,9.452429
2020,21.0,-5.25,2.6422863,91.33428,0,9.512231
2020,21.0,-5.0,2.6675441,91.473206,0,9.603159
2020,21.0,-4.75,2.6680453,91.31254,0,9.604962
2020,21.0,-4.5,2.651695,91.206696,0,9.546102
2020,21.0,-4.25,2.6649601,91.39639,0,9.593856
2020,21.0,-4.0,2.689924,91.47076,0,9.683726
2020,21.0,-3.75,2.6966026,61.701767,0,9.707769
2020,21.0,-3.5,2.7040377,61.73181,0,9.734535
2020,21.0,-3.25,2.6869307,61.844517,0,9.67295
2020,21.0,-3.0,2.6684291,62.256145,0,9.606344
2020,21.0,-2.75,2.6347053,61.90355,0,9.484939
2020,21.0,-2.5,2.6061132,61.687237,0,9.382008
2020,21.0,-2.25,2.572982,61.417515,0,9.262735
2020,21.0,-2.0,2.5497754,61.077892,0,9.179191
2020,21.0,-1.75,2.5109644,60.87743,0,9.039472
2020,21.0,-1.5,2.4930763,62.36687,0,8.975075
2020,21.0,-1.25,2.557053,63.12138,0,9.205391
2020,21.0,-1.0,2.5729036,63.082165,0,9.262453
2020,21.0,-0.75,2.5338743,64.33713,0,9.121947
2020,21.0,-0.5,2.5299497,66.2359,0,9.107819
2020,21.0,-0.25,2.5601938,68.21067,0,9.216698
2020,21.0,0.0,2.585977,70.658745,0,9.309517
2020,21.0,0.25,2.546559,71.942,0,9.167612
2020,21.0,0.5,2.4327145,70.619385,0,8.7577715
2020,21.0,0.75,2.3545983,71.43743,0,8.476554
2020,21.0,1.0,2.3293543,74.63403,0,8.385675
2020,21.0,1.25,2.370007,78.325745,0,8.532025
2020,21.0,1.5,2.3789542,81.62093,0,8.564235
2020,21.0,1.75,2.372223,83.44079,0,8.540002
2020,21.0,2.0,2.3663108,84.887634,0,8.518719
2020,21.0,2.25,2.3330564,85.52017,0,8.399003
2020,21.0,2.5,2.2587795,86.02166,0,8.131606
2020,21.0,2.75,2.1583803,85.89667,0,7.770169
2020,21.0,3.0,2.1059551,85.17983,0,7.581438
2020,21.0,3.25,2.163663,84.40342,0,7.7891865
2020,21.0,3.5,2.3565984,84.80622,0,8.483754
2020,21.0,3.75,2.451471,84.686584,0,8.825295
2020,21.0,4.0,2.3882053,78.73991,0,8.597539
2020,21.0,4.25,2.3397162,72.031006,0,8.422978
2020,21.0,4.5,2.3888223,69.26087,0,8.59976
2020,21.0,4.75,2.6457398,71.06674,0,9.524663
2020,21.0,5.0,2.8027725,71.655876,0,10.089981
2020,21.0,5.25,2.7602444,68.81368,0,9.936879
2020,21.0,5.5,2.7702944,66.9882,0,9.97306
2020,21.0,5.75,2.802354,65.32623,0,10.088474
2020,21.0,6.0,2.8493583,63.70642,0,10.257689
2020,21.0,6.25,2.9663227,63.804607,0,10.6787615
2020,21.0,6.5,3.1474838,63.823376,0,11.330941
2020,21.0,6.75,3.1560981,63.162354,0,11.361953
2020,21.0,7.0,3.0986354,66.43745,0,11.155087
2020,21.0,7.25,3.1349423,71.37566,0,11.285792
2020,21.0,7.5,3.2221649,76.546585,0,11.599793
2020,21.0,7.75,3.3445494,79.58317,0,12.040378
2020,21.0,8.0,3.4473019,80.9174,0,12.410286
2020,21.0,8.25,3.361348,83.732666,0,12.100852
2020,21.0,8.5,3.3217795,86.16376,0,11.9584055
2020,21.0,8.75,3.287141,87.329765,0,11.833708
2020,21.0,9.0,3.1853225,84.874504,0,11.467161
2020,21.0,9.25,2.918868,77.382195,0,10.507925
2020,21.0,9.5,2.5389063,66.534775,0,9.140062
2020,21.0,9.75,2.3701227,52.599964,0,8.532441
2020,21.0,10.0,2.4224298,52.62636,0,8.720747
2020,21.0,10.25,2.5707843,52.96803,0,9.254824
2020,21.0,10.5,2.681222,53.381985,0,9.652399
2020,21.0,10.75,2.7165334,53.328526,0,9.77952
2020,21.0,11.0,2.6905231,53.841564,0,9.6858835
2020,21.0,11.25,2.7365944,54.867382,0,9.85174
2020,21.0,11.5,2.8141243,56.773956,0,10.130847
2020,21.0,11.75,2.9703925,58.26642,0,10.693413
2020,21.0,12.0,3.1985233,58.066853,0,11.514684
2020,20.75,-9.0,2.9178174,74.01156,0,10.504142
2020,20.75,-8.75,2.8937635,73.38269,0,10.417548
2020,20.75,-8.5,2.8856003,73.03382,0,10.388161
2020,20.75,-8.25,2.859822,71.51891,0,10.295359
2020,20.75,-8.0,2.8346012,68.10345,0,10.204564
2020,20.75,-7.75,2.8317773,64.2814,0,10.194398
2020,20.75,-7.5,2.8382912,62.35905,0,10.217848
2020,20.75,-7.25,2.8216944,61.61253,0,10.158099
2020,20.75,-7.0,2.822615,61.427517,0,10.161413
2020,20.75,-6.75,2.8008559,60.904797,0,10.083081
2020,20.75,-6.5,2.730655,61.145435,0,9.830358
2020,20.75,-6.25,2.680517,62.156025,0,9.64986
2020,20.75,-6.0,2.6566756,93.2046,0,9.564032
2020,20.75,-5.75,2.6285098,93.88562,0,9.462635
2020,20.75,-5.5,2.6079118,94.13681,0,9.388482
2020,20.75,-5.25,2.6088145,94.687805,0,9.391732
2020,20.75,-5.0,2.619675,94.808846,0,9.430829
2020,20.75,-4.75,2.621137,94.941414,0,9.436092
2020,20.75,-4.5,2.6153872,95.02301,0,9.415394
2020,20.75,-4.25,2.6243947,95.197395,0,9.447821
2020,20.75,-4.0,2.6447313,95.36094,0,9.521032
2020,20.75,-3.75,2.686495,65.165,0,9.671382
2020,20.75,-3.5,2.7084954,65.11288,0,9.750583
2020,20.75,-3.25,2.7137668,65.030876,0,9.76956
2020,20.75,-3.0,2.7113876,65.00819,0,9.760995
2020,20.75,-2.75,2.692877,64.52538,0,9.694357
2020,20.75,-2.5,2.6785004,64.04391,0,9.642601
2020,20.75,-2.25,2.6598203,63.656494,0,9.575353
2020,20.75,-2.0,2.618984,63.330067,0,9.428342
2020,20.75,-1.75,2.5576959,63.45996,0,9.207705
2020,20.75,-1.5,2.5219195,64.28336,0,9.07891
2020,20.75,-1.25,2.5553663,64.72793,0,9.199318
2020,20.75,-1.0,2.5712888,64.60589,0,9.2566395
2020,20.75,-0.75,2.5528917,65.31262,0,9.19041
2020,20.75,-0.5,2.5593922,67.33193,0,9.213812
2020,20.75,-0.25,2.5958478,70.003365,0,9.345052
2020,20.75,0.0,2.6282492,71.908264,0,9.461697
2020,20.75,0.25,2.6086485,71.49896,0,9.391134
2020,20.75,0.5,2.4992352,70.68881,0,8.997247
2020,20.75,0.75,2.40623,72.64254,0,8.662428
2020,20.75,1.0,2.3971493,76.27792,0,8.629737
2020,20.75,1.25,2.436695,79.825806,0,8.772102
2020,20.75,1.5,2.4457064,82.199425,0,8.804543
2020,20.75,1.75,2.4379985,83.24484,0,8.776794
2020,20.75,2.0,2.4314759,83.81463,0,8.753313
2020,20.75,2.25,2.3677208,84.59901,0,8.523795
2020,20.75,2.5,2.2973535,85.33667,0,8.270473
2020,20.75,2.75,2.2237906,84.3859,0,8.005646
2020,20.75,3.0,2.1528172,83.94174,0,7.750142
2020,20.75,3.25,2.1854563,84.0543,0,7.8676424
2020,20.75,3.5,2.3417795,83.72938,0,8.430406
2020,20.75,3.75,2.487037,80.26887,0,8.953333
2020,20.75,4.0,2.4482448,71.932045,0,8.813681
2020,20.75,4.25,2.3083327,65.242546,0,8.309998
2020,20.75,4.5,2.393271,66.693924,0,8.615775
2020,20.75,4.75,2.681902,71.20141,0,9.654847
2020,20.75,5.0,2.8151677,71.24155,0,10.1346035
2020,20.75,5.25,2.773732,68.176704,0,9.985435
2020,20.75,5.5,2.7542822,65.84805,0,9.915416
2020,20.75,5.75,2.7764885,63.329563,0,9.995358
2020,20.75,6.0,2.835388,61.403454,0,10.2073965
2020,20.75,6.25,2.9425604,61.43812,0,10.593217
2020,20.75,6.5,3.115966,62.003483,0,11.217478
2020,20.75,6.75,3.1468804,63.099518,0,11.328769
2020,20.75,7.0,3.1294663,67.131996,0,11.266078
2020,20.75,7.25,3.1908512,72.35868,0,11.487064
2020,20.75,7.5,3.278515,77.756485,0,11.802654
2020,20.75,7.75,3.3427553,81.445625,0,12.033918
2020,20.75,8.0,3.4027183,84.52116,0,12.249785
2020,20.75,8.25,3.400583,89.13702,0,12.242099
2020,20.75,8.5,3.4098847,95.11718,0,12.275584
2020,20.75,8.75,3.2887166,98.85848,0,11.839379
2020,20.75,9.0,2.922775,95.16552,0,10.52199
2020,20.75,9.25,2.5871232,83.94201,0,9.313643
2020,20.75,9.5,2.2825117,72.05295,0,8.217042
2020,20.75,9.75,2.1533206,81.244774,0,7.7519536
2020,20.75,10.0,2.216591,80.226234,0,7.979727
2020,20.75,10.25,2.3460827,51.02069,0,8.445897
2020,20.75,10.5,2.4504726,52.036907,0,8.821701
2020,20.75,10.75,2.531081,53.56772,0,9.111891
2020,20.75,11.0,2.5281909,54.517345,0,9.101487
2020,20.75,11.25,2.5510263,55.288403,0,9.183695
2020,20.75,11.5,2.6415913,57.4828,0,9.509728
2020,20.75,11.75,2.7612724,59.61735,0,9.94058
2020,20.75,12.0,2.972023,60.135395,0,10.699283
2020,20.5,-9.0,3.0106647,76.56129,0,10.838392
2020,20.5,-8.75,2.9892514,75.376595,0,10.761305
2020,20.5,-8.5,3.0031736,74.30352,0,10.811424
2020,20.5,-8.25,2.9596803,72.94758,0,10.654849
2020,20.5,-8.0,2.8999271,70.65961,0,10.439737
2020,20.5,-7.75,2.8958127,68.10671,0,10.424926
2020,20.5,-7.5,2.8800697,66.90502,0,10.368251
2020,20.5,-7.25,2.8674386,66.2004,0,10.322779
2020,20.5,-7.0,2.8487513,65.30881,0,10.255505
2020,20.5,-6.75,2.8252394,64.45027,0,10.170861
2020,20.5,-6.5,2.7862303,65.00253,0,10.030429
2020,20.5,-6.25,2.7149012,65.85962,0,9.773644
2020,20.5,-6.0,2.6775227,66.764435,0,9.639081
2020,20.5,-5.75,2.6441395,66.9765,0,9.518902
2020,20.5,-5.5,2.624213,97.23859,0,9.447166
2020,20.5,-5.25,2.6136315,97.4069,0,9.409073
2020,20.5,-5.0,2.6130111,97.440346,0,9.406839
2020,20.5,-4.75,2.6180532,127.50141,0,9.424992
2020,20.5,-4.5,2.6185002,127.65024,0,9.4266
2020,20.5,-4.25,2.6221983,97.82777,0,9.439914
2020,20.5,-4.0,2.6269891,98.14019,0,9.457161
2020,20.5,-3.75,2.663204,68.032196,0,9.587534
2020,20.5,-3.5,2.7021542,67.73815,0,9.727755
2020,20.5,-3.25,2.719504,67.63174,0,9.790215
2020,20.5,-3.0,2.743373,67.22976,0,9.8761425
2020,20.5,-2.75,2.7392638,66.60885,0,9.861349
2020,20.5,-2.5,2.7291868,65.94338,0,9.825072
2020,20.5,-2.25,2.7178366,65.2977,0,9.784211
2020,20.5,-2.0,2.6973238,65.22845,0,9.710365
2020,20.5,-1.75,2.6599162,65.783714,0,9.575698
2020,20.5,-1.5,2.6062171,65.875336,0,9.382381
2020,20.5,-1.25,2.5851355,65.34855,0,9.306487
2020,20.5,-1.0,2.6008344,65.46148,0,9.363004
2020,20.5,-0.75,2.5890338,66.948555,0,9.320521
2020,20.5,-0.5,2.5864093,69.15449,0,9.311073
2020,20.5,-0.25,2.617142,71.622795,0,9.421711
2020,20.5,0.0,2.6606977,72.825096,0,9.578511
2020,20.5,0.25,2.6254258,71.52677,0,9.451532
2020,20.5,0.5,2.5494273,71.37866,0,9.1779375
2020,20.5,0.75,2.4840257,73.8925,0,8.9424925
2020,20.5,1.0,2.512187,77.12954,0,9.043873
2020,20.5,1.25,2.5545752,80.567604,0,9.19647
2020,20.5,1.5,2.5205667,81.24851,0,9.074039
2020,20.5,1.75,2.5045822,81.73542,0,9.016496
2020,20.5,2.0,2.5142868,82.47909,0,9.051432
2020,20.5,2.25,2.455345,83.01723,0,8.839241
2020,20.5,2.5,2.3470669,83.36458,0,8.449441
2020,20.5,2.75,2.2660487,81.419426,0,8.157775
2020,20.5,3.0,2.2442317,79.74018,0,8.079234
2020,20.5,3.25,2.3164854,77.531136,0,8.339347
2020,20.5,3.5,2.4589899,76.96293,0,8.852364
2020,20.5,3.75,2.484901,73.34121,0,8.945643
2020,20.5,4.0,2.4589365,66.277275,0,8.852171
2020,20.5,4.25,2.3329914,62.74803,0,8.398768
2020,20.5,4.5,2.4233234,66.667274,0,8.723964
2020,20.5,4.75,2.7155168,71.02139,0,9.77586
2020,20.5,5.0,2.819124,69.496544,0,10.148846
2020,20.5,5.25,2.7833128,66.64813,0,10.019926
2020,20.5,5.5,2.7721832,64.147766,0,9.979859
2020,20.5,5.75,2.7980487,61.35709,0,10.072975
2020,20.5,6.0,2.7847912,59.54414,0,10.025249
2020,20.5,6.25,2.8598144,58.98357,0,10.295332
2020,20.5,6.5,3.0005052,60.704834,0,10.801819
2020,20.5,6.75,3.0860977,63.381207,0,11.109951
2020,20.5,7.0,3.1151295,67.45714,0,11.214466
2020,20.5,7.25,3.1775992,71.83576,0,11.439357
2020,20.5,7.5,3.2575893,76.44796,0,11.727322
2020,20.5,7.75,3.2446306,79.96132,0,11.68067
2020,20.5,8.0,3.2656221,84.41648,0,11.756239
2020,20.5,8.25,3.3388805,92.56461,0,12.01997
2020,20.5,8.5,3.3703535,99.91632,0,12.133272
2020,20.5,8.75,3.0842116,106.57748,0,11.103162
2020,20.5,9.0,2.53747,103.11106,0,9.134892
2020,20.5,9.25,2.140982,87.66742,0,7.707535
2020,20.5,9.5,2.0530155,74.31345,0,7.3908553
2020,20.5,9.75,1.9619004,79.63163,0,7.062841
2020,20.5,10.0,1.997274,76.98621,0,7.1901865
2020,20.5,10.25,2.119558,78.54288,0,7.630409
2020,20.5,10.5,2.2511258,50.91479,0,8.104053
2020,20.5,10.75,2.344865,52.874706,0,8.441514
2020,20.5,11.0,2.3915129,54.642834,0,8.609447
2020,20.5,11.25,2.4215105,55.753338,0,8.717438
2020,20.5,11.5,2.520489,57.883636,0,9.07376
2020,20.5,11.75,2.6636403,60.373825,0,9.589105
2020,20.5,12.0,2.8514006,61.228138,0,10.265042
2020,20.25,-9.0,3.106601,78.67271,0,11.1837635
2020,20.25,-8.75,3.0435467,76.78701,0,10.956768
2020,20.25,-8.5,3.050547,75.68806,0,10.981969
2020,20.25,-8.25,3.057872,74.95045,0,11.008339
2020,20.25,-8.0,2.9994462,73.296196,0,10.798006
2020,20.25,-7.75,2.945013,71.83743,0,10.602047
2020,20.25,-7.5,2.9257457,70.84228,0,10.532684
2020,20.25,-7.25,2.9106276,69.970825,0,10.478259
2020,20.25,-7.0,2.8689654,68.69137,0,10.328275
2020,20.25,-6.75,2.8221598,67.72884,0,10.159775
2020,20.25,-6.5,2.8516436,68.60134,0,10.265917
2020,20.25,-6.25,2.7930634,69.141396,0,10.055028
2020,20.25,-6.0,2.7418969,69.070854,0,9.870829
2020,20.25,-5.75,2.7089612,69.301,0,9.75226
2020,20.25,-5.5,2.6841047,69.31727,0,9.662777
2020,20.25,-5.25,2.6734183,69.55971,0,9.624306
2020,20.25,-5.0,2.6558216,99.46464,0,9.560957
2020,20.25,-4.75,2.6572998,99.49738,0,9.566278
2020,20.25,-4.5,2.6605651,99.780304,0,9.578034
2020,20.25,-4.25,2.6640575,70.013374,0,9.590607
2020,20.25,-4.0,2.6667118,70.31217,0,9.6001625
2020,20.25,-3.75,2.6737795,70.198296,0,9.625606
2020,20.25,-3.5,2.711703,69.876884,0,9.762131
2020,20.25,-3.25,2.7436607,69.56919,0,9.877178
2020,20.25,-3.0,2.7672546,69.11091,0,9.962116
2020,20.25,-2.75,2.7719324,68.61491,0,9.978956
2020,20.25,-2.5,2.7590227,67.866844,0,9.932482
2020,20.25,-2.25,2.734848,67.12848,0,9.845452
2020,20.25,-2.0,2.7469394,67.65344,0,9.888982
2020,20.25,-1.75,2.741443,68.39741,0,9.869194
2020,20.25,-1.5,2.6867857,67.21403,0,9.672428
2020,20.25,-1.25,2.666055,66.74427,0,9.597797
2020,20.25,-1.0,2.6583512,68.308624,0,9.570064
2020,20.25,-0.75,2.6515486,69.90029,0,9.545575
2020,20.25,-0.5,2.6040096,71.853676,0,9.374434
2020,20.25,-0.25,2.6167495,74.03452,0,9.420298
2020,20.25,0.0,2.6609862,74.15335,0,9.57955
2020,20.25,0.25,2.5957613,72.01971,0,9.344741
2020,20.25,0.5,2.55772,72.38883,0,9.207791
2020,20.25,0.75,2.6170912,75.28458,0,9.421528
2020,20.25,1.0,2.65665,78.432884,0,9.56394
2020,20.25,1.25,2.640856,80.09606,0,9.507081
2020,20.25,1.5,2.6091435,80.740005,0,9.392917
2020,20.25,1.75,2.5903177,80.761536,0,9.325144
2020,20.25,2.0,2.6140172,81.47224,0,9.410461
2020,20.25,2.25,2.5964408,80.96868,0,9.347187
2020,20.25,2.5,2.4557304,79.15577,0,8.84063
2020,20.25,2.75,2.3505752,76.42693,0,8.46207
2020,20.25,3.0,2.3485267,73.28597,0,8.454696
2020,20.25,3.25,2.4330215,71.50831,0,8.758878
2020,20.25,3.5,2.5313504,70.00565,0,9.112861
2020,20.25,3.75,2.5825398,66.78445,0,9.297143
2020,20.25,4.0,2.5377162,64.67509,0,9.135777
2020,20.25,4.25,2.4247947,62.96117,0,8.72926
2020,20.25,4.5,2.4776995,67.45981,0,8.919718
2020,20.25,4.75,2.7277527,70.00976,0,9.819909
2020,20.25,5.0,2.8230333,68.32506,0,10.16292
2020,20.25,5.25,2.7994602,66.11831,0,10.078056
2020,20.25,5.5,2.79208,64.12988,0,10.051488
2020,20.25,5.75,2.7874937,62.128292,0,10.034977
2020,20.25,6.0,2.7768414,60.167255,0,9.996629
2020,20.25,6.25,2.7331278,59.74293,0,9.83926
2020,20.25,6.5,2.83679,61.346714,0,10.212444
2020,20.25,6.75,2.9407208,64.7553,0,10.586595
2020,20.25,7.0,3.0047743,67.82882,0,10.817187
2020,20.25,7.25,3.0411513,71.57661,0,10.948144
2020,20.25,7.5,3.0291557,74.028984,0,10.904961
2020,20.25,7.75,3.0076897,77.69057,0,10.8276825
2020,20.25,8.0,3.0135562,83.348,0,10.848803
2020,20.25,8.25,3.0849073,92.13361,0,11.105666
2020,20.25,8.5,2.8992863,97.25821,0,10.43743
2020,20.25,8.75,2.5130355,104.50878,0,9.046927
2020,20.25,9.0,1.9753307,98.96796,0,7.1111903
2020,20.25,9.25,1.7760863,83.29192,0,6.3939104
2020,20.25,9.5,1.8015404,68.953545,0,6.485545
2020,20.25,9.75,1.8458447,50.53536,0,6.645041
2020,20.25,10.0,1.8891315,75.80949,0,6.8008733
2020,20.25,10.25,1.9341015,75.70784,0,6.962765
2020,20.25,10.5,2.0597193,48.71524,0,7.4149895
2020,20.25,10.75,2.178309,51.38806,0,7.8419123
2020,20.25,11.0,2.255929,53.86553,0,8.121345
2020,20.25,11.25,2.334965,55.946552,0,8.405873
2020,20.25,11.5,2.4233065,58.144302,0,8.723903
2020,20.25,11.75,2.574812,60.96931,0,9.269322
2020,20.25,12.0,2.7262585,62.583324,0,9.81453
2020,20.0,-9.0,3.1741188,80.45861,0,11.426827
2020,20.0,-8.75,3.049682,78.393166,0,10.978854
2020,20.0,-8.5,3.0043595,77.71119,0,10.815694
2020,20.0,-8.25,3.0453055,77.438515,0,10.9630995
2020,20.0,-8.0,3.0654795,76.32726,0,11.035726
2020,20.0,-7.75,3.009653,75.26418,0,10.834751
2020,20.0,-7.5,2.9805222,74.31387,0,10.729879
2020,20.0,-7.25,2.9649146,73.44619,0,10.673692
2020,20.0,-7.0,2.879707,71.90058,0,10.366945
2020,20.0,-6.75,2.8079205,71.059906,0,10.108514
2020,20.0,-6.5,2.862686,71.90034,0,10.305669
2020,20.0,-6.25,2.876052,71.89551,0,10.353786
2020,20.0,-6.0,2.8234644,71.70776,0,10.164472
2020,20.0,-5.75,2.791373,71.431755,0,10.048943
2020,20.0,-5.5,2.7664096,71.58526,0,9.959074
2020,20.0,-5.25,2.757762,71.22126,0,9.927943
2020,20.0,-5.0,2.734854,71.207115,0,9.845474
2020,20.0,-4.75,2.7247066,101.15777,0,9.808944
2020,20.0,-4.5,2.7285073,71.51001,0,9.822626
2020,20.0,-4.25,2.7357767,71.80861,0,9.848796
2020,20.0,-4.0,2.7433023,72.10082,0,9.875888
2020,20.0,-3.75,2.7418823,71.97174,0,9.870776
2020,20.0,-3.5,2.746152,71.7882,0,9.886147
2020,20.0,-3.25,2.7769997,71.336555,0,9.997199
2020,20.0,-3.0,2.8074093,71.113235,0,10.106673
2020,20.0,-2.75,2.8141973,70.70966,0,10.13111
2020,20.0,-2.5,2.7898664,70.31448,0,10.043519
2020,20.0,-2.25,2.7446966,70.08155,0,9.880908
2020,20.0,-2.0,2.7596655,70.98065,0,9.934795
2020,20.0,-1.75,2.8146455,71.75747,0,10.132724
2020,20.0,-1.5,2.752476,70.61386,0,9.908914
2020,20.0,-1.25,2.638952,70.26505,0,9.500227
2020,20.0,-1.0,2.6328754,71.59858,0,9.478352
2020,20.0,-0.75,2.6981637,73.65586,0,9.713389
2020,20.0,-0.5,2.6566331,75.45163,0,9.563879
2020,20.0,-0.25,2.5941865,76.28066,0,9.339071
2020,20.0,0.0,2.614117,75.684364,0,9.410821
2020,20.0,0.25,2.5381417,73.182526,0,9.13731
2020,20.0,0.5,2.5583725,73.96554,0,9.210141
2020,20.0,0.75,2.6436205,76.6054,0,9.517034
2020,20.0,1.0,2.7238386,79.558876,0,9.805819
2020,20.0,1.25,2.712837,81.15436,0,9.766212
2020,20.0,1.5,2.6602676,81.48278,0,9.576963
2020,20.0,1.75,2.6430182,81.43394,0,9.514866
2020,20.0,2.0,2.6849806,80.798035,0,9.66593
2020,20.0,2.25,2.7058141,79.3188,0,9.740931
2020,20.0,2.5,2.584049,75.70193,0,9.302576
2020,20.0,2.75,2.4260533,71.067474,0,8.733791
2020,20.0,3.0,2.4285676,68.223236,0,8.742844
2020,20.0,3.25,2.4869893,67.26272,0,8.953161
2020,20.0,3.5,2.5974839,66.06381,0,9.350942
2020,20.0,3.75,2.6671617,66.17111,0,9.601782
2020,20.0,4.0,2.6280894,65.06245,0,9.461122
2020,20.0,4.25,2.5564132,65.24319,0,9.203087
2020,20.0,4.5,2.5607693,68.37064,0,9.218769
2020,20.0,4.75,2.7394686,69.74515,0,9.862086
2020,20.0,5.0,2.7870982,68.22156,0,10.033553
2020,20.0,5.25,2.7812116,66.63721,0,10.012362
2020,20.0,5.5,2.779762,66.07821,0,10.007143
2020,20.0,5.75,2.7748165,64.54184,0,9.989339
2020,20.0,6.0,2.7094243,62.807343,0,9.753927
2020,20.0,6.25,2.6500542,62.460052,0,9.5401945
2020,20.0,6.5,2.6509492,65.0647,0,9.543417
2020,20.0,6.75,2.7143157,68.192894,0,9.771536
2020,20.0,7.0,2.7743146,70.37973,0,9.987533
2020,20.0,7.25,2.7916787,72.488106,0,10.050043
2020,20.0,7.5,2.7607014,74.73548,0,9.938525
2020,20.0,7.75,2.863571,80.39482,0,10.308855
2020,20.0,8.0,2.882836,85.77883,0,10.37821
2020,20.0,8.25,3.0888956,87.65454,0,11.120024
2020,20.0,8.5,2.8236392,90.33417,0,10.165101
2020,20.0,8.75,2.1805887,88.447426,0,7.850119
2020,20.0,9.0,1.7251143,79.36078,0,6.2104115
2020,20.0,9.25,1.6830908,96.741554,0,6.059127
2020,20.0,9.5,1.6527005,60.124874,0,5.949722
2020,20.0,9.75,1.7474958,46.65356,0,6.2909846
2020,20.0,10.0,1.8000253,44.766026,0,6.480091
2020,20.0,10.25,1.8458296,44.447178,0,6.6449866
2020,20.0,10.5,1.9108777,45.683186,0,6.8791595
2020,20.0,10.75,2.0189698,48.697876,0,7.268291
2020,20.0,11.0,2.1310093,53.049885,0,7.6716332
2020,20.0,11.25,2.2561252,56.071392,0,8.12205
2020,20.0,11.5,2.339826,58.766346,0,8.423374
2020,20.0,11.75,2.4817247,62.290264,0,8.934209
2020,20.0,12.0,2.62286,63.959255,0,9.442296
2020,19.75,-9.0,3.2316628,82.24853,0,11.6339855
2020,19.75,-8.75,3.08982,80.59752,0,11.123351
2020,19.75,-8.5,3.0231555,80.25478,0,10.883359
2020,19.75,-8.25,3.031472,80.146645,0,10.913299
2020,19.75,-8.0,3.0655022,79.32367,0,11.035808
2020,19.75,-7.75,3.0760944,78.20107,0,11.073939
2020,19.75,-7.5,3.0611231,77.289856,0,11.020043
2020,19.75,-7.25,3.032736,76.179756,0,10.91785
2020,19.75,-7.0,2.9447374,74.85044,0,10.601054
2020,19.75,-6.75,2.8512833,74.060036,0,10.26462
2020,19.75,-6.5,2.8625631,74.74018,0,10.305227
2020,19.75,-6.25,2.902902,74.72558,0,10.450446
2020,19.75,-6.0,2.8944685,74.266655,0,10.420087
2020,19.75,-5.75,2.8632505,74.09782,0,10.307701
2020,19.75,-5.5,2.8442075,73.61443,0,10.239147
2020,19.75,-5.25,2.8362083,73.16526,0,10.21035
2020,19.75,-5.0,2.8198917,72.74264,0,10.151609
2020,19.75,-4.75,2.812,72.67023,0,10.123199
2020,19.75,-4.5,2.806152,72.72288,0,10.102147
2020,19.75,-4.25,2.8049943,73.11184,0,10.09798
2020,19.75,-4.0,2.810519,73.667694,0,10.117868
2020,19.75,-3.75,2.806402,73.86355,0,10.103046
2020,19.75,-3.5,2.8066285,73.72116,0,10.103862
2020,19.75,-3.25,2.8165114,73.38003,0,10.139441
2020,19.75,-3.0,2.8428469,73.00585,0,10.234248
2020,19.75,-2.75,2.8536313,73.07175,0,10.273072
2020,19.75,-2.5,2.8323524,73.14198,0,10.196468
2020,19.75,-2.25,2.7741225,73.79554,0,9.98684
2020,19.75,-2.0,2.7548923,74.68449,0,9.917612
2020,19.75,-1.75,2.825034,75.06178,0,10.170122
2020,19.75,-1.5,2.771365,74.337036,0,9.976913
2020,19.75,-1.25,2.6395752,74.58018,0,9.502471
2020,19.75,-1.0,2.590381,76.34991,0,9.325371
2020,19.75,-0.75,2.665114,78.00948,0,9.59441
2020,19.75,-0.5,2.68647,77.70124,0,9.671292
2020,19.75,-0.25,2.5916474,77.80495,0,9.32993
2020,19.75,0.0,2.5458066,76.68539,0,9.164904
2020,19.75,0.25,2.4760685,74.34144,0,8.913846
2020,19.75,0.5,2.5022585,75.19581,0,9.00813
2020,19.75,0.75,2.6359055,78.636284,0,9.48926
2020,19.75,1.0,2.7304304,81.666245,0,9.829549
2020,19.75,1.25,2.7435377,83.00196,0,9.876736
2020,19.75,1.5,2.6908095,83.25126,0,9.6869135
2020,19.75,1.75,2.647632,82.475,0,9.531474
2020,19.75,2.0,2.6858652,80.87885,0,9.669114
2020,19.75,2.25,2.7195709,78.74905,0,9.790455
2020,19.75,2.5,2.6243908,74.0973,0,9.447806
2020,19.75,2.75,2.466479,69.0619,0,8.879324
2020,19.75,3.0,2.4048834,66.4465,0,8.65758
2020,19.75,3.25,2.4585266,66.08642,0,8.850696
2020,19.75,3.5,2.5238278,67.30507,0,9.08578
2020,19.75,3.75,2.5979354,67.97815,0,9.352568
2020,19.75,4.0,2.6669092,68.720146,0,9.600873
2020,19.75,4.25,2.648711,69.42322,0,9.535359
2020,19.75,4.5,2.6366827,69.90507,0,9.492058
2020,19.75,4.75,2.7077382,70.34298,0,9.747857
2020,19.75,5.0,2.7377398,69.37601,0,9.855863
2020,19.75,5.25,2.748307,68.83543,0,9.893905
2020,19.75,5.5,2.7293642,68.324585,0,9.82571
2020,19.75,5.75,2.6690063,66.75634,0,9.608422
2020,19.75,6.0,2.597787,65.07667,0,9.352033
2020,19.75,6.25,2.5172791,65.993805,0,9.062204
2020,19.75,6.5,2.4878561,69.17864,0,8.956282
2020,19.75,6.75,2.5017688,71.892006,0,9.006368
2020,19.75,7.0,2.5580504,73.799164,0,9.2089815
2020,19.75,7.25,2.5847375,75.23706,0,9.305055
2020,19.75,7.5,2.7576828,79.55182,0,9.927658
2020,19.75,7.75,2.939524,84.81684,0,10.582286
2020,19.75,8.0,3.2745473,87.09647,0,11.78837
2020,19.75,8.25,3.5457313,88.07275,0,12.764632
2020,19.75,8.5,3.5355213,88.40085,0,12.727877
2020,19.75,8.75,2.8342679,80.779045,0,10.203364
2020,19.75,9.0,1.9374844,90.654236,0,6.9749436
2020,19.75,9.25,1.7299145,81.37323,0,6.227692
2020,19.75,9.5,1.5708914,78.48916,0,5.6552086
2020,19.75,9.75,1.6389278,71.1555,0,5.90014
2020,19.75,10.0,1.7120842,40.571774,0,6.1635027
2020,19.75,10.25,1.7950845,41.408077,0,6.462304
2020,19.75,10.5,1.8542066,42.364124,0,6.6751432
2020,19.75,10.75,1.9062818,46.699097,0,6.8626146
2020,19.75,11.0,1.9936434,52.46989,0,7.177116
2020,19.75,11.25,2.1508756,57.263477,0,7.7431517
2020,19.75,11.5,2.2665079,60.862415,0,8.159428
2020,19.75,11.75,2.4017286,64.47874,0,8.646223
2020,19.75,12.0,2.4998739,66.54882,0,8.999546
2020,19.5,-9.0,3.3244858,83.42408,0,11.968148
2020,19.5,-8.75,3.218434,82.25121,0,11.586363
2020,19.5,-8.5,3.1369693,81.572014,0,11.293089
2020,19.5,-8.25,3.121725,81.42251,0,11.23821
2020,19.5,-8.0,3.1394422,80.90169,0,11.301991
2020,19.5,-7.75,3.1585376,80.01867,0,11.370735
2020,19.5,-7.5,3.1432617,79.09274,0,11.315742
2020,19.5,-7.25,3.102525,77.94189,0,11.169089
2020,19.5,-7.0,3.0523422,76.87595,0,10.988432
2020,19.5,-6.75,2.9601088,76.36789,0,10.656391
2020,19.5,-6.5,2.9474242,77.61968,0,10.610726
2020,19.5,-6.25,2.9723876,77.86486,0,10.700595
2020,19.5,-6.0,2.9611142,77.350105,0,10.66001
2020,19.5,-5.75,2.9434187,76.604,0,10.596307
2020,19.5,-5.5,2.9257548,75.986534,0,10.532717
2020,19.5,-5.25,2.9063985,75.43116,0,10.463035
2020,19.5,-5.0,2.8858862,75.04834,0,10.38919
2020,19.5,-4.75,2.8675911,74.82808,0,10.323328
2020,19.5,-4.5,2.854126,74.82067,0,10.274854
2020,19.5,-4.25,2.8599043,75.55117,0,10.295655
2020,19.5,-4.0,2.858485,76.386406,0,10.290545
2020,19.5,-3.75,2.8563368,76.49456,0,10.282812
2020,19.5,-3.5,2.8484108,76.67743,0,10.254279
2020,19.5,-3.25,2.8516734,76.49227,0,10.266024
2020,19.5,-3.0,2.8618128,75.81122,0,10.3025255
2020,19.5,-2.75,2.862754,75.57623,0,10.305915
2020,19.5,-2.5,2.8559568,76.13931,0,10.281445
2020,19.5,-2.25,2.8217046,76.86204,0,10.158136
2020,19.5,-2.0,2.7814257,77.14987,0,10.013132
2020,19.5,-1.75,2.794357,77.56772,0,10.059685
2020,19.5,-1.5,2.7545598,77.41403,0,9.916415
2020,19.5,-1.25,2.634309,77.943474,0,9.483512
2020,19.5,-1.0,2.5765889,79.50643,0,9.27572
2020,19.5,-0.75,2.63356,80.887695,0,9.480816
2020,19.5,-0.5,2.6871414,80.327095,0,9.673709
2020,19.5,-0.25,2.6000376,78.89855,0,9.360135
2020,19.5,0.0,2.4953413,77.20493,0,8.983229
2020,19.5,0.25,2.4298048,75.13266,0,8.747297
2020,19.5,0.5,2.4717715,76.17335,0,8.898377
2020,19.5,0.75,2.6218126,80.04632,0,9.438525
2020,19.5,1.0,2.7709668,83.238396,0,9.97548
2020,19.5,1.25,2.7950752,84.12302,0,10.06227
2020,19.5,1.5,2.7258184,82.889175,0,9.812946
2020,19.5,1.75,2.6709754,81.77076,0,9.615511
2020,19.5,2.0,2.6781094,81.549675,0,9.641193
2020,19.5,2.25,2.6835945,80.09815,0,9.66094
2020,19.5,2.5,2.562041,75.07135,0,9.223348
2020,19.5,2.75,2.4255562,69.81286,0,8.732002
2020,19.5,3.0,2.3662102,68.639915,0,8.518356
2020,19.5,3.25,2.3816338,70.09997,0,8.573881
2020,19.5,3.5,2.4268973,72.08306,0,8.73683
2020,19.5,3.75,2.4849184,74.11091,0,8.945705
2020,19.5,4.0,2.5681505,75.14405,0,9.245341
2020,19.5,4.25,2.613284,74.86208,0,9.407823
2020,19.5,4.5,2.6190507,74.2178,0,9.428582
2020,19.5,4.75,2.6350849,73.929634,0,9.486305
2020,19.5,5.0,2.6243176,73.5418,0,9.447543
2020,19.5,5.25,2.6460817,73.15813,0,9.525894
2020,19.5,5.5,2.6239748,72.157005,0,9.446309
2020,19.5,5.75,2.557493,70.565674,0,9.206974
2020,19.5,6.0,2.4702065,70.36489,0,8.892743
2020,19.5,6.25,2.3764334,72.5184,0,8.55516
2020,19.5,6.5,2.3155186,73.58755,0,8.335867
2020,19.5,6.75,2.3062308,74.90112,0,8.30243
2020,19.5,7.0,2.3669388,75.96751,0,8.52098
2020,19.5,7.25,2.496468,77.47149,0,8.987285
2020,19.5,7.5,2.78557,81.56647,0,10.028051
2020,19.5,7.75,3.137513,82.79556,0,11.295046
2020,19.5,8.0,3.5151517,83.839714,0,12.654546
2020,19.5,8.25,3.7750475,85.46897,0,13.590171
2020,19.5,8.5,3.8267276,87.415344,0,13.776219
2020,19.5,8.75,3.0773764,88.18457,0,11.078554
2020,19.5,9.0,1.6229944,96.690544,0,5.8427796
2020,19.5,9.25,1.3639501,106.378716,0,4.91022
2020,19.5,9.5,1.510482,70.01712,0,5.437735
2020,19.5,9.75,1.553689,64.563255,0,5.5932803
2020,19.5,10.0,1.679444,64.943825,0,6.045998
2020,19.5,10.25,1.7622746,37.20877,0,6.3441887
2020,19.5,10.5,1.8164501,41.301853,0,6.5392203
2020,19.5,10.75,1.8682534,47.37308,0,6.725712
2020,19.5,11.0,1.9069761,53.72931,0,6.8651137
2020,19.5,11.25,2.0516999,59.903576,0,7.3861194
2020,19.5,11.5,2.181287,64.12615,0,7.852633
2020,19.5,11.75,2.283511,68.18232,0,8.220639
2020,19.5,12.0,2.3834424,70.13375,0,8.580393
2020,19.25,-9.0,3.3712008,84.22988,0,12.136323
2020,19.25,-8.75,3.3552806,83.12922,0,12.07901
2020,19.25,-8.5,3.2948668,82.33241,0,11.86152
2020,19.25,-8.25,3.2554786,81.97736,0,11.719723
2020,19.25,-8.0,3.2381763,81.8753,0,11.657434
2020,19.25,-7.75,3.229769,81.62577,0,11.627168
2020,19.25,-7.5,3.2147667,81.0646,0,11.57316
2020,19.25,-7.25,3.1809318,80.355965,0,11.451354
2020,19.25,-7.0,3.1268747,79.998924,0,11.256748
2020,19.25,-6.75,3.0569496,80.54177,0,11.005018
2020,19.25,-6.5,3.0383127,81.168846,0,10.937925
2020,19.25,-6.25,3.036188,80.923615,0,10.930276
2020,19.25,-6.0,3.02384,80.60126,0,10.885823
2020,19.25,-5.75,3.0154512,80.09754,0,10.855624
2020,19.25,-5.5,3.0025835,79.48148,0,10.8093
2020,19.25,-5.25,2.9824314,78.82449,0,10.7367525
2020,19.25,-5.0,2.963806,78.16815,0,10.669701
2020,19.25,-4.75,2.9418354,78.14969,0,10.590608
2020,19.25,-4.5,2.918396,78.27878,0,10.506226
2020,19.25,-4.25,2.9069815,78.82068,0,10.465133
2020,19.25,-4.0,2.8893032,79.463554,0,10.401491
2020,19.25,-3.75,2.874892,79.72013,0,10.349611
2020,19.25,-3.5,2.8598983,79.95403,0,10.295633
2020,19.25,-3.25,2.8584297,79.82584,0,10.290346
2020,19.25,-3.0,2.8682158,79.24881,0,10.325577
2020,19.25,-2.75,2.8722956,78.77371,0,10.340264
2020,19.25,-2.5,2.878004,78.86022,0,10.360814
2020,19.25,-2.25,2.8884933,79.15284,0,10.398576
2020,19.25,-2.0,2.8512285,79.19306,0,10.264422
2020,19.25,-1.75,2.824601,79.44308,0,10.168563
2020,19.25,-1.5,2.7835705,79.85353,0,10.020854
2020,19.25,-1.25,2.6847036,80.23657,0,9.664932
2020,19.25,-1.0,2.6003492,81.244286,0,9.361257
2020,19.25,-0.75,2.6075919,82.54282,0,9.38733
2020,19.25,-0.5,2.652922,82.40159,0,9.550519
2020,19.25,-0.25,2.5972717,80.555534,0,9.350178
2020,19.25,0.0,2.4629734,78.24541,0,8.866704
2020,19.25,0.25,2.3759637,76.94986,0,8.553469
2020,19.25,0.5,2.4334657,78.62212,0,8.760476
2020,19.25,0.75,2.6317685,82.78564,0,9.474366
2020,19.25,1.0,2.8141701,85.35565,0,10.131012
2020,19.25,1.25,2.8491278,84.968605,0,10.25686
2020,19.25,1.5,2.7765265,83.198326,0,9.995495
2020,19.25,1.75,2.7272444,82.414375,0,9.81808
2020,19.25,2.0,2.7461622,82.85988,0,9.886184
2020,19.25,2.25,2.7027998,83.455795,0,9.730079
2020,19.25,2.5,2.4843147,83.99658,0,8.943533
2020,19.25,2.75,2.3713362,80.49036,0,8.53681
2020,19.25,3.0,2.3738916,77.08567,0,8.546009
2020,19.25,3.25,2.4071195,76.92454,0,8.66563
2020,19.25,3.5,2.4378014,78.529884,0,8.776085
2020,19.25,3.75,2.4643219,79.73814,0,8.871558
2020,19.25,4.0,2.4913442,79.74792,0,8.968839
2020,19.25,4.25,2.5224159,79.24815,0,9.080697
2020,19.25,4.5,2.5528467,78.99517,0,9.190248
2020,19.25,4.75,2.5585785,78.86747,0,9.210882
2020,19.25,5.0,2.5375226,79.006325,0,9.135081
2020,19.25,5.25,2.5156398,79.2091,0,9.056303
2020,19.25,5.5,2.4753406,78.660034,0,8.911226
2020,19.25,5.75,2.4249072,78.291756,0,8.729666
2020,19.25,6.0,2.3668807,78.93658,0,8.52077
2020,19.25,6.25,2.2937093,79.847984,0,8.257353
2020,19.25,6.5,2.213357,79.678505,0,7.968085
2020,19.25,6.75,2.1177561,79.27814,0,7.623922
2020,19.25,7.0,2.1605422,78.67606,0,7.7779517
2020,19.25,7.25,2.2786245,78.91056,0,8.203048
2020,19.25,7.5,2.4563568,79.9638,0,8.842884
2020,19.25,7.75,2.6838331,79.01536,0,9.661799
2020,19.25,8.0,2.861,79.23858,0,10.2996
2020,19.25,8.25,2.9207962,81.01916,0,10.514866
2020,19.25,8.5,2.799462,81.80792,0,10.078063
2020,19.25,8.75,2.2270875,85.52069,0,8.017515
2020,19.25,9.0,0.9290425,94.67489,0,3.344553
2020,19.25,9.25,0.55060816,136.94113,0,1.9821893
2020,19.25,9.5,0.9659002,87.543274,0,3.4772406
2020,19.25,9.75,1.3660189,111.96853,0,4.917668
2020,19.25,10.0,1.6297288,86.35941,0,5.8670235
2020,19.25,10.25,1.7644554,33.077076,0,6.3520393
2020,19.25,10.5,1.7999707,41.579163,0,6.4798946
2020,19.25,10.75,1.8394833,51.169476,0,6.6221395
2020,19.25,11.0,1.8855633,56.569714,0,6.788028
2020,19.25,11.25,1.9653233,62.234943,0,7.075164
2020,19.25,11.5,2.1115072,67.28663,0,7.6014256
2020,19.25,11.75,2.1934674,71.41845,0,7.8964825
2020,19.25,12.0,2.2806845,73.278435,0,8.210464
2020,19.0,-9.0,3.473296,84.855385,0,12.503865
2020,19.0,-8.75,3.4272861,84.07963,0,12.33823
2020,19.0,-8.5,3.404362,83.40912,0,12.255703
2020,19.0,-8.25,3.3857744,83.62385,0,12.188787
2020,19.0,-8.0,3.3527215,84.15448,0,12.069797
2020,19.0,-7.75,3.3264542,84.522835,0,11.975235
2020,19.0,-7.5,3.3084915,84.32911,0,11.910569
2020,19.0,-7.25,3.25468,84.09082,0,11.716847
2020,19.0,-7.0,3.1788971,84.25839,0,11.44403
2020,19.0,-6.75,3.156931,84.87704,0,11.364951
2020,19.0,-6.5,3.1460679,84.69689,0,11.325844
2020,19.0,-6.25,3.1265247,84.08044,0,11.255488
2020,19.0,-6.0,3.1186173,83.33662,0,11.227022
2020,19.0,-5.75,3.102744,82.68119,0,11.169878
2020,19.0,-5.5,3.0764873,82.01084,0,11.075354
2020,19.0,-5.25,3.0495481,81.53709,0,10.978373
2020,19.0,-5.0,3.0153387,81.50037,0,10.855219
2020,19.0,-4.75,2.9817731,81.77511,0,10.734383
2020,19.0,-4.5,2.9548416,81.94046,0,10.637429
2020,19.0,-4.25,2.932916,82.091415,0,10.558497
2020,19.0,-4.0,2.92107,82.13463,0,10.515852
2020,19.0,-3.75,2.9174721,81.84429,0,10.502899
2020,19.0,-3.5,2.8996096,81.65147,0,10.438594
2020,19.0,-3.25,2.8764331,81.319084,0,10.355159
2020,19.0,-3.0,2.8672202,80.90629,0,10.321992
2020,19.0,-2.75,2.8640442,80.443855,0,10.310559
2020,19.0,-2.5,2.8719704,80.13629,0,10.339093
2020,19.0,-2.25,2.8873594,80.175606,0,10.394493
2020,19.0,-2.0,2.8892744,80.93287,0,10.401387
2020,19.0,-1.75,2.8690574,81.25097,0,10.328607
2020,19.0,-1.5,2.830617,81.523994,0,10.190221
2020,19.0,-1.25,2.7596684,81.88699,0,9.934806
2020,19.0,-1.0,2.695276,82.72511,0,9.702993
2020,19.0,-0.75,2.6746576,83.66364,0,9.628767
2020,19.0,-0.5,2.650808,83.08559,0,9.542909
2020,19.0,-0.25,2.569976,81.06582,0,9.251914
2020,19.0,0.0,2.4753163,79.73349,0,8.911139
2020,19.0,0.25,2.389481,78.909096,0,8.602132
2020,19.0,0.5,2.4127429,80.092094,0,8.685874
2020,19.0,0.75,2.584739,83.80855,0,9.30506
2020,19.0,1.0,2.764409,86.39597,0,9.951873
2020,19.0,1.25,2.807539,86.78957,0,10.107141
2020,19.0,1.5,2.7504854,86.45463,0,9.901748
2020,19.0,1.75,2.7440999,87.2453,0,9.878759
2020,19.0,2.0,2.8095112,88.32505,0,10.11424
2020,19.0,2.25,2.795705,88.13849,0,10.064538
2020,19.0,2.5,2.5531328,84.73908,0,9.1912775
2020,19.0,2.75,2.403842,80.44898,0,8.653831
2020,19.0,3.0,2.3888397,79.597466,0,8.599823
2020,19.0,3.25,2.4274995,80.8393,0,8.738998
2020,19.0,3.5,2.46146,81.949715,0,8.861257
2020,19.0,3.75,2.481681,82.2586,0,8.9340515
2020,19.0,4.0,2.4880507,82.06469,0,8.956983
2020,19.0,4.25,2.4829447,81.81105,0,8.938601
2020,19.0,4.5,2.489569,82.20438,0,8.962448
2020,19.0,4.75,2.4957466,82.81034,0,8.984688
2020,19.0,5.0,2.4647377,82.88418,0,8.873055
2020,19.0,5.25,2.4216847,82.72507,0,8.718065
2020,19.0,5.5,2.3748658,82.5329,0,8.549517
2020,19.0,5.75,2.3169591,82.951454,0,8.341053
2020,19.0,6.0,2.25631,83.91836,0,8.122716
2020,19.0,6.25,2.188094,84.3419,0,7.8771377
2020,19.0,6.5,2.09494,84.12445,0,7.541784
2020,19.0,6.75,1.9664537,82.64167,0,7.079233
2020,19.0,7.0,1.9219226,82.55691,0,6.918921
2020,19.0,7.25,1.8911457,83.232475,0,6.8081245
2020,19.0,7.5,1.9152039,84.23933,0,6.894734
2020,19.0,7.75,1.9723088,83.59466,0,7.1003113
2020,19.0,8.0,1.9222862,85.290665,0,6.92023
2020,19.0,8.25,1.9159902,88.49082,0,6.897565
2020,19.0,8.5,1.9664474,84.90177,0,7.0792103
2020,19.0,8.75,1.8069996,80.480705,0,6.5051985
2020,19.0,9.0,1.3400997,64.58388,0,4.824359
2020,19.0,9.25,0.96133417,55.284622,0,3.460803
2020,19.0,9.5,1.0552298,89.044914,0,3.7988272
2020,19.0,9.75,1.2809029,191.53368,0,4.6112504
2020,19.0,10.0,1.5120125,106.749535,0,5.443245
2020,19.0,10.25,1.6580176,31.761902,0,5.9688635
2020,19.0,10.5,1.7493168,46.479126,0,6.29754
2020,19.0,10.75,1.8417374,52.21541,0,6.6302543
2020,19.0,11.0,1.9248185,57.78827,0,6.9293466
2020,19.0,11.25,1.9163222,62.7636,0,6.89876
2020,19.0,11.5,2.0643883,69.798256,0,7.4317975
2020,19.0,11.75,2.1348276,74.2762,0,7.685379
2020,19.0,12.0,2.1922712,76.58332,0,7.892176
2020,18.75,-9.0,3.6740606,84.63909,0,13.226618
2020,18.75,-8.75,3.583497,84.53733,0,12.900589
2020,18.75,-8.5,3.5194871,84.20737,0,12.670154
2020,18.75,-8.25,3.5105553,84.878,0,12.637999
2020,18.75,-8.0,3.4633398,85.98293,0,12.468023
2020,18.75,-7.75,3.4138021,86.668144,0,12.289687
2020,18.75,-7.5,3.3682272,86.94485,0,12.125618
2020,18.75,-7.25,3.3382652,86.85088,0,12.017755
2020,18.75,-7.0,3.310048,87.01462,0,11.916173
2020,18.75,-6.75,3.2540705,87.349396,0,11.714654
2020,18.75,-6.5,3.229811,86.91654,0,11.627319
2020,18.75,-6.25,3.1987793,86.073616,0,11.515605
2020,18.75,-6.0,3.1773984,85.298256,0,11.438634
2020,18.75,-5.75,3.1573699,84.61703,0,11.366531
2020,18.75,-5.5,3.1370497,83.96967,0,11.293379
2020,18.75,-5.25,3.1088753,83.43381,0,11.191951
2020,18.75,-5.0,3.06396,83.3243,0,11.030256
2020,18.75,-4.75,3.0350645,83.51556,0,10.926231
2020,18.75,-4.5,3.0120442,83.59115,0,10.843359
2020,18.75,-4.25,2.990656,83.41445,0,10.766361
2020,18.75,-4.0,2.9690554,83.05786,0,10.6886
2020,18.75,-3.75,2.9540393,82.66081,0,10.6345415
2020,18.75,-3.5,2.9387767,82.14651,0,10.579596
2020,18.75,-3.25,2.9202602,81.80775,0,10.512937
2020,18.75,-3.0,2.8986943,81.498146,0,10.435299
2020,18.75,-2.75,2.8850596,81.110725,0,10.386214
2020,18.75,-2.5,2.861517,80.9335,0,10.301461
2020,18.75,-2.25,2.8536875,81.406715,0,10.273274
2020,18.75,-2.0,2.8644483,82.21414,0,10.312014
2020,18.75,-1.75,2.8795834,82.50289,0,10.3665
2020,18.75,-1.5,2.8585005,82.61056,0,10.290602
2020,18.75,-1.25,2.832023,82.52453,0,10.195282
2020,18.75,-1.0,2.7847168,83.02088,0,10.024981
2020,18.75,-0.75,2.761091,82.91963,0,9.939927
2020,18.75,-0.5,2.7317274,81.928185,0,9.834218
2020,18.75,-0.25,2.6466188,80.459946,0,9.527827
2020,18.75,0.0,2.5697324,79.97942,0,9.251037
2020,18.75,0.25,2.4660494,79.58021,0,8.877778
2020,18.75,0.5,2.4262078,80.87648,0,8.734347
2020,18.75,0.75,2.5684013,85.13962,0,9.246244
2020,18.75,1.0,2.7041845,88.52307,0,9.7350645
2020,18.75,1.25,2.752571,89.63764,0,9.909256
2020,18.75,1.5,2.7439804,90.29183,0,9.878329
2020,18.75,1.75,2.7572155,91.097466,0,9.925976
2020,18.75,2.0,2.8189065,91.00683,0,10.148064
2020,18.75,2.25,2.8219843,89.33738,0,10.159143
2020,18.75,2.5,2.6361992,84.9383,0,9.490317
2020,18.75,2.75,2.4907687,81.88426,0,8.966767
2020,18.75,3.0,2.4671438,81.844284,0,8.881718
2020,18.75,3.25,2.4796877,83.26353,0,8.926875
2020,18.75,3.5,2.4991786,84.0947,0,8.997043
2020,18.75,3.75,2.5005147,83.771225,0,9.001853
2020,18.75,4.0,2.5085623,83.87831,0,9.030824
2020,18.75,4.25,2.4630902,84.91393,0,8.867125
2020,18.75,4.5,2.4437096,86.5445,0,8.797355
2020,18.75,4.75,2.4335103,87.788734,0,8.760637
2020,18.75,5.0,2.36778,87.94686,0,8.524008
2020,18.75,5.25,2.3239417,88.43812,0,8.36619
2020,18.75,5.5,2.2707968,88.80981,0,8.174869
2020,18.75,5.75,2.2054608,88.96941,0,7.9396586
2020,18.75,6.0,2.1291218,88.89233,0,7.6648383
2020,18.75,6.25,2.066212,89.0799,0,7.4383626
2020,18.75,6.5,1.9811875,88.5861,0,7.1322746
2020,18.75,6.75,1.8489,86.915596,0,6.6560397
2020,18.75,7.0,1.7512099,87.05912,0,6.304355
2020,18.75,7.25,1.6039573,88.108665,0,5.774246
2020,18.75,7.5,1.6486729,91.85969,0,5.9352226
2020,18.75,7.75,1.7584599,99.02659,0,6.330456
2020,18.75,8.0,1.7925102,102.7699,0,6.4530363
2020,18.75,8.25,2.0097532,97.190575,0,7.235111
2020,18.75,8.5,2.2447588,88.39813,0,8.081132
2020,18.75,8.75,2.4284875,78.03395,0,8.742555
2020,18.75,9.0,2.1785758,61.60832,0,7.8428726
2020,18.75,9.25,1.9115754,52.519665,0,6.8816714
2020,18.75,9.5,1.6595173,46.769257,0,5.974262
2020,18.75,9.75,1.6197516,57.998672,0,5.8311057
2020,18.75,10.0,1.6655103,105.53162,0,5.9958367
2020,18.75,10.25,1.7681183,43.02896,0,6.365226
2020,18.75,10.5,1.7967287,45.702316,0,6.468223
2020,18.75,10.75,1.8450443,49.970577,0,6.642159
2020,18.75,11.0,1.9408251,58.10951,0,6.9869704
2020,18.75,11.25,1.9377747,63.473328,0,6.9759884
2020,18.75,11.5,2.076042,72.45621,0,7.4737506
2020,18.75,11.75,2.1524432,78.74427,0,7.748795
2020,18.75,12.0,2.2053049,82.384605,0,7.9390974
2020,18.5,-9.0,3.6867611,86.9327,0,13.27234
2020,18.5,-8.75,3.7095776,86.322624,0,13.354479
2020,18.5,-8.5,3.6351302,86.34839,0,13.086469
2020,18.5,-8.25,3.6600618,87.220116,0,13.176222
2020,18.5,-8.0,3.6334498,88.187004,0,13.080419
2020,18.5,-7.75,3.5443094,88.79087,0,12.759514
2020,18.5,-7.5,3.4740734,89.10089,0,12.506664
2020,18.5,-7.25,3.3985608,88.77764,0,12.234818
2020,18.5,-7.0,3.3826752,88.88151,0,12.17763
2020,18.5,-6.75,3.3465788,88.96503,0,12.047684
2020,18.5,-6.5,3.3234956,88.39115,0,11.964584
2020,18.5,-6.25,3.2853155,87.76577,0,11.827135
2020,18.5,-6.0,3.2467668,86.994385,0,11.68836
2020,18.5,-5.75,3.2210324,86.29944,0,11.595716
2020,18.5,-5.5,3.1854067,85.53031,0,11.4674635
2020,18.5,-5.25,3.150729,84.9573,0,11.342624
2020,18.5,-5.0,3.116285,84.753975,0,11.218626
2020,18.5,-4.75,3.093569,84.58487,0,11.136848
2020,18.5,-4.5,3.0636241,84.35132,0,11.029047
2020,18.5,-4.25,3.0542138,83.75945,0,10.99517
2020,18.5,-4.0,3.0429595,83.25263,0,10.954654
2020,18.5,-3.75,3.0242178,82.8332,0,10.887184
2020,18.5,-3.5,3.0022423,82.387344,0,10.808072
2020,18.5,-3.25,2.9584324,82.186455,0,10.650356
2020,18.5,-3.0,2.9288175,81.95505,0,10.543743
2020,18.5,-2.75,2.882945,81.60964,0,10.378602
2020,18.5,-2.5,2.8496969,81.52332,0,10.258908
2020,18.5,-2.25,2.8412492,82.25326,0,10.228497
2020,18.5,-2.0,2.8443289,82.893135,0,10.239584
2020,18.5,-1.75,2.8534765,83.13476,0,10.272515
2020,18.5,-1.5,2.8585634,83.06924,0,10.290828
2020,18.5,-1.25,2.8398712,83.017586,0,10.223536
2020,18.5,-1.0,2.833615,83.1701,0,10.201014
2020,18.5,-0.75,2.8136132,83.09319,0,10.129007
2020,18.5,-0.5,2.7825668,81.92779,0,10.017241
2020,18.5,-0.25,2.7116325,80.68678,0,9.761877
2020,18.5,0.0,2.6569793,80.66819,0,9.565125
2020,18.5,0.25,2.5177002,80.69189,0,9.063721
2020,18.5,0.5,2.4549682,83.208885,0,8.837885
2020,18.5,0.75,2.5421197,88.35093,0,9.15163
2020,18.5,1.0,2.6820166,91.576965,0,9.655259
2020,18.5,1.25,2.7450743,93.24741,0,9.882267
2020,18.5,1.5,2.7447345,93.97669,0,9.881044
2020,18.5,1.75,2.7468731,93.88287,0,9.888743
2020,18.5,2.0,2.800947,93.29004,0,10.083408
2020,18.5,2.25,2.8190992,90.61811,0,10.148757
2020,18.5,2.5,2.6889274,86.655174,0,9.680139
2020,18.5,2.75,2.566547,84.918,0,9.239569
2020,18.5,3.0,2.5386963,85.877686,0,9.139306
2020,18.5,3.25,2.5434299,87.12097,0,9.156347
2020,18.5,3.5,2.5070481,87.10027,0,9.025373
2020,18.5,3.75,2.5044115,87.49011,0,9.015881
2020,18.5,4.0,2.5097864,88.55215,0,9.035231
2020,18.5,4.25,2.4859498,89.7696,0,8.949419
2020,18.5,4.5,2.4542122,91.31614,0,8.835164
2020,18.5,4.75,2.4134486,91.92944,0,8.688415
2020,18.5,5.0,2.339635,91.87305,0,8.422686
2020,18.5,5.25,2.244173,92.70541,0,8.079022
2020,18.5,5.5,2.1866672,93.42731,0,7.8720016
2020,18.5,5.75,2.1057475,94.209206,0,7.580691
2020,18.5,6.0,2.0295076,94.515434,0,7.306227
2020,18.5,6.25,1.940744,93.95249,0,6.9866786
2020,18.5,6.5,1.848224,92.64315,0,6.6536064
2020,18.5,6.75,1.7330903,91.21755,0,6.239125
2020,18.5,7.0,1.653294,91.74844,0,5.951858
2020,18.5,7.25,1.5615169,93.5709,0,5.6214604
2020,18.5,7.5,1.7459732,99.18032,0,6.2855034
2020,18.5,7.75,1.9848484,104.28721,0,7.145454
2020,18.5,8.0,2.419717,102.27158,0,8.710981
2020,18.5,8.25,2.6894577,100.583824,0,9.682047
2020,18.5,8.5,2.7457774,88.31732,0,9.884798
2020,18.5,8.75,2.7233934,81.056175,0,9.804216
2020,18.5,9.0,2.1736493,72.54291,0,7.825137
2020,18.5,9.25,1.999308,54.973465,0,7.197509
2020,18.5,9.5,2.013135,47.363724,0,7.247286
2020,18.5,9.75,2.0265763,32.650616,0,7.2956743
2020,18.5,10.0,2.0024536,26.13914,0,7.2088327
2020,18.5,10.25,1.9243459,41.631634,0,6.9276447
2020,18.5,10.5,1.9167029,44.90566,0,6.9001303
2020,18.5,10.75,1.8952622,49.24825,0,6.8229437
2020,18.5,11.0,1.9828324,56.71385,0,7.1381965
2020,18.5,11.25,2.0002058,76.55237,0,7.2007403
2020,18.5,11.5,2.1392653,80.38361,0,7.701355
2020,18.5,11.75,2.2380073,84.26937,0,8.056826
2020,18.5,12.0,2.2917647,86.621605,0,8.250353
2020,18.25,-9.0,3.690386,91.74125,0,13.28539
2020,18.25,-8.75,3.7358475,91.011986,0,13.449051
2020,18.25,-8.5,3.6840246,90.42228,0,13.262488
2020,18.25,-8.25,3.7156076,90.791595,0,13.376187
2020,18.25,-8.0,3.7556171,89.62461,0,13.520222
2020,18.25,-7.75,3.6683877,90.20022,0,13.206195
2020,18.25,-7.5,3.6075313,90.17863,0,12.987112
2020,18.25,-7.25,3.5248415,90.28479,0,12.689429
2020,18.25,-7.0,3.437266,90.67676,0,12.374158
2020,18.25,-6.75,3.4191682,90.581604,0,12.309006
2020,18.25,-6.5,3.392209,89.72788,0,12.211952
2020,18.25,-6.25,3.3438187,89.073425,0,12.037746
2020,18.25,-6.0,3.3089733,88.28339,0,11.912304
2020,18.25,-5.75,3.2770135,87.457756,0,11.797249
2020,18.25,-5.5,3.2409956,86.71659,0,11.667584
2020,18.25,-5.25,3.2324097,86.16146,0,11.636675
2020,18.25,-5.0,3.2050114,85.801384,0,11.53804
2020,18.25,-4.75,3.174403,85.21906,0,11.427851
2020,18.25,-4.5,3.1487215,84.61421,0,11.335397
2020,18.25,-4.25,3.1349347,83.80361,0,11.285765
2020,18.25,-4.0,3.1036854,83.13157,0,11.173267
2020,18.25,-3.75,3.0834649,82.73827,0,11.100473
2020,18.25,-3.5,3.0468953,82.43896,0,10.9688225
2020,18.25,-3.25,3.0036676,82.21395,0,10.813203
2020,18.25,-3.0,2.9693794,81.87411,0,10.689766
2020,18.25,-2.75,2.926078,81.57733,0,10.533881
2020,18.25,-2.5,2.8671846,81.62299,0,10.321864
2020,18.25,-2.25,2.8604796,82.37863,0,10.297727
2020,18.25,-2.0,2.8567517,82.86143,0,10.284306
2020,18.25,-1.75,2.8435478,82.96617,0,10.236772
2020,18.25,-1.5,2.840398,83.02582,0,10.225432
2020,18.25,-1.25,2.8287935,83.11013,0,10.183657
2020,18.25,-1.0,2.8213232,83.377205,0,10.156763
2020,18.25,-0.75,2.8166485,83.42076,0,10.139935
2020,18.25,-0.5,2.7840548,82.53121,0,10.022597
2020,18.25,-0.25,2.7388268,82.07389,0,9.8597765
2020,18.25,0.0,2.6946409,83.12297,0,9.7007065
2020,18.25,0.25,2.5482013,86.3449,0,9.173525
2020,18.25,0.5,2.4649286,91.73922,0,8.873743
2020,18.25,0.75,2.5567753,94.50887,0,9.204391
2020,18.25,1.0,2.6672592,96.64749,0,9.602133
2020,18.25,1.25,2.7300785,97.90723,0,9.828282
2020,18.25,1.5,2.7590363,97.60624,0,9.93253
2020,18.25,1.75,2.768958,97.2865,0,9.968249
2020,18.25,2.0,2.7937727,95.94418,0,10.057582
2020,18.25,2.25,2.7968404,93.24756,0,10.068625
2020,18.25,2.5,2.7066736,90.83854,0,9.744025
2020,18.25,2.75,2.6564014,90.76474,0,9.563045
2020,18.25,3.0,2.6312635,91.59375,0,9.4725485
2020,18.25,3.25,2.581425,91.65426,0,9.29313
2020,18.25,3.5,2.549358,91.42034,0,9.177689
2020,18.25,3.75,2.4984612,91.64289,0,8.99446
2020,18.25,4.0,2.4948761,92.486885,0,8.981554
2020,18.25,4.25,2.485922,93.85615,0,8.949319
2020,18.25,4.5,2.4524834,95.03176,0,8.82894
2020,18.25,4.75,2.4005706,95.06904,0,8.642054
2020,18.25,5.0,2.3171256,95.16425,0,8.341652
2020,18.25,5.25,2.2170799,95.81713,0,7.9814873
2020,18.25,5.5,2.0980053,97.30186,0,7.552819
2020,18.25,5.75,2.0177572,98.40414,0,7.2639256
2020,18.25,6.0,1.9001838,98.70599,0,6.8406615
2020,18.25,6.25,1.8041745,98.97034,0,6.495028
2020,18.25,6.5,1.7239447,98.91672,0,6.2062006
2020,18.25,6.75,1.6191219,98.02895,0,5.828839
2020,18.25,7.0,1.5412463,97.09553,0,5.5484867
2020,18.25,7.25,1.5468534,97.82916,0,5.568672
2020,18.25,7.5,1.7225904,101.91581,0,6.2013254
2020,18.25,7.75,2.0266073,99.844604,0,7.295786
2020,18.25,8.0,2.4382136,99.33674,0,8.777569
2020,18.25,8.25,2.441507,99.47323,0,8.789425
2020,18.25,8.5,2.3901408,105.68158,0,8.6045065
2020,18.25,8.75,2.3508809,85.39753,0,8.463171
2020,18.25,9.0,1.8464695,80.9483,0,6.64729
2020,18.25,9.25,1.6659187,53.039898,0,5.9973073
2020,18.25,9.5,2.045735,41.998104,0,7.3646455
2020,18.25,9.75,2.1176274,29.321678,0,7.6234584
2020,18.25,10.0,2.1373913,37.49818,0,7.6946087
2020,18.25,10.25,2.0827067,43.41849,0,7.497744
2020,18.25,10.5,1.9855348,75.74374,0,7.147925
2020,18.25,10.75,1.9787021,77.38624,0,7.1233273
2020,18.25,11.0,2.0333402,77.267006,0,7.3200245
2020,18.25,11.25,2.0950942,78.26861,0,7.542339
2020,18.25,11.5,2.23374,82.435394,0,8.041464
2020,18.25,11.75,2.3313742,84.934235,0,8.392947
2020,18.25,12.0,2.3899052,86.846596,0,8.603659
2020,18.0,-9.0,3.719587,94.24383,0,13.390513
2020,18.0,-8.75,3.7234516,93.72888,0,13.404426
2020,18.0,-8.5,3.687383,93.054115,0,13.274578
2020,18.0,-8.25,3.6198614,92.86439,0,13.031501
2020,18.0,-8.0,3.652912,92.4381,0,13.150482
2020,18.0,-7.75,3.7146757,91.05093,0,13.372832
2020,18.0,-7.5,3.6560183,91.01611,0,13.161665
2020,18.0,-7.25,3.6845496,91.74125,0,13.264379
2020,18.0,-7.0,3.549488,92.17239,0,12.778156
2020,18.0,-6.75,3.470728,91.94101,0,12.49462
2020,18.0,-6.5,3.4373143,90.80996,0,12.374331
2020,18.0,-6.25,3.3961098,90.074066,0,12.225995
2020,18.0,-6.0,3.3626444,89.17446,0,12.105519
2020,18.0,-5.75,3.330075,88.30868,0,11.98827
2020,18.0,-5.5,3.3177817,87.59788,0,11.944014
2020,18.0,-5.25,3.3097165,86.98388,0,11.914979
2020,18.0,-5.0,3.2907507,86.45417,0,11.846703
2020,18.0,-4.75,3.261367,85.689606,0,11.740921
2020,18.0,-4.5,3.2348998,84.61503,0,11.645638
2020,18.0,-4.25,3.196371,83.53951,0,11.506935
2020,18.0,-4.0,3.1555164,82.812035,0,11.3598585
2020,18.0,-3.75,3.1242073,82.26054,0,11.247146
2020,18.0,-3.5,3.0886075,81.83736,0,11.118987
2020,18.0,-3.25,3.0467606,81.40195,0,10.968338
2020,18.0,-3.0,3.0148106,80.87235,0,10.853317
2020,18.0,-2.75,2.9586554,80.744736,0,10.651159
2020,18.0,-2.5,2.8965883,110.789894,0,10.427718
2020,18.0,-2.25,2.8951874,81.309326,0,10.422674
2020,18.0,-2.0,2.8797445,81.4654,0,10.36708
2020,18.0,-1.75,2.858918,81.60169,0,10.292105
2020,18.0,-1.5,2.8330097,81.648476,0,10.198834
2020,18.0,-1.25,2.8195179,81.784935,0,10.150264
2020,18.0,-1.0,2.8009083,81.44941,0,10.08327
2020,18.0,-0.75,2.7955759,110.86736,0,10.064073
2020,18.0,-0.5,2.7759407,108.80191,0,9.993386
2020,18.0,-0.25,2.7511768,100.79038,0,9.904237
2020,18.0,0.0,2.7336597,96.68604,0,9.841175
2020,18.0,0.25,2.631837,95.91245,0,9.474612
2020,18.0,0.5,2.5603502,97.2918,0,9.21726
2020,18.0,0.75,2.6032288,99.333275,0,9.371623
2020,18.0,1.0,2.710288,101.18038,0,9.757037
2020,18.0,1.25,2.75902,102.43399,0,9.932472
2020,18.0,1.5,2.7828844,102.275826,0,10.018383
2020,18.0,1.75,2.7910216,100.94334,0,10.047677
2020,18.0,2.0,2.8015578,99.5236,0,10.085608
2020,18.0,2.25,2.793867,97.53805,0,10.057921
2020,18.0,2.5,2.7557936,96.32751,0,9.920856
2020,18.0,2.75,2.7203457,95.72332,0,9.793244
2020,18.0,3.0,2.680436,96.39728,0,9.649569
2020,18.0,3.25,2.6310313,96.42176,0,9.471712
2020,18.0,3.5,2.5587242,96.44822,0,9.211407
2020,18.0,3.75,2.5107837,96.99807,0,9.038821
2020,18.0,4.0,2.4782672,97.990135,0,8.9217615
2020,18.0,4.25,2.471193,99.290596,0,8.896295
2020,18.0,4.5,2.4337766,100.192566,0,8.761596
2020,18.0,4.75,2.375485,100.556496,0,8.551745
2020,18.0,5.0,2.290239,101.48078,0,8.244861
2020,18.0,5.25,2.1849701,103.57712,0,7.8658924
2020,18.0,5.5,2.0669034,105.36509,0,7.4408517
2020,18.0,5.75,1.9098291,106.3841,0,6.875385
2020,18.0,6.0,1.7924738,106.075554,0,6.4529057
2020,18.0,6.25,1.6875261,107.28424,0,6.0750937
2020,18.0,6.5,1.6084491,107.758026,0,5.7904167
2020,18.0,6.75,1.4994389,107.21292,0,5.3979797
2020,18.0,7.0,1.3969059,104.47828,0,5.028861
2020,18.0,7.25,1.4137405,103.61468,0,5.0894656
2020,18.0,7.5,1.5084475,101.58811,0,5.430411
2020,18.0,7.75,1.7926774,100.643394,0,6.4536386
2020,18.0,8.0,1.982266,101.1427,0,7.136157
2020,18.0,8.25,1.972757,102.669014,0,7.101925
2020,18.0,8.5,1.9852586,102.12322,0,7.1469307
2020,18.0,8.75,2.0319324,81.98588,0,7.314956
2020,18.0,9.0,1.8019084,68.21348,0,6.48687
2020,18.0,9.25,1.6826591,73.09754,0,6.057573
2020,18.0,9.5,2.0262961,36.210785,0,7.294666
2020,18.0,9.75,2.0919695,59.785248,0,7.53109
2020,18.0,10.0,2.148193,75.61329,0,7.7334943
2020,18.0,10.25,2.1622927,74.47314,0,7.7842536
2020,18.0,10.5,2.08523,74.31031,0,7.5068283
2020,18.0,10.75,2.091965,73.348885,0,7.5310736
2020,18.0,11.0,2.1339958,75.02875,0,7.6823845
2020,18.0,11.25,2.1963334,78.523476,0,7.9068003
2020,18.0,11.5,2.3174152,82.79543,0,8.342694
2020,18.0,11.75,2.4104111,85.196686,0,8.67748
2020,18.0,12.0,2.4848843,87.21528,0,8.945583
