year,latitude,longitude,wspd,wdir,number,wspd_kmh
2025,37.0,-9.0,3.8740032,315.93378,0,13.946411
2025,37.0,-8.75,3.0641637,307.5274,0,11.030989
2025,37.0,-8.5,2.5560575,300.16345,0,9.201807
2025,37.0,-8.25,2.2380972,296.76218,0,8.05715
2025,37.0,-8.0,1.9915395,294.71722,0,7.169542
2025,37.0,-7.75,1.796495,284.96567,0,6.4673815
2025,37.0,-7.5,1.7622874,276.72598,0,6.3442345
2025,37.0,-7.25,1.8462263,268.55844,0,6.6464148
2025,37.0,-7.0,2.0121515,262.86197,0,7.2437453
2025,37.0,-6.75,2.0315025,261.0804,0,7.313409
2025,37.0,-6.5,1.6434575,256.73804,0,5.916447
2025,37.0,-6.25,1.3393948,249.59863,0,4.821821
2025,37.0,-6.0,1.1001363,230.7586,0,3.9604905
2025,37.0,-5.75,1.1367183,219.74338,0,4.0921855
2025,37.0,-5.5,1.1351659,209.58064,0,4.0865974
2025,37.0,-5.25,1.1044128,200.32892,0,3.9758859
2025,37.0,-5.0,1.1194719,200.30618,0,4.030099
2025,37.0,-4.75,0.7962374,192.80035,0,2.8664546
2025,37.0,-4.5,0.60300505,197.57352,0,2.170818
2025,37.0,-4.25,0.48095158,207.53468,0,1.7314256
2025,37.0,-4.0,0.5131846,225.1125,0,1.8474646
2025,37.0,-3.75,0.47376156,230.19911,0,1.7055416
2025,37.0,-3.5,0.48477924,227.60728,0,1.7452052
2025,37.0,-3.25,0.54683614,257.24686,0,1.96861
2025,37.0,-3.0,0.52943546,238.77249,0,1.9059676
2025,37.0,-2.75,0.47241396,223.50838,0,1.7006902
2025,37.0,-2.5,0.5144919,171.26895,0,1.8521708
2025,37.0,-2.25,0.5891817,160.20476,0,2.1210542
2025,37.0,-2.0,0.8155622,113.776535,0,2.9360237
2025,37.0,-1.75,1.2221645,106.87697,0,4.399792
2025,37.0,-1.5,1.4611306,101.36388,0,5.2600703
2025,37.0,-1.25,1.5463585,94.86152,0,5.5668902
2025,37.0,-1.0,1.6148226,91.41287,0,5.813361
2025,37.0,-0.75,1.6949261,94.36845,0,6.101734
2025,37.0,-0.5,1.7699333,97.04318,0,6.37176
2025,37.0,-0.25,1.8426119,100.51688,0,6.633403
2025,37.0,0.0,1.9345114,106.58466,0,6.964241
2025,37.0,0.25,2.0038683,113.39269,0,7.213926
2025,37.0,0.5,2.0635417,120.320015,0,7.4287496
2025,37.0,0.75,2.1087756,125.860054,0,7.591592
2025,37.0,1.0,2.1221647,130.60878,0,7.639793
2025,37.0,1.25,2.07899,131.8048,0,7.4843636
2025,37.0,1.5,2.0512452,130.96188,0,7.3844824
2025,37.0,1.75,2.0501263,129.40704,0,7.3804545
2025,37.0,2.0,2.0659132,125.743004,0,7.4372873
2025,37.0,2.25,2.055087,119.47742,0,7.3983135
2025,37.0,2.5,2.0881824,112.59113,0,7.5174565
2025,37.0,2.75,2.1153271,107.82897,0,7.6151776
2025,37.0,3.0,2.123538,111.64737,0,7.644737
2025,37.0,3.25,2.1554022,117.26241,0,7.7594476
2025,37.0,3.5,2.1378748,122.20456,0,7.696349
2025,37.0,3.75,2.1056626,127.62392,0,7.580385
2025,37.0,4.0,2.0054636,137.40561,0,7.219669
2025,37.0,4.25,2.0446193,147.77289,0,7.3606296
2025,37.0,4.5,1.9375354,155.29733,0,6.975127
2025,37.0,4.75,1.7613555,161.1922,0,6.34088
2025,37.0,5.0,1.6406922,159.6364,0,5.9064918
2025,37.0,5.25,1.6874938,155.95973,0,6.0749774
2025,37.0,5.5,1.6301662,150.80353,0,5.868598
2025,37.0,5.75,1.5320436,148.50803,0,5.5153565
2025,37.0,6.0,1.3114674,149.72337,0,4.7212825
2025,37.0,6.25,0.9319174,149.20271,0,3.3549027
2025,37.0,6.5,0.85288507,180.64984,0,3.0703862
2025,37.0,6.75,1.0038791,176.01755,0,3.6139646
2025,37.0,7.0,1.2344706,175.75356,0,4.444094
2025,37.0,7.25,1.0505307,174.37573,0,3.7819104
2025,37.0,7.5,1.008931,174.16565,0,3.6321516
2025,37.0,7.75,1.1025465,214.51091,0,3.9691672
2025,37.0,8.0,1.3541392,216.42679,0,4.874901
2025,37.0,8.25,1.3194432,242.54509,0,4.7499957
2025,37.0,8.5,1.2585734,230.27596,0,4.5308642
2025,37.0,8.75,1.1689494,256.94028,0,4.2082176
2025,37.0,9.0,1.041187,286.4876,0,3.7482734
2025,37.0,9.25,0.95818967,283.17877,0,3.4494827
2025,37.0,9.5,0.9375526,289.62704,0,3.375189
2025,37.0,9.75,0.9691662,298.58456,0,3.4889984
2025,37.0,10.0,0.9707043,225.44794,0,3.4945354
2025,37.0,10.25,1.2407093,230.07243,0,4.466553
2025,37.0,10.5,1.2971874,225.05077,0,4.6698747
2025,37.0,10.75,1.2134672,295.65787,0,4.368482
2025,37.0,11.0,1.0348643,282.3904,0,3.7255113
2025,37.0,11.25,1.2402751,283.42215,0,4.4649906
2025,37.0,11.5,1.4907935,284.39972,0,5.3668566
2025,37.0,11.75,1.6310697,284.12192,0,5.8718505
2025,37.0,12.0,1.6698833,282.3162,0,6.0115795
2025,36.75,-9.0,4.061003,317.42834,0,14.619611
2025,36.75,-8.75,3.6675482,311.23523,0,13.203173
2025,36.75,-8.5,3.138933,305.2433,0,11.3001585
2025,36.75,-8.25,2.7338145,299.05545,0,9.841732
2025,36.75,-8.0,2.4110582,295.07513,0,8.67981
2025,36.75,-7.75,2.1847296,289.0447,0,7.8650265
2025,36.75,-7.5,1.9676505,284.84644,0,7.083542
2025,36.75,-7.25,1.9490675,278.34705,0,7.0166426
2025,36.75,-7.0,1.9757544,271.2733,0,7.1127157
2025,36.75,-6.75,1.9371266,260.80115,0,6.9736557
2025,36.75,-6.5,1.5240773,250.36447,0,5.486678
2025,36.75,-6.25,1.0692469,223.25172,0,3.8492887
2025,36.75,-6.0,0.9438313,198.23215,0,3.3977926
2025,36.75,-5.75,0.951704,185.17938,0,3.4261343
2025,36.75,-5.5,0.6857484,175.47404,0,2.4686942
2025,36.75,-5.25,0.6391775,173.80266,0,2.301039
2025,36.75,-5.0,0.49572167,202.5489,0,1.784598
2025,36.75,-4.75,0.42592865,193.67836,0,1.5333431
2025,36.75,-4.5,0.4040289,203.18736,0,1.454504
2025,36.75,-4.25,0.56861645,222.32375,0,2.0470192
2025,36.75,-4.0,0.80995846,242.5609,0,2.9158504
2025,36.75,-3.75,0.7760322,248.2884,0,2.793716
2025,36.75,-3.5,0.8007253,221.67465,0,2.882611
2025,36.75,-3.25,0.8774194,221.54684,0,3.1587098
2025,36.75,-3.0,0.9376676,209.29485,0,3.3756032
2025,36.75,-2.75,1.0057757,198.42078,0,3.6207924
2025,36.75,-2.5,1.0304165,192.4208,0,3.7094994
2025,36.75,-2.25,1.1018004,171.96596,0,3.9664814
2025,36.75,-2.0,1.3298506,157.915,0,4.7874618
2025,36.75,-1.75,1.5634568,156.9774,0,5.628444
2025,36.75,-1.5,1.5978729,155.29904,0,5.752342
2025,36.75,-1.25,1.6723863,153.45135,0,6.0205903
2025,36.75,-1.0,1.7014852,156.10385,0,6.125346
2025,36.75,-0.75,1.7288295,158.68256,0,6.223786
2025,36.75,-0.5,1.7825122,124.28205,0,6.4170437
2025,36.75,-0.25,1.8439511,131.21231,0,6.6382236
2025,36.75,0.0,1.9019405,96.432106,0,6.8469853
2025,36.75,0.25,1.9433771,102.14957,0,6.9961576
2025,36.75,0.5,2.0086238,120.05721,0,7.2310457
2025,36.75,0.75,2.0702047,125.44469,0,7.452737
2025,36.75,1.0,1.966805,132.72444,0,7.0804977
2025,36.75,1.25,1.8008131,135.9901,0,6.482927
2025,36.75,1.5,1.7585213,136.28098,0,6.3306766
2025,36.75,1.75,1.6826705,138.4283,0,6.0576134
2025,36.75,2.0,1.6227399,139.25032,0,5.8418636
2025,36.75,2.25,1.5089352,135.35956,0,5.4321666
2025,36.75,2.5,1.4006758,127.97079,0,5.042433
2025,36.75,2.75,1.3877184,122.50239,0,4.995786
2025,36.75,3.0,1.1567243,124.36827,0,4.1642075
2025,36.75,3.25,1.0975407,121.31951,0,3.9511466
2025,36.75,3.5,1.1052152,121.59614,0,3.9787745
2025,36.75,3.75,1.084129,120.77832,0,3.9028642
2025,36.75,4.0,0.97893167,130.40504,0,3.524154
2025,36.75,4.25,0.9915089,142.29036,0,3.569432
2025,36.75,4.5,0.9932638,148.85239,0,3.5757496
2025,36.75,4.75,0.8524772,151.16267,0,3.0689178
2025,36.75,5.0,0.82341087,145.32718,0,2.964279
2025,36.75,5.25,0.9313729,141.09651,0,3.3529422
2025,36.75,5.5,0.8780223,140.0716,0,3.1608803
2025,36.75,5.75,0.7406317,144.52448,0,2.666274
2025,36.75,6.0,0.61661667,145.87344,0,2.21982
2025,36.75,6.25,0.524709,173.35089,0,1.8889523
2025,36.75,6.5,0.60285306,168.83517,0,2.170271
2025,36.75,6.75,0.74500346,165.68587,0,2.6820123
2025,36.75,7.0,0.8747917,161.92857,0,3.14925
2025,36.75,7.25,0.8216573,234.8201,0,2.957966
2025,36.75,7.5,0.7409348,234.14987,0,2.667365
2025,36.75,7.75,0.6936538,157.28557,0,2.4971538
2025,36.75,8.0,0.8054782,157.9299,0,2.8997214
2025,36.75,8.25,0.8439424,227.3593,0,3.0381925
2025,36.75,8.5,0.9114115,263.45618,0,3.2810814
2025,36.75,8.75,0.87167495,292.84976,0,3.1380298
2025,36.75,9.0,0.90628624,298.852,0,3.2626305
2025,36.75,9.25,0.9885728,299.40704,0,3.558862
2025,36.75,9.5,0.95471656,261.30893,0,3.4369795
2025,36.75,9.75,0.83440524,259.0044,0,3.0038588
2025,36.75,10.0,0.7593217,261.16556,0,2.733558
2025,36.75,10.25,0.8425508,264.05292,0,3.0331829
2025,36.75,10.5,0.85181373,263.05008,0,3.0665293
2025,36.75,10.75,0.7817951,290.17853,0,2.8144622
2025,36.75,11.0,0.893574,284.87988,0,3.2168663
2025,36.75,11.25,1.1975642,290.51776,0,4.311231
2025,36.75,11.5,1.4326549,289.0194,0,5.1575575
2025,36.75,11.75,1.5800711,285.63303,0,5.688256
2025,36.75,12.0,1.656776,282.452,0,5.964393
2025,36.5,-9.0,4.20085,319.06827,0,15.123059
2025,36.5,-8.75,3.8150568,314.69275,0,13.734204
2025,36.5,-8.5,3.4477048,310.9757,0,12.4117365
2025,36.5,-8.25,3.0224097,306.54965,0,10.880674
2025,36.5,-8.0,2.635706,302.61768,0,9.488542
2025,36.5,-7.75,2.2794251,300.33612,0,8.205931
2025,36.5,-7.5,2.0191212,298.44427,0,7.268836
2025,36.5,-7.25,1.6919699,257.45673,0,6.091091
2025,36.5,-7.0,1.5450372,253.75543,0,5.562134
2025,36.5,-6.75,1.4102452,245.40942,0,5.0768824
2025,36.5,-6.5,1.2102334,226.30365,0,4.35684
2025,36.5,-6.25,1.0037403,202.53453,0,3.613465
2025,36.5,-6.0,1.0215058,158.18391,0,3.6774209
2025,36.5,-5.75,0.83223057,158.12523,0,2.9960299
2025,36.5,-5.5,0.6602554,158.8924,0,2.3769193
2025,36.5,-5.25,0.53803784,165.58624,0,1.9369361
2025,36.5,-5.0,0.7741337,209.83147,0,2.7868812
2025,36.5,-4.75,0.7898923,222.63379,0,2.8436122
2025,36.5,-4.5,1.0793635,221.949,0,3.8857083
2025,36.5,-4.25,1.3162509,226.35986,0,4.738503
2025,36.5,-4.0,1.5100819,223.31995,0,5.4362946
2025,36.5,-3.75,1.4809146,220.66621,0,5.3312926
2025,36.5,-3.5,1.5010347,220.65369,0,5.4037247
2025,36.5,-3.25,1.386334,213.88916,0,4.9908023
2025,36.5,-3.0,1.4071013,206.58469,0,5.0655646
2025,36.5,-2.75,1.3757445,198.9465,0,4.95268
2025,36.5,-2.5,1.2633282,183.40848,0,4.5479813
2025,36.5,-2.25,1.4400566,165.19444,0,5.1842036
2025,36.5,-2.0,1.7090816,154.69022,0,6.1526937
2025,36.5,-1.75,1.8157967,149.30583,0,6.536868
2025,36.5,-1.5,1.8496426,147.23247,0,6.6587133
2025,36.5,-1.25,1.781459,147.08302,0,6.4132524
2025,36.5,-1.0,1.768184,148.86554,0,6.365462
2025,36.5,-0.75,1.7811705,149.92053,0,6.412214
2025,36.5,-0.5,1.8220209,151.28827,0,6.559275
2025,36.5,-0.25,1.8540475,155.44751,0,6.674571
2025,36.5,0.0,1.8281038,154.28719,0,6.5811734
2025,36.5,0.25,1.686923,115.836914,0,6.0729227
2025,36.5,0.5,1.7112929,118.92503,0,6.160654
2025,36.5,0.75,1.5133973,121.04363,0,5.4482303
2025,36.5,1.0,1.3030272,127.52785,0,4.6908975
2025,36.5,1.25,1.1752533,126.597565,0,4.2309117
2025,36.5,1.5,1.1594486,126.4273,0,4.174015
2025,36.5,1.75,1.0872707,128.75984,0,3.9141746
2025,36.5,2.0,1.0359179,134.24289,0,3.7293043
2025,36.5,2.25,0.9282844,123.2175,0,3.3418238
2025,36.5,2.5,0.8957932,110.9933,0,3.2248554
2025,36.5,2.75,0.85905576,112.60426,0,3.0926006
2025,36.5,3.0,0.72952026,112.62561,0,2.626273
2025,36.5,3.25,0.6923057,144.46521,0,2.4923005
2025,36.5,3.5,0.6604848,102.492424,0,2.3777452
2025,36.5,3.75,0.62281615,106.802826,0,2.2421381
2025,36.5,4.0,0.4664472,124.246475,0,1.67921
2025,36.5,4.25,0.4595612,142.07222,0,1.6544203
2025,36.5,4.5,0.4828647,145.0019,0,1.738313
2025,36.5,4.75,0.5562791,145.38379,0,2.0026047
2025,36.5,5.0,0.5342657,140.49893,0,1.9233564
2025,36.5,5.25,0.56172276,140.4126,0,2.0222018
2025,36.5,5.5,0.5184511,151.0525,0,1.8664238
2025,36.5,5.75,0.51929474,226.22014,0,1.869461
2025,36.5,6.0,0.55965215,229.13588,0,2.0147476
2025,36.5,6.25,0.53966355,162.59036,0,1.9427887
2025,36.5,6.5,0.60760176,123.522026,0,2.1873662
2025,36.5,6.75,0.6587097,161.48273,0,2.3713548
2025,36.5,7.0,0.7691595,196.01488,0,2.768974
2025,36.5,7.25,0.73155546,267.19843,0,2.6335995
2025,36.5,7.5,0.6584854,264.9901,0,2.3705475
2025,36.5,7.75,0.6073744,227.60881,0,2.186548
2025,36.5,8.0,0.7028736,266.8167,0,2.530345
2025,36.5,8.25,0.8298507,265.2191,0,2.9874623
2025,36.5,8.5,0.91234136,303.86316,0,3.2844288
2025,36.5,8.75,0.84288013,304.22064,0,3.0343683
2025,36.5,9.0,0.84679973,265.21756,0,3.0484788
2025,36.5,9.25,0.87389374,261.33588,0,3.1460173
2025,36.5,9.5,0.8109251,259.90402,0,2.9193304
2025,36.5,9.75,0.72654957,259.9279,0,2.6155784
2025,36.5,10.0,0.7013459,263.962,0,2.5248454
2025,36.5,10.25,0.63690615,236.18015,0,2.2928622
2025,36.5,10.5,0.6430736,235.94499,0,2.315065
2025,36.5,10.75,0.78214407,163.123,0,2.8157187
2025,36.5,11.0,0.9558685,156.59631,0,3.4411263
2025,36.5,11.25,1.1946822,223.3868,0,4.300856
2025,36.5,11.5,1.3418468,295.74326,0,4.8306484
2025,36.5,11.75,1.4762746,290.44513,0,5.3145885
2025,36.5,12.0,1.6165036,284.6552,0,5.8194127
2025,36.25,-9.0,4.2735705,320.91196,0,15.384853
2025,36.25,-8.75,3.9722536,318.73904,0,14.300113
2025,36.25,-8.5,3.5880344,315.71976,0,12.9169235
2025,36.25,-8.25,3.236927,313.8977,0,11.652937
2025,36.25,-8.0,2.8324623,311.71085,0,10.196864
2025,36.25,-7.75,2.4423668,311.97244,0,8.7925205
2025,36.25,-7.5,2.0564618,273.69147,0,7.403262
2025,36.25,-7.25,1.7347505,273.9529,0,6.2451015
2025,36.25,-7.0,1.4819951,231.50046,0,5.335182
2025,36.25,-6.75,1.3048546,194.75389,0,4.6974764
2025,36.25,-6.5,1.1006256,161.94992,0,3.9622521
2025,36.25,-6.25,1.0972285,156.26364,0,3.9500227
2025,36.25,-6.0,1.2051228,132.88663,0,4.338442
2025,36.25,-5.75,0.94789135,138.91466,0,3.4124088
2025,36.25,-5.5,0.8281969,177.46526,0,2.9815087
2025,36.25,-5.25,0.7600577,196.91724,0,2.7362075
2025,36.25,-5.0,1.1027937,248.55984,0,3.9700572
2025,36.25,-4.75,1.4275315,243.88591,0,5.1391134
2025,36.25,-4.5,1.6953439,266.73795,0,6.1032376
2025,36.25,-4.25,1.5715283,266.34534,0,5.6575017
2025,36.25,-4.0,1.5554643,222.33127,0,5.5996714
2025,36.25,-3.75,1.4761186,223.77516,0,5.314027
2025,36.25,-3.5,1.3615825,216.70111,0,4.901697
2025,36.25,-3.25,1.2852278,209.42719,0,4.62682
2025,36.25,-3.0,1.2300705,200.7432,0,4.4282537
2025,36.25,-2.75,1.210805,186.2364,0,4.358898
2025,36.25,-2.5,1.419642,164.28864,0,5.110711
2025,36.25,-2.25,1.5831287,159.07222,0,5.699263
2025,36.25,-2.0,1.8362585,153.91936,0,6.6105304
2025,36.25,-1.75,1.8943901,149.3998,0,6.819804
2025,36.25,-1.5,1.8442385,146.52588,0,6.6392584
2025,36.25,-1.25,1.7745986,146.14717,0,6.3885546
2025,36.25,-1.0,1.7539353,143.82599,0,6.314167
2025,36.25,-0.75,1.7491982,141.30405,0,6.2971134
2025,36.25,-0.5,1.7879848,142.24377,0,6.436745
2025,36.25,-0.25,1.6990517,137.29718,0,6.116586
2025,36.25,0.0,1.650467,137.91068,0,5.9416814
2025,36.25,0.25,1.3834046,141.29265,0,4.9802566
2025,36.25,0.5,1.1779039,143.10175,0,4.2404537
2025,36.25,0.75,0.97849846,141.2162,0,3.5225945
2025,36.25,1.0,0.9012019,140.37941,0,3.2443268
2025,36.25,1.25,0.86341643,141.9818,0,3.108299
2025,36.25,1.5,0.83998054,142.16597,0,3.0239298
2025,36.25,1.75,0.8326415,146.40848,0,2.9975092
2025,36.25,2.0,0.7971557,148.39348,0,2.8697603
2025,36.25,2.25,0.77498585,179.23395,0,2.789949
2025,36.25,2.5,0.71807986,143.13358,0,2.5850875
2025,36.25,2.75,0.67090064,143.99811,0,2.4152422
2025,36.25,3.0,0.7183514,110.19549,0,2.586065
2025,36.25,3.25,0.66621315,187.96956,0,2.3983674
2025,36.25,3.5,0.6259732,189.03893,0,2.2535036
2025,36.25,3.75,0.5223809,113.323265,0,1.8805711
2025,36.25,4.0,0.40915954,130.05273,0,1.4729743
2025,36.25,4.25,0.39959276,141.45139,0,1.4385339
2025,36.25,4.5,0.43685475,138.84604,0,1.572677
2025,36.25,4.75,0.50704825,138.85896,0,1.8253736
2025,36.25,5.0,0.5476739,147.85333,0,1.9716259
2025,36.25,5.25,0.5471599,151.40558,0,1.9697757
2025,36.25,5.5,0.6075956,256.8028,0,2.187344
2025,36.25,5.75,0.7095502,256.2132,0,2.5543807
2025,36.25,6.0,0.75494856,262.1473,0,2.7178147
2025,36.25,6.25,0.6817745,192.82199,0,2.4543881
2025,36.25,6.5,0.6745415,166.5077,0,2.4283493
2025,36.25,6.75,0.72650355,165.63312,0,2.6154127
2025,36.25,7.0,0.8144944,200.51495,0,2.9321797
2025,36.25,7.25,0.7710515,272.63034,0,2.7757854
2025,36.25,7.5,0.6982222,270.9149,0,2.5135999
2025,36.25,7.75,0.80275524,273.9739,0,2.8899188
2025,36.25,8.0,0.9665417,274.68228,0,3.4795501
2025,36.25,8.25,1.0134362,272.3866,0,3.6483703
2025,36.25,8.5,0.79749036,264.27573,0,2.8709652
2025,36.25,8.75,0.73819757,263.8783,0,2.6575112
2025,36.25,9.0,0.7413206,261.79077,0,2.668754
2025,36.25,9.25,0.76795053,259.30838,0,2.7646217
2025,36.25,9.5,0.73447657,260.05338,0,2.6441157
2025,36.25,9.75,0.69026816,271.64066,0,2.4849653
2025,36.25,10.0,0.6980579,241.8559,0,2.5130084
2025,36.25,10.25,0.6973316,262.48483,0,2.5103936
2025,36.25,10.5,0.89506763,89.93741,0,3.2222433
2025,36.25,10.75,1.0774943,94.22312,0,3.8789792
2025,36.25,11.0,1.1373079,129.51025,0,4.0943084
2025,36.25,11.25,1.1525147,153.41116,0,4.1490526
2025,36.25,11.5,1.2726189,143.9153,0,4.581428
2025,36.25,11.75,1.4126132,256.9477,0,5.0854073
2025,36.25,12.0,1.5334796,290.18793,0,5.5205264
2025,36.0,-9.0,4.3082952,323.0573,0,15.509863
2025,36.0,-8.75,4.0430546,321.40503,0,14.5549965
2025,36.0,-8.5,3.753691,320.23605,0,13.513288
2025,36.0,-8.25,3.3955076,319.02518,0,12.223827
2025,36.0,-8.0,3.0412126,318.42462,0,10.948365
2025,36.0,-7.75,2.6748934,280.24243,0,9.629616
2025,36.0,-7.5,2.300136,283.1982,0,8.28049
2025,36.0,-7.25,1.9829267,208.70058,0,7.138536
2025,36.0,-7.0,1.7349818,149.01807,0,6.245934
2025,36.0,-6.75,1.5826939,156.9201,0,5.697698
2025,36.0,-6.5,1.554945,121.51622,0,5.5978017
2025,36.0,-6.25,1.5100062,90.67224,0,5.4360223
2025,36.0,-6.0,1.4427184,105.87812,0,5.193786
2025,36.0,-5.75,1.0677695,116.852745,0,3.8439703
2025,36.0,-5.5,0.82097524,165.43488,0,2.9555109
2025,36.0,-5.25,0.93492633,201.8985,0,3.3657348
2025,36.0,-5.0,1.2190886,237.53426,0,4.3887186
2025,36.0,-4.75,1.4988228,280.204,0,5.395762
2025,36.0,-4.5,1.5878053,286.0511,0,5.716099
2025,36.0,-4.25,1.4824193,288.55505,0,5.336709
2025,36.0,-4.0,1.2201716,252.43579,0,4.3926177
2025,36.0,-3.75,1.0151974,221.68796,0,3.6547105
2025,36.0,-3.5,0.9344684,213.98273,0,3.3640862
2025,36.0,-3.25,0.9526542,181.49487,0,3.429555
2025,36.0,-3.0,1.0903525,169.43626,0,3.9252691
2025,36.0,-2.75,1.2742482,163.0159,0,4.5872936
2025,36.0,-2.5,1.4554178,160.4098,0,5.239504
2025,36.0,-2.25,1.640998,156.57204,0,5.907593
2025,36.0,-2.0,1.7736125,153.65294,0,6.385005
2025,36.0,-1.75,1.7713187,150.12164,0,6.376747
2025,36.0,-1.5,1.7257097,147.18077,0,6.2125545
2025,36.0,-1.25,1.6549307,141.00146,0,5.9577503
2025,36.0,-1.0,1.6512979,136.26277,0,5.9446726
2025,36.0,-0.75,1.65892,131.56763,0,5.972112
2025,36.0,-0.5,1.4990988,164.94562,0,5.3967557
2025,36.0,-0.25,1.4934341,223.64873,0,5.3763623
2025,36.0,0.0,1.4038119,290.66867,0,5.053723
2025,36.0,0.25,1.1546574,287.1283,0,4.1567664
2025,36.0,0.5,0.9358952,283.90857,0,3.3692226
2025,36.0,0.75,0.85992587,284.93304,0,3.095733
2025,36.0,1.0,0.8539787,285.1742,0,3.0743232
2025,36.0,1.25,0.7958824,246.90115,0,2.8651767
2025,36.0,1.5,0.73446876,170.866,0,2.6440876
2025,36.0,1.75,0.7265022,212.03065,0,2.6154077
2025,36.0,2.0,0.7683532,215.2001,0,2.7660716
2025,36.0,2.25,0.7892732,254.6123,0,2.8413835
2025,36.0,2.5,0.7294156,260.7865,0,2.625896
2025,36.0,2.75,0.647003,232.66302,0,2.3292108
2025,36.0,3.0,0.7285049,163.8985,0,2.6226175
2025,36.0,3.25,0.68497884,247.17474,0,2.4659238
2025,36.0,3.5,0.7308518,142.46713,0,2.6310666
2025,36.0,3.75,0.6973861,154.76321,0,2.5105898
2025,36.0,4.0,0.6340891,127.833954,0,2.2827208
2025,36.0,4.25,0.47250593,136.49457,0,1.7010213
2025,36.0,4.5,0.43002412,128.40091,0,1.5480868
2025,36.0,4.75,0.41479105,136.91483,0,1.4932477
2025,36.0,5.0,0.48342985,158.01056,0,1.7403474
2025,36.0,5.25,0.56517553,166.23936,0,2.034632
2025,36.0,5.5,0.6423557,199.84949,0,2.3124804
2025,36.0,5.75,0.69467396,241.81808,0,2.5008261
2025,36.0,6.0,0.7941486,253.59836,0,2.8589349
2025,36.0,6.25,0.73138344,227.07664,0,2.6329803
2025,36.0,6.5,0.70973897,199.27037,0,2.5550601
2025,36.0,6.75,0.7334021,166.65164,0,2.6402473
2025,36.0,7.0,0.8091454,202.618,0,2.9129233
2025,36.0,7.25,0.7892964,274.59012,0,2.841467
2025,36.0,7.5,0.87615037,271.23508,0,3.1541412
2025,36.0,7.75,0.9929818,273.3592,0,3.5747344
2025,36.0,8.0,1.0189048,274.4236,0,3.6680572
2025,36.0,8.25,0.8247378,272.00632,0,2.969056
2025,36.0,8.5,0.6453131,259.77606,0,2.323127
2025,36.0,8.75,0.66371614,262.25525,0,2.389378
2025,36.0,9.0,0.70878977,263.4817,0,2.5516431
2025,36.0,9.25,0.7549158,263.75784,0,2.7176967
2025,36.0,9.5,0.69315743,272.78223,0,2.4953668
2025,36.0,9.75,0.70312667,246.68718,0,2.531256
2025,36.0,10.0,0.7257216,263.6737,0,2.6125977
2025,36.0,10.25,0.7581595,197.4779,0,2.7293742
2025,36.0,10.5,1.0091983,93.385376,0,3.6331139
2025,36.0,10.75,1.2355013,98.63258,0,4.4478045
2025,36.0,11.0,1.2788298,96.14966,0,4.6037874
2025,36.0,11.25,1.1991777,122.3632,0,4.31704
2025,36.0,11.5,1.2474953,151.04631,0,4.490983
2025,36.0,11.75,1.3636956,143.34117,0,4.909304
2025,36.0,12.0,1.4594018,218.05354,0,5.2538466
2025,35.75,-9.0,4.334522,325.23,0,15.604278
2025,35.75,-8.75,4.122481,323.95618,0,14.840931
2025,35.75,-8.5,3.8330743,323.09976,0,13.7990675
2025,35.75,-8.25,3.5630167,322.7135,0,12.826859
2025,35.75,-8.0,3.252798,322.5172,0,11.7100725
2025,35.75,-7.75,2.9197218,284.1889,0,10.510999
2025,35.75,-7.5,2.6208522,285.6056,0,9.435068
2025,35.75,-7.25,2.301066,249.92557,0,8.283837
2025,35.75,-7.0,2.0675824,217.12079,0,7.4432964
2025,35.75,-6.75,1.8970784,144.31697,0,6.829482
2025,35.75,-6.5,1.8216631,149.73668,0,6.557987
2025,35.75,-6.25,1.5636569,117.386505,0,5.6291647
2025,35.75,-6.0,1.342684,91.10829,0,4.8336625
2025,35.75,-5.75,0.9885544,100.37692,0,3.558796
2025,35.75,-5.5,0.85976434,139.90396,0,3.0951514
2025,35.75,-5.25,0.8357526,181.10696,0,3.0087092
2025,35.75,-5.0,0.87018776,169.33786,0,3.132676
2025,35.75,-4.75,1.1511694,277.8079,0,4.14421
2025,35.75,-4.5,1.2881111,318.8166,0,4.6372
2025,35.75,-4.25,1.3156567,240.21289,0,4.736364
2025,35.75,-4.0,1.1016021,247.2535,0,3.9657674
2025,35.75,-3.75,0.9471944,181.81522,0,3.4098997
2025,35.75,-3.5,0.9210856,256.55093,0,3.315908
2025,35.75,-3.25,0.9483722,150.20853,0,3.4141397
2025,35.75,-3.0,1.0155027,157.34735,0,3.6558096
2025,35.75,-2.75,1.1824483,155.9836,0,4.2568135
2025,35.75,-2.5,1.3709683,154.60202,0,4.935486
2025,35.75,-2.25,1.4891539,152.99368,0,5.360954
2025,35.75,-2.0,1.6260391,149.64133,0,5.8537407
2025,35.75,-1.75,1.6404712,145.24149,0,5.9056964
2025,35.75,-1.5,1.5042065,139.07462,0,5.4151435
2025,35.75,-1.25,1.4636084,170.32951,0,5.26899
2025,35.75,-1.0,1.3769919,160.378,0,4.9571705
2025,35.75,-0.75,1.4454234,267.50568,0,5.203524
2025,35.75,-0.5,1.3502839,297.2458,0,4.861022
2025,35.75,-0.25,1.2376018,292.12158,0,4.455366
2025,35.75,0.0,1.1230654,281.34592,0,4.043035
2025,35.75,0.25,1.0807443,277.69275,0,3.8906794
2025,35.75,0.5,1.0666738,277.27957,0,3.8400254
2025,35.75,0.75,0.9708182,276.99506,0,3.4949455
2025,35.75,1.0,0.8913603,276.6854,0,3.2088969
2025,35.75,1.25,0.8233002,276.81213,0,2.9638805
2025,35.75,1.5,0.7590048,237.40828,0,2.732417
2025,35.75,1.75,0.7211094,247.92703,0,2.5959938
2025,35.75,2.0,0.81787014,256.37778,0,2.9443324
2025,35.75,2.25,0.90247357,259.1747,0,3.2489047
2025,35.75,2.5,0.8477013,264.82446,0,3.0517247
2025,35.75,2.75,0.77003217,278.6339,0,2.7721157
2025,35.75,3.0,0.7336381,212.28714,0,2.641097
2025,35.75,3.25,0.75958794,178.27917,0,2.7345166
2025,35.75,3.5,0.8569174,191.08472,0,3.0849025
2025,35.75,3.75,0.96432656,158.6412,0,3.4715755
2025,35.75,4.0,0.90393215,173.7663,0,3.2541556
2025,35.75,4.25,0.6869434,102.841064,0,2.4729962
2025,35.75,4.5,0.66725135,123.79248,0,2.4021049
2025,35.75,4.75,0.5822929,125.8656,0,2.0962543
2025,35.75,5.0,0.55864674,162.80902,0,2.0111282
2025,35.75,5.25,0.47145668,151.92073,0,1.697244
2025,35.75,5.5,0.44372097,179.58508,0,1.5973954
2025,35.75,5.75,0.48878443,198.52013,0,1.7596239
2025,35.75,6.0,0.6191874,201.37856,0,2.2290747
2025,35.75,6.25,0.5756082,213.10152,0,2.0721893
2025,35.75,6.5,0.6759722,260.9769,0,2.4335
2025,35.75,6.75,0.67309815,269.46594,0,2.4231532
2025,35.75,7.0,0.6825528,273.77795,0,2.45719
2025,35.75,7.25,0.75864935,267.50034,0,2.7311375
2025,35.75,7.5,0.85346824,263.92975,0,3.0724857
2025,35.75,7.75,0.8635117,263.71692,0,3.1086419
2025,35.75,8.0,0.7622855,261.283,0,2.7442276
2025,35.75,8.25,0.600206,255.64561,0,2.1607416
2025,35.75,8.5,0.6428795,263.6029,0,2.314366
2025,35.75,8.75,0.70738435,266.1972,0,2.5465837
2025,35.75,9.0,0.7819052,270.70856,0,2.8148584
2025,35.75,9.25,0.75939447,277.2018,0,2.73382
2025,35.75,9.5,0.7252254,250.37845,0,2.6108112
2025,35.75,9.75,0.6485412,263.4505,0,2.3347483
2025,35.75,10.0,0.6886822,160.4494,0,2.479256
2025,35.75,10.25,0.7320935,88.467636,0,2.6355367
2025,35.75,10.5,0.76349086,93.47271,0,2.748567
2025,35.75,10.75,0.9668782,99.71845,0,3.4807613
2025,35.75,11.0,1.192974,99.80328,0,4.2947063
2025,35.75,11.25,1.3403292,89.68385,0,4.825185
2025,35.75,11.5,1.3124492,119.750244,0,4.7248173
2025,35.75,11.75,1.3599731,110.66937,0,4.895903
2025,35.75,12.0,1.4420505,145.76123,0,5.1913815
2025,35.5,-9.0,4.3241467,327.1204,0,15.566928
2025,35.5,-8.75,4.152909,325.9077,0,14.950471
2025,35.5,-8.5,3.932868,325.4306,0,14.158324
2025,35.5,-8.25,3.6808243,285.29236,0,13.250967
2025,35.5,-8.0,3.4311342,284.8164,0,12.352083
2025,35.5,-7.75,3.1412919,285.25006,0,11.30865
2025,35.5,-7.5,2.8611815,285.98145,0,10.300253
2025,35.5,-7.25,2.6016526,286.37015,0,9.36595
2025,35.5,-7.0,2.3708525,289.49338,0,8.5350685
2025,35.5,-6.75,2.1373148,211.09859,0,7.694333
2025,35.5,-6.5,1.8214221,246.75223,0,6.5571194
2025,35.5,-6.25,1.3697631,208.3479,0,4.931147
2025,35.5,-6.0,0.8370976,119.43126,0,3.0135512
2025,35.5,-5.75,0.70489466,108.42688,0,2.5376208
2025,35.5,-5.5,0.59197617,139.8211,0,2.1311142
2025,35.5,-5.25,0.5636174,149.69069,0,2.0290227
2025,35.5,-5.0,0.63000286,154.2213,0,2.2680101
2025,35.5,-4.75,1.0897527,108.44298,0,3.9231095
2025,35.5,-4.5,1.3223745,111.222725,0,4.760548
2025,35.5,-4.25,1.3844073,110.78943,0,4.983866
2025,35.5,-4.0,1.2127512,189.51239,0,4.365904
2025,35.5,-3.75,1.1259788,181.52467,0,4.0535235
2025,35.5,-3.5,1.081083,212.82062,0,3.8918989
2025,35.5,-3.25,1.092258,247.87115,0,3.9321287
2025,35.5,-3.0,1.0101228,207.03447,0,3.636442
2025,35.5,-2.75,1.1955533,175.01198,0,4.303992
2025,35.5,-2.5,1.3504378,141.26056,0,4.8615756
2025,35.5,-2.25,1.4618119,142.26144,0,5.2625227
2025,35.5,-2.0,1.4685404,136.35004,0,5.2867455
2025,35.5,-1.75,1.4992099,202.95058,0,5.3971553
2025,35.5,-1.5,1.3799691,268.79575,0,4.967889
2025,35.5,-1.25,1.1790614,258.2491,0,4.244621
2025,35.5,-1.0,1.022315,286.61273,0,3.680334
2025,35.5,-0.75,1.150996,285.8493,0,4.143585
2025,35.5,-0.5,1.1904516,284.97256,0,4.285626
2025,35.5,-0.25,1.1129905,282.19537,0,4.006766
2025,35.5,0.0,0.98056304,278.179,0,3.530027
2025,35.5,0.25,1.1068769,279.45328,0,3.9847565
2025,35.5,0.5,1.1025785,278.75366,0,3.9692826
2025,35.5,0.75,1.0341936,276.516,0,3.723097
2025,35.5,1.0,0.9627112,274.6288,0,3.4657602
2025,35.5,1.25,0.9746083,279.05133,0,3.5085897
2025,35.5,1.5,1.0159007,282.96738,0,3.6572425
2025,35.5,1.75,1.0142546,291.84918,0,3.6513164
2025,35.5,2.0,1.0358777,262.6034,0,3.7291596
2025,35.5,2.25,1.0113533,266.94797,0,3.6408715
2025,35.5,2.5,0.9741911,271.80823,0,3.507088
2025,35.5,2.75,0.9018989,273.77353,0,3.246836
2025,35.5,3.0,0.8069997,201.5982,0,2.9051988
2025,35.5,3.25,0.79699016,242.99637,0,2.8691645
2025,35.5,3.5,0.85700464,206.86533,0,3.0852165
2025,35.5,3.75,0.9360433,216.57869,0,3.369756
2025,35.5,4.0,0.95188904,227.71477,0,3.4268005
2025,35.5,4.25,0.89673966,207.51172,0,3.2282627
2025,35.5,4.5,0.7882646,229.63145,0,2.8377523
2025,35.5,4.75,0.8073034,130.98668,0,2.9062922
2025,35.5,5.0,0.84451485,138.34784,0,3.0402534
2025,35.5,5.25,0.59935355,156.38713,0,2.1576726
2025,35.5,5.5,0.48126137,110.15809,0,1.7325408
2025,35.5,5.75,0.34853235,119.31817,0,1.2547164
2025,35.5,6.0,0.38717735,175.02463,0,1.3938384
2025,35.5,6.25,0.5715248,272.53088,0,2.0574892
2025,35.5,6.5,0.68712586,280.2977,0,2.473653
2025,35.5,6.75,0.7089746,285.6425,0,2.5523086
2025,35.5,7.0,0.6250281,252.46916,0,2.250101
2025,35.5,7.25,0.68558323,250.03314,0,2.4680996
2025,35.5,7.5,0.7147243,250.57478,0,2.5730073
2025,35.5,7.75,0.6989915,249.08604,0,2.5163693
2025,35.5,8.0,0.664487,255.2099,0,2.3921533
2025,35.5,8.25,0.74556756,261.27368,0,2.6840432
2025,35.5,8.5,0.8185057,265.38928,0,2.9466205
2025,35.5,8.75,0.81272537,270.47614,0,2.9258113
2025,35.5,9.0,0.82153386,277.0894,0,2.957522
2025,35.5,9.25,0.7393547,252.3128,0,2.661677
2025,35.5,9.5,0.62220395,228.89857,0,2.2399342
2025,35.5,9.75,0.5867664,128.41989,0,2.112359
2025,35.5,10.0,0.65221375,95.54037,0,2.3479695
2025,35.5,10.25,0.6718458,102.39262,0,2.418645
2025,35.5,10.5,0.65406734,104.54004,0,2.3546424
2025,35.5,10.75,0.716487,107.33384,0,2.579353
2025,35.5,11.0,0.9079635,106.847046,0,3.2686687
2025,35.5,11.25,1.2774955,93.20829,0,4.598984
2025,35.5,11.5,1.446931,86.36891,0,5.2089515
2025,35.5,11.75,1.4654557,79.51742,0,5.27564
2025,35.5,12.0,1.4748936,113.384735,0,5.3096166
2025,35.25,-9.0,4.363482,328.75006,0,15.708535
2025,35.25,-8.75,4.1898565,327.84665,0,15.083483
2025,35.25,-8.5,3.9729967,327.38364,0,14.302788
2025,35.25,-8.25,3.750256,286.83777,0,13.500921
2025,35.25,-8.0,3.530439,285.7902,0,12.709579
2025,35.25,-7.75,3.275379,285.6521,0,11.791364
2025,35.25,-7.5,3.0350282,284.75998,0,10.926102
2025,35.25,-7.25,2.7875667,283.88934,0,10.03524
2025,35.25,-7.0,2.4988976,283.24002,0,8.996031
2025,35.25,-6.75,2.3057096,279.9275,0,8.300554
2025,35.25,-6.5,1.9996257,271.66028,0,7.1986523
2025,35.25,-6.25,1.5110523,264.67572,0,5.439788
2025,35.25,-6.0,0.7046123,267.84982,0,2.5366042
2025,35.25,-5.75,0.5488301,151.27316,0,1.9757882
2025,35.25,-5.5,0.49723065,167.97377,0,1.7900302
2025,35.25,-5.25,0.48651415,138.0686,0,1.7514509
2025,35.25,-5.0,0.48789433,114.34848,0,1.7564195
2025,35.25,-4.75,0.66093075,68.6493,0,2.3793507
2025,35.25,-4.5,0.77354324,67.862335,0,2.7847555
2025,35.25,-4.25,0.8062325,155.6502,0,2.902437
2025,35.25,-4.0,0.7051128,155.68182,0,2.5384061
2025,35.25,-3.75,0.74466896,176.48166,0,2.6808083
2025,35.25,-3.5,0.89227074,283.4034,0,3.2121747
2025,35.25,-3.25,0.98306453,279.26376,0,3.5390322
2025,35.25,-3.0,0.92745316,168.88374,0,3.3388312
2025,35.25,-2.75,1.1397089,173.16702,0,4.102952
2025,35.25,-2.5,1.2626414,174.27869,0,4.545509
2025,35.25,-2.25,1.2864617,170.35048,0,4.631262
2025,35.25,-2.0,1.3141365,198.27527,0,4.730891
2025,35.25,-1.75,1.412953,304.43958,0,5.086631
2025,35.25,-1.5,1.2725531,296.4566,0,4.581191
2025,35.25,-1.25,1.0330383,288.96664,0,3.7189376
2025,35.25,-1.0,0.9143738,285.94653,0,3.2917457
2025,35.25,-0.75,1.0909212,287.23743,0,3.9273162
2025,35.25,-0.5,1.1649139,287.16147,0,4.19369
2025,35.25,-0.25,1.1174515,286.40308,0,4.0228252
2025,35.25,0.0,0.9605458,285.36435,0,3.4579647
2025,35.25,0.25,1.0389775,284.4804,0,3.740319
2025,35.25,0.5,1.0119722,282.01773,0,3.6430998
2025,35.25,0.75,0.9399092,278.8932,0,3.3836732
2025,35.25,1.0,0.88757765,279.12875,0,3.1952794
2025,35.25,1.25,1.0125613,281.02496,0,3.6452208
2025,35.25,1.5,1.1065246,279.33795,0,3.9834883
2025,35.25,1.75,1.1426113,278.75842,0,4.1134005
2025,35.25,2.0,1.0489566,288.39746,0,3.7762437
2025,35.25,2.25,0.9865872,296.22168,0,3.551714
2025,35.25,2.5,0.9284188,255.74156,0,3.3423076
2025,35.25,2.75,0.87119687,254.34389,0,3.1363087
2025,35.25,3.0,0.76208985,253.57756,0,2.7435234
2025,35.25,3.25,0.732289,248.54427,0,2.6362405
2025,35.25,3.5,0.7646375,245.9148,0,2.7526948
2025,35.25,3.75,0.8120402,246.93733,0,2.9233446
2025,35.25,4.0,0.84786886,247.00021,0,3.0523279
2025,35.25,4.25,0.8226749,237.57045,0,2.9616294
2025,35.25,4.5,0.9079825,222.96283,0,3.268737
2025,35.25,4.75,0.976223,218.54741,0,3.5144026
2025,35.25,5.0,0.8845036,185.683,0,3.184213
2025,35.25,5.25,0.77356935,209.58565,0,2.7848496
2025,35.25,5.5,0.6871858,143.16376,0,2.4738688
2025,35.25,5.75,0.5000733,83.21235,0,1.8002639
2025,35.25,6.0,0.39486763,166.8438,0,1.4215235
2025,35.25,6.25,0.49854627,271.92636,0,1.7947665
2025,35.25,6.5,0.62570393,268.59518,0,2.2525342
2025,35.25,6.75,0.62927353,270.04395,0,2.2653847
2025,35.25,7.0,0.58710104,274.5501,0,2.1135638
2025,35.25,7.25,0.7145148,283.38345,0,2.5722532
2025,35.25,7.5,0.7361786,287.46143,0,2.6502428
2025,35.25,7.75,0.7355404,251.53917,0,2.6479454
2025,35.25,8.0,0.76694417,256.4015,0,2.760999
2025,35.25,8.25,0.8643107,262.08,0,3.1115184
2025,35.25,8.5,0.8459178,268.59378,0,3.045304
2025,35.25,8.75,0.7768618,275.05246,0,2.7967024
2025,35.25,9.0,0.6990246,280.4394,0,2.5164886
2025,35.25,9.25,0.59573567,187.18843,0,2.1446483
2025,35.25,9.5,0.5370989,136.23183,0,1.933556
2025,35.25,9.75,0.5687232,112.60777,0,2.0474036
2025,35.25,10.0,0.61513066,113.7516,0,2.2144704
2025,35.25,10.25,0.66972905,117.418,0,2.4110246
2025,35.25,10.5,0.7737739,121.42247,0,2.7855859
2025,35.25,10.75,0.8924906,122.70478,0,3.2129662
2025,35.25,11.0,1.0959413,118.44095,0,3.9453886
2025,35.25,11.25,1.4906144,97.3508,0,5.366212
2025,35.25,11.5,1.6718556,91.21219,0,6.01868
2025,35.25,11.75,1.669217,86.388954,0,6.009181
2025,35.25,12.0,1.5931724,82.7493,0,5.7354207
2025,35.0,-9.0,4.3200197,329.9734,0,15.552071
2025,35.0,-8.75,4.168397,328.91687,0,15.006228
2025,35.0,-8.5,4.009084,327.9263,0,14.432703
2025,35.0,-8.25,3.8388813,286.93777,0,13.819972
2025,35.0,-8.0,3.636759,286.04263,0,13.092332
2025,35.0,-7.75,3.3752582,284.93512,0,12.150929
2025,35.0,-7.5,3.1238468,283.27914,0,11.245848
2025,35.0,-7.25,2.8543167,281.19757,0,10.27554
2025,35.0,-7.0,2.527003,278.206,0,9.097211
2025,35.0,-6.75,2.3227215,272.77924,0,8.361797
2025,35.0,-6.5,1.9924272,264.68628,0,7.172738
2025,35.0,-6.25,1.5186037,256.07465,0,5.4669733
2025,35.0,-6.0,0.89038396,251.00732,0,3.205382
2025,35.0,-5.75,0.6524729,257.0242,0,2.3489025
2025,35.0,-5.5,0.502466,263.71942,0,1.8088776
2025,35.0,-5.25,0.38396367,199.62093,0,1.3822691
2025,35.0,-5.0,0.4894851,145.14801,0,1.7621464
2025,35.0,-4.75,0.5675191,144.34106,0,2.043069
2025,35.0,-4.5,0.5681719,142.23785,0,2.0454187
2025,35.0,-4.25,0.54415613,183.51926,0,1.9589621
2025,35.0,-4.0,0.5233961,159.31783,0,1.8842258
2025,35.0,-3.75,0.54206705,168.08876,0,1.9514413
2025,35.0,-3.5,0.6848191,166.35825,0,2.4653487
2025,35.0,-3.25,0.8704948,165.10335,0,3.1337812
2025,35.0,-3.0,1.0320802,164.32841,0,3.7154884
2025,35.0,-2.75,0.99978787,123.07552,0,3.5992362
2025,35.0,-2.5,0.9356501,159.7951,0,3.3683403
2025,35.0,-2.25,0.8616016,194.34758,0,3.1017656
2025,35.0,-2.0,0.88315696,187.89467,0,3.179365
2025,35.0,-1.75,0.87961316,298.83356,0,3.1666074
2025,35.0,-1.5,0.851506,292.23315,0,3.0654216
2025,35.0,-1.25,0.84086823,287.9801,0,3.0271256
2025,35.0,-1.0,0.9654729,289.7923,0,3.4757023
2025,35.0,-0.75,1.0615561,251.7785,0,3.8216019
2025,35.0,-0.5,1.0463116,250.40608,0,3.7667217
2025,35.0,-0.25,0.9618402,287.5987,0,3.4626248
2025,35.0,0.0,0.882384,285.49622,0,3.1765823
2025,35.0,0.25,1.008915,286.72195,0,3.6320937
2025,35.0,0.5,1.0119545,286.69003,0,3.6430364
2025,35.0,0.75,0.93370533,286.9635,0,3.361339
2025,35.0,1.0,0.8247594,250.81424,0,2.9691339
2025,35.0,1.25,0.94427,292.97217,0,3.3993719
2025,35.0,1.5,1.0821338,292.79852,0,3.8956814
2025,35.0,1.75,1.1842463,291.42584,0,4.2632866
2025,35.0,2.0,1.1740289,291.19055,0,4.226504
2025,35.0,2.25,1.0385879,288.54163,0,3.7389164
2025,35.0,2.5,0.9258105,271.55063,0,3.3329177
2025,35.0,2.75,0.8593554,254.57886,0,3.0936794
2025,35.0,3.0,0.7889518,242.07625,0,2.8402264
2025,35.0,3.25,0.77285624,239.12527,0,2.7822824
2025,35.0,3.5,0.81197786,239.63615,0,2.9231203
2025,35.0,3.75,0.8756466,243.53331,0,3.1523275
2025,35.0,4.0,0.94369984,249.61285,0,3.3973193
2025,35.0,4.25,0.9439162,247.14119,0,3.3980982
2025,35.0,4.5,0.9932767,242.82175,0,3.5757961
2025,35.0,4.75,1.0579295,242.70895,0,3.808546
2025,35.0,5.0,1.1114705,245.52946,0,4.0012937
2025,35.0,5.25,1.118238,208.95218,0,4.0256567
2025,35.0,5.5,1.109589,136.91107,0,3.9945202
2025,35.0,5.75,0.9428836,67.60786,0,3.3943808
2025,35.0,6.0,0.50033605,94.10081,0,1.8012097
2025,35.0,6.25,0.40884763,180.74786,0,1.4718515
2025,35.0,6.5,0.42353824,190.86613,0,1.5247376
2025,35.0,6.75,0.46537527,249.35913,0,1.6753509
2025,35.0,7.0,0.57050097,271.46304,0,2.0538034
2025,35.0,7.25,0.69103,288.3887,0,2.487708
2025,35.0,7.5,0.72831064,291.98132,0,2.6219182
2025,35.0,7.75,0.73764414,296.67227,0,2.6555188
2025,35.0,8.0,0.7845773,270.2363,0,2.8244781
2025,35.0,8.25,0.87774587,277.08923,0,3.159885
2025,35.0,8.5,0.8736328,244.60156,0,3.145078
2025,35.0,8.75,0.7968235,252.17218,0,2.8685646
2025,35.0,9.0,0.67063403,192.38509,0,2.4142826
2025,35.0,9.25,0.6517662,113.311775,0,2.3463583
2025,35.0,9.5,0.7240275,124.293076,0,2.606499
2025,35.0,9.75,0.77984476,127.81046,0,2.807441
2025,35.0,10.0,0.8037721,127.54349,0,2.8935795
2025,35.0,10.25,0.9129614,128.35345,0,3.2866611
2025,35.0,10.5,1.174951,129.10439,0,4.229823
2025,35.0,10.75,1.5036522,128.65527,0,5.413148
2025,35.0,11.0,1.8937361,99.13539,0,6.81745
2025,35.0,11.25,1.9693173,99.90567,0,7.0895424
2025,35.0,11.5,1.9206805,95.16439,0,6.9144497
2025,35.0,11.75,1.8070589,91.16631,0,6.505412
2025,35.0,12.0,1.7581275,89.52995,0,6.3292584
2025,34.75,-9.0,4.292474,332.1266,0,15.452906
2025,34.75,-8.75,4.136465,330.98932,0,14.8912735
2025,34.75,-8.5,3.9613926,289.52295,0,14.261013
2025,34.75,-8.25,3.7758582,288.1898,0,13.593089
2025,34.75,-8.0,3.5660346,286.8478,0,12.837724
2025,34.75,-7.75,3.3834748,284.00156,0,12.180509
2025,34.75,-7.5,3.1153157,281.98474,0,11.215137
2025,34.75,-7.25,2.8127365,279.2079,0,10.125852
2025,34.75,-7.0,2.517765,314.8465,0,9.063954
2025,34.75,-6.75,2.211154,307.4189,0,7.960154
2025,34.75,-6.5,1.6742368,301.0405,0,6.027252
2025,34.75,-6.25,1.147222,250.33566,0,4.129999
2025,34.75,-6.0,0.9544156,248.54652,0,3.4358962
2025,34.75,-5.75,1.0229479,240.02142,0,3.6826124
2025,34.75,-5.5,0.8992708,233.07614,0,3.2373748
2025,34.75,-5.25,0.74892056,226.1662,0,2.696114
2025,34.75,-5.0,0.51025516,261.0199,0,1.8369185
2025,34.75,-4.75,0.39920124,285.1283,0,1.4371245
2025,34.75,-4.5,0.47948578,233.61545,0,1.7261487
2025,34.75,-4.25,0.57093,232.33382,0,2.055348
2025,34.75,-4.0,0.6841396,217.08879,0,2.4629025
2025,34.75,-3.75,0.77900165,171.37222,0,2.804406
2025,34.75,-3.5,0.92980903,132.38068,0,3.3473125
2025,34.75,-3.25,1.1270576,131.03064,0,4.057407
2025,34.75,-3.0,1.3166434,119.076035,0,4.739916
2025,34.75,-2.75,1.1412348,117.116425,0,4.108445
2025,34.75,-2.5,0.9777437,115.216225,0,3.5198772
2025,34.75,-2.25,0.9029825,149.77057,0,3.2507367
2025,34.75,-2.0,0.8504591,148.03369,0,3.0616527
2025,34.75,-1.75,0.7213237,144.67162,0,2.5967653
2025,34.75,-1.5,0.7030097,219.63412,0,2.530835
2025,34.75,-1.25,0.787402,256.69104,0,2.834647
2025,34.75,-1.0,0.9436948,255.87001,0,3.3973012
2025,34.75,-0.75,0.9952262,256.83804,0,3.5828142
2025,34.75,-0.5,0.99443287,255.29684,0,3.5799582
2025,34.75,-0.25,0.9558062,253.51457,0,3.4409022
2025,34.75,0.0,0.98094016,256.1409,0,3.5313845
2025,34.75,0.25,1.0853134,298.98187,0,3.9071283
2025,34.75,0.5,1.0895355,298.02295,0,3.9223275
2025,34.75,0.75,1.0055115,296.2789,0,3.6198413
2025,34.75,1.0,0.8879255,257.3183,0,3.1965318
2025,34.75,1.25,0.9078166,298.00085,0,3.2681396
2025,34.75,1.5,0.97351146,294.70496,0,3.504641
2025,34.75,1.75,1.0765215,284.64807,0,3.8754773
2025,34.75,2.0,1.2058349,272.8246,0,4.3410053
2025,34.75,2.25,1.0620818,256.9719,0,3.8234944
2025,34.75,2.5,0.96108776,247.57219,0,3.4599159
2025,34.75,2.75,0.84158236,242.6385,0,3.0296965
2025,34.75,3.0,0.7929689,240.3089,0,2.8546882
2025,34.75,3.25,0.80967796,245.28041,0,2.9148405
2025,34.75,3.5,0.88899326,251.50656,0,3.2003756
2025,34.75,3.75,0.989898,255.45187,0,3.5636327
2025,34.75,4.0,1.0782489,257.28268,0,3.8816957
2025,34.75,4.25,0.95281506,253.98053,0,3.430134
2025,34.75,4.5,0.995795,211.04596,0,3.584862
2025,34.75,4.75,1.060141,205.99344,0,3.8165073
2025,34.75,5.0,1.1519139,163.46936,0,4.1468897
2025,34.75,5.25,1.196674,165.89224,0,4.3080263
2025,34.75,5.5,1.2989345,131.0656,0,4.676164
2025,34.75,5.75,1.2229801,137.55762,0,4.4027286
2025,34.75,6.0,0.9628776,146.03667,0,3.4663591
2025,34.75,6.25,0.9059693,68.2791,0,3.2614894
2025,34.75,6.5,0.7758826,67.46053,0,2.7931774
2025,34.75,6.75,0.67442155,64.909615,0,2.4279175
2025,34.75,7.0,0.6438816,57.78894,0,2.3179739
2025,34.75,7.25,0.6907039,90.26581,0,2.486534
2025,34.75,7.5,0.6909936,90.27724,0,2.487577
2025,34.75,7.75,0.6668005,242.32433,0,2.4004817
2025,34.75,8.0,0.73460364,223.53206,0,2.644573
2025,34.75,8.25,0.8763321,220.41115,0,3.1547954
2025,34.75,8.5,0.93664944,163.87811,0,3.371938
2025,34.75,8.75,0.97010016,109.22776,0,3.4923606
2025,34.75,9.0,0.9072026,120.08932,0,3.2659292
2025,34.75,9.25,0.97217613,125.74055,0,3.499834
2025,34.75,9.5,1.0896459,129.37111,0,3.922725
2025,34.75,9.75,1.1970972,131.1512,0,4.30955
2025,34.75,10.0,1.3712765,131.43303,0,4.9365954
2025,34.75,10.25,1.4789886,132.19933,0,5.324359
2025,34.75,10.5,1.7362504,133.89247,0,6.250501
2025,34.75,10.75,2.0361717,96.9213,0,7.330218
2025,34.75,11.0,2.3307948,102.13725,0,8.3908615
2025,34.75,11.25,2.2859602,100.65761,0,8.229457
2025,34.75,11.5,2.187316,98.8482,0,7.874337
2025,34.75,11.75,2.0725145,96.68859,0,7.461052
2025,34.75,12.0,1.9779699,94.1818,0,7.1206913
2025,34.5,-9.0,4.180313,254.52875,0,15.049127
2025,34.5,-8.75,4.0254035,293.6934,0,14.491452
2025,34.5,-8.5,3.8521984,292.2629,0,13.867914
2025,34.5,-8.25,3.6701508,290.5074,0,13.212543
2025,34.5,-8.0,3.4596376,288.634,0,12.454695
2025,34.5,-7.75,3.239982,285.92273,0,11.663935
2025,34.5,-7.5,2.9195285,282.91873,0,10.510303
2025,34.5,-7.25,2.59981,319.4821,0,9.359315
2025,34.5,-7.0,2.4735386,312.23303,0,8.904738
2025,34.5,-6.75,2.166553,300.67548,0,7.7995906
2025,34.5,-6.5,1.6127124,289.07547,0,5.805764
2025,34.5,-6.25,1.0701245,272.20328,0,3.8524482
2025,34.5,-6.0,0.927337,253.37967,0,3.338413
2025,34.5,-5.75,1.0560173,247.59703,0,3.8016622
2025,34.5,-5.5,1.1223705,248.0543,0,4.0405335
2025,34.5,-5.25,1.0068806,262.40472,0,3.6247702
2025,34.5,-5.0,0.9156433,268.27185,0,3.2963157
2025,34.5,-4.75,0.62418586,230.426,0,2.2470691
2025,34.5,-4.5,0.5100622,276.9479,0,1.836224
2025,34.5,-4.25,0.64415747,237.03038,0,2.3189669
2025,34.5,-4.0,0.8799715,225.35765,0,3.1678972
2025,34.5,-3.75,0.94501334,212.63885,0,3.4020479
2025,34.5,-3.5,1.2061529,171.73984,0,4.34215
2025,34.5,-3.25,1.3908736,130.51047,0,5.0071445
2025,34.5,-3.0,1.3224995,115.00523,0,4.7609982
2025,34.5,-2.75,1.0328023,110.681595,0,3.7180884
2025,34.5,-2.5,0.9246732,186.7268,0,3.3288233
2025,34.5,-2.25,0.87643516,223.71065,0,3.1551664
2025,34.5,-2.0,0.8144831,222.89136,0,2.9321392
2025,34.5,-1.75,0.73886377,227.11761,0,2.6599095
2025,34.5,-1.5,0.86711663,231.09315,0,3.1216197
2025,34.5,-1.25,1.0203828,229.56683,0,3.6733778
2025,34.5,-1.0,1.1292301,231.67578,0,4.0652285
2025,34.5,-0.75,1.1497347,271.4725,0,4.139045
2025,34.5,-0.5,1.1317213,270.47888,0,4.0741963
2025,34.5,-0.25,1.083252,270.10297,0,3.8997068
2025,34.5,0.0,1.0880886,270.46445,0,3.917119
2025,34.5,0.25,1.1728086,269.1788,0,4.222111
2025,34.5,0.5,1.1701809,264.5805,0,4.2126513
2025,34.5,0.75,1.0991292,262.0651,0,3.956865
2025,34.5,1.0,1.0192405,253.26752,0,3.6692657
2025,34.5,1.25,0.8951142,258.33096,0,3.222411
2025,34.5,1.5,0.93054783,259.18713,0,3.349972
2025,34.5,1.75,0.9286127,254.24113,0,3.3430057
2025,34.5,2.0,1.021232,250.06549,0,3.6764352
2025,34.5,2.25,0.9419301,245.95975,0,3.3909483
2025,34.5,2.5,0.86590576,251.03383,0,3.1172607
2025,34.5,2.75,0.7933031,253.8622,0,2.855891
2025,34.5,3.0,0.8439014,262.58508,0,3.038045
2025,34.5,3.25,0.8558192,269.60748,0,3.080949
2025,34.5,3.5,0.94453174,271.57043,0,3.400314
2025,34.5,3.75,0.9258232,267.317,0,3.3329635
2025,34.5,4.0,0.9783227,249.55193,0,3.5219617
2025,34.5,4.25,0.960232,193.98647,0,3.4568353
2025,34.5,4.5,1.0043665,194.37231,0,3.6157193
2025,34.5,4.75,1.1368446,155.46124,0,4.0926404
2025,34.5,5.0,1.1665493,121.68579,0,4.1995773
2025,34.5,5.25,1.3159362,127.23447,0,4.73737
2025,34.5,5.5,1.4177874,131.39711,0,5.1040344
2025,34.5,5.75,1.4796236,136.30238,0,5.326645
2025,34.5,6.0,1.3655235,141.96538,0,4.9158845
2025,34.5,6.25,1.2778497,122.25106,0,4.600259
2025,34.5,6.5,1.328251,99.52438,0,4.7817035
2025,34.5,6.75,1.2625182,99.21795,0,4.5450654
2025,34.5,7.0,1.367967,88.0195,0,4.924681
2025,34.5,7.25,1.368127,80.02152,0,4.925257
2025,34.5,7.5,1.2026792,78.22305,0,4.3296447
2025,34.5,7.75,0.9991753,69.7495,0,3.597031
2025,34.5,8.0,0.95138,97.21523,0,3.424968
2025,34.5,8.25,1.0126448,126.836006,0,3.6455212
2025,34.5,8.5,0.95008045,122.78068,0,3.4202895
2025,34.5,8.75,0.9681297,125.83366,0,3.485267
2025,34.5,9.0,1.0373743,129.15051,0,3.7345471
2025,34.5,9.25,1.1091862,124.274574,0,3.9930701
2025,34.5,9.5,1.2313367,126.73755,0,4.432812
2025,34.5,9.75,1.472385,129.03133,0,5.300586
2025,34.5,10.0,1.7782549,132.05945,0,6.401717
2025,34.5,10.25,2.030542,136.08887,0,7.309951
2025,34.5,10.5,2.3766108,100.35563,0,8.555799
2025,34.5,10.75,2.7049866,103.02933,0,9.737951
2025,34.5,11.0,2.7324,102.803955,0,9.836639
2025,34.5,11.25,2.4780016,102.26021,0,8.920806
2025,34.5,11.5,2.3743985,100.68131,0,8.547834
2025,34.5,11.75,2.2854657,98.79678,0,8.227676
2025,34.5,12.0,2.1952574,96.91084,0,7.9029264
2025,34.25,-9.0,4.1242723,257.5494,0,14.84738
2025,34.25,-8.75,3.9578798,256.56976,0,14.248367
2025,34.25,-8.5,3.773044,255.18506,0,13.582958
2025,34.25,-8.25,3.548186,293.46024,0,12.77347
2025,34.25,-8.0,3.2383325,291.36682,0,11.657997
2025,34.25,-7.75,2.952651,289.16077,0,10.629543
2025,34.25,-7.5,2.7357655,324.401,0,9.848756
2025,34.25,-7.25,2.3744001,319.78522,0,8.54784
2025,34.25,-7.0,2.110387,311.57874,0,7.5973935
2025,34.25,-6.75,1.7279674,295.64435,0,6.2206826
2025,34.25,-6.5,1.4635571,278.79013,0,5.2688055
2025,34.25,-6.25,1.0634029,268.7019,0,3.8282504
2025,34.25,-6.0,0.9575404,266.4027,0,3.4471452
2025,34.25,-5.75,1.0294249,265.93738,0,3.7059295
2025,34.25,-5.5,1.0141889,263.71442,0,3.65108
2025,34.25,-5.25,1.0707467,272.40225,0,3.854688
2025,34.25,-5.0,0.9773667,275.64856,0,3.5185199
2025,34.25,-4.75,0.75114304,256.01807,0,2.704115
2025,34.25,-4.5,0.58686924,252.51009,0,2.1127293
2025,34.25,-4.25,0.6716227,241.53136,0,2.4178417
2025,34.25,-4.0,0.83623326,234.28673,0,3.0104396
2025,34.25,-3.75,1.0335265,209.01445,0,3.7206955
2025,34.25,-3.5,1.2242606,168.72214,0,4.407338
2025,34.25,-3.25,1.301583,162.17996,0,4.685699
2025,34.25,-3.0,1.1763085,191.22783,0,4.2347107
2025,34.25,-2.75,1.0136482,263.16623,0,3.6491332
2025,34.25,-2.5,0.9852435,296.8163,0,3.5468764
2025,34.25,-2.25,0.9990794,261.775,0,3.596686
2025,34.25,-2.0,0.911888,226.9319,0,3.2827966
2025,34.25,-1.75,0.91191536,234.03532,0,3.2828953
2025,34.25,-1.5,1.0692999,237.11652,0,3.8494797
2025,34.25,-1.25,1.2512152,237.94675,0,4.5043745
2025,34.25,-1.0,1.3421382,198.8979,0,4.8316975
2025,34.25,-0.75,1.3652974,199.04033,0,4.9150705
2025,34.25,-0.5,1.3239198,239.31111,0,4.766111
2025,34.25,-0.25,1.2125735,199.37616,0,4.3652644
2025,34.25,0.0,1.0967513,192.46823,0,3.9483047
2025,34.25,0.25,1.0868105,224.84149,0,3.9125175
2025,34.25,0.5,1.0605824,262.0694,0,3.8180966
2025,34.25,0.75,1.0026528,263.5137,0,3.6095498
2025,34.25,1.0,0.9648244,218.6387,0,3.4733677
2025,34.25,1.25,0.8637146,252.46942,0,3.1093724
2025,34.25,1.5,0.828394,249.25775,0,2.9822183
2025,34.25,1.75,0.8434306,246.46037,0,3.03635
2025,34.25,2.0,0.8951556,248.83015,0,3.2225602
2025,34.25,2.25,0.9133712,254.52892,0,3.2881362
2025,34.25,2.5,0.9191036,263.96375,0,3.308773
2025,34.25,2.75,0.9186332,271.0807,0,3.3070796
2025,34.25,3.0,0.9675629,275.08582,0,3.4832263
2025,34.25,3.25,1.0126594,232.3277,0,3.6455739
2025,34.25,3.5,0.9838769,237.13547,0,3.5419567
2025,34.25,3.75,0.9002308,235.88354,0,3.240831
2025,34.25,4.0,0.92468464,190.60477,0,3.3288646
2025,34.25,4.25,0.9658285,189.29425,0,3.4769824
2025,34.25,4.5,1.0004736,153.04697,0,3.6017048
2025,34.25,4.75,1.090507,159.33727,0,3.925825
2025,34.25,5.0,1.1778791,124.543976,0,4.2403646
2025,34.25,5.25,1.3223077,128.29802,0,4.760308
2025,34.25,5.5,1.4301585,170.40701,0,5.1485705
2025,34.25,5.75,1.4902116,174.83553,0,5.364762
2025,34.25,6.0,1.5020424,181.1904,0,5.4073524
2025,34.25,6.25,1.5206233,126.95584,0,5.4742436
2025,34.25,6.5,1.6162461,127.48695,0,5.8184857
2025,34.25,6.75,1.7843454,117.87038,0,6.423643
2025,34.25,7.0,1.9181666,105.81528,0,6.9054
2025,34.25,7.25,1.9226613,94.32365,0,6.9215803
2025,34.25,7.5,1.7979925,86.302185,0,6.4727726
2025,34.25,7.75,1.6970901,116.27646,0,6.1095243
2025,34.25,8.0,1.5939101,106.71544,0,5.738076
2025,34.25,8.25,1.4953147,101.46512,0,5.383133
2025,34.25,8.5,1.4474007,96.974014,0,5.2106423
2025,34.25,8.75,1.4382261,94.00357,0,5.1776137
2025,34.25,9.0,1.5246205,92.02198,0,5.4886336
2025,34.25,9.25,1.6853753,126.40104,0,6.067351
2025,34.25,9.5,1.7888345,124.757675,0,6.439804
2025,34.25,9.75,1.9853808,128.965,0,7.147371
2025,34.25,10.0,2.3451598,134.24133,0,8.4425745
2025,34.25,10.25,2.800212,100.460976,0,10.080763
2025,34.25,10.5,2.892499,100.93612,0,10.412996
2025,34.25,10.75,2.9293654,101.350555,0,10.545715
2025,34.25,11.0,2.9047558,101.460236,0,10.457121
2025,34.25,11.25,2.7785687,101.87697,0,10.002848
2025,34.25,11.5,2.6412225,101.49619,0,9.508401
2025,34.25,11.75,2.5230627,99.832214,0,9.083026
2025,34.25,12.0,2.4201317,98.56346,0,8.712474
2025,34.0,-9.0,4.0447073,220.73396,0,14.5609455
2025,34.0,-8.75,3.8283894,219.488,0,13.782202
2025,34.0,-8.5,3.613441,258.20908,0,13.008388
2025,34.0,-8.25,3.3756208,256.49792,0,12.152235
2025,34.0,-8.0,3.0562987,254.34882,0,11.002675
2025,34.0,-7.75,2.7227736,292.34082,0,9.801985
2025,34.0,-7.5,2.351691,326.135,0,8.466087
2025,34.0,-7.25,2.0659304,318.23755,0,7.4373493
2025,34.0,-7.0,1.527116,302.4386,0,5.4976172
2025,34.0,-6.75,1.2353128,283.01697,0,4.447126
2025,34.0,-6.5,1.0650816,274.35443,0,3.8342936
2025,34.0,-6.25,1.0800636,277.12918,0,3.888229
2025,34.0,-6.0,1.0189899,278.55228,0,3.6683636
2025,34.0,-5.75,0.9938999,279.2319,0,3.5780394
2025,34.0,-5.5,0.87471473,277.5614,0,3.148973
2025,34.0,-5.25,0.92206043,282.7575,0,3.3194175
2025,34.0,-5.0,0.9370207,287.7387,0,3.3732746
2025,34.0,-4.75,0.7836336,283.24637,0,2.821081
2025,34.0,-4.5,0.5642177,269.74112,0,2.0311837
2025,34.0,-4.25,0.6421236,251.44743,0,2.3116448
2025,34.0,-4.0,0.76192415,229.65161,0,2.7429268
2025,34.0,-3.75,0.74693274,201.33344,0,2.688958
2025,34.0,-3.5,0.85505444,162.84882,0,3.0781958
2025,34.0,-3.25,0.95779896,193.70593,0,3.4480762
2025,34.0,-3.0,1.1639712,308.09662,0,4.190296
2025,34.0,-2.75,1.1664662,296.62735,0,4.1992784
2025,34.0,-2.5,1.231501,293.36914,0,4.4334035
2025,34.0,-2.25,1.3015676,298.62756,0,4.685643
2025,34.0,-2.0,1.1963965,266.94592,0,4.3070273
2025,34.0,-1.75,1.0831311,237.9216,0,3.8992717
2025,34.0,-1.5,1.2064592,240.8335,0,4.3432527
2025,34.0,-1.25,1.2890984,164.7608,0,4.640754
2025,34.0,-1.0,1.3401508,164.91637,0,4.824543
2025,34.0,-0.75,1.3396579,164.58131,0,4.822768
2025,34.0,-0.5,1.2208608,201.4141,0,4.3950987
2025,34.0,-0.25,1.1107819,142.74553,0,3.9988148
2025,34.0,0.0,1.0357958,142.3161,0,3.728865
2025,34.0,0.25,0.98701835,144.93317,0,3.553266
2025,34.0,0.5,0.95743084,150.90085,0,3.4467509
2025,34.0,0.75,0.9897408,165.2666,0,3.5630667
2025,34.0,1.0,0.87408453,207.14494,0,3.1467042
2025,34.0,1.25,0.7746341,247.71576,0,2.7886827
2025,34.0,1.5,0.7656115,248.49498,0,2.7562015
2025,34.0,1.75,0.845115,255.76134,0,3.042414
2025,34.0,2.0,0.9477764,262.77255,0,3.411995
2025,34.0,2.25,0.9625384,268.23425,0,3.4651382
2025,34.0,2.5,0.98000264,276.0177,0,3.5280094
2025,34.0,2.75,0.98214287,277.06723,0,3.5357141
2025,34.0,3.0,0.8755678,228.16887,0,3.152044
2025,34.0,3.25,0.90889263,226.85529,0,3.2720134
2025,34.0,3.5,0.90131336,195.87381,0,3.244728
2025,34.0,3.75,0.9044659,198.4693,0,3.2560773
2025,34.0,4.0,0.8884952,194.85338,0,3.1985826
2025,34.0,4.25,0.9479085,195.76389,0,3.4124706
2025,34.0,4.5,0.98544395,199.36823,0,3.5475981
2025,34.0,4.75,1.0816827,164.52393,0,3.8940575
2025,34.0,5.0,1.1594372,166.87912,0,4.1739736
2025,34.0,5.25,1.2768916,169.11745,0,4.5968094
2025,34.0,5.5,1.3216052,170.58136,0,4.7577786
2025,34.0,5.75,1.3715153,174.7245,0,4.9374547
2025,34.0,6.0,1.4166772,182.42868,0,5.100038
2025,34.0,6.25,1.5719701,124.40801,0,5.6590924
2025,34.0,6.5,1.764192,129.50368,0,6.351091
2025,34.0,6.75,1.9977068,128.55681,0,7.1917443
2025,34.0,7.0,2.1372056,123.716606,0,7.69394
2025,34.0,7.25,2.1677423,121.03749,0,7.803872
2025,34.0,7.5,2.1688073,118.68156,0,7.807706
2025,34.0,7.75,2.0372066,114.8517,0,7.333944
2025,34.0,8.0,1.9524174,109.75849,0,7.0287023
2025,34.0,8.25,2.045901,105.45547,0,7.3652434
2025,34.0,8.5,2.0195763,102.056854,0,7.2704744
2025,34.0,8.75,2.182148,96.59954,0,7.8557324
2025,34.0,9.0,2.265806,92.03087,0,8.156901
2025,34.0,9.25,2.3714693,87.92178,0,8.537289
2025,34.0,9.5,2.2996054,89.289536,0,8.278579
2025,34.0,9.75,2.484282,93.91276,0,8.943415
2025,34.0,10.0,2.5687904,96.5458,0,9.247645
2025,34.0,10.25,3.0599053,100.76041,0,11.015658
2025,34.0,10.5,3.0114126,100.184814,0,10.841085
2025,34.0,10.75,2.884019,101.76518,0,10.382468
2025,34.0,11.0,2.7890346,102.09331,0,10.0405245
2025,34.0,11.25,2.9746573,101.969604,0,10.708766
2025,34.0,11.5,2.8558185,100.81209,0,10.280947
2025,34.0,11.75,2.7337396,99.611855,0,9.841462
2025,34.0,12.0,2.66108,99.097015,0,9.579887
2025,33.75,-9.0,3.94127,225.57404,0,14.188572
2025,33.75,-8.75,3.7099092,224.56676,0,13.355673
2025,33.75,-8.5,3.3737123,222.86642,0,12.145364
2025,33.75,-8.25,3.1311467,221.44377,0,11.272128
2025,33.75,-8.0,2.7643805,256.2751,0,9.95177
2025,33.75,-7.75,2.2663698,331.61078,0,8.158931
2025,33.75,-7.5,1.8911152,320.9037,0,6.8080144
2025,33.75,-7.25,1.6193438,309.09604,0,5.8296375
2025,33.75,-7.0,1.1163096,288.79764,0,4.0187144
2025,33.75,-6.75,1.0017768,284.40125,0,3.6063964
2025,33.75,-6.5,1.0392693,286.32788,0,3.7413695
2025,33.75,-6.25,1.0561827,289.4952,0,3.8022578
2025,33.75,-6.0,0.9651838,287.47345,0,3.4746616
2025,33.75,-5.75,0.9361232,287.0569,0,3.3700435
2025,33.75,-5.5,0.7926222,246.35254,0,2.8534398
2025,33.75,-5.25,0.8553718,251.83618,0,3.0793383
2025,33.75,-5.0,0.85961986,257.8547,0,3.0946314
2025,33.75,-4.75,0.7251775,270.9076,0,2.610639
2025,33.75,-4.5,0.42566592,211.90967,0,1.5323973
2025,33.75,-4.25,0.5200751,253.29655,0,1.8722702
2025,33.75,-4.0,0.5651489,267.8604,0,2.034536
2025,33.75,-3.75,0.5683382,232.02937,0,2.0460174
2025,33.75,-3.5,0.622731,210.41025,0,2.2418315
2025,33.75,-3.25,0.8154422,218.42236,0,2.935592
2025,33.75,-3.0,1.1013597,300.08078,0,3.964895
2025,33.75,-2.75,1.2924967,293.48126,0,4.652988
2025,33.75,-2.5,1.3768516,290.4742,0,4.9566655
2025,33.75,-2.25,1.4261037,294.67264,0,5.133973
2025,33.75,-2.0,1.3494004,301.13412,0,4.8578415
2025,33.75,-1.75,1.2164854,235.5941,0,4.3793473
2025,33.75,-1.5,1.1158139,201.46956,0,4.0169296
2025,33.75,-1.25,1.1520863,168.05714,0,4.1475105
2025,33.75,-1.0,1.162305,129.70914,0,4.184298
2025,33.75,-0.75,1.0960076,136.97272,0,3.9456272
2025,33.75,-0.5,1.0428174,144.48825,0,3.7541423
2025,33.75,-0.25,0.96995914,146.5163,0,3.4918528
2025,33.75,0.0,0.962418,151.51495,0,3.4647048
2025,33.75,0.25,0.94406956,158.77638,0,3.3986504
2025,33.75,0.5,0.9761151,163.35794,0,3.5140142
2025,33.75,0.75,0.85859656,167.51947,0,3.0909476
2025,33.75,1.0,0.7405064,212.06279,0,2.665823
2025,33.75,1.25,0.7240342,258.20206,0,2.606523
2025,33.75,1.5,0.8300446,261.83163,0,2.9881606
2025,33.75,1.75,0.9809122,268.8782,0,3.5312839
2025,33.75,2.0,0.9751094,273.00162,0,3.5103939
2025,33.75,2.25,0.9371545,277.0741,0,3.373756
2025,33.75,2.5,0.89974415,277.92294,0,3.2390788
2025,33.75,2.75,0.81508,266.26794,0,2.9342878
2025,33.75,3.0,0.7329214,224.39006,0,2.6385171
2025,33.75,3.25,0.7653306,197.33234,0,2.7551901
2025,33.75,3.5,0.8292291,203.54108,0,2.9852247
2025,33.75,3.75,0.9023076,205.42258,0,3.2483075
2025,33.75,4.0,0.98038757,205.47005,0,3.529395
2025,33.75,4.25,1.0391525,206.10306,0,3.740949
2025,33.75,4.5,1.0646787,206.19745,0,3.832843
2025,33.75,4.75,1.1359086,207.90778,0,4.089271
2025,33.75,5.0,1.2008004,169.79056,0,4.322881
2025,33.75,5.25,1.2585815,132.0727,0,4.5308933
2025,33.75,5.5,1.302507,174.18758,0,4.6890254
2025,33.75,5.75,1.2839757,176.88635,0,4.6223125
2025,33.75,6.0,1.2929589,104.79967,0,4.6546516
2025,33.75,6.25,1.4745172,119.275604,0,5.308262
2025,33.75,6.5,1.7852836,126.01359,0,6.4270205
2025,33.75,6.75,2.026307,127.37999,0,7.2947054
2025,33.75,7.0,2.163497,124.16077,0,7.788589
2025,33.75,7.25,2.226404,120.78763,0,8.015054
2025,33.75,7.5,2.2266974,117.464386,0,8.01611
2025,33.75,7.75,2.2295291,113.71842,0,8.026304
2025,33.75,8.0,2.1712832,108.2151,0,7.8166194
2025,33.75,8.25,2.3341527,103.7975,0,8.402949
2025,33.75,8.5,2.4779663,99.95409,0,8.920678
2025,33.75,8.75,2.6353076,95.99331,0,9.487107
2025,33.75,9.0,2.6142874,92.83443,0,9.411434
2025,33.75,9.25,2.6534545,91.36079,0,9.552436
2025,33.75,9.5,2.5668974,95.306564,0,9.24083
2025,33.75,9.75,2.4408522,100.53854,0,8.787067
2025,33.75,10.0,2.508293,104.836876,0,9.029854
2025,33.75,10.25,2.5625148,102.044785,0,9.225053
2025,33.75,10.5,2.5776184,100.963554,0,9.279426
2025,33.75,10.75,2.4598575,103.88309,0,8.855487
2025,33.75,11.0,2.9021077,102.34673,0,10.447588
2025,33.75,11.25,3.1291165,101.6784,0,11.264819
2025,33.75,11.5,3.0127375,99.21894,0,10.845855
2025,33.75,11.75,2.9347198,98.41939,0,10.564991
2025,33.75,12.0,2.8565428,97.98492,0,10.283554
2025,33.5,-9.0,3.8844638,111.859955,0,13.984069
2025,33.5,-8.75,3.5048647,110.94946,0,12.617513
2025,33.5,-8.5,3.1559408,110.09976,0,11.361386
2025,33.5,-8.25,2.683979,227.34543,0,9.662324
2025,33.5,-8.0,2.2447224,217.87323,0,8.081
2025,33.5,-7.75,1.6921369,285.986,0,6.0916924
2025,33.5,-7.5,1.4872843,317.06903,0,5.3542233
2025,33.5,-7.25,1.2422465,300.94174,0,4.4720874
2025,33.5,-7.0,1.0981514,295.8829,0,3.953345
2025,33.5,-6.75,1.0699071,297.89993,0,3.8516653
2025,33.5,-6.5,1.0752509,298.1639,0,3.870903
2025,33.5,-6.25,0.9449305,295.6033,0,3.4017496
2025,33.5,-6.0,0.83458644,255.87517,0,3.004511
2025,33.5,-5.75,0.8209118,290.2804,0,2.9552824
2025,33.5,-5.5,0.72016263,245.5528,0,2.5925853
2025,33.5,-5.25,0.8421122,253.2073,0,3.0316038
2025,33.5,-5.0,0.97643876,253.77002,0,3.5151794
2025,33.5,-4.75,0.9227879,257.92096,0,3.3220363
2025,33.5,-4.5,0.42852762,259.1197,0,1.5426995
2025,33.5,-4.25,0.4708961,285.43402,0,1.695226
2025,33.5,-4.0,0.57394844,289.40955,0,2.0662143
2025,33.5,-3.75,0.5801262,221.92097,0,2.0884542
2025,33.5,-3.5,0.87884843,114.640465,0,3.1638544
2025,33.5,-3.25,1.0425477,167.4754,0,3.7531717
2025,33.5,-3.0,1.2695459,291.28357,0,4.570365
2025,33.5,-2.75,1.4669517,286.15503,0,5.281026
2025,33.5,-2.5,1.3541847,284.6588,0,4.875065
2025,33.5,-2.25,1.3048711,247.1767,0,4.697536
2025,33.5,-2.0,1.2708583,247.56906,0,4.57509
2025,33.5,-1.75,1.1981884,242.49536,0,4.313478
2025,33.5,-1.5,1.0930223,233.04587,0,3.9348803
2025,33.5,-1.25,1.0148393,186.42383,0,3.6534214
2025,33.5,-1.0,0.9897882,146.82945,0,3.5632374
2025,33.5,-0.75,0.95418125,147.97583,0,3.4350524
2025,33.5,-0.5,0.903597,150.4422,0,3.252949
2025,33.5,-0.25,0.8388488,156.45744,0,3.0198557
2025,33.5,0.0,0.8427024,158.93251,0,3.0337286
2025,33.5,0.25,0.8685348,164.39334,0,3.1267252
2025,33.5,0.5,0.82739186,172.48396,0,2.9786105
2025,33.5,0.75,0.79111636,223.72704,0,2.848019
2025,33.5,1.0,0.80363035,233.08203,0,2.8930693
2025,33.5,1.25,0.87328655,275.97275,0,3.1438315
2025,33.5,1.5,0.9666853,274.3694,0,3.480067
2025,33.5,1.75,0.9196578,271.68558,0,3.3107681
2025,33.5,2.0,0.9061649,273.48553,0,3.2621934
2025,33.5,2.25,0.8068869,264.45764,0,2.9047928
2025,33.5,2.5,0.7643145,261.52646,0,2.751532
2025,33.5,2.75,0.70440555,261.43338,0,2.5358598
2025,33.5,3.0,0.75692016,239.60916,0,2.7249124
2025,33.5,3.25,0.8721426,222.2287,0,3.1397133
2025,33.5,3.5,0.97333866,218.57745,0,3.504019
2025,33.5,3.75,1.0702891,214.75883,0,3.8530407
2025,33.5,4.0,1.1492445,213.12122,0,4.1372805
2025,33.5,4.25,1.181759,212.45102,0,4.254332
2025,33.5,4.5,1.1946064,170.98306,0,4.300583
2025,33.5,4.75,1.2434683,130.94963,0,4.4764857
2025,33.5,5.0,1.2784492,131.70714,0,4.602417
2025,33.5,5.25,1.3460337,93.77699,0,4.8457212
2025,33.5,5.5,1.3772254,96.60402,0,4.958011
2025,33.5,5.75,1.3173119,99.61584,0,4.7423224
2025,33.5,6.0,1.3246667,107.542786,0,4.7688003
2025,33.5,6.25,1.5440606,115.1993,0,5.558618
2025,33.5,6.5,1.8490645,121.28589,0,6.656632
2025,33.5,6.75,2.0066352,123.07713,0,7.2238865
2025,33.5,7.0,2.1180184,121.09337,0,7.624866
2025,33.5,7.25,2.1820216,117.83871,0,7.8552775
2025,33.5,7.5,2.2029293,114.66441,0,7.9305453
2025,33.5,7.75,2.2294052,110.83754,0,8.025858
2025,33.5,8.0,2.2779388,107.42797,0,8.20058
2025,33.5,8.25,2.377376,104.516365,0,8.558554
2025,33.5,8.5,2.4947302,100.88175,0,8.981029
2025,33.5,8.75,2.52928,100.17611,0,9.105408
2025,33.5,9.0,2.4942107,98.409195,0,8.979158
2025,33.5,9.25,2.5272458,98.196686,0,9.098084
2025,33.5,9.5,2.6126359,100.70557,0,9.405489
2025,33.5,9.75,2.4981065,106.90611,0,8.993183
2025,33.5,10.0,2.24278,112.40734,0,8.074008
2025,33.5,10.25,1.9229594,112.18211,0,6.9226537
2025,33.5,10.5,2.0654166,106.13687,0,7.4354997
2025,33.5,10.75,2.444303,103.08569,0,8.799491
2025,33.5,11.0,2.889163,101.52114,0,10.400987
2025,33.5,11.25,3.2521567,98.69244,0,11.707764
2025,33.5,11.5,3.1519835,96.1663,0,11.34714
2025,33.5,11.75,3.0935407,95.518715,0,11.136746
2025,33.5,12.0,3.0696952,96.23155,0,11.050902
2025,33.25,-9.0,3.7750194,76.57649,0,13.59007
2025,33.25,-8.75,3.2553885,75.80721,0,11.7193985
2025,33.25,-8.5,2.635727,73.58548,0,9.488617
2025,33.25,-8.25,2.0758698,70.72208,0,7.473131
2025,33.25,-8.0,1.7987065,146.27794,0,6.475343
2025,33.25,-7.75,1.5897584,249.06451,0,5.72313
2025,33.25,-7.5,1.4368062,236.9022,0,5.172502
2025,33.25,-7.25,1.3375955,273.34183,0,4.8153434
2025,33.25,-7.0,1.2470527,230.83388,0,4.4893894
2025,33.25,-6.75,1.1524526,228.70451,0,4.148829
2025,33.25,-6.5,1.0363712,265.07092,0,3.7309363
2025,33.25,-6.25,0.92274,169.83685,0,3.321864
2025,33.25,-6.0,0.7766541,170.94583,0,2.7959547
2025,33.25,-5.75,0.73471165,248.47377,0,2.6449618
2025,33.25,-5.5,0.68480086,243.78508,0,2.4652832
2025,33.25,-5.25,0.80665755,249.09856,0,2.9039671
2025,33.25,-5.0,1.0553657,252.46617,0,3.7993164
2025,33.25,-4.75,1.2300153,259.9039,0,4.428055
2025,33.25,-4.5,0.9286782,265.92062,0,3.3432415
2025,33.25,-4.25,0.86355925,284.33997,0,3.1088133
2025,33.25,-4.0,0.67509216,210.70418,0,2.4303317
2025,33.25,-3.75,0.8110946,111.23625,0,2.9199405
2025,33.25,-3.5,1.1967461,130.44807,0,4.3082857
2025,33.25,-3.25,1.2679554,164.37968,0,4.5646396
2025,33.25,-3.0,1.439383,240.34703,0,5.181779
2025,33.25,-2.75,1.4026018,238.16095,0,5.0493665
2025,33.25,-2.5,1.2656903,193.38707,0,4.556485
2025,33.25,-2.25,1.237129,180.49786,0,4.4536643
2025,33.25,-2.0,1.2115892,241.7768,0,4.361721
2025,33.25,-1.75,1.1572746,233.37898,0,4.1661882
2025,33.25,-1.5,1.0798945,228.52045,0,3.8876202
2025,33.25,-1.25,0.98989826,227.70885,0,3.5636337
2025,33.25,-1.0,0.89268833,190.00212,0,3.213678
2025,33.25,-0.75,0.8451821,190.90677,0,3.0426555
2025,33.25,-0.5,0.820388,238.98978,0,2.9533968
2025,33.25,-0.25,0.7801344,244.76398,0,2.8084836
2025,33.25,0.0,0.72534686,212.66138,0,2.6112487
2025,33.25,0.25,0.79260516,221.1402,0,2.8533785
2025,33.25,0.5,0.87552446,225.82753,0,3.151888
2025,33.25,0.75,0.94347644,225.2658,0,3.3965151
2025,33.25,1.0,1.0050998,263.4392,0,3.618359
2025,33.25,1.25,0.99913,265.33615,0,3.596868
2025,33.25,1.5,0.92501205,265.00824,0,3.3300433
2025,33.25,1.75,0.86477435,222.04155,0,3.1131876
2025,33.25,2.0,0.8200276,223.12263,0,2.9520993
2025,33.25,2.25,0.76655674,192.83722,0,2.7596042
2025,33.25,2.5,0.7877874,206.73138,0,2.8360345
2025,33.25,2.75,0.8450747,184.59724,0,3.042269
2025,33.25,3.0,0.94402695,147.53358,0,3.3984969
2025,33.25,3.25,1.0387508,186.08203,0,3.7395027
2025,33.25,3.5,1.1388886,222.20232,0,4.099999
2025,33.25,3.75,1.2209363,177.45798,0,4.3953705
2025,33.25,4.0,1.2767348,175.00435,0,4.5962453
2025,33.25,4.25,1.3232024,134.6304,0,4.7635283
2025,33.25,4.5,1.362012,133.92155,0,4.903243
2025,33.25,4.75,1.3924581,132.23627,0,5.012849
2025,33.25,5.0,1.4098101,91.76866,0,5.075316
2025,33.25,5.25,1.4111936,92.920586,0,5.080297
2025,33.25,5.5,1.4330001,95.81166,0,5.1588
2025,33.25,5.75,1.4338384,100.46615,0,5.161818
2025,33.25,6.0,1.5321901,107.72403,0,5.515884
2025,33.25,6.25,1.723086,113.1401,0,6.2031093
2025,33.25,6.5,1.8847173,115.54796,0,6.784982
2025,33.25,6.75,1.9876842,116.63921,0,7.155663
2025,33.25,7.0,2.0655015,115.57682,0,7.435805
2025,33.25,7.25,2.0917296,113.194695,0,7.5302267
2025,33.25,7.5,2.120202,110.172035,0,7.632727
2025,33.25,7.75,2.1410694,107.93231,0,7.7078495
2025,33.25,8.0,2.2016108,105.19995,0,7.925799
2025,33.25,8.25,2.2233167,104.56654,0,8.00394
2025,33.25,8.5,2.2367148,105.217316,0,8.052174
2025,33.25,8.75,2.2669356,105.30032,0,8.160968
2025,33.25,9.0,2.3422813,106.24758,0,8.432213
2025,33.25,9.25,2.413474,106.25355,0,8.688506
2025,33.25,9.5,2.5769882,106.34192,0,9.277158
2025,33.25,9.75,2.6260388,107.6894,0,9.453739
2025,33.25,10.0,2.4001715,112.06191,0,8.640617
2025,33.25,10.25,1.9073927,114.1841,0,6.866614
2025,33.25,10.5,1.7426122,138.30782,0,6.273404
2025,33.25,10.75,2.100808,95.869415,0,7.562908
2025,33.25,11.0,2.4828691,94.13329,0,8.938329
2025,33.25,11.25,2.93847,92.40042,0,10.578491
2025,33.25,11.5,3.0799181,92.01019,0,11.087705
2025,33.25,11.75,3.143901,92.33394,0,11.318044
2025,33.25,12.0,3.1351914,93.259285,0,11.286689
2025,33.0,-9.0,3.563263,78.29483,0,12.827746
2025,33.0,-8.75,2.8365557,73.2507,0,10.2116
2025,33.0,-8.5,2.2426214,148.20222,0,8.073437
2025,33.0,-8.25,1.9012513,146.09357,0,6.8445044
2025,33.0,-8.0,1.766881,150.41759,0,6.360771
2025,33.0,-7.75,1.7166096,151.98708,0,6.1797943
2025,33.0,-7.5,1.6292105,71.5454,0,5.8651576
2025,33.0,-7.25,1.524169,109.2576,0,5.487008
2025,33.0,-7.0,1.4485525,186.30626,0,5.214789
2025,33.0,-6.75,1.468448,181.934,0,5.2864127
2025,33.0,-6.5,1.3932908,337.21255,0,5.0158467
2025,33.0,-6.25,1.107512,257.07205,0,3.9870431
2025,33.0,-6.0,0.78813946,229.38748,0,2.837302
2025,33.0,-5.75,0.61801964,241.44469,0,2.2248707
2025,33.0,-5.5,0.5705277,240.80643,0,2.0538995
2025,33.0,-5.25,0.86961234,260.58215,0,3.1306043
2025,33.0,-5.0,1.2111751,264.5771,0,4.36023
2025,33.0,-4.75,1.3464282,270.757,0,4.8471413
2025,33.0,-4.5,1.2222567,273.31677,0,4.400124
2025,33.0,-4.25,1.1377996,284.78394,0,4.0960784
2025,33.0,-4.0,1.0396208,188.63972,0,3.7426345
2025,33.0,-3.75,1.1102718,113.166046,0,3.9969785
2025,33.0,-3.5,1.2239718,118.68035,0,4.4062986
2025,33.0,-3.25,1.2818414,244.45662,0,4.614629
2025,33.0,-3.0,1.2775385,206.29172,0,4.5991387
2025,33.0,-2.75,1.1929185,205.87122,0,4.2945065
2025,33.0,-2.5,1.1040442,144.93962,0,3.974559
2025,33.0,-2.25,1.1007034,185.61359,0,3.962532
2025,33.0,-2.0,1.0674317,182.37962,0,3.842754
2025,33.0,-1.75,0.98627883,227.41331,0,3.5506036
2025,33.0,-1.5,0.90857726,188.20543,0,3.270878
2025,33.0,-1.25,0.87932664,192.93861,0,3.1655757
2025,33.0,-1.0,0.7659023,199.4232,0,2.7572482
2025,33.0,-0.75,0.6823684,210.22797,0,2.4565263
2025,33.0,-0.5,0.66005266,258.22662,0,2.3761895
2025,33.0,-0.25,0.6704188,261.03836,0,2.4135077
2025,33.0,0.0,0.7104245,259.9835,0,2.557528
2025,33.0,0.25,0.8241071,257.62308,0,2.9667854
2025,33.0,0.5,0.92034554,213.18561,0,3.3132439
2025,33.0,0.75,1.0087074,210.02103,0,3.6313465
2025,33.0,1.0,1.0629479,210.96162,0,3.8266122
2025,33.0,1.25,1.0129039,179.04897,0,3.646454
2025,33.0,1.5,0.9183824,189.74132,0,3.3061767
2025,33.0,1.75,0.8847443,160.25,0,3.1850793
2025,33.0,2.0,0.88090545,128.91646,0,3.1712596
2025,33.0,2.25,0.8917499,137.95233,0,3.2102997
2025,33.0,2.5,0.93603295,143.55374,0,3.3697186
2025,33.0,2.75,0.9829644,148.58224,0,3.5386717
2025,33.0,3.0,1.045304,151.07729,0,3.7630942
2025,33.0,3.25,1.1233989,149.45137,0,4.0442357
2025,33.0,3.5,1.2450402,181.9113,0,4.4821444
2025,33.0,3.75,1.3132266,176.75458,0,4.7276154
2025,33.0,4.0,1.3963826,134.74672,0,5.026977
2025,33.0,4.25,1.4796914,94.678535,0,5.326889
2025,33.0,4.5,1.5440334,93.95811,0,5.5585203
2025,33.0,4.75,1.5365043,91.88277,0,5.531415
2025,33.0,5.0,1.5029378,90.88627,0,5.410576
2025,33.0,5.25,1.4804492,92.01892,0,5.329617
2025,33.0,5.5,1.493279,95.280426,0,5.3758044
2025,33.0,5.75,1.5488,99.59113,0,5.57568
2025,33.0,6.0,1.6419957,105.56497,0,5.9111843
2025,33.0,6.25,1.782544,109.19182,0,6.417158
2025,33.0,6.5,1.9153802,110.91908,0,6.8953686
2025,33.0,6.75,1.9840217,110.75769,0,7.142478
2025,33.0,7.0,2.0295556,109.0012,0,7.3064
2025,33.0,7.25,2.0576313,106.877106,0,7.407472
2025,33.0,7.5,2.074402,105.50145,0,7.4678473
2025,33.0,7.75,2.0852475,104.528114,0,7.506891
2025,33.0,8.0,2.100709,104.13809,0,7.562552
2025,33.0,8.25,2.139297,105.57791,0,7.701469
2025,33.0,8.5,2.1704192,107.12599,0,7.813509
2025,33.0,8.75,2.227848,108.85513,0,8.020253
2025,33.0,9.0,2.325036,110.41279,0,8.37013
2025,33.0,9.25,2.412539,111.81289,0,8.685141
2025,33.0,9.5,2.5902753,110.88402,0,9.324991
2025,33.0,9.75,2.6818287,110.2191,0,9.654583
2025,33.0,10.0,2.5522084,110.571465,0,9.18795
2025,33.0,10.25,2.1360269,108.78967,0,7.6896963
2025,33.0,10.5,1.7979264,96.66033,0,6.472535
2025,33.0,10.75,1.7657427,89.44872,0,6.3566732
2025,33.0,11.0,1.9536372,88.3494,0,7.033094
2025,33.0,11.25,2.2462337,89.338135,0,8.086441
2025,33.0,11.5,2.4879284,89.63935,0,8.956542
2025,33.0,11.75,2.7225828,89.79028,0,9.801298
2025,33.0,12.0,2.9489872,90.12686,0,10.616354
2025,32.75,-9.0,2.9204566,78.03753,0,10.513643
2025,32.75,-8.75,2.3348536,112.37884,0,8.405473
2025,32.75,-8.5,1.9912671,146.87071,0,7.1685615
2025,32.75,-8.25,1.8709399,222.7681,0,6.7353835
2025,32.75,-8.0,1.8463705,299.0102,0,6.6469336
2025,32.75,-7.75,1.9388646,262.23718,0,6.9799123
2025,32.75,-7.5,1.9310442,226.77315,0,6.951759
2025,32.75,-7.25,1.8529161,148.52773,0,6.670498
2025,32.75,-7.0,1.7227657,185.91476,0,6.2019563
2025,32.75,-6.75,1.5598544,339.2998,0,5.6154757
2025,32.75,-6.5,1.2439878,332.71887,0,4.478356
2025,32.75,-6.25,0.82748187,283.52322,0,2.9789345
2025,32.75,-6.0,0.5707233,270.05725,0,2.0546038
2025,32.75,-5.75,0.51364833,236.16022,0,1.849134
2025,32.75,-5.5,0.61993486,226.79305,0,2.2317655
2025,32.75,-5.25,1.0111437,237.69716,0,3.6401172
2025,32.75,-5.0,1.284263,247.3426,0,4.623347
2025,32.75,-4.75,1.3160161,260.99734,0,4.7376575
2025,32.75,-4.5,1.1977965,272.30798,0,4.312067
2025,32.75,-4.25,1.130884,274.3197,0,4.0711823
2025,32.75,-4.0,1.0762718,275.89978,0,3.8745782
2025,32.75,-3.75,1.072852,276.63702,0,3.8622673
2025,32.75,-3.5,1.1787374,278.93103,0,4.2434545
2025,32.75,-3.25,1.1870644,250.62413,0,4.273432
2025,32.75,-3.0,1.0282372,180.81122,0,3.701654
2025,32.75,-2.75,0.88719434,145.65872,0,3.1938996
2025,32.75,-2.5,0.7968611,148.93063,0,2.8687
2025,32.75,-2.25,0.77643573,153.27147,0,2.7951686
2025,32.75,-2.0,0.82001805,189.57684,0,2.952065
2025,32.75,-1.75,0.7382314,189.38438,0,2.657633
2025,32.75,-1.5,0.6408341,192.30602,0,2.3070028
2025,32.75,-1.25,0.61347216,202.56181,0,2.2084997
2025,32.75,-1.0,0.65459806,205.46638,0,2.3565528
2025,32.75,-0.75,0.6261596,252.62555,0,2.2541745
2025,32.75,-0.5,0.60496414,264.4209,0,2.1778708
2025,32.75,-0.25,0.5973735,276.42334,0,2.1505444
2025,32.75,0.0,0.65459716,241.12848,0,2.3565497
2025,32.75,0.25,0.804129,206.03404,0,2.8948643
2025,32.75,0.5,0.89934707,212.70042,0,3.2376494
2025,32.75,0.75,0.95350295,215.6042,0,3.4326105
2025,32.75,1.0,0.9618594,212.72443,0,3.4626937
2025,32.75,1.25,0.94599205,200.33424,0,3.4055712
2025,32.75,1.5,0.9518817,164.5613,0,3.426774
2025,32.75,1.75,0.98279953,169.6977,0,3.5380783
2025,32.75,2.0,1.0150205,135.68082,0,3.6540737
2025,32.75,2.25,1.0395653,103.74299,0,3.742435
2025,32.75,2.5,1.0774252,109.52689,0,3.8787308
2025,32.75,2.75,1.1392766,115.51188,0,4.1013956
2025,32.75,3.0,1.214911,117.112885,0,4.3736796
2025,32.75,3.25,1.2943848,112.05846,0,4.6597853
2025,32.75,3.5,1.3910903,141.1358,0,5.007925
2025,32.75,3.75,1.4148468,136.95786,0,5.093448
2025,32.75,4.0,1.4617009,135.30281,0,5.262123
2025,32.75,4.25,1.5261197,134.86778,0,5.494031
2025,32.75,4.5,1.5868468,94.25391,0,5.7126484
2025,32.75,4.75,1.5978675,93.27999,0,5.7523227
2025,32.75,5.0,1.5857792,91.23091,0,5.708805
2025,32.75,5.25,1.5685533,91.11403,0,5.646792
2025,32.75,5.5,1.5730519,93.784904,0,5.6629868
2025,32.75,5.75,1.6577989,99.18931,0,5.9680758
2025,32.75,6.0,1.7676376,104.26159,0,6.3634953
2025,32.75,6.25,1.8788373,106.37459,0,6.7638144
2025,32.75,6.5,1.9610267,106.47578,0,7.0596957
2025,32.75,6.75,1.9955913,105.15578,0,7.1841283
2025,32.75,7.0,1.9986913,104.06925,0,7.1952887
2025,32.75,7.25,2.0088725,103.319046,0,7.2319407
2025,32.75,7.5,2.0336092,103.552025,0,7.320993
2025,32.75,7.75,2.0719528,104.104965,0,7.45903
2025,32.75,8.0,2.1104465,105.1022,0,7.597607
2025,32.75,8.25,2.1546276,106.72299,0,7.756659
2025,32.75,8.5,2.2007575,108.27824,0,7.9227266
2025,32.75,8.75,2.2616599,109.8536,0,8.141975
2025,32.75,9.0,2.3451872,111.16108,0,8.442674
2025,32.75,9.25,2.4630425,112.27836,0,8.866953
2025,32.75,9.5,2.6836488,111.85873,0,9.661136
2025,32.75,9.75,2.7896357,111.403275,0,10.042688
2025,32.75,10.0,2.6458774,111.11073,0,9.525158
2025,32.75,10.25,2.2141252,106.99913,0,7.9708505
2025,32.75,10.5,1.9163194,93.90155,0,6.8987494
2025,32.75,10.75,1.8819975,86.49266,0,6.775191
2025,32.75,11.0,1.935136,84.97864,0,6.9664893
2025,32.75,11.25,2.002871,87.66659,0,7.2103357
2025,32.75,11.5,2.0649571,90.21641,0,7.4338455
2025,32.75,11.75,2.2179127,91.352936,0,7.9844856
2025,32.75,12.0,2.277184,92.14865,0,8.197863
2025,32.5,-9.0,2.6792688,80.79518,0,9.645368
2025,32.5,-8.75,2.2666013,117.51817,0,8.159764
2025,32.5,-8.5,2.1038413,113.05474,0,7.5738287
2025,32.5,-8.25,2.0397067,227.35507,0,7.342944
2025,32.5,-8.0,2.2393236,334.78247,0,8.061564
2025,32.5,-7.75,2.362517,330.19226,0,8.505061
2025,32.5,-7.5,2.1394339,292.89938,0,7.7019615
2025,32.5,-7.25,1.7230254,292.3355,0,6.2028913
2025,32.5,-7.0,1.4297491,286.676,0,5.1470966
2025,32.5,-6.75,1.0653641,285.1029,0,3.8353107
2025,32.5,-6.5,0.80814636,272.78928,0,2.9093268
2025,32.5,-6.25,0.704783,265.57785,0,2.5372188
2025,32.5,-6.0,0.670606,256.89117,0,2.4141817
2025,32.5,-5.75,0.68104875,237.72342,0,2.4517756
2025,32.5,-5.5,0.74906003,234.79495,0,2.6966162
2025,32.5,-5.25,0.8624309,233.63661,0,3.104751
2025,32.5,-5.0,1.0249425,241.5886,0,3.6897929
2025,32.5,-4.75,1.081052,250.60498,0,3.8917868
2025,32.5,-4.5,0.9169837,258.85373,0,3.3011413
2025,32.5,-4.25,0.9308022,263.94025,0,3.350888
2025,32.5,-4.0,0.96947616,269.8145,0,3.4901142
2025,32.5,-3.75,1.0139594,274.15387,0,3.6502538
2025,32.5,-3.5,1.0479555,280.0327,0,3.7726398
2025,32.5,-3.25,0.8929669,254.64203,0,3.214681
2025,32.5,-3.0,0.78118753,187.7604,0,2.812275
2025,32.5,-2.75,0.7384088,132.13338,0,2.6582716
2025,32.5,-2.5,0.73814607,140.29486,0,2.6573257
2025,32.5,-2.25,0.70409256,105.97032,0,2.534733
2025,32.5,-2.0,0.6316402,139.92885,0,2.2739046
2025,32.5,-1.75,0.5983592,181.29088,0,2.1540933
2025,32.5,-1.5,0.57597756,177.01259,0,2.0735192
2025,32.5,-1.25,0.57234997,179.14691,0,2.0604599
2025,32.5,-1.0,0.6041432,211.5606,0,2.1749156
2025,32.5,-0.75,0.55449116,206.56812,0,1.9961681
2025,32.5,-0.5,0.5638908,201.15787,0,2.030007
2025,32.5,-0.25,0.67987275,198.8027,0,2.447542
2025,32.5,0.0,0.7980498,203.77946,0,2.8729792
2025,32.5,0.25,0.8714002,174.20515,0,3.1370406
2025,32.5,0.5,0.94938403,140.08064,0,3.4177825
2025,32.5,0.75,0.9988398,170.00092,0,3.5958233
2025,32.5,1.0,1.0488474,167.5517,0,3.7758508
2025,32.5,1.25,1.0471721,169.00934,0,3.7698193
2025,32.5,1.5,1.0558618,170.872,0,3.8011024
2025,32.5,1.75,1.07442,173.66202,0,3.8679118
2025,32.5,2.0,1.0834639,178.7233,0,3.90047
2025,32.5,2.25,1.1254281,107.89629,0,4.051541
2025,32.5,2.5,1.2058654,113.6682,0,4.3411155
2025,32.5,2.75,1.2871665,118.65994,0,4.633799
2025,32.5,3.0,1.3532501,119.31939,0,4.8717003
2025,32.5,3.25,1.4012766,113.25784,0,5.0445957
2025,32.5,3.5,1.4598136,143.68877,0,5.2553287
2025,32.5,3.75,1.4680791,139.74568,0,5.2850847
2025,32.5,4.0,1.5000163,137.02339,0,5.4000587
2025,32.5,4.25,1.5673751,135.7204,0,5.64255
2025,32.5,4.5,1.6576945,95.16089,0,5.9677
2025,32.5,4.75,1.710967,94.03294,0,6.159481
2025,32.5,5.0,1.6976243,91.5881,0,6.1114473
2025,32.5,5.25,1.6722226,91.43074,0,6.0200014
2025,32.5,5.5,1.6696212,94.48961,0,6.0106363
2025,32.5,5.75,1.7564541,99.841324,0,6.3232346
2025,32.5,6.0,1.8398813,101.77823,0,6.6235723
2025,32.5,6.25,1.9176835,103.11075,0,6.9036603
2025,32.5,6.5,1.9582323,102.671616,0,7.049636
2025,32.5,6.75,1.9862374,101.561264,0,7.1504545
2025,32.5,7.0,1.991297,100.60986,0,7.168669
2025,32.5,7.25,1.9803518,102.191475,0,7.1292663
2025,32.5,7.5,1.9997035,104.3614,0,7.1989326
2025,32.5,7.75,2.0414438,105.8539,0,7.3491974
2025,32.5,8.0,2.0987802,106.319824,0,7.5556083
2025,32.5,8.25,2.1528387,106.82143,0,7.7502193
2025,32.5,8.5,2.2344148,107.47493,0,8.043893
2025,32.5,8.75,2.322219,108.51991,0,8.359988
2025,32.5,9.0,2.4373052,109.57544,0,8.774299
2025,32.5,9.25,2.54357,110.3516,0,9.156852
2025,32.5,9.5,2.7421556,109.217354,0,9.871759
2025,32.5,9.75,2.859831,108.57754,0,10.295392
2025,32.5,10.0,2.7598333,109.07901,0,9.9354
2025,32.5,10.25,2.4127824,105.51223,0,8.686016
2025,32.5,10.5,2.0643425,94.648766,0,7.431633
2025,32.5,10.75,1.9992368,88.03837,0,7.1972523
2025,32.5,11.0,1.9846873,86.23633,0,7.144874
2025,32.5,11.25,2.0029855,88.2019,0,7.2107477
2025,32.5,11.5,1.967197,90.7447,0,7.0819087
2025,32.5,11.75,1.9643165,94.37633,0,7.0715394
2025,32.5,12.0,1.9771034,96.224174,0,7.117572
2025,32.25,-9.0,2.3940175,81.18396,0,8.618463
2025,32.25,-8.75,2.3985739,117.18221,0,8.634866
2025,32.25,-8.5,2.2559295,114.23717,0,8.1213455
2025,32.25,-8.25,2.1440806,152.09003,0,7.71869
2025,32.25,-8.0,2.276465,263.6038,0,8.195273
2025,32.25,-7.75,2.240331,333.435,0,8.065191
2025,32.25,-7.5,1.8947784,322.26086,0,6.821202
2025,32.25,-7.25,1.4859213,316.35425,0,5.3493166
2025,32.25,-7.0,1.0713594,268.20688,0,3.8568938
2025,32.25,-6.75,0.71409357,262.397,0,2.570737
2025,32.25,-6.5,0.5602955,260.05157,0,2.0170639
2025,32.25,-6.25,0.46204963,256.0818,0,1.6633786
2025,32.25,-6.0,0.4888241,238.75537,0,1.7597667
2025,32.25,-5.75,0.79484814,236.99644,0,2.8614533
2025,32.25,-5.5,1.0698789,241.83406,0,3.8515642
2025,32.25,-5.25,0.9926808,240.66417,0,3.5736508
2025,32.25,-5.0,0.7844287,238.83192,0,2.8239434
2025,32.25,-4.75,0.73578477,240.48431,0,2.6488252
2025,32.25,-4.5,0.7437155,236.05664,0,2.6773758
2025,32.25,-4.25,0.6855653,260.81488,0,2.468035
2025,32.25,-4.0,0.73493946,236.41902,0,2.645782
2025,32.25,-3.75,0.7549599,246.81746,0,2.7178555
2025,32.25,-3.5,0.7536985,254.86607,0,2.7133145
2025,32.25,-3.25,0.7126827,189.77907,0,2.5656579
2025,32.25,-3.0,0.6998396,166.27068,0,2.5194225
2025,32.25,-2.75,0.73773384,102.01927,0,2.6558418
2025,32.25,-2.5,0.7947168,78.01931,0,2.8609803
2025,32.25,-2.25,0.85062236,96.365166,0,3.0622404
2025,32.25,-2.0,0.6176865,104.65796,0,2.2236714
2025,32.25,-1.75,0.6101487,175.92882,0,2.1965353
2025,32.25,-1.5,0.6425779,214.16469,0,2.3132803
2025,32.25,-1.25,0.5708017,213.86844,0,2.0548859
2025,32.25,-1.0,0.64012647,167.11398,0,2.3044553
2025,32.25,-0.75,0.67480665,162.70245,0,2.429304
2025,32.25,-0.5,0.7339437,163.61938,0,2.6421974
2025,32.25,-0.25,0.8245328,167.96661,0,2.968318
2025,32.25,0.0,0.8750336,169.59494,0,3.150121
2025,32.25,0.25,0.9085083,173.69832,0,3.27063
2025,32.25,0.5,0.97258145,133.43446,0,3.5012932
2025,32.25,0.75,1.0580846,133.39778,0,3.8091044
2025,32.25,1.0,1.142146,173.4593,0,4.1117253
2025,32.25,1.25,1.1567637,176.56375,0,4.164349
2025,32.25,1.5,1.1668018,139.4512,0,4.200486
2025,32.25,1.75,1.1639733,142.15775,0,4.190304
2025,32.25,2.0,1.1825057,146.98877,0,4.2570205
2025,32.25,2.25,1.1885954,151.013,0,4.2789435
2025,32.25,2.5,1.2388079,123.261665,0,4.459708
2025,32.25,2.75,1.3424903,127.604965,0,4.832965
2025,32.25,3.0,1.4390044,122.571884,0,5.1804156
2025,32.25,3.25,1.5147208,153.31122,0,5.452995
2025,32.25,3.5,1.5732532,145.065,0,5.663711
2025,32.25,3.75,1.5491959,140.1246,0,5.577105
2025,32.25,4.0,1.5805792,137.12958,0,5.690085
2025,32.25,4.25,1.6409372,135.83011,0,5.907374
2025,32.25,4.5,1.7236716,135.48543,0,6.2052174
2025,32.25,4.75,1.7761697,94.18572,0,6.394211
2025,32.25,5.0,1.7624011,132.21318,0,6.3446436
2025,32.25,5.25,1.7370491,92.098785,0,6.2533765
2025,32.25,5.5,1.7432399,94.661446,0,6.2756634
2025,32.25,5.75,1.8353596,99.01986,0,6.607294
2025,32.25,6.0,1.9034773,99.86135,0,6.852518
2025,32.25,6.25,1.939836,99.74039,0,6.9834094
2025,32.25,6.5,1.9739865,99.42679,0,7.1063514
2025,32.25,6.75,1.9830774,98.97032,0,7.1390786
2025,32.25,7.0,1.9655102,99.36756,0,7.0758367
2025,32.25,7.25,1.9681661,103.90829,0,7.0853977
2025,32.25,7.5,2.0034363,106.378944,0,7.2123704
2025,32.25,7.75,2.0518029,106.58797,0,7.3864903
2025,32.25,8.0,2.1060326,106.339455,0,7.581717
2025,32.25,8.25,2.1811774,106.18698,0,7.852238
2025,32.25,8.5,2.2649221,106.41203,0,8.15372
2025,32.25,8.75,2.3698483,106.52748,0,8.531453
2025,32.25,9.0,2.4841828,106.87855,0,8.943058
2025,32.25,9.25,2.5941248,107.34743,0,9.338849
2025,32.25,9.5,2.7558246,105.62877,0,9.920968
2025,32.25,9.75,2.8927343,105.00464,0,10.413843
2025,32.25,10.0,2.9120188,105.1691,0,10.483268
2025,32.25,10.25,2.6659007,103.98818,0,9.597242
2025,32.25,10.5,2.234424,98.20737,0,8.043926
2025,32.25,10.75,1.9285494,95.370964,0,6.9427776
2025,32.25,11.0,1.8610162,97.52698,0,6.699658
2025,32.25,11.25,1.7717847,101.88807,0,6.3784246
2025,32.25,11.5,1.7345718,103.989296,0,6.244458
2025,32.25,11.75,1.7143898,104.66977,0,6.171803
2025,32.25,12.0,1.6611749,104.806244,0,5.9802294
2025,32.0,-9.0,2.1904705,114.23694,0,7.8856936
2025,32.0,-8.75,2.390246,151.80235,0,8.604885
2025,32.0,-8.5,2.459775,115.10582,0,8.855189
2025,32.0,-8.25,2.312095,154.48257,0,8.323542
2025,32.0,-8.0,2.1472704,191.63412,0,7.7301736
2025,32.0,-7.75,1.8159063,301.1384,0,6.5372624
2025,32.0,-7.5,1.4446089,329.43594,0,5.200592
2025,32.0,-7.25,1.0560122,317.6321,0,3.8016436
2025,32.0,-7.0,0.67418414,277.8932,0,2.4270627
2025,32.0,-6.75,0.46330276,262.9181,0,1.66789
2025,32.0,-6.5,0.43985313,252.00087,0,1.5834712
2025,32.0,-6.25,0.40142182,237.26506,0,1.4451185
2025,32.0,-6.0,0.57090914,237.8472,0,2.0552728
2025,32.0,-5.75,0.90730953,238.18048,0,3.2663143
2025,32.0,-5.5,1.1292317,238.02089,0,4.065234
2025,32.0,-5.25,0.8518791,233.13647,0,3.0667648
2025,32.0,-5.0,0.66532236,228.04803,0,2.3951604
2025,32.0,-4.75,0.43832803,236.65779,0,1.5779809
2025,32.0,-4.5,0.38989788,231.71175,0,1.4036323
2025,32.0,-4.25,0.4383132,180.65697,0,1.5779275
2025,32.0,-4.0,0.6280501,146.21712,0,2.2609804
2025,32.0,-3.75,0.7305874,144.18802,0,2.6301146
2025,32.0,-3.5,0.71723855,148.81209,0,2.5820587
2025,32.0,-3.25,0.6938593,161.87462,0,2.4978933
2025,32.0,-3.0,0.7253789,140.65318,0,2.611364
2025,32.0,-2.75,0.7909754,73.59428,0,2.8475113
2025,32.0,-2.5,0.9147618,87.9251,0,3.2931423
2025,32.0,-2.25,0.89150834,99.54059,0,3.20943
2025,32.0,-2.0,0.64401376,155.95506,0,2.3184495
2025,32.0,-1.75,0.66516685,167.94066,0,2.3946006
2025,32.0,-1.5,0.6956048,167.96455,0,2.5041773
2025,32.0,-1.25,0.6553036,167.43658,0,2.359093
2025,32.0,-1.0,0.7729881,162.0913,0,2.782757
2025,32.0,-0.75,0.8576088,157.51166,0,3.0873916
2025,32.0,-0.5,0.9113331,157.6442,0,3.280799
2025,32.0,-0.25,0.9389662,125.12486,0,3.3802783
2025,32.0,0.0,0.9938469,166.68048,0,3.5778487
2025,32.0,0.25,1.0074496,167.57391,0,3.6268187
2025,32.0,0.5,1.0739888,172.37587,0,3.8663595
2025,32.0,0.75,1.1229216,176.87878,0,4.0425177
2025,32.0,1.0,1.1953331,138.66902,0,4.3031993
2025,32.0,1.25,1.2277919,143.61914,0,4.4200506
2025,32.0,1.5,1.269156,149.3889,0,4.5689616
2025,32.0,1.75,1.2799258,150.34099,0,4.607733
2025,32.0,2.0,1.3130866,146.84842,0,4.727112
2025,32.0,2.25,1.3432655,145.00519,0,4.835756
2025,32.0,2.5,1.411735,143.18889,0,5.0822463
2025,32.0,2.75,1.468901,142.4837,0,5.2880435
2025,32.0,3.0,1.5488076,147.685,0,5.5757074
2025,32.0,3.25,1.620956,149.86087,0,5.835441
2025,32.0,3.5,1.6891371,143.06306,0,6.0808935
2025,32.0,3.75,1.6666709,138.49791,0,6.0000153
2025,32.0,4.0,1.6781611,135.09972,0,6.04138
2025,32.0,4.25,1.7368482,133.97943,0,6.2526536
2025,32.0,4.5,1.8087,134.02724,0,6.5113196
2025,32.0,4.75,1.8623244,133.2282,0,6.7043676
2025,32.0,5.0,1.8457618,131.69748,0,6.644742
2025,32.0,5.25,1.8049989,132.1339,0,6.497996
2025,32.0,5.5,1.8047564,94.77862,0,6.497123
2025,32.0,5.75,1.893834,97.819374,0,6.8178024
2025,32.0,6.0,1.9418254,96.81805,0,6.990571
2025,32.0,6.25,1.9730241,96.92277,0,7.1028867
2025,32.0,6.5,1.983666,97.08294,0,7.141197
2025,32.0,6.75,1.999185,97.83953,0,7.197066
2025,32.0,7.0,1.9886004,102.52801,0,7.1589613
2025,32.0,7.25,1.9982147,106.78964,0,7.193573
2025,32.0,7.5,2.0372143,107.05384,0,7.333971
2025,32.0,7.75,2.0811906,106.5475,0,7.4922857
2025,32.0,8.0,2.1312706,105.75092,0,7.672574
2025,32.0,8.25,2.208945,105.00344,0,7.952202
2025,32.0,8.5,2.3019316,104.763084,0,8.286954
2025,32.0,8.75,2.4079967,104.607994,0,8.668788
2025,32.0,9.0,2.511559,103.77359,0,9.041613
2025,32.0,9.25,2.6092367,104.08889,0,9.393252
2025,32.0,9.5,2.758005,102.84598,0,9.928818
2025,32.0,9.75,2.8765519,101.58663,0,10.355586
2025,32.0,10.0,2.8899388,101.94134,0,10.40378
2025,32.0,10.25,2.8062325,102.22963,0,10.102437
2025,32.0,10.5,2.4318035,101.61414,0,8.754492
2025,32.0,10.75,2.1083431,101.757675,0,7.590035
2025,32.0,11.0,1.8394114,104.21683,0,6.621881
2025,32.0,11.25,1.7225064,105.468475,0,6.201023
2025,32.0,11.5,1.6464214,105.698395,0,5.927117
2025,32.0,11.75,1.6185303,106.68434,0,5.826709
2025,32.0,12.0,1.5749025,108.05615,0,5.669649
2025,31.75,-9.0,1.9507675,151.12148,0,7.022763
2025,31.75,-8.75,2.211106,228.93669,0,7.9599814
2025,31.75,-8.5,2.2808056,192.74826,0,8.2109
2025,31.75,-8.25,1.7302967,193.87721,0,6.2290683
2025,31.75,-8.0,1.3647454,193.38571,0,4.913083
2025,31.75,-7.75,1.0127181,265.32922,0,3.645785
2025,31.75,-7.5,0.881912,263.2191,0,3.1748831
2025,31.75,-7.25,0.52593434,291.51886,0,1.8933636
2025,31.75,-7.0,0.38391647,275.48624,0,1.3820993
2025,31.75,-6.75,0.3122999,241.48625,0,1.1242796
2025,31.75,-6.5,0.35374895,230.91707,0,1.2734962
2025,31.75,-6.25,0.47687784,244.82579,0,1.7167602
2025,31.75,-6.0,0.7580022,239.00041,0,2.728808
2025,31.75,-5.75,0.9947745,239.87384,0,3.5811882
2025,31.75,-5.5,0.9313071,231.33583,0,3.3527055
2025,31.75,-5.25,0.6773648,225.34428,0,2.4385133
2025,31.75,-5.0,0.4468368,223.89006,0,1.6086124
2025,31.75,-4.75,0.37381604,193.28723,0,1.3457377
2025,31.75,-4.5,0.44621044,138.06305,0,1.6063576
2025,31.75,-4.25,0.6114499,113.39323,0,2.2012196
2025,31.75,-4.0,0.790605,107.60658,0,2.846178
2025,31.75,-3.75,0.8903462,147.46704,0,3.2052464
2025,31.75,-3.5,0.87846166,149.65833,0,3.162462
2025,31.75,-3.25,0.75242245,154.65948,0,2.7087207
2025,31.75,-3.0,0.6577215,106.77033,0,2.3677974
2025,31.75,-2.75,0.7611339,83.44107,0,2.740082
2025,31.75,-2.5,0.90929073,94.69423,0,3.2734466
2025,31.75,-2.25,0.92433983,108.124825,0,3.3276234
2025,31.75,-2.0,0.75464773,158.90758,0,2.7167318
2025,31.75,-1.75,0.7233918,153.5263,0,2.6042104
2025,31.75,-1.5,0.7465893,150.19914,0,2.6877215
2025,31.75,-1.25,0.890042,150.16722,0,3.2041512
2025,31.75,-1.0,1.0570095,152.15082,0,3.805234
2025,31.75,-0.75,1.1394109,146.9103,0,4.101879
2025,31.75,-0.5,1.1277524,142.60626,0,4.0599084
2025,31.75,-0.25,1.1540731,132.5293,0,4.154663
2025,31.75,0.0,1.1895064,118.75192,0,4.2822227
2025,31.75,0.25,1.2000414,116.24582,0,4.320149
2025,31.75,0.5,1.2172406,153.98038,0,4.382066
2025,31.75,0.75,1.2688516,149.85503,0,4.567866
2025,31.75,1.0,1.284364,147.07224,0,4.62371
2025,31.75,1.25,1.3144107,148.23248,0,4.7318783
2025,31.75,1.5,1.3679742,145.34756,0,4.924707
2025,31.75,1.75,1.4364192,141.1125,0,5.171109
2025,31.75,2.0,1.4930898,143.43697,0,5.375123
2025,31.75,2.25,1.5450232,144.328,0,5.5620832
2025,31.75,2.5,1.6127137,144.69269,0,5.805769
2025,31.75,2.75,1.6651624,144.63686,0,5.9945846
2025,31.75,3.0,1.6728263,146.64459,0,6.0221744
2025,31.75,3.25,1.7310227,145.58707,0,6.231682
2025,31.75,3.5,1.7875623,140.54576,0,6.435224
2025,31.75,3.75,1.7842746,136.20248,0,6.4233885
2025,31.75,4.0,1.7992796,133.314,0,6.4774065
2025,31.75,4.25,1.829613,131.59186,0,6.5866065
2025,31.75,4.5,1.8879414,131.65395,0,6.796589
2025,31.75,4.75,1.9283471,131.31119,0,6.9420495
2025,31.75,5.0,1.9207835,131.21576,0,6.9148207
2025,31.75,5.25,1.8787196,131.75963,0,6.76339
2025,31.75,5.5,1.8746153,93.91256,0,6.748615
2025,31.75,5.75,1.9475081,96.435585,0,7.011029
2025,31.75,6.0,1.9871413,94.9462,0,7.1537085
2025,31.75,6.25,1.9926889,94.50498,0,7.17368
2025,31.75,6.5,2.0048027,97.91638,0,7.2172894
2025,31.75,6.75,2.0183778,108.25662,0,7.26616
2025,31.75,7.0,2.023076,109.40625,0,7.2830734
2025,31.75,7.25,2.0397327,108.80771,0,7.3430376
2025,31.75,7.5,2.0710845,107.572525,0,7.455904
2025,31.75,7.75,2.1135647,106.204124,0,7.608833
2025,31.75,8.0,2.163451,104.67343,0,7.788423
2025,31.75,8.25,2.2336988,103.34836,0,8.041316
2025,31.75,8.5,2.325475,102.788536,0,8.37171
2025,31.75,8.75,2.415253,102.85278,0,8.69491
2025,31.75,9.0,2.5182142,102.22563,0,9.065571
2025,31.75,9.25,2.5992253,102.28563,0,9.357211
2025,31.75,9.5,2.7038488,101.99948,0,9.733855
2025,31.75,9.75,2.8259592,100.643845,0,10.173453
2025,31.75,10.0,2.87648,100.5575,0,10.355329
2025,31.75,10.25,2.819204,101.130684,0,10.149135
2025,31.75,10.5,2.5644176,101.52965,0,9.231903
2025,31.75,10.75,2.416168,101.85796,0,8.698204
2025,31.75,11.0,2.1406598,103.56811,0,7.706375
2025,31.75,11.25,1.9538026,105.67487,0,7.033689
2025,31.75,11.5,1.8192251,105.8799,0,6.54921
2025,31.75,11.75,1.7754029,106.00384,0,6.3914504
2025,31.75,12.0,1.6697292,105.60422,0,6.011025
2025,31.5,-9.0,1.7478383,85.46762,0,6.2922177
2025,31.5,-8.75,1.8405656,119.39657,0,6.6260357
2025,31.5,-8.5,1.5786179,230.0794,0,5.6830244
2025,31.5,-8.25,1.0198313,270.32217,0,3.6713927
2025,31.5,-8.0,0.57502556,270.26917,0,2.070092
2025,31.5,-7.75,0.40168005,270.65613,0,1.4460481
2025,31.5,-7.5,0.37275237,260.45892,0,1.3419085
2025,31.5,-7.25,0.30611554,233.8411,0,1.1020159
2025,31.5,-7.0,0.36844757,202.40399,0,1.3264112
2025,31.5,-6.75,0.45939147,252.21582,0,1.6538093
2025,31.5,-6.5,0.5915294,230.61496,0,2.1295059
2025,31.5,-6.25,0.8265088,232.78223,0,2.9754317
2025,31.5,-6.0,0.88167125,245.18631,0,3.1740165
2025,31.5,-5.75,1.0324608,248.90726,0,3.7168589
2025,31.5,-5.5,0.8539593,235.17133,0,3.0742536
2025,31.5,-5.25,0.65854084,223.18414,0,2.370747
2025,31.5,-5.0,0.48025846,203.81503,0,1.7289305
2025,31.5,-4.75,0.49287722,205.77086,0,1.7743579
2025,31.5,-4.5,0.66689277,155.6425,0,2.4008138
2025,31.5,-4.25,0.88164365,122.84299,0,3.173917
2025,31.5,-4.0,1.0890714,119.83781,0,3.920657
2025,31.5,-3.75,1.1349194,121.00389,0,4.0857096
2025,31.5,-3.5,1.0256348,162.86296,0,3.692285
2025,31.5,-3.25,0.8411485,193.99945,0,3.0281346
2025,31.5,-3.0,0.71317285,170.82256,0,2.5674222
2025,31.5,-2.75,0.7597297,128.92297,0,2.7350268
2025,31.5,-2.5,0.9717688,119.10275,0,3.4983675
2025,31.5,-2.25,1.1566378,119.69507,0,4.163896
2025,31.5,-2.0,1.0795473,116.86963,0,3.8863702
2025,31.5,-1.75,1.0390837,112.449715,0,3.7407012
2025,31.5,-1.5,1.0614054,148.4276,0,3.8210595
2025,31.5,-1.25,1.2371461,149.70514,0,4.453726
2025,31.5,-1.0,1.3594851,150.54015,0,4.8941464
2025,31.5,-0.75,1.3515239,147.43594,0,4.8654857
2025,31.5,-0.5,1.34552,142.42693,0,4.843872
2025,31.5,-0.25,1.3424323,136.64215,0,4.832756
2025,31.5,0.0,1.3633164,122.62671,0,4.907939
2025,31.5,0.25,1.3849865,119.39255,0,4.9859514
2025,31.5,0.5,1.4008535,116.897514,0,5.0430727
2025,31.5,0.75,1.4278564,154.39241,0,5.140283
2025,31.5,1.0,1.4368836,149.4916,0,5.1727805
2025,31.5,1.25,1.4770653,142.61607,0,5.3174353
2025,31.5,1.5,1.5666866,141.49301,0,5.640072
2025,31.5,1.75,1.6428404,142.71027,0,5.914225
2025,31.5,2.0,1.6822987,143.43639,0,6.056275
2025,31.5,2.25,1.7326038,143.55571,0,6.2373734
2025,31.5,2.5,1.7898996,143.54138,0,6.4436383
2025,31.5,2.75,1.8062496,143.71956,0,6.5024986
2025,31.5,3.0,1.8292204,143.77611,0,6.585193
2025,31.5,3.25,1.8213506,141.80806,0,6.556862
2025,31.5,3.5,1.8517375,137.69295,0,6.666255
2025,31.5,3.75,1.8641692,133.64989,0,6.711009
2025,31.5,4.0,1.9081255,130.91876,0,6.8692517
2025,31.5,4.25,1.9408565,129.46387,0,6.987083
2025,31.5,4.5,1.9566313,128.95578,0,7.0438724
2025,31.5,4.75,1.9610435,128.61198,0,7.0597563
2025,31.5,5.0,1.9552621,128.63979,0,7.0389433
2025,31.5,5.25,1.944507,130.36615,0,7.000225
2025,31.5,5.5,1.9410409,132.07721,0,6.987747
2025,31.5,5.75,1.9785756,131.08049,0,7.122872
2025,31.5,6.0,1.9993405,124.01348,0,7.1976256
2025,31.5,6.25,2.0219798,116.80055,0,7.279127
2025,31.5,6.5,2.046332,114.56662,0,7.3667946
2025,31.5,6.75,2.0646389,113.06303,0,7.4326997
2025,31.5,7.0,2.0619469,111.247894,0,7.4230084
2025,31.5,7.25,2.0772111,109.712685,0,7.47796
2025,31.5,7.5,2.1063201,108.08541,0,7.582752
2025,31.5,7.75,2.1353023,106.326935,0,7.687088
2025,31.5,8.0,2.1811473,103.7481,0,7.8521304
2025,31.5,8.25,2.2472258,101.27657,0,8.090013
2025,31.5,8.5,2.3261142,100.46559,0,8.374011
2025,31.5,8.75,2.4162912,100.6669,0,8.698648
2025,31.5,9.0,2.499207,101.01786,0,8.997145
2025,31.5,9.25,2.5646975,101.239204,0,9.232911
2025,31.5,9.5,2.6597188,101.18549,0,9.574987
2025,31.5,9.75,2.7288218,100.903595,0,9.823758
2025,31.5,10.0,2.779264,100.79857,0,10.00535
2025,31.5,10.25,2.7746487,101.21789,0,9.988735
2025,31.5,10.5,2.6732638,101.252365,0,9.62375
2025,31.5,10.75,2.5349529,101.79996,0,9.12583
2025,31.5,11.0,2.4139626,102.30204,0,8.690265
2025,31.5,11.25,2.2218378,104.745094,0,7.9986157
2025,31.5,11.5,2.0370202,105.41671,0,7.3332725
2025,31.5,11.75,1.9314456,105.05936,0,6.953204
2025,31.5,12.0,1.8395576,105.8804,0,6.6224074
2025,31.25,-9.0,1.3568895,65.59698,0,4.884802
2025,31.25,-8.75,1.0107559,64.26231,0,3.6387212
2025,31.25,-8.5,0.6647775,94.504845,0,2.393199
2025,31.25,-8.25,0.5396034,282.13702,0,1.9425722
2025,31.25,-8.0,0.31333396,276.90924,0,1.1280022
2025,31.25,-7.75,0.30400038,251.45926,0,1.0944014
2025,31.25,-7.5,0.4007584,272.42416,0,1.4427302
2025,31.25,-7.25,0.54142284,272.17664,0,1.9491222
2025,31.25,-7.0,0.5744388,280.5107,0,2.0679796
2025,31.25,-6.75,0.6808427,245.66974,0,2.4510336
2025,31.25,-6.5,0.82985264,235.65492,0,2.9874694
2025,31.25,-6.25,0.9023316,231.78564,0,3.2483935
2025,31.25,-6.0,0.99682236,243.98207,0,3.5885603
2025,31.25,-5.75,1.0308555,245.46848,0,3.7110798
2025,31.25,-5.5,0.9322642,230.35365,0,3.356151
2025,31.25,-5.25,0.81153554,209.80864,0,2.9215279
2025,31.25,-5.0,0.68615764,196.40305,0,2.4701674
2025,31.25,-4.75,0.7599301,184.62798,0,2.7357483
2025,31.25,-4.5,0.8781194,135.74371,0,3.1612298
2025,31.25,-4.25,1.0520782,131.8893,0,3.7874815
2025,31.25,-4.0,1.2625647,127.13691,0,4.545233
2025,31.25,-3.75,1.3520851,122.57577,0,4.8675065
2025,31.25,-3.5,1.1923212,129.11087,0,4.292356
2025,31.25,-3.25,0.9680601,175.54327,0,3.485016
2025,31.25,-3.0,0.90225005,204.50128,0,3.2481
2025,31.25,-2.75,0.9593446,169.53816,0,3.4536405
2025,31.25,-2.5,1.225885,126.85088,0,4.413186
2025,31.25,-2.25,1.5340025,125.60917,0,5.522409
2025,31.25,-2.0,1.5149803,124.2331,0,5.453929
2025,31.25,-1.75,1.4906806,119.64045,0,5.36645
2025,31.25,-1.5,1.4925708,115.807945,0,5.373255
2025,31.25,-1.25,1.4827253,112.64985,0,5.337811
2025,31.25,-1.0,1.4944485,150.67462,0,5.3800144
2025,31.25,-0.75,1.4828997,147.41574,0,5.3384385
2025,31.25,-0.5,1.5044955,143.8123,0,5.4161835
2025,31.25,-0.25,1.5023046,100.05911,0,5.408296
2025,31.25,0.0,1.5043871,95.00873,0,5.4157934
2025,31.25,0.25,1.5220659,89.6106,0,5.479437
2025,31.25,0.5,1.53828,87.37352,0,5.537808
2025,31.25,0.75,1.5636618,93.59053,0,5.6291823
2025,31.25,1.0,1.6252043,138.7824,0,5.850735
2025,31.25,1.25,1.6953094,139.71361,0,6.1031137
2025,31.25,1.5,1.787601,141.06624,0,6.4353633
2025,31.25,1.75,1.8294383,141.65666,0,6.585978
2025,31.25,2.0,1.8639897,142.15028,0,6.710363
2025,31.25,2.25,1.8933864,141.57918,0,6.8161907
2025,31.25,2.5,1.9270598,141.0618,0,6.937415
2025,31.25,2.75,1.9460894,140.8457,0,7.005922
2025,31.25,3.0,1.9457555,140.22594,0,7.0047197
2025,31.25,3.25,1.934845,137.85365,0,6.9654417
2025,31.25,3.5,1.9277635,134.16167,0,6.939948
2025,31.25,3.75,1.95291,130.99171,0,7.0304756
2025,31.25,4.0,2.0040045,128.52295,0,7.214416
2025,31.25,4.25,2.0233335,127.382965,0,7.2840004
2025,31.25,4.5,2.0292933,126.7149,0,7.3054557
2025,31.25,4.75,2.007759,125.86652,0,7.2279325
2025,31.25,5.0,1.9757972,125.96059,0,7.1128697
2025,31.25,5.25,1.9687036,125.516235,0,7.0873327
2025,31.25,5.5,1.9902068,122.66078,0,7.1647444
2025,31.25,5.75,2.0253077,119.77532,0,7.291107
2025,31.25,6.0,2.0439348,117.67521,0,7.3581653
2025,31.25,6.25,2.0619981,115.83097,0,7.423193
2025,31.25,6.5,2.0885935,114.0861,0,7.518936
2025,31.25,6.75,2.109511,112.61301,0,7.594239
2025,31.25,7.0,2.1103046,111.24558,0,7.5970964
2025,31.25,7.25,2.1238747,109.873955,0,7.6459484
2025,31.25,7.5,2.1366167,108.72145,0,7.69182
2025,31.25,7.75,2.1591978,107.19379,0,7.773112
2025,31.25,8.0,2.1850538,103.14245,0,7.866194
2025,31.25,8.25,2.2456095,99.04532,0,8.084194
2025,31.25,8.5,2.325259,98.282295,0,8.370932
2025,31.25,8.75,2.4009237,98.56312,0,8.643325
2025,31.25,9.0,2.4773402,99.18481,0,8.918425
2025,31.25,9.25,2.5238085,100.15023,0,9.085711
2025,31.25,9.5,2.5782063,100.62934,0,9.281543
2025,31.25,9.75,2.6477733,100.35555,0,9.531983
2025,31.25,10.0,2.6971917,99.68609,0,9.70989
2025,31.25,10.25,2.6935015,100.32891,0,9.696605
2025,31.25,10.5,2.623849,101.14947,0,9.445856
2025,31.25,10.75,2.5516777,102.23647,0,9.18604
2025,31.25,11.0,2.4249604,102.805466,0,8.729857
2025,31.25,11.25,2.2694397,104.2152,0,8.169983
2025,31.25,11.5,2.0932713,105.63029,0,7.535776
2025,31.25,11.75,1.9793617,106.01489,0,7.125702
2025,31.25,12.0,1.9144557,107.73369,0,6.8920403
2025,31.0,-9.0,0.49663723,99.933586,0,1.787894
2025,31.0,-8.75,0.2930193,115.35129,0,1.0548694
2025,31.0,-8.5,0.2661736,118.14526,0,0.95822495
2025,31.0,-8.25,0.29449996,185.06985,0,1.0601999
2025,31.0,-8.0,0.4174059,188.457,0,1.5026612
2025,31.0,-7.75,0.71024996,246.50066,0,2.5568998
2025,31.0,-7.5,0.7425927,255.42877,0,2.6733336
2025,31.0,-7.25,0.6825203,260.75363,0,2.457073
2025,31.0,-7.0,0.6495401,269.9299,0,2.3383443
2025,31.0,-6.75,0.7478424,250.38406,0,2.6922324
2025,31.0,-6.5,0.7166789,251.93338,0,2.580044
2025,31.0,-6.25,0.8025728,236.69434,0,2.889262
2025,31.0,-6.0,0.840788,222.95042,0,3.0268366
2025,31.0,-5.75,0.9803983,208.06314,0,3.5294337
2025,31.0,-5.5,1.105825,202.00763,0,3.9809697
2025,31.0,-5.25,0.99061924,197.43704,0,3.566229
2025,31.0,-5.0,0.8773763,193.00133,0,3.1585546
2025,31.0,-4.75,0.899873,153.65839,0,3.2395427
2025,31.0,-4.5,1.0031216,148.90446,0,3.6112378
2025,31.0,-4.25,1.2434044,142.25223,0,4.476256
2025,31.0,-4.0,1.4573485,136.99873,0,5.2464542
2025,31.0,-3.75,1.5217246,132.01965,0,5.4782085
2025,31.0,-3.5,1.3981886,128.98581,0,5.0334787
2025,31.0,-3.25,1.1877801,129.22537,0,4.2760086
2025,31.0,-3.0,1.0970695,168.02547,0,3.94945
2025,31.0,-2.75,1.1424206,170.22913,0,4.1127143
2025,31.0,-2.5,1.4022778,130.38034,0,5.0482
2025,31.0,-2.25,1.8033948,129.20255,0,6.492221
2025,31.0,-2.0,1.9147031,125.20438,0,6.892931
2025,31.0,-1.75,1.8652987,121.13585,0,6.7150755
2025,31.0,-1.5,1.7458719,116.686646,0,6.2851386
2025,31.0,-1.25,1.6424552,113.49735,0,5.9128385
2025,31.0,-1.0,1.5975951,111.66981,0,5.7513423
2025,31.0,-0.75,1.610107,108.51374,0,5.796385
2025,31.0,-0.5,1.6409131,105.26218,0,5.907287
2025,31.0,-0.25,1.6703249,102.40054,0,6.01317
2025,31.0,0.0,1.6791543,100.460785,0,6.0449553
2025,31.0,0.25,1.6933877,100.03131,0,6.0961957
2025,31.0,0.5,1.7064291,99.26508,0,6.1431446
2025,31.0,0.75,1.7493746,98.07798,0,6.2977486
2025,31.0,1.0,1.8256187,97.779495,0,6.5722275
2025,31.0,1.25,1.9009268,97.848366,0,6.8433366
2025,31.0,1.5,1.9632506,97.88992,0,7.0677023
2025,31.0,1.75,2.000676,98.57854,0,7.202433
2025,31.0,2.0,2.0157266,138.98297,0,7.2566156
2025,31.0,2.25,2.0409846,138.59895,0,7.3475447
2025,31.0,2.5,2.064023,137.96722,0,7.430483
2025,31.0,2.75,2.0667326,137.89659,0,7.4402375
2025,31.0,3.0,2.077027,136.68698,0,7.4772973
2025,31.0,3.25,2.077501,134.28754,0,7.4790034
2025,31.0,3.5,2.0562181,131.04762,0,7.402385
2025,31.0,3.75,2.0788736,128.47849,0,7.483945
2025,31.0,4.0,2.090215,126.56881,0,7.5247736
2025,31.0,4.25,2.104481,125.5828,0,7.5761313
2025,31.0,4.5,2.0858126,125.2484,0,7.508925
2025,31.0,4.75,2.0563593,124.20511,0,7.402893
2025,31.0,5.0,2.020841,123.44754,0,7.275027
2025,31.0,5.25,2.0223117,121.7063,0,7.280322
2025,31.0,5.5,2.0539126,120.10976,0,7.3940854
2025,31.0,5.75,2.0870829,118.25415,0,7.5134983
2025,31.0,6.0,2.1031253,116.26763,0,7.571251
2025,31.0,6.25,2.1189036,114.769135,0,7.6280527
2025,31.0,6.5,2.138119,113.30588,0,7.697228
2025,31.0,6.75,2.1585028,112.01852,0,7.77061
2025,31.0,7.0,2.1652482,110.93335,0,7.7948933
2025,31.0,7.25,2.1676123,109.952576,0,7.8034043
2025,31.0,7.5,2.1780868,109.28282,0,7.841112
2025,31.0,7.75,2.179134,107.909195,0,7.844882
2025,31.0,8.0,2.1933808,100.94781,0,7.8961706
2025,31.0,8.25,2.243378,97.44647,0,8.07616
2025,31.0,8.5,2.3084793,96.6944,0,8.310525
2025,31.0,8.75,2.3833952,97.13586,0,8.580222
2025,31.0,9.0,2.4404612,98.00475,0,8.78566
2025,31.0,9.25,2.469313,99.4748,0,8.889526
2025,31.0,9.5,2.505992,100.19243,0,9.021571
2025,31.0,9.75,2.540843,100.08694,0,9.147035
2025,31.0,10.0,2.585721,99.23946,0,9.308596
2025,31.0,10.25,2.6204314,99.22271,0,9.433553
2025,31.0,10.5,2.6162608,100.94001,0,9.418538
2025,31.0,10.75,2.5441608,103.07544,0,9.158978
2025,31.0,11.0,2.4270127,104.97998,0,8.737246
2025,31.0,11.25,2.26663,106.04179,0,8.159867
2025,31.0,11.5,2.1142824,106.53887,0,7.6114163
2025,31.0,11.75,2.040979,107.28174,0,7.3475237
2025,31.0,12.0,1.9854834,109.42802,0,7.14774
2025,30.75,-9.0,0.5663195,239.24821,0,2.0387502
2025,30.75,-8.75,0.5853848,233.98148,0,2.1073852
2025,30.75,-8.5,0.60623246,227.38525,0,2.1824367
2025,30.75,-8.25,0.5694424,225.21786,0,2.0499926
2025,30.75,-8.0,0.61219543,194.55377,0,2.2039034
2025,30.75,-7.75,1.0251015,249.64491,0,3.6903656
2025,30.75,-7.5,1.3368239,249.32112,0,4.8125663
2025,30.75,-7.25,1.3939829,247.88159,0,5.018338
2025,30.75,-7.0,1.2306111,239.12262,0,4.4301996
2025,30.75,-6.75,1.1903654,226.49823,0,4.2853155
2025,30.75,-6.5,0.9827938,218.3979,0,3.5380576
2025,30.75,-6.25,0.85812217,202.78339,0,3.0892398
2025,30.75,-6.0,0.9145437,195.83473,0,3.2923572
2025,30.75,-5.75,0.9489619,196.28665,0,3.4162629
2025,30.75,-5.5,0.9078759,197.46568,0,3.2683532
2025,30.75,-5.25,0.80319554,183.61485,0,2.8915038
2025,30.75,-5.0,0.81876415,163.76299,0,2.9475508
2025,30.75,-4.75,0.9669559,156.58698,0,3.4810412
2025,30.75,-4.5,1.1645268,152.05084,0,4.1922965
2025,30.75,-4.25,1.388276,148.17654,0,4.997793
2025,30.75,-4.0,1.59876,143.60054,0,5.755536
2025,30.75,-3.75,1.68567,138.73871,0,6.068412
2025,30.75,-3.5,1.62598,132.66096,0,5.853528
2025,30.75,-3.25,1.4365721,130.7922,0,5.1716595
2025,30.75,-3.0,1.3718499,131.35435,0,4.9386597
2025,30.75,-2.75,1.4200411,132.60376,0,5.112148
2025,30.75,-2.5,1.5938319,132.28119,0,5.737795
2025,30.75,-2.25,1.9285791,129.44902,0,6.9428844
2025,30.75,-2.0,2.0954065,123.90636,0,7.543463
2025,30.75,-1.75,2.0822854,119.47457,0,7.4962273
2025,30.75,-1.5,1.9635111,115.666695,0,7.0686398
2025,30.75,-1.25,1.8276863,112.47632,0,6.5796704
2025,30.75,-1.0,1.7695924,111.00183,0,6.3705325
2025,30.75,-0.75,1.7599112,108.269554,0,6.33568
2025,30.75,-0.5,1.7781855,105.42714,0,6.401468
2025,30.75,-0.25,1.8168997,102.83055,0,6.5408387
2025,30.75,0.0,1.8567785,101.26595,0,6.6844025
2025,30.75,0.25,1.8786869,100.50369,0,6.763273
2025,30.75,0.5,1.9089273,99.04663,0,6.872138
2025,30.75,0.75,1.9564092,97.45567,0,7.043073
2025,30.75,1.0,2.0246785,96.18703,0,7.288842
2025,30.75,1.25,2.0962374,96.184654,0,7.5464544
2025,30.75,1.5,2.1389117,96.03756,0,7.700082
2025,30.75,1.75,2.1595457,95.832245,0,7.774364
2025,30.75,2.0,2.1730921,95.69522,0,7.8231316
2025,30.75,2.25,2.1852038,95.95488,0,7.8667336
2025,30.75,2.5,2.18394,136.01768,0,7.8621836
2025,30.75,2.75,2.1914458,135.56807,0,7.889205
2025,30.75,3.0,2.200305,134.2137,0,7.9210978
2025,30.75,3.25,2.207732,131.76079,0,7.947835
2025,30.75,3.5,2.1831045,129.44437,0,7.859176
2025,30.75,3.75,2.1682866,126.99102,0,7.8058314
2025,30.75,4.0,2.1623347,125.148,0,7.7844048
2025,30.75,4.25,2.1495557,124.135025,0,7.7384005
2025,30.75,4.5,2.1305358,123.69804,0,7.669929
2025,30.75,4.75,2.1099474,123.17374,0,7.5958104
2025,30.75,5.0,2.099896,122.10318,0,7.559625
2025,30.75,5.25,2.107357,120.378204,0,7.586485
2025,30.75,5.5,2.124294,118.65744,0,7.6474586
2025,30.75,5.75,2.1317468,117.09329,0,7.6742883
2025,30.75,6.0,2.151438,114.93973,0,7.745177
2025,30.75,6.25,2.1803942,113.27593,0,7.8494186
2025,30.75,6.5,2.2046337,111.86555,0,7.9366813
2025,30.75,6.75,2.21313,110.57858,0,7.967268
2025,30.75,7.0,2.2100458,109.60365,0,7.956165
2025,30.75,7.25,2.206903,109.085556,0,7.9448504
2025,30.75,7.5,2.199627,108.6207,0,7.918657
2025,30.75,7.75,2.1969233,101.21361,0,7.9089236
2025,30.75,8.0,2.1941369,99.21992,0,7.8988924
2025,30.75,8.25,2.2010312,98.0779,0,7.9237123
2025,30.75,8.5,2.2595892,96.14366,0,8.134521
2025,30.75,8.75,2.3290453,96.01596,0,8.3845625
2025,30.75,9.0,2.3855515,96.97629,0,8.587985
2025,30.75,9.25,2.4233716,97.7629,0,8.724137
2025,30.75,9.5,2.4452887,98.206764,0,8.803039
2025,30.75,9.75,2.4668913,98.74221,0,8.880809
2025,30.75,10.0,2.4992492,99.33846,0,8.997297
2025,30.75,10.25,2.5358787,100.16888,0,9.129163
2025,30.75,10.5,2.5783002,101.4313,0,9.28188
2025,30.75,10.75,2.5350842,103.46552,0,9.126303
2025,30.75,11.0,2.4229503,105.71146,0,8.722621
2025,30.75,11.25,2.281895,107.87102,0,8.214822
2025,30.75,11.5,2.1590025,108.848785,0,7.772409
2025,30.75,11.75,2.1195796,108.62741,0,7.630486
2025,30.75,12.0,2.1169152,110.07991,0,7.6208944
2025,30.5,-9.0,0.73808736,261.412,0,2.6571145
2025,30.5,-8.75,0.6574172,258.24036,0,2.3667018
2025,30.5,-8.5,0.74834806,234.04503,0,2.694053
2025,30.5,-8.25,0.82632506,205.11748,0,2.97477
2025,30.5,-8.0,0.8693607,250.4089,0,3.1296983
2025,30.5,-7.75,1.0819488,252.4212,0,3.8950155
2025,30.5,-7.5,1.3197678,261.6008,0,4.751164
2025,30.5,-7.25,1.3334504,248.57747,0,4.800421
2025,30.5,-7.0,1.1250169,232.56432,0,4.0500607
2025,30.5,-6.75,1.2108535,224.574,0,4.359072
2025,30.5,-6.5,1.1645647,220.89421,0,4.192433
2025,30.5,-6.25,0.96393543,210.38722,0,3.4701674
2025,30.5,-6.0,0.7618441,193.58073,0,2.7426386
2025,30.5,-5.75,0.6689765,183.68279,0,2.4083152
2025,30.5,-5.5,0.85110277,172.92245,0,3.0639699
2025,30.5,-5.25,1.0074782,166.53363,0,3.6269217
2025,30.5,-5.0,1.1782305,160.89958,0,4.2416296
2025,30.5,-4.75,1.3424586,158.80817,0,4.832851
2025,30.5,-4.5,1.4299653,151.09404,0,5.147875
2025,30.5,-4.25,1.6279392,145.58537,0,5.860581
2025,30.5,-4.0,1.7915891,142.10791,0,6.449721
2025,30.5,-3.75,1.8351084,138.97919,0,6.60639
2025,30.5,-3.5,1.7317939,134.33966,0,6.234458
2025,30.5,-3.25,1.6223493,131.96199,0,5.840457
2025,30.5,-3.0,1.6237273,131.62186,0,5.845418
2025,30.5,-2.75,1.6722078,130.77637,0,6.019948
2025,30.5,-2.5,1.7707009,128.88174,0,6.374523
2025,30.5,-2.25,1.993358,125.871796,0,7.176089
2025,30.5,-2.0,2.1520834,121.137535,0,7.7475
2025,30.5,-1.75,2.1503065,116.68483,0,7.741103
2025,30.5,-1.5,2.068006,112.63817,0,7.4448214
2025,30.5,-1.25,1.981569,109.24881,0,7.1336484
2025,30.5,-1.0,1.9357469,108.19587,0,6.9686885
2025,30.5,-0.75,1.9117438,106.269196,0,6.8822775
2025,30.5,-0.5,1.9247093,104.10702,0,6.928953
2025,30.5,-0.25,1.9676931,101.98195,0,7.083695
2025,30.5,0.0,2.0199068,100.13974,0,7.271664
2025,30.5,0.25,2.051688,98.47586,0,7.3860765
2025,30.5,0.5,2.0963466,96.86059,0,7.546848
2025,30.5,0.75,2.1497219,95.48408,0,7.7389984
2025,30.5,1.0,2.210228,94.35048,0,7.9568205
2025,30.5,1.25,2.2782025,93.25674,0,8.201529
2025,30.5,1.5,2.3143146,93.04147,0,8.3315325
2025,30.5,1.75,2.3352633,93.12779,0,8.406947
2025,30.5,2.0,2.3417253,93.35631,0,8.430211
2025,30.5,2.25,2.3236287,93.79202,0,8.365063
2025,30.5,2.5,2.2871351,93.92501,0,8.233686
2025,30.5,2.75,2.2593718,92.56733,0,8.1337385
2025,30.5,3.0,2.2503927,131.32956,0,8.101414
2025,30.5,3.25,2.260188,130.57864,0,8.136677
2025,30.5,3.5,2.2856524,129.3369,0,8.228349
2025,30.5,3.75,2.2447011,126.05659,0,8.080924
2025,30.5,4.0,2.1971536,123.90735,0,7.909753
2025,30.5,4.25,2.1573029,122.893745,0,7.76629
2025,30.5,4.5,2.1450105,122.44592,0,7.7220373
2025,30.5,4.75,2.145306,122.105415,0,7.7231016
2025,30.5,5.0,2.151762,121.11201,0,7.746343
2025,30.5,5.25,2.1626477,119.569336,0,7.7855315
2025,30.5,5.5,2.1743267,117.66386,0,7.8275757
2025,30.5,5.75,2.1822867,115.75239,0,7.856232
2025,30.5,6.0,2.208767,113.923744,0,7.951561
2025,30.5,6.25,2.2400053,112.50953,0,8.064018
2025,30.5,6.5,2.2619717,111.4996,0,8.143098
2025,30.5,6.75,2.264789,110.836655,0,8.15324
2025,30.5,7.0,2.2450345,109.96136,0,8.082124
2025,30.5,7.25,2.23352,109.59735,0,8.040672
2025,30.5,7.5,2.220666,111.12902,0,7.994397
2025,30.5,7.75,2.2180483,91.382774,0,7.984974
2025,30.5,8.0,2.1824188,100.14786,0,7.8567076
2025,30.5,8.25,2.1631632,98.14989,0,7.7873874
2025,30.5,8.5,2.2125993,95.39235,0,7.9653573
2025,30.5,8.75,2.2751281,95.452484,0,8.190461
2025,30.5,9.0,2.3109586,96.43888,0,8.31945
2025,30.5,9.25,2.3145287,96.32218,0,8.332303
2025,30.5,9.5,2.3186333,95.715576,0,8.347079
2025,30.5,9.75,2.348934,95.6134,0,8.4561615
2025,30.5,10.0,2.4099596,96.60379,0,8.675854
2025,30.5,10.25,2.4953988,98.999146,0,8.983436
2025,30.5,10.5,2.5400915,101.401375,0,9.144329
2025,30.5,10.75,2.490838,103.346054,0,8.967017
2025,30.5,11.0,2.383562,105.15397,0,8.580823
2025,30.5,11.25,2.26129,107.12437,0,8.140644
2025,30.5,11.5,2.1897168,109.73268,0,7.8829803
2025,30.5,11.75,2.1765566,108.52715,0,7.8356037
2025,30.5,12.0,2.1791043,108.22233,0,7.844775
2025,30.25,-9.0,1.2702528,224.46918,0,4.57291
2025,30.25,-8.75,0.99444366,218.38675,0,3.579997
2025,30.25,-8.5,0.771886,217.20476,0,2.7787895
2025,30.25,-8.25,0.7233894,219.72893,0,2.6042018
2025,30.25,-8.0,0.75076175,257.59113,0,2.702742
2025,30.25,-7.75,0.90517795,259.41837,0,3.2586405
2025,30.25,-7.5,0.9728578,247.59538,0,3.5022879
2025,30.25,-7.25,0.77068484,238.83968,0,2.7744653
2025,30.25,-7.0,0.6533208,230.80566,0,2.3519547
2025,30.25,-6.75,0.77350116,228.10333,0,2.784604
2025,30.25,-6.5,0.96883583,224.21642,0,3.487809
2025,30.25,-6.25,1.125965,212.30414,0,4.053474
2025,30.25,-6.0,1.0122937,199.97011,0,3.6442573
2025,30.25,-5.75,0.985293,160.2193,0,3.5470545
2025,30.25,-5.5,1.1235727,159.33746,0,4.044862
2025,30.25,-5.25,1.3023502,152.3723,0,4.6884604
2025,30.25,-5.0,1.4006222,151.21045,0,5.04224
2025,30.25,-4.75,1.442849,149.05402,0,5.1942563
2025,30.25,-4.5,1.5486697,143.27647,0,5.5752106
2025,30.25,-4.25,1.720304,139.53491,0,6.1930943
2025,30.25,-4.0,1.8922043,136.90308,0,6.8119354
2025,30.25,-3.75,1.9371397,133.38416,0,6.973703
2025,30.25,-3.5,1.859734,131.47214,0,6.6950426
2025,30.25,-3.25,1.8104663,130.49515,0,6.5176783
2025,30.25,-3.0,1.8045602,130.05595,0,6.4964166
2025,30.25,-2.75,1.8255782,128.74965,0,6.5720816
2025,30.25,-2.5,1.8635782,125.749596,0,6.7088814
2025,30.25,-2.25,2.0399551,121.837296,0,7.343838
2025,30.25,-2.0,2.1784246,117.293304,0,7.8423285
2025,30.25,-1.75,2.2156842,113.2787,0,7.976463
2025,30.25,-1.5,2.173162,109.952644,0,7.823383
2025,30.25,-1.25,2.0997756,107.559784,0,7.5591917
2025,30.25,-1.0,2.0619702,105.84427,0,7.423093
2025,30.25,-0.75,2.0578847,103.68712,0,7.408385
2025,30.25,-0.5,2.081237,101.459946,0,7.492453
2025,30.25,-0.25,2.117011,99.38759,0,7.6212397
2025,30.25,0.0,2.1785207,96.56806,0,7.8426743
2025,30.25,0.25,2.2398639,94.4852,0,8.06351
2025,30.25,0.5,2.2913942,92.56741,0,8.249019
2025,30.25,0.75,2.3373153,91.011955,0,8.414335
2025,30.25,1.0,2.3830328,89.93643,0,8.5789175
2025,30.25,1.25,2.4414186,89.29425,0,8.789107
2025,30.25,1.5,2.4880042,89.7413,0,8.956815
2025,30.25,1.75,2.5033612,90.76621,0,9.0121
2025,30.25,2.0,2.4878728,92.269775,0,8.956342
2025,30.25,2.25,2.4418988,93.91333,0,8.790835
2025,30.25,2.5,2.3743887,94.193565,0,8.547799
2025,30.25,2.75,2.307686,91.521454,0,8.30767
2025,30.25,3.0,2.2881348,89.91141,0,8.237285
2025,30.25,3.25,2.3140655,89.0488,0,8.330635
2025,30.25,3.5,2.352108,127.62779,0,8.467588
2025,30.25,3.75,2.3247185,124.22154,0,8.368986
2025,30.25,4.0,2.2521315,121.89792,0,8.107673
2025,30.25,4.25,2.212533,121.6976,0,7.9651184
2025,30.25,4.5,2.2100623,121.7953,0,7.956224
2025,30.25,4.75,2.2285604,121.523895,0,8.022818
2025,30.25,5.0,2.2423856,120.587105,0,8.072588
2025,30.25,5.25,2.2416759,119.02804,0,8.070033
2025,30.25,5.5,2.225934,116.83447,0,8.013362
2025,30.25,5.75,2.221949,114.530815,0,7.999017
2025,30.25,6.0,2.239904,112.595535,0,8.063654
2025,30.25,6.25,2.2686276,111.845024,0,8.167059
2025,30.25,6.5,2.3063688,111.26683,0,8.302928
2025,30.25,6.75,2.3032503,110.8291,0,8.291701
2025,30.25,7.0,2.2831159,110.44034,0,8.219217
2025,30.25,7.25,2.2632031,110.91915,0,8.1475315
2025,30.25,7.5,2.2597768,79.19418,0,8.135197
2025,30.25,7.75,2.253611,79.05914,0,8.113
2025,30.25,8.0,2.2026215,75.58614,0,7.929437
2025,30.25,8.25,2.1791515,93.29855,0,7.8449454
2025,30.25,8.5,2.2059238,92.767914,0,7.9413257
2025,30.25,8.75,2.234716,93.148186,0,8.044977
2025,30.25,9.0,2.2321863,93.64279,0,8.035871
2025,30.25,9.25,2.2240703,94.97393,0,8.006653
2025,30.25,9.5,2.2040575,96.374374,0,7.9346066
2025,30.25,9.75,2.186965,97.55871,0,7.8730736
2025,30.25,10.0,2.2262197,97.784966,0,8.014391
2025,30.25,10.25,2.3696566,99.81346,0,8.530764
2025,30.25,10.5,2.4663768,103.056526,0,8.878956
2025,30.25,10.75,2.4738457,106.30146,0,8.905845
2025,30.25,11.0,2.3959854,109.053185,0,8.625547
2025,30.25,11.25,2.3035932,109.66227,0,8.292935
2025,30.25,11.5,2.259925,111.28761,0,8.13573
2025,30.25,11.75,2.2543786,110.92214,0,8.115763
2025,30.25,12.0,2.251853,110.199554,0,8.10667
2025,30.0,-9.0,0.74305844,230.06822,0,2.6750104
2025,30.0,-8.75,0.8295594,193.00143,0,2.9864137
2025,30.0,-8.5,0.8021039,198.04663,0,2.887574
2025,30.0,-8.25,0.64770883,247.19159,0,2.3317518
2025,30.0,-8.0,0.7002518,272.6905,0,2.5209064
2025,30.0,-7.75,0.75619006,262.16284,0,2.722284
2025,30.0,-7.5,0.6935947,242.00676,0,2.4969409
2025,30.0,-7.25,0.6036352,234.29715,0,2.1730866
2025,30.0,-7.0,0.64564806,174.18187,0,2.324333
2025,30.0,-6.75,0.77504116,169.45569,0,2.790148
2025,30.0,-6.5,0.899362,161.73969,0,3.2377033
2025,30.0,-6.25,1.0675731,159.93217,0,3.843263
2025,30.0,-6.0,1.0909669,158.08649,0,3.927481
2025,30.0,-5.75,1.1063408,157.61395,0,3.9828267
2025,30.0,-5.5,1.2368548,149.94452,0,4.4526772
2025,30.0,-5.25,1.4282186,143.44383,0,5.141587
2025,30.0,-5.0,1.5101367,142.73451,0,5.436492
2025,30.0,-4.75,1.5304677,141.5436,0,5.5096836
2025,30.0,-4.5,1.635892,140.34497,0,5.889211
2025,30.0,-4.25,1.8122959,137.6594,0,6.5242653
2025,30.0,-4.0,2.0058796,134.22786,0,7.2211666
2025,30.0,-3.75,2.0966463,130.75798,0,7.5479264
2025,30.0,-3.5,2.0387042,129.37936,0,7.339335
2025,30.0,-3.25,1.9879527,129.00684,0,7.1566296
2025,30.0,-3.0,1.9629182,128.66048,0,7.0665054
2025,30.0,-2.75,1.9152546,127.363365,0,6.8949165
2025,30.0,-2.5,1.8893844,124.247505,0,6.8017836
2025,30.0,-2.25,1.9812921,120.43305,0,7.1326513
2025,30.0,-2.0,2.119503,116.17114,0,7.630211
2025,30.0,-1.75,2.1926298,112.27594,0,7.893467
2025,30.0,-1.5,2.226235,108.93478,0,8.014445
2025,30.0,-1.25,2.1962132,106.32765,0,7.9063673
2025,30.0,-1.0,2.1813576,104.27516,0,7.852887
2025,30.0,-0.75,2.1888003,101.532974,0,7.879681
2025,30.0,-0.5,2.21623,98.920586,0,7.9784274
2025,30.0,-0.25,2.2650602,95.77573,0,8.154217
2025,30.0,0.0,2.3288028,91.46303,0,8.38369
2025,30.0,0.25,2.4001484,87.701645,0,8.640534
2025,30.0,0.5,2.473199,85.426926,0,8.903516
2025,30.0,0.75,2.5277245,84.24133,0,9.099808
2025,30.0,1.0,2.5578816,85.08179,0,9.208373
2025,30.0,1.25,2.6016328,86.14816,0,9.365878
2025,30.0,1.5,2.6252837,88.12771,0,9.451021
2025,30.0,1.75,2.6175702,91.14013,0,9.423252
2025,30.0,2.0,2.6044035,93.50996,0,9.375853
2025,30.0,2.25,2.5865495,95.382645,0,9.311578
2025,30.0,2.5,2.5241683,94.13101,0,9.087006
2025,30.0,2.75,2.4467847,90.730286,0,8.808425
2025,30.0,3.0,2.4165285,88.55062,0,8.699502
2025,30.0,3.25,2.4347343,87.10684,0,8.765043
2025,30.0,3.5,2.452029,84.8547,0,8.827304
2025,30.0,3.75,2.42603,122.66679,0,8.733707
2025,30.0,4.0,2.3618088,121.63383,0,8.502511
2025,30.0,4.25,2.3034549,121.428276,0,8.292438
2025,30.0,4.5,2.2924638,121.40921,0,8.25287
2025,30.0,4.75,2.293628,120.93872,0,8.25706
2025,30.0,5.0,2.3008518,120.11575,0,8.283067
2025,30.0,5.25,2.3138325,118.26632,0,8.329797
2025,30.0,5.5,2.3214033,115.774345,0,8.357052
2025,30.0,5.75,2.3219643,113.46195,0,8.359071
2025,30.0,6.0,2.3300247,112.02342,0,8.388089
2025,30.0,6.25,2.3432631,111.80315,0,8.435747
2025,30.0,6.5,2.3686502,111.957115,0,8.527141
2025,30.0,6.75,2.3597412,112.5324,0,8.495069
2025,30.0,7.0,2.3410692,113.164986,0,8.427849
2025,30.0,7.25,2.3183165,74.60559,0,8.345939
2025,30.0,7.5,2.2962008,77.23493,0,8.266322
2025,30.0,7.75,2.262844,76.291,0,8.146238
2025,30.0,8.0,2.2327313,80.52432,0,8.037832
2025,30.0,8.25,2.2090042,85.68758,0,7.952415
2025,30.0,8.5,2.1921396,88.59003,0,7.8917027
2025,30.0,8.75,2.174899,90.37565,0,7.8296366
2025,30.0,9.0,2.1720068,92.410416,0,7.8192244
2025,30.0,9.25,2.1728277,96.58191,0,7.82218
2025,30.0,9.5,2.1400137,99.73019,0,7.704049
2025,30.0,9.75,2.062983,104.58865,0,7.4267387
2025,30.0,10.0,2.05701,106.76758,0,7.405236
2025,30.0,10.25,2.2375803,107.56888,0,8.055289
2025,30.0,10.5,2.4077666,109.18839,0,8.667959
2025,30.0,10.75,2.4384375,112.179985,0,8.778375
2025,30.0,11.0,2.3570797,113.7838,0,8.485487
2025,30.0,11.25,2.2722921,113.0214,0,8.180251
2025,30.0,11.5,2.2496557,112.612915,0,8.098761
2025,30.0,11.75,2.2510064,111.23184,0,8.103622
2025,30.0,12.0,2.2486157,109.93614,0,8.0950165
2025,29.75,-9.0,0.56623363,184.79716,0,2.038441
2025,29.75,-8.75,0.75948066,186.36902,0,2.7341304
2025,29.75,-8.5,0.7358488,219.21306,0,2.6490555
2025,29.75,-8.25,0.70229685,218.34613,0,2.5282686
2025,29.75,-8.0,0.7904467,181.71259,0,2.845608
2025,29.75,-7.75,0.85414016,178.24033,0,3.0749044
2025,29.75,-7.5,0.73118347,172.05174,0,2.6322603
2025,29.75,-7.25,0.8578522,165.54314,0,3.0882678
2025,29.75,-7.0,0.9849476,161.86784,0,3.5458114
2025,29.75,-6.75,1.1136798,166.41708,0,4.009247
2025,29.75,-6.5,1.2367269,165.49925,0,4.4522166
2025,29.75,-6.25,1.3850162,167.34676,0,4.986058
2025,29.75,-6.0,1.49577,165.79181,0,5.384772
2025,29.75,-5.75,1.5258578,160.9397,0,5.493088
2025,29.75,-5.5,1.5497215,150.8906,0,5.578997
2025,29.75,-5.25,1.6902755,146.13641,0,6.084992
2025,29.75,-5.0,1.6955242,144.38542,0,6.103887
2025,29.75,-4.75,1.660111,143.4885,0,5.9763994
2025,29.75,-4.5,1.7587909,142.25897,0,6.331647
2025,29.75,-4.25,1.931436,138.9837,0,6.9531693
2025,29.75,-4.0,2.126639,135.52753,0,7.6559
2025,29.75,-3.75,2.1893508,131.17937,0,7.881663
2025,29.75,-3.5,2.1582205,127.94659,0,7.7695937
2025,29.75,-3.25,2.1279573,127.40137,0,7.6606464
2025,29.75,-3.0,2.1063094,127.22184,0,7.5827136
2025,29.75,-2.75,2.0563116,126.45707,0,7.4027214
2025,29.75,-2.5,1.9036717,124.387115,0,6.853218
2025,29.75,-2.25,1.8220876,121.240204,0,6.5595155
2025,29.75,-2.0,1.963963,117.322914,0,7.0702667
2025,29.75,-1.75,2.1384313,112.64708,0,7.6983523
2025,29.75,-1.5,2.206573,109.16774,0,7.9436626
2025,29.75,-1.25,2.280838,105.243866,0,8.211017
2025,29.75,-1.0,2.3158286,103.47088,0,8.336983
2025,29.75,-0.75,2.3198745,100.23721,0,8.351548
2025,29.75,-0.5,2.3414264,93.418846,0,8.429134
2025,29.75,-0.25,2.4065065,86.877335,0,8.663424
2025,29.75,0.0,2.4804192,81.63705,0,8.929509
2025,29.75,0.25,2.564292,80.43967,0,9.231451
2025,29.75,0.5,2.6514623,79.69758,0,9.545264
2025,29.75,0.75,2.7067456,81.397705,0,9.744284
2025,29.75,1.0,2.7342186,82.68965,0,9.843186
2025,29.75,1.25,2.72891,84.91507,0,9.824076
2025,29.75,1.5,2.7156126,88.713264,0,9.776205
2025,29.75,1.75,2.7260091,91.952225,0,9.813633
2025,29.75,2.0,2.7632997,93.60439,0,9.947879
2025,29.75,2.25,2.75995,94.08587,0,9.93582
2025,29.75,2.5,2.7160132,91.92198,0,9.777647
2025,29.75,2.75,2.6270773,89.58137,0,9.457479
2025,29.75,3.0,2.5803745,87.12338,0,9.289348
2025,29.75,3.25,2.5330248,83.913414,0,9.118889
2025,29.75,3.5,2.531302,81.65831,0,9.112687
2025,29.75,3.75,2.4956264,81.293335,0,8.984255
2025,29.75,4.0,2.474558,81.916115,0,8.908409
2025,29.75,4.25,2.414503,81.60631,0,8.692211
2025,29.75,4.5,2.380216,120.58968,0,8.568777
2025,29.75,4.75,2.3801587,120.04419,0,8.568571
2025,29.75,5.0,2.392137,118.78293,0,8.611693
2025,29.75,5.25,2.4017396,116.38928,0,8.646262
2025,29.75,5.5,2.4129906,114.112495,0,8.686766
2025,29.75,5.75,2.4203296,112.739914,0,8.713186
2025,29.75,6.0,2.4300897,111.75137,0,8.7483225
2025,29.75,6.25,2.4317923,111.88485,0,8.754452
2025,29.75,6.5,2.437761,72.743805,0,8.77594
2025,29.75,6.75,2.427226,73.67303,0,8.738013
2025,29.75,7.0,2.3972769,74.383026,0,8.630197
2025,29.75,7.25,2.372328,75.53806,0,8.5403805
2025,29.75,7.5,2.340848,74.998,0,8.4270525
2025,29.75,7.75,2.2945673,75.45726,0,8.260442
2025,29.75,8.0,2.2584493,78.257355,0,8.130417
2025,29.75,8.25,2.2113278,82.35452,0,7.9607797
2025,29.75,8.5,2.179109,85.09903,0,7.8447924
2025,29.75,8.75,2.1513379,89.55428,0,7.7448163
2025,29.75,9.0,2.1807404,94.31119,0,7.850665
2025,29.75,9.25,2.181033,98.41996,0,7.8517184
2025,29.75,9.5,2.11773,103.398384,0,7.6238275
2025,29.75,9.75,2.043014,110.36248,0,7.3548503
2025,29.75,10.0,2.0263603,116.64697,0,7.2948966
2025,29.75,10.25,2.1688085,116.7914,0,7.80771
2025,29.75,10.5,2.3253849,117.064125,0,8.371386
2025,29.75,10.75,2.3396764,116.22587,0,8.422834
2025,29.75,11.0,2.2634916,117.1642,0,8.14857
2025,29.75,11.25,2.2158244,115.080185,0,7.9769673
2025,29.75,11.5,2.222471,113.603775,0,8.0008955
2025,29.75,11.75,2.2276042,111.915375,0,8.019375
2025,29.75,12.0,2.2520907,109.75656,0,8.107526
2025,29.5,-9.0,1.0441169,152.80096,0,3.7588205
2025,29.5,-8.75,1.0729032,188.25926,0,3.8624513
2025,29.5,-8.5,0.9189489,219.9028,0,3.3082159
2025,29.5,-8.25,0.800546,168.2652,0,2.8819654
2025,29.5,-8.0,0.93467575,209.84958,0,3.3648326
2025,29.5,-7.75,0.9787584,144.23442,0,3.5235302
2025,29.5,-7.5,1.1037647,163.00192,0,3.9735527
2025,29.5,-7.25,1.320005,169.23598,0,4.752018
2025,29.5,-7.0,1.4066355,171.17743,0,5.0638876
2025,29.5,-6.75,1.5715702,172.54045,0,5.6576524
2025,29.5,-6.5,1.6507874,173.11458,0,5.9428344
2025,29.5,-6.25,1.7827563,172.40353,0,6.4179225
2025,29.5,-6.0,1.873426,169.99747,0,6.7443333
2025,29.5,-5.75,1.8227651,164.98653,0,6.561954
2025,29.5,-5.5,1.8329614,156.76178,0,6.598661
2025,29.5,-5.25,1.8274617,148.87079,0,6.578862
2025,29.5,-5.0,1.8296244,145.54623,0,6.5866475
2025,29.5,-4.75,1.805109,144.26378,0,6.498392
2025,29.5,-4.5,1.8685515,143.02068,0,6.726785
2025,29.5,-4.25,2.0399864,139.9359,0,7.3439507
2025,29.5,-4.0,2.162197,137.3112,0,7.7839093
2025,29.5,-3.75,2.1981618,133.09035,0,7.9133825
2025,29.5,-3.5,2.1884503,129.01707,0,7.878421
2025,29.5,-3.25,2.1939244,125.70328,0,7.8981276
2025,29.5,-3.0,2.173723,125.580025,0,7.8254027
2025,29.5,-2.75,2.1849344,124.44378,0,7.8657637
2025,29.5,-2.5,2.09502,122.87729,0,7.542072
2025,29.5,-2.25,1.9836107,120.278595,0,7.1409984
2025,29.5,-2.0,1.9864216,117.64213,0,7.1511173
2025,29.5,-1.75,2.1635616,113.99874,0,7.7888217
2025,29.5,-1.5,2.224711,110.37522,0,8.008959
2025,29.5,-1.25,2.3162503,107.986115,0,8.338501
2025,29.5,-1.0,2.3998964,108.38759,0,8.6396265
2025,29.5,-0.75,2.4519904,112.18364,0,8.827165
2025,29.5,-0.5,2.4984972,115.87945,0,8.99459
2025,29.5,-0.25,2.551912,76.37076,0,9.186883
2025,29.5,0.0,2.633607,75.87144,0,9.480985
2025,29.5,0.25,2.7016165,76.46467,0,9.72582
2025,29.5,0.5,2.764739,78.820465,0,9.95306
2025,29.5,0.75,2.8202367,80.61316,0,10.152852
2025,29.5,1.0,2.8342087,83.50153,0,10.203151
2025,29.5,1.25,2.8271017,86.149414,0,10.177566
2025,29.5,1.5,2.8459306,89.76742,0,10.24535
2025,29.5,1.75,2.9241476,90.71257,0,10.526931
2025,29.5,2.0,2.964012,91.90732,0,10.670443
2025,29.5,2.25,2.9780483,91.6294,0,10.720974
2025,29.5,2.5,2.9323244,90.45218,0,10.556368
2025,29.5,2.75,2.8296118,87.927704,0,10.186603
2025,29.5,3.0,2.7252207,83.07598,0,9.810794
2025,29.5,3.25,2.6787977,80.766716,0,9.643672
2025,29.5,3.5,2.5974207,79.86489,0,9.350715
2025,29.5,3.75,2.5541942,80.55091,0,9.195099
2025,29.5,4.0,2.5672512,81.59029,0,9.242105
2025,29.5,4.25,2.5217326,80.45482,0,9.078237
2025,29.5,4.5,2.486433,79.58242,0,8.951159
2025,29.5,4.75,2.4567244,77.69341,0,8.844208
2025,29.5,5.0,2.4803967,76.271065,0,8.929428
2025,29.5,5.25,2.4894805,114.20018,0,8.96213
2025,29.5,5.5,2.4981506,113.133026,0,8.993341
2025,29.5,5.75,2.5071042,111.91919,0,9.025575
2025,29.5,6.0,2.5201616,71.93342,0,9.072581
2025,29.5,6.25,2.520252,72.37001,0,9.0729065
2025,29.5,6.5,2.519344,73.53048,0,9.069638
2025,29.5,6.75,2.4984307,74.18994,0,8.99435
2025,29.5,7.0,2.4706964,74.94744,0,8.894507
2025,29.5,7.25,2.415395,73.995155,0,8.695422
2025,29.5,7.5,2.3708088,73.441925,0,8.534911
2025,29.5,7.75,2.3210611,75.01888,0,8.35582
2025,29.5,8.0,2.2558794,79.143715,0,8.121165
2025,29.5,8.25,2.2094924,82.046844,0,7.9541726
2025,29.5,8.5,2.1480212,85.8168,0,7.7328763
2025,29.5,8.75,2.1465144,90.09164,0,7.727452
2025,29.5,9.0,2.1963098,95.879974,0,7.906715
2025,29.5,9.25,2.185002,101.64362,0,7.8660073
2025,29.5,9.5,2.1298828,107.54355,0,7.6675777
2025,29.5,9.75,2.0699627,114.55493,0,7.4518657
2025,29.5,10.0,2.069047,120.86633,0,7.448569
2025,29.5,10.25,2.1780894,120.41115,0,7.8411217
2025,29.5,10.5,2.2180147,119.76313,0,7.984853
2025,29.5,10.75,2.2317133,118.81822,0,8.034167
2025,29.5,11.0,2.2043808,117.352135,0,7.9357705
2025,29.5,11.25,2.1763418,114.82369,0,7.8348303
2025,29.5,11.5,2.1886437,113.24752,0,7.879117
2025,29.5,11.75,2.2131903,111.456154,0,7.967485
2025,29.5,12.0,2.23723,108.971344,0,8.054028
2025,29.25,-9.0,1.4983524,150.45868,0,5.3940687
2025,29.25,-8.75,1.2908171,182.35153,0,4.6469417
2025,29.25,-8.5,0.97178334,201.29471,0,3.49842
2025,29.25,-8.25,0.9898795,184.36421,0,3.563566
2025,29.25,-8.0,1.0562637,180.27708,0,3.8025491
2025,29.25,-7.75,1.2851193,176.9594,0,4.6264296
2025,29.25,-7.5,1.5473312,179.11412,0,5.570392
2025,29.25,-7.25,1.7458638,177.42865,0,6.2851095
2025,29.25,-7.0,1.8417271,178.16429,0,6.6302176
2025,29.25,-6.75,1.8255904,175.07465,0,6.572125
2025,29.25,-6.5,1.8974605,175.49371,0,6.8308573
2025,29.25,-6.25,1.90404,172.46213,0,6.8545437
2025,29.25,-6.0,1.9164529,168.72296,0,6.89923
2025,29.25,-5.75,1.8674159,163.76848,0,6.7226973
2025,29.25,-5.5,1.8562605,157.33174,0,6.6825376
2025,29.25,-5.25,1.8460467,148.77762,0,6.6457677
2025,29.25,-5.0,1.8906329,143.85403,0,6.806278
2025,29.25,-4.75,1.9149004,141.21822,0,6.8936415
2025,29.25,-4.5,1.9768876,140.21983,0,7.116795
2025,29.25,-4.25,2.0551577,139.18802,0,7.398567
2025,29.25,-4.0,2.1699743,136.92693,0,7.8119073
2025,29.25,-3.75,2.1558688,133.40154,0,7.7611275
2025,29.25,-3.5,2.1718254,128.98895,0,7.818571
2025,29.25,-3.25,2.17706,125.61252,0,7.837415
2025,29.25,-3.0,2.1753373,122.83884,0,7.831214
2025,29.25,-2.75,2.1980562,121.780655,0,7.913002
2025,29.25,-2.5,2.2815692,120.168335,0,8.213649
2025,29.25,-2.25,2.2543879,118.23044,0,8.115796
2025,29.25,-2.0,2.2522163,116.27231,0,8.107979
2025,29.25,-1.75,2.2355475,114.49527,0,8.047971
2025,29.25,-1.5,2.2989066,111.94772,0,8.276063
2025,29.25,-1.25,2.356288,111.082726,0,8.482636
2025,29.25,-1.0,2.5002487,112.25583,0,9.000895
2025,29.25,-0.75,2.5731995,113.21485,0,9.263518
2025,29.25,-0.5,2.6096153,112.82852,0,9.394615
2025,29.25,-0.25,2.6727424,112.60761,0,9.621872
2025,29.25,0.0,2.7220788,72.96634,0,9.799483
2025,29.25,0.25,2.7957413,75.27281,0,10.064669
2025,29.25,0.5,2.862193,78.54883,0,10.303895
2025,29.25,0.75,2.8778465,81.98473,0,10.360247
2025,29.25,1.0,2.8937826,85.050285,0,10.417617
2025,29.25,1.25,2.927415,87.37033,0,10.538693
2025,29.25,1.5,3.01591,88.94754,0,10.857275
2025,29.25,1.75,3.1008513,89.541695,0,11.163064
2025,29.25,2.0,3.150396,90.47547,0,11.341426
2025,29.25,2.25,3.1637378,90.26133,0,11.389456
2025,29.25,2.5,3.1491487,89.93506,0,11.336935
2025,29.25,2.75,3.020919,85.9377,0,10.875308
2025,29.25,3.0,2.9109128,81.86729,0,10.479285
2025,29.25,3.25,2.7891572,79.51004,0,10.040965
2025,29.25,3.5,2.7036445,78.72995,0,9.73312
2025,29.25,3.75,2.6534944,80.222885,0,9.55258
2025,29.25,4.0,2.699746,80.57106,0,9.719085
2025,29.25,4.25,2.6508188,79.39705,0,9.542948
2025,29.25,4.5,2.586585,76.93736,0,9.311706
2025,29.25,4.75,2.5569587,75.02881,0,9.205051
2025,29.25,5.0,2.5737505,74.151726,0,9.265502
2025,29.25,5.25,2.5614982,73.05492,0,9.221394
2025,29.25,5.5,2.5724742,72.19359,0,9.260907
2025,29.25,5.75,2.5858061,72.04307,0,9.308902
2025,29.25,6.0,2.6005192,72.21062,0,9.361869
2025,29.25,6.25,2.5988572,72.86613,0,9.3558855
2025,29.25,6.5,2.585197,73.594666,0,9.306709
2025,29.25,6.75,2.5658002,74.15097,0,9.23688
2025,29.25,7.0,2.5133657,73.972565,0,9.048117
2025,29.25,7.25,2.4558992,72.96456,0,8.841237
2025,29.25,7.5,2.364911,73.8133,0,8.5136795
2025,29.25,7.75,2.2964993,77.79339,0,8.267397
2025,29.25,8.0,2.2362156,81.344696,0,8.050376
2025,29.25,8.25,2.1538801,86.17013,0,7.7539682
2025,29.25,8.5,2.0991907,89.46506,0,7.5570865
2025,29.25,8.75,2.1334255,92.67197,0,7.6803317
2025,29.25,9.0,2.2317762,97.44257,0,8.034394
2025,29.25,9.25,2.2237864,103.35666,0,8.0056305
2025,29.25,9.5,2.1602008,108.38272,0,7.776723
2025,29.25,9.75,2.1050622,114.07221,0,7.5782237
2025,29.25,10.0,2.0850878,118.03423,0,7.5063157
2025,29.25,10.25,2.132179,117.55668,0,7.675844
2025,29.25,10.5,2.1679106,116.96054,0,7.8044777
2025,29.25,10.75,2.2023616,115.109535,0,7.9285016
2025,29.25,11.0,2.1821117,113.45436,0,7.8556023
2025,29.25,11.25,2.2040668,110.92686,0,7.93464
2025,29.25,11.5,2.2248793,109.865395,0,8.009565
2025,29.25,11.75,2.2501943,107.93154,0,8.100699
2025,29.25,12.0,2.243875,105.54131,0,8.07795
2025,29.0,-9.0,1.4539851,255.39934,0,5.2343464
2025,29.0,-8.75,1.2399559,235.69783,0,4.463841
2025,29.0,-8.5,1.1867785,203.36417,0,4.272403
2025,29.0,-8.25,1.2882143,187.68161,0,4.6375713
2025,29.0,-8.0,1.5021131,190.31737,0,5.407607
2025,29.0,-7.75,1.609199,189.77362,0,5.7931166
2025,29.0,-7.5,1.8223165,188.2481,0,6.5603395
2025,29.0,-7.25,1.9358292,183.20229,0,6.9689846
2025,29.0,-7.0,1.8936411,177.29395,0,6.8171077
2025,29.0,-6.75,1.8863962,174.53926,0,6.791026
2025,29.0,-6.5,1.8555434,171.5462,0,6.679956
2025,29.0,-6.25,1.8052104,168.1499,0,6.498757
2025,29.0,-6.0,1.802736,164.09052,0,6.4898496
2025,29.0,-5.75,1.804708,157.69156,0,6.4969487
2025,29.0,-5.5,1.8082747,148.10663,0,6.509789
2025,29.0,-5.25,1.8653674,144.40533,0,6.7153225
2025,29.0,-5.0,1.9358425,140.42355,0,6.969033
2025,29.0,-4.75,1.979613,137.63373,0,7.1266065
2025,29.0,-4.5,2.0550203,136.06905,0,7.398073
2025,29.0,-4.25,2.1358852,135.3865,0,7.6891866
2025,29.0,-4.0,2.1872914,133.50313,0,7.874249
2025,29.0,-3.75,2.157437,130.26488,0,7.766773
2025,29.0,-3.5,2.179326,126.701866,0,7.8455734
2025,29.0,-3.25,2.1828406,124.41574,0,7.858226
2025,29.0,-3.0,2.1869524,122.05788,0,7.8730283
2025,29.0,-2.75,2.159527,119.969696,0,7.774297
2025,29.0,-2.5,2.2699573,118.21988,0,8.171846
2025,29.0,-2.25,2.3284235,116.64629,0,8.382324
2025,29.0,-2.0,2.4021554,115.07042,0,8.647759
2025,29.0,-1.75,2.4003344,113.83585,0,8.641204
2025,29.0,-1.5,2.4082897,112.61628,0,8.669843
2025,29.0,-1.25,2.4423504,112.07825,0,8.792461
2025,29.0,-1.0,2.5914109,112.70844,0,9.329079
2025,29.0,-0.75,2.6881542,112.45116,0,9.677355
2025,29.0,-0.5,2.738041,111.24152,0,9.856947
2025,29.0,-0.25,2.7189512,110.49037,0,9.788224
2025,29.0,0.0,2.7485836,71.158585,0,9.8949
2025,29.0,0.25,2.867715,75.45859,0,10.323773
2025,29.0,0.5,2.9672575,79.690544,0,10.682127
2025,29.0,0.75,2.986417,82.99958,0,10.7511015
2025,29.0,1.0,2.9978642,84.66075,0,10.792311
2025,29.0,1.25,3.0610733,86.25366,0,11.019863
2025,29.0,1.5,3.1703675,87.08817,0,11.413322
2025,29.0,1.75,3.231874,88.356064,0,11.634746
2025,29.0,2.0,3.281793,89.227684,0,11.814455
2025,29.0,2.25,3.3178048,89.91638,0,11.944097
2025,29.0,2.5,3.3321452,89.16049,0,11.995723
2025,29.0,2.75,3.1916323,84.79274,0,11.489876
2025,29.0,3.0,3.0465083,81.063965,0,10.967429
2025,29.0,3.25,2.9258175,78.78753,0,10.532943
2025,29.0,3.5,2.8822787,78.62877,0,10.376203
2025,29.0,3.75,2.8443768,79.67247,0,10.239757
2025,29.0,4.0,2.8890705,79.5583,0,10.400654
2025,29.0,4.25,2.8166466,77.344025,0,10.139928
2025,29.0,4.5,2.7559502,74.98136,0,9.92142
2025,29.0,4.75,2.6770391,73.48204,0,9.637341
2025,29.0,5.0,2.6735888,73.262085,0,9.624919
2025,29.0,5.25,2.6424966,72.603355,0,9.512987
2025,29.0,5.5,2.6488523,71.993965,0,9.535869
2025,29.0,5.75,2.6631365,71.905754,0,9.587291
2025,29.0,6.0,2.6764247,72.348236,0,9.635129
2025,29.0,6.25,2.6743214,73.01922,0,9.627557
2025,29.0,6.5,2.6504622,73.32297,0,9.541663
2025,29.0,6.75,2.5899973,73.61126,0,9.32399
2025,29.0,7.0,2.5379877,73.43464,0,9.136756
2025,29.0,7.25,2.4551675,75.10022,0,8.838603
2025,29.0,7.5,2.3497858,77.47422,0,8.4592285
2025,29.0,7.75,2.2757893,81.883385,0,8.192842
2025,29.0,8.0,2.2197974,85.63571,0,7.9912705
2025,29.0,8.25,2.1513352,89.838394,0,7.744807
2025,29.0,8.5,2.08791,93.08244,0,7.5164757
2025,29.0,8.75,2.1234753,95.538536,0,7.6445107
2025,29.0,9.0,2.2586553,98.92452,0,8.131159
2025,29.0,9.25,2.2776363,102.52729,0,8.199491
2025,29.0,9.5,2.2106733,106.92312,0,7.9584236
2025,29.0,9.75,2.1180453,109.94918,0,7.624963
2025,29.0,10.0,2.0714147,111.52243,0,7.457093
2025,29.0,10.25,2.0989664,111.09501,0,7.5562787
2025,29.0,10.5,2.1343496,109.442085,0,7.683658
2025,29.0,10.75,2.1758983,107.81401,0,7.833234
2025,29.0,11.0,2.2138412,105.34541,0,7.969828
2025,29.0,11.25,2.262782,103.30589,0,8.146015
2025,29.0,11.5,2.2842216,102.41409,0,8.223198
2025,29.0,11.75,2.2756793,99.598785,0,8.192446
2025,29.0,12.0,2.277886,96.447845,0,8.200389
2025,28.75,-9.0,1.7271771,226.85117,0,6.2178373
2025,28.75,-8.75,1.6245916,209.3664,0,5.8485293
2025,28.75,-8.5,1.6666149,207.6153,0,5.9998136
2025,28.75,-8.25,1.7662603,207.0126,0,6.3585367
2025,28.75,-8.0,1.7589839,201.24622,0,6.3323417
2025,28.75,-7.75,1.8193994,196.78912,0,6.5498376
2025,28.75,-7.5,1.8336538,189.81894,0,6.6011534
2025,28.75,-7.25,1.7742834,182.55994,0,6.38742
2025,28.75,-7.0,1.7265193,175.77704,0,6.2154694
2025,28.75,-6.75,1.717605,170.06787,0,6.1833777
2025,28.75,-6.5,1.6921201,166.05392,0,6.091632
2025,28.75,-6.25,1.6822082,173.16884,0,6.055949
2025,28.75,-6.0,1.715669,141.87532,0,6.1764083
2025,28.75,-5.75,1.7525659,140.30135,0,6.309237
2025,28.75,-5.5,1.8203665,140.04323,0,6.5533195
2025,28.75,-5.25,1.9017105,139.01785,0,6.8461576
2025,28.75,-5.0,1.9855028,136.5295,0,7.14781
2025,28.75,-4.75,2.0521688,134.54164,0,7.387808
2025,28.75,-4.5,2.133608,132.99818,0,7.680989
2025,28.75,-4.25,2.1983132,130.78543,0,7.9139276
2025,28.75,-4.0,2.2530148,128.84866,0,8.110853
2025,28.75,-3.75,2.2709234,126.2377,0,8.1753235
2025,28.75,-3.5,2.2799559,124.79285,0,8.207841
2025,28.75,-3.25,2.2963758,123.30843,0,8.2669525
2025,28.75,-3.0,2.3056226,121.966705,0,8.300241
2025,28.75,-2.75,2.2621071,120.18338,0,8.143585
2025,28.75,-2.5,2.242924,118.45431,0,8.074526
2025,28.75,-2.25,2.3545108,116.40531,0,8.476238
2025,28.75,-2.0,2.4870353,114.90805,0,8.953327
2025,28.75,-1.75,2.5529273,113.7059,0,9.190537
2025,28.75,-1.5,2.5860515,113.044,0,9.309785
2025,28.75,-1.25,2.5865529,111.993416,0,9.31159
2025,28.75,-1.0,2.6634054,111.62007,0,9.58826
2025,28.75,-0.75,2.7753613,110.997475,0,9.991301
2025,28.75,-0.5,2.81611,110.247154,0,10.137996
2025,28.75,-0.25,2.7899015,109.56185,0,10.043645
2025,28.75,0.0,2.7781842,71.46884,0,10.001463
2025,28.75,0.25,2.9661956,76.1951,0,10.678304
2025,28.75,0.5,3.0867217,79.88885,0,11.112198
2025,28.75,0.75,3.1420245,81.77333,0,11.311288
2025,28.75,1.0,3.1484218,82.96573,0,11.334318
2025,28.75,1.25,3.2229831,83.83062,0,11.602739
2025,28.75,1.5,3.3197017,85.12299,0,11.950926
2025,28.75,1.75,3.372908,86.94064,0,12.142468
2025,28.75,2.0,3.4653537,88.19803,0,12.475273
2025,28.75,2.25,3.507781,88.9886,0,12.628012
2025,28.75,2.5,3.4931276,86.89807,0,12.575259
2025,28.75,2.75,3.324457,82.763466,0,11.968044
2025,28.75,3.0,3.1912556,79.851456,0,11.48852
2025,28.75,3.25,3.106771,79.125206,0,11.184375
2025,28.75,3.5,3.0841908,78.95769,0,11.103086
2025,28.75,3.75,3.0896642,79.233025,0,11.122791
2025,28.75,4.0,3.1405957,79.124374,0,11.306144
2025,28.75,4.25,3.0412111,76.91227,0,10.9483595
2025,28.75,4.5,2.9093785,74.25174,0,10.4737625
2025,28.75,4.75,2.8015795,72.66134,0,10.085686
2025,28.75,5.0,2.769271,73.35627,0,9.969375
2025,28.75,5.25,2.731424,72.26514,0,9.833126
2025,28.75,5.5,2.7413576,71.5486,0,9.868887
2025,28.75,5.75,2.7523985,71.52577,0,9.908634
2025,28.75,6.0,2.7716942,72.08862,0,9.978099
2025,28.75,6.25,2.754004,72.910835,0,9.914414
2025,28.75,6.5,2.69581,73.83384,0,9.704916
2025,28.75,6.75,2.6190135,74.55717,0,9.428449
2025,28.75,7.0,2.530148,76.360054,0,9.108533
2025,28.75,7.25,2.4525268,78.91736,0,8.829096
2025,28.75,7.5,2.3849459,81.80554,0,8.585805
2025,28.75,7.75,2.288984,84.9053,0,8.240342
2025,28.75,8.0,2.242804,87.8067,0,8.074095
2025,28.75,8.25,2.200508,89.8557,0,7.921829
2025,28.75,8.5,2.1509082,92.353516,0,7.7432694
2025,28.75,8.75,2.1529248,94.526825,0,7.750529
2025,28.75,9.0,2.2688527,97.20889,0,8.16787
2025,28.75,9.25,2.297759,99.73173,0,8.271933
2025,28.75,9.5,2.2497385,101.216934,0,8.099058
2025,28.75,9.75,2.1568453,102.68765,0,7.764643
2025,28.75,10.0,2.103464,103.09787,0,7.5724697
2025,28.75,10.25,2.1190283,102.84433,0,7.628502
2025,28.75,10.5,2.1739333,100.926056,0,7.8261595
2025,28.75,10.75,2.2316272,99.456245,0,8.033857
2025,28.75,11.0,2.2878938,97.08571,0,8.236418
2025,28.75,11.25,2.2962592,94.797714,0,8.266533
2025,28.75,11.5,2.2981331,91.380196,0,8.273279
2025,28.75,11.75,2.3030915,87.77645,0,8.291129
2025,28.75,12.0,2.295022,84.929214,0,8.262079
2025,28.5,-9.0,2.1193051,219.78505,0,7.6294985
2025,28.5,-8.75,2.0712223,223.47235,0,7.4564
2025,28.5,-8.5,2.0364077,224.40494,0,7.3310676
2025,28.5,-8.25,1.9386166,222.96329,0,6.9790196
2025,28.5,-8.0,1.8485824,225.55182,0,6.6548963
2025,28.5,-7.75,1.7719305,190.40277,0,6.3789496
2025,28.5,-7.5,1.6838728,186.77194,0,6.061942
2025,28.5,-7.25,1.5942091,183.86188,0,5.7391524
2025,28.5,-7.0,1.5747372,188.42804,0,5.6690536
2025,28.5,-6.75,1.591327,149.2856,0,5.728777
2025,28.5,-6.5,1.6237807,143.96234,0,5.8456106
2025,28.5,-6.25,1.6720575,139.60757,0,6.019407
2025,28.5,-6.0,1.723938,138.6705,0,6.2061768
2025,28.5,-5.75,1.7904701,139.08257,0,6.445692
2025,28.5,-5.5,1.8727417,138.97652,0,6.74187
2025,28.5,-5.25,1.953555,137.50403,0,7.032798
2025,28.5,-5.0,2.0164766,134.6421,0,7.2593155
2025,28.5,-4.75,2.0928378,132.757,0,7.534216
2025,28.5,-4.5,2.1623147,130.53905,0,7.7843328
2025,28.5,-4.25,2.2167437,128.21124,0,7.980277
2025,28.5,-4.0,2.2695818,126.05526,0,8.170494
2025,28.5,-3.75,2.3414154,124.114,0,8.429095
2025,28.5,-3.5,2.356513,123.296036,0,8.483447
2025,28.5,-3.25,2.389929,122.648384,0,8.6037445
2025,28.5,-3.0,2.4280286,121.86557,0,8.740903
2025,28.5,-2.75,2.4680176,120.84776,0,8.884863
2025,28.5,-2.5,2.484898,119.83306,0,8.945633
2025,28.5,-2.25,2.5717185,118.02551,0,9.258186
2025,28.5,-2.0,2.6326666,116.44463,0,9.477599
2025,28.5,-1.75,2.684021,115.077774,0,9.662476
2025,28.5,-1.5,2.7141602,113.543526,0,9.770976
2025,28.5,-1.25,2.7410626,111.359055,0,9.8678255
2025,28.5,-1.0,2.7833226,110.48448,0,10.019961
2025,28.5,-0.75,2.850911,110.263664,0,10.263279
2025,28.5,-0.5,2.8890445,109.82431,0,10.40056
2025,28.5,-0.25,2.893489,109.89444,0,10.41656
2025,28.5,0.0,2.8810601,111.953766,0,10.371817
2025,28.5,0.25,3.0585375,76.53684,0,11.010735
2025,28.5,0.5,3.1942322,79.46071,0,11.499236
2025,28.5,0.75,3.2682257,80.85417,0,11.765612
2025,28.5,1.0,3.2906747,81.237144,0,11.846429
2025,28.5,1.25,3.3230639,81.89334,0,11.96303
2025,28.5,1.5,3.4018085,83.52302,0,12.2465105
2025,28.5,1.75,3.5339396,85.16031,0,12.722182
2025,28.5,2.0,3.6712658,85.92746,0,13.216557
2025,28.5,2.25,3.7668066,84.8431,0,13.560503
2025,28.5,2.5,3.7219915,82.69965,0,13.399169
2025,28.5,2.75,3.528409,79.91574,0,12.702272
2025,28.5,3.0,3.4138775,78.97344,0,12.289959
2025,28.5,3.25,3.3254144,78.824036,0,11.971492
2025,28.5,3.5,3.244083,79.400375,0,11.678699
2025,28.5,3.75,3.2124958,79.71838,0,11.564984
2025,28.5,4.0,3.3055422,78.630745,0,11.899952
2025,28.5,4.25,3.2661924,75.358925,0,11.758292
2025,28.5,4.5,3.1408224,72.96145,0,11.30696
2025,28.5,4.75,3.0006557,73.00941,0,10.80236
2025,28.5,5.0,2.9590542,74.43602,0,10.652595
2025,28.5,5.25,2.8989902,72.536,0,10.436364
2025,28.5,5.5,2.856335,70.93045,0,10.282805
2025,28.5,5.75,2.8532414,70.97501,0,10.271669
2025,28.5,6.0,2.8456357,72.282394,0,10.244288
2025,28.5,6.25,2.7988634,73.25483,0,10.075908
2025,28.5,6.5,2.7249637,74.80378,0,9.809869
2025,28.5,6.75,2.631239,76.58278,0,9.47246
2025,28.5,7.0,2.5438218,78.574745,0,9.157759
2025,28.5,7.25,2.4725163,80.46336,0,8.901058
2025,28.5,7.5,2.430831,82.11331,0,8.750991
2025,28.5,7.75,2.3304918,83.98465,0,8.3897705
2025,28.5,8.0,2.277707,85.54986,0,8.199745
2025,28.5,8.25,2.2387166,86.84068,0,8.05938
2025,28.5,8.5,2.2218487,87.91326,0,7.9986553
2025,28.5,8.75,2.2380016,88.59621,0,8.056806
2025,28.5,9.0,2.3122053,91.34105,0,8.323939
2025,28.5,9.25,2.3149838,92.75921,0,8.333941
2025,28.5,9.5,2.2740805,92.98602,0,8.186689
2025,28.5,9.75,2.2299101,91.99213,0,8.027677
2025,28.5,10.0,2.2213418,91.49278,0,7.9968305
2025,28.5,10.25,2.2551234,92.41811,0,8.1184435
2025,28.5,10.5,2.3006346,92.64237,0,8.282285
2025,28.5,10.75,2.3519392,92.18762,0,8.466981
2025,28.5,11.0,2.3806202,91.944664,0,8.570232
2025,28.5,11.25,2.3463526,91.09014,0,8.446869
2025,28.5,11.5,2.3099928,87.9984,0,8.315974
2025,28.5,11.75,2.2631946,85.56031,0,8.1475
2025,28.5,12.0,2.2312517,83.05921,0,8.032506
2025,28.25,-9.0,2.3637125,240.98033,0,8.509365
2025,28.25,-8.75,2.2608652,240.26633,0,8.139114
2025,28.25,-8.5,2.1829557,240.85072,0,7.8586407
2025,28.25,-8.25,2.063384,241.27362,0,7.4281826
2025,28.25,-8.0,1.9265512,243.77777,0,6.935584
2025,28.25,-7.75,1.7820271,179.78618,0,6.4152975
2025,28.25,-7.5,1.6664833,184.86005,0,5.9993396
2025,28.25,-7.25,1.5846632,187.39644,0,5.7047873
2025,28.25,-7.0,1.5709965,189.33255,0,5.655587
2025,28.25,-6.75,1.599315,188.39409,0,5.757534
2025,28.25,-6.5,1.6414703,183.52286,0,5.909293
2025,28.25,-6.25,1.6780912,137.99901,0,6.041128
2025,28.25,-6.0,1.7221555,135.71628,0,6.1997595
2025,28.25,-5.75,1.7803438,135.38698,0,6.4092374
2025,28.25,-5.5,1.8435808,134.77109,0,6.636891
2025,28.25,-5.25,1.9132285,133.04784,0,6.8876224
2025,28.25,-5.0,2.001529,130.9005,0,7.205504
2025,28.25,-4.75,2.100891,129.513,0,7.5632076
2025,28.25,-4.5,2.177633,127.83412,0,7.839479
2025,28.25,-4.25,2.2349074,126.23831,0,8.045667
2025,28.25,-4.0,2.287786,124.86621,0,8.23603
2025,28.25,-3.75,2.3626313,123.901505,0,8.505472
2025,28.25,-3.5,2.4197948,123.15224,0,8.711261
2025,28.25,-3.25,2.4700408,122.51672,0,8.892147
2025,28.25,-3.0,2.51405,121.84718,0,9.05058
2025,28.25,-2.75,2.559356,121.085236,0,9.213681
2025,28.25,-2.5,2.6176178,120.26158,0,9.423424
2025,28.25,-2.25,2.665526,119.18344,0,9.595893
2025,28.25,-2.0,2.685735,117.723145,0,9.668646
2025,28.25,-1.75,2.712294,115.741196,0,9.764258
2025,28.25,-1.5,2.751278,113.23474,0,9.9046
2025,28.25,-1.25,2.785298,110.515205,0,10.027073
2025,28.25,-1.0,2.819024,109.573746,0,10.148486
2025,28.25,-0.75,2.8843718,109.63487,0,10.3837385
2025,28.25,-0.5,2.9380586,109.99474,0,10.577011
2025,28.25,-0.25,2.9733412,110.79819,0,10.704028
2025,28.25,0.0,3.0129693,72.89234,0,10.846689
2025,28.25,0.25,3.1233435,76.25631,0,11.244036
2025,28.25,0.5,3.2464201,78.18729,0,11.687112
2025,28.25,0.75,3.341073,78.87602,0,12.027863
2025,28.25,1.0,3.3883786,79.05374,0,12.198163
2025,28.25,1.25,3.3853338,80.21987,0,12.1872015
2025,28.25,1.5,3.5055988,82.33695,0,12.620155
2025,28.25,1.75,3.653342,82.967514,0,13.152031
2025,28.25,2.0,3.794614,81.86044,0,13.66061
2025,28.25,2.25,3.9121273,79.40515,0,14.083658
2025,28.25,2.5,3.9898577,77.17163,0,14.363487
2025,28.25,2.75,3.8879309,75.54933,0,13.996551
2025,28.25,3.0,3.7869349,75.26464,0,13.632965
2025,28.25,3.25,3.6767764,76.18377,0,13.236395
2025,28.25,3.5,3.5480938,77.77238,0,12.773137
2025,28.25,3.75,3.3997567,78.43509,0,12.239123
2025,28.25,4.0,3.4312825,75.64835,0,12.352616
2025,28.25,4.25,3.4438121,72.902306,0,12.397723
2025,28.25,4.5,3.3945792,72.30519,0,12.220485
2025,28.25,4.75,3.3071768,74.23001,0,11.905836
2025,28.25,5.0,3.2203789,75.65153,0,11.593364
2025,28.25,5.25,3.0500839,72.53526,0,10.980302
2025,28.25,5.5,2.9558306,70.78657,0,10.64099
2025,28.25,5.75,2.9108336,71.068054,0,10.479001
2025,28.25,6.0,2.8841577,72.747856,0,10.382967
2025,28.25,6.25,2.8448389,74.04815,0,10.24142
2025,28.25,6.5,2.8009312,75.87943,0,10.083352
2025,28.25,6.75,2.703927,77.74167,0,9.734138
2025,28.25,7.0,2.5923948,79.652275,0,9.332622
2025,28.25,7.25,2.4904609,81.33674,0,8.965659
2025,28.25,7.5,2.4119718,82.43216,0,8.683098
2025,28.25,7.75,2.3559012,83.700325,0,8.481244
2025,28.25,8.0,2.335435,84.95297,0,8.407565
2025,28.25,8.25,2.305783,85.3592,0,8.300818
2025,28.25,8.5,2.2887528,83.793106,0,8.23951
2025,28.25,8.75,2.3540063,84.740585,0,8.474422
2025,28.25,9.0,2.4679232,86.092674,0,8.884523
2025,28.25,9.25,2.481469,85.77457,0,8.933288
2025,28.25,9.5,2.4439497,84.56603,0,8.798219
2025,28.25,9.75,2.4015956,83.415634,0,8.645744
2025,28.25,10.0,2.3905678,83.42552,0,8.606044
2025,28.25,10.25,2.4337513,85.524864,0,8.761504
2025,28.25,10.5,2.4727182,87.521255,0,8.901786
2025,28.25,10.75,2.5159345,88.8911,0,9.0573635
2025,28.25,11.0,2.5354047,89.78266,0,9.127457
2025,28.25,11.25,2.4724777,90.32966,0,8.900919
2025,28.25,11.5,2.3263664,91.2196,0,8.374919
2025,28.25,11.75,2.2168322,92.47187,0,7.9805956
2025,28.25,12.0,2.146964,93.1326,0,7.7290707
2025,28.0,-9.0,2.6568074,249.26828,0,9.564507
2025,28.0,-8.75,2.526235,249.04416,0,9.094446
2025,28.0,-8.5,2.3132346,249.74284,0,8.327644
2025,28.0,-8.25,2.1625934,252.8088,0,7.785336
2025,28.0,-8.0,1.9655516,255.92491,0,7.0759854
2025,28.0,-7.75,1.8140746,181.17236,0,6.5306687
2025,28.0,-7.5,1.7075876,184.57115,0,6.147315
2025,28.0,-7.25,1.6272981,186.59785,0,5.858273
2025,28.0,-7.0,1.6063433,188.89665,0,5.7828355
2025,28.0,-6.75,1.621283,190.0165,0,5.836619
2025,28.0,-6.5,1.641794,185.70795,0,5.910458
2025,28.0,-6.25,1.6783316,131.49042,0,6.0419936
2025,28.0,-6.0,1.7490711,130.17285,0,6.2966557
2025,28.0,-5.75,1.8013685,130.27246,0,6.484926
2025,28.0,-5.5,1.8470731,129.46889,0,6.6494627
2025,28.0,-5.25,1.9070424,128.1239,0,6.8653526
2025,28.0,-5.0,2.0087192,126.90609,0,7.231389
2025,28.0,-4.75,2.0941172,125.77837,0,7.5388217
2025,28.0,-4.5,2.1675928,124.96243,0,7.8033338
2025,28.0,-4.25,2.2379365,124.58681,0,8.056571
2025,28.0,-4.0,2.3095758,124.16767,0,8.314472
2025,28.0,-3.75,2.3815641,124.14548,0,8.57363
2025,28.0,-3.5,2.433711,123.65773,0,8.761359
2025,28.0,-3.25,2.4866812,122.91523,0,8.952052
2025,28.0,-3.0,2.5328753,122.09576,0,9.118351
2025,28.0,-2.75,2.5823183,121.415565,0,9.296346
2025,28.0,-2.5,2.639836,120.621,0,9.503409
2025,28.0,-2.25,2.6846573,119.17887,0,9.664766
2025,28.0,-2.0,2.7251544,117.44979,0,9.810555
2025,28.0,-1.75,2.7493188,115.159424,0,9.897548
2025,28.0,-1.5,2.7693224,112.429756,0,9.969561
2025,28.0,-1.25,2.7649753,109.61134,0,9.953911
2025,28.0,-1.0,2.8098223,108.083755,0,10.11536
2025,28.0,-0.75,2.8862047,108.50304,0,10.390337
2025,28.0,-0.5,2.9650097,110.03031,0,10.674035
2025,28.0,-0.25,3.0253408,111.453186,0,10.891227
2025,28.0,0.0,3.1045957,73.76763,0,11.176544
2025,28.0,0.25,3.154445,76.00406,0,11.356002
2025,28.0,0.5,3.2618628,77.38595,0,11.742705
2025,28.0,0.75,3.3476417,77.95969,0,12.05151
2025,28.0,1.0,3.3983078,78.371475,0,12.233908
2025,28.0,1.25,3.4594355,79.946686,0,12.453967
2025,28.0,1.5,3.6307058,82.32708,0,13.07054
2025,28.0,1.75,3.678246,82.05527,0,13.241685
2025,28.0,2.0,3.6483073,79.83783,0,13.133906
2025,28.0,2.25,3.6817708,77.16544,0,13.2543745
2025,28.0,2.5,3.851201,76.671165,0,13.864324
2025,28.0,2.75,3.8327053,75.531845,0,13.797739
2025,28.0,3.0,3.7517188,74.597916,0,13.506187
2025,28.0,3.25,3.7621622,74.978836,0,13.543783
2025,28.0,3.5,3.774886,76.21154,0,13.589589
2025,28.0,3.75,3.7869856,75.55078,0,13.633148
2025,28.0,4.0,3.7193553,72.622635,0,13.389679
2025,28.0,4.25,3.6643698,71.3867,0,13.191731
2025,28.0,4.5,3.6059287,72.70123,0,12.981343
2025,28.0,4.75,3.5728548,75.214935,0,12.862277
2025,28.0,5.0,3.511506,75.82212,0,12.641421
2025,28.0,5.25,3.2401202,73.09863,0,11.664433
2025,28.0,5.5,3.0611324,71.94589,0,11.020077
2025,28.0,5.75,2.9215422,72.6216,0,10.517551
2025,28.0,6.0,2.863237,74.32382,0,10.307652
2025,28.0,6.25,2.819888,75.66522,0,10.151597
2025,28.0,6.5,2.805056,77.87357,0,10.098202
2025,28.0,6.75,2.754528,79.56839,0,9.916301
2025,28.0,7.0,2.686004,81.01602,0,9.669614
2025,28.0,7.25,2.5892553,82.43722,0,9.321319
2025,28.0,7.5,2.4826245,83.85719,0,8.9374485
2025,28.0,7.75,2.41068,86.314224,0,8.678448
2025,28.0,8.0,2.3718023,89.3483,0,8.538488
2025,28.0,8.25,2.3509364,96.12365,0,8.463371
2025,28.0,8.5,2.379314,75.232895,0,8.56553
2025,28.0,8.75,2.446306,79.38724,0,8.806702
2025,28.0,9.0,2.5130756,79.83191,0,9.047071
2025,28.0,9.25,2.543903,79.50388,0,9.158051
2025,28.0,9.5,2.5429125,79.4408,0,9.154485
2025,28.0,9.75,2.5212243,79.91687,0,9.076407
2025,28.0,10.0,2.4858358,81.92951,0,8.949009
2025,28.0,10.25,2.5256011,84.48554,0,9.092164
2025,28.0,10.5,2.5797467,86.539444,0,9.287088
2025,28.0,10.75,2.6189566,87.47571,0,9.428244
2025,28.0,11.0,2.6197026,87.642685,0,9.430929
2025,28.0,11.25,2.580733,87.33652,0,9.290639
2025,28.0,11.5,2.494317,88.506226,0,8.979541
2025,28.0,11.75,2.3660154,90.10968,0,8.517655
2025,28.0,12.0,2.2388475,92.518036,0,8.059851
2025,27.75,-9.0,2.8706896,255.22528,0,10.334482
2025,27.75,-8.75,2.6514747,256.5601,0,9.545309
2025,27.75,-8.5,2.4409652,257.16165,0,8.787475
2025,27.75,-8.25,2.2362106,258.02878,0,8.050358
2025,27.75,-8.0,2.022471,219.25613,0,7.280895
2025,27.75,-7.75,1.8269329,182.49477,0,6.576958
2025,27.75,-7.5,1.7638171,186.42447,0,6.3497415
2025,27.75,-7.25,1.7273968,188.27293,0,6.2186284
2025,27.75,-7.0,1.7197609,190.43318,0,6.191139
2025,27.75,-6.75,1.7157258,193.39784,0,6.176613
2025,27.75,-6.5,1.7192252,118.62842,0,6.1892104
2025,27.75,-6.25,1.7433324,123.99451,0,6.275996
2025,27.75,-6.0,1.7984494,125.40864,0,6.4744177
2025,27.75,-5.75,1.8375511,124.996124,0,6.615184
2025,27.75,-5.5,1.8713899,124.27602,0,6.7370033
2025,27.75,-5.25,1.9256982,123.72286,0,6.932513
2025,27.75,-5.0,2.0072107,123.53632,0,7.2259583
2025,27.75,-4.75,2.0926456,123.631836,0,7.533524
2025,27.75,-4.5,2.1743097,124.14114,0,7.8275146
2025,27.75,-4.25,2.25652,124.975044,0,8.123472
2025,27.75,-4.0,2.3317666,125.60216,0,8.39436
2025,27.75,-3.75,2.3863766,125.7151,0,8.590956
2025,27.75,-3.5,2.420905,125.28207,0,8.715259
2025,27.75,-3.25,2.446994,124.41992,0,8.809178
2025,27.75,-3.0,2.4721618,123.21506,0,8.899782
2025,27.75,-2.75,2.5387676,121.805695,0,9.139563
2025,27.75,-2.5,2.6117556,120.42587,0,9.40232
2025,27.75,-2.25,2.6867063,118.80539,0,9.672142
2025,27.75,-2.0,2.7588227,116.92369,0,9.931762
2025,27.75,-1.75,2.8080077,114.57849,0,10.108828
2025,27.75,-1.5,2.7995977,111.334625,0,10.078551
2025,27.75,-1.25,2.8061054,108.33834,0,10.101979
2025,27.75,-1.0,2.8174715,106.53014,0,10.142898
2025,27.75,-0.75,2.8542383,107.008415,0,10.275257
2025,27.75,-0.5,2.9096615,109.31499,0,10.474781
2025,27.75,-0.25,3.0376108,72.01189,0,10.935398
2025,27.75,0.0,3.1670167,74.891396,0,11.40126
2025,27.75,0.25,3.177043,76.707016,0,11.437354
2025,27.75,0.5,3.241701,77.34001,0,11.670123
2025,27.75,0.75,3.3181338,78.184235,0,11.945281
2025,27.75,1.0,3.3905005,79.10829,0,12.205802
2025,27.75,1.25,3.4856296,80.482056,0,12.548266
2025,27.75,1.5,3.6551845,82.367195,0,13.158664
2025,27.75,1.75,3.6620264,80.1029,0,13.183294
2025,27.75,2.0,3.6130638,77.068085,0,13.00703
2025,27.75,2.25,3.6896832,76.0311,0,13.282859
2025,27.75,2.5,3.8571641,76.92672,0,13.885791
2025,27.75,2.75,3.9313486,77.51945,0,14.152855
2025,27.75,3.0,3.85209,77.60369,0,13.867523
2025,27.75,3.25,4.0144024,80.144806,0,14.451848
2025,27.75,3.5,4.1759915,79.69946,0,15.033569
2025,27.75,3.75,4.16852,77.25718,0,15.006672
2025,27.75,4.0,4.03449,74.14601,0,14.524164
2025,27.75,4.25,3.8377962,72.62228,0,13.816066
2025,27.75,4.5,3.6979692,74.47165,0,13.312689
2025,27.75,4.75,3.6940994,76.519775,0,13.298758
2025,27.75,5.0,3.6186867,76.28889,0,13.027271
2025,27.75,5.25,3.398396,74.51742,0,12.234225
2025,27.75,5.5,3.1591442,73.502014,0,11.372919
2025,27.75,5.75,2.996198,74.25776,0,10.786312
2025,27.75,6.0,2.9124658,75.37192,0,10.484877
2025,27.75,6.25,2.815171,77.10894,0,10.134615
2025,27.75,6.5,2.7594898,79.96083,0,9.934163
2025,27.75,6.75,2.7235887,82.207344,0,9.804919
2025,27.75,7.0,2.6767893,84.04879,0,9.636441
2025,27.75,7.25,2.59014,85.717865,0,9.324504
2025,27.75,7.5,2.5105314,88.049255,0,9.037913
2025,27.75,7.75,2.4868622,90.93289,0,8.952703
2025,27.75,8.0,2.414483,94.70582,0,8.692139
2025,27.75,8.25,2.407412,100.95377,0,8.666683
2025,27.75,8.5,2.443881,68.38909,0,8.797972
2025,27.75,8.75,2.4929469,73.75426,0,8.974608
2025,27.75,9.0,2.494033,75.644966,0,8.9785185
2025,27.75,9.25,2.5082073,77.5025,0,9.029546
2025,27.75,9.5,2.569088,78.88468,0,9.248716
2025,27.75,9.75,2.5649745,80.728325,0,9.233908
2025,27.75,10.0,2.5317469,83.119125,0,9.114288
2025,27.75,10.25,2.527864,85.635735,0,9.10031
2025,27.75,10.5,2.6056583,87.76712,0,9.380369
2025,27.75,10.75,2.6481314,88.067406,0,9.533273
2025,27.75,11.0,2.640335,88.20493,0,9.505206
2025,27.75,11.25,2.613258,88.83731,0,9.407728
2025,27.75,11.5,2.5626576,90.26515,0,9.225567
2025,27.75,11.75,2.4794083,92.084404,0,8.92587
2025,27.75,12.0,2.355075,93.76878,0,8.47827
2025,27.5,-9.0,2.9454489,260.08102,0,10.603616
2025,27.5,-8.75,2.7319746,260.73642,0,9.835109
2025,27.5,-8.5,2.5255883,261.05316,0,9.092117
2025,27.5,-8.25,2.3148162,261.49106,0,8.333338
2025,27.5,-8.0,2.090078,182.89499,0,7.524281
2025,27.5,-7.75,1.9574882,186.34225,0,7.0469575
2025,27.5,-7.5,1.9016683,189.12689,0,6.846006
2025,27.5,-7.25,1.8663148,190.04353,0,6.718733
2025,27.5,-7.0,1.8531045,191.54855,0,6.671176
2025,27.5,-6.75,1.8559543,194.67516,0,6.681435
2025,27.5,-6.5,1.8325547,119.053925,0,6.5971966
2025,27.5,-6.25,1.8384253,122.91441,0,6.618331
2025,27.5,-6.0,1.8680646,124.838326,0,6.7250323
2025,27.5,-5.75,1.8826423,124.809845,0,6.777512
2025,27.5,-5.5,1.9101062,124.39993,0,6.876382
2025,27.5,-5.25,1.9556432,124.753525,0,7.040315
2025,27.5,-5.0,2.0238423,124.922104,0,7.2858324
2025,27.5,-4.75,2.1088226,125.748276,0,7.591761
2025,27.5,-4.5,2.2056713,126.39296,0,7.9404163
2025,27.5,-4.25,2.3099704,127.291435,0,8.315893
2025,27.5,-4.0,2.392335,128.16374,0,8.612406
2025,27.5,-3.75,2.4368324,128.25938,0,8.772596
2025,27.5,-3.5,2.427175,126.737686,0,8.73783
2025,27.5,-3.25,2.4389157,125.21219,0,8.780096
2025,27.5,-3.0,2.446571,123.221436,0,8.807655
2025,27.5,-2.75,2.5074146,121.15206,0,9.026692
2025,27.5,-2.5,2.5931468,119.59305,0,9.335328
2025,27.5,-2.25,2.6922789,118.220375,0,9.6922035
2025,27.5,-2.0,2.779772,116.393745,0,10.007179
2025,27.5,-1.75,2.8504763,114.06478,0,10.261714
2025,27.5,-1.5,2.8465211,110.85613,0,10.247476
2025,27.5,-1.25,2.8375401,108.02513,0,10.215144
2025,27.5,-1.0,2.7857478,105.541985,0,10.028691
2025,27.5,-0.75,2.7956572,105.99141,0,10.064365
2025,27.5,-0.5,2.8375347,109.29726,0,10.215124
2025,27.5,-0.25,2.9801412,72.94943,0,10.728508
2025,27.5,0.0,3.2024617,76.09083,0,11.528862
2025,27.5,0.25,3.2039554,77.39361,0,11.534239
2025,27.5,0.5,3.23409,77.95346,0,11.642724
2025,27.5,0.75,3.2928698,78.878204,0,11.854331
2025,27.5,1.0,3.3725832,79.97481,0,12.141299
2025,27.5,1.25,3.5359921,81.18114,0,12.729571
2025,27.5,1.5,3.7079859,82.2401,0,13.348749
2025,27.5,1.75,3.7508419,79.015915,0,13.503031
2025,27.5,2.0,3.7395892,75.92208,0,13.462521
2025,27.5,2.25,3.8196764,75.55193,0,13.750834
2025,27.5,2.5,3.9450145,77.08566,0,14.202052
2025,27.5,2.75,4.037973,78.28715,0,14.536702
2025,27.5,3.0,4.001439,78.47222,0,14.40518
2025,27.5,3.25,4.193841,80.65551,0,15.097827
2025,27.5,3.5,4.352406,80.63738,0,15.668661
2025,27.5,3.75,4.357816,78.56792,0,15.688138
2025,27.5,4.0,4.2001677,75.41537,0,15.120604
2025,27.5,4.25,4.02145,75.25633,0,14.47722
2025,27.5,4.5,3.8480687,76.483925,0,13.853047
2025,27.5,4.75,3.7642093,77.954865,0,13.551153
2025,27.5,5.0,3.6347876,78.20375,0,13.085235
2025,27.5,5.25,3.4430838,77.054375,0,12.395102
2025,27.5,5.5,3.250107,76.13602,0,11.700385
2025,27.5,5.75,3.0762415,76.24729,0,11.074469
2025,27.5,6.0,2.8766937,76.08678,0,10.356097
2025,27.5,6.25,2.7397008,77.992294,0,9.862923
2025,27.5,6.5,2.6456535,81.18277,0,9.524352
2025,27.5,6.75,2.5143921,84.23657,0,9.051811
2025,27.5,7.0,2.4535992,86.653946,0,8.832957
2025,27.5,7.25,2.4938126,88.98584,0,8.977725
2025,27.5,7.5,2.4504135,90.92212,0,8.821488
2025,27.5,7.75,2.4315727,93.351456,0,8.753661
2025,27.5,8.0,2.4374552,96.69943,0,8.774838
2025,27.5,8.25,2.4236424,101.566284,0,8.725112
2025,27.5,8.5,2.4795823,66.6792,0,8.9264965
2025,27.5,8.75,2.526493,70.62863,0,9.095375
2025,27.5,9.0,2.4782245,72.41366,0,8.921608
2025,27.5,9.25,2.4313402,77.25258,0,8.752825
2025,27.5,9.5,2.4944782,80.451065,0,8.980122
2025,27.5,9.75,2.49963,82.46473,0,8.998668
2025,27.5,10.0,2.4661098,84.99219,0,8.877995
2025,27.5,10.25,2.4663396,87.11871,0,8.878822
2025,27.5,10.5,2.5827608,90.009926,0,9.297938
2025,27.5,10.75,2.6122193,91.27725,0,9.40399
2025,27.5,11.0,2.6101885,92.52208,0,9.396678
2025,27.5,11.25,2.5983267,93.35507,0,9.353976
2025,27.5,11.5,2.598689,93.95478,0,9.355281
2025,27.5,11.75,2.540419,95.14618,0,9.145509
2025,27.5,12.0,2.4540515,96.43004,0,8.834585
2025,27.25,-9.0,2.976958,264.10184,0,10.717049
2025,27.25,-8.75,2.7879686,264.80872,0,10.036687
2025,27.25,-8.5,2.6048024,264.9055,0,9.377288
2025,27.25,-8.25,2.393155,225.50883,0,8.615358
2025,27.25,-8.0,2.2695656,186.51155,0,8.170436
2025,27.25,-7.75,2.1499546,189.35555,0,7.739836
2025,27.25,-7.5,2.083997,190.84052,0,7.502389
2025,27.25,-7.25,2.0055683,190.71614,0,7.2200456
2025,27.25,-7.0,1.9684309,192.4441,0,7.086351
2025,27.25,-6.75,1.8925662,195.64752,0,6.813238
2025,27.25,-6.5,1.8603537,119.71662,0,6.6972733
2025,27.25,-6.25,1.8985343,123.88395,0,6.8347235
2025,27.25,-6.0,1.9302322,125.78948,0,6.948836
2025,27.25,-5.75,1.9457071,125.76275,0,7.004545
2025,27.25,-5.5,1.9650569,126.05434,0,7.0742044
2025,27.25,-5.25,2.0069826,126.56741,0,7.225137
2025,27.25,-5.0,2.08664,127.72632,0,7.5119033
2025,27.25,-4.75,2.1762474,128.66972,0,7.8344903
2025,27.25,-4.5,2.2852569,129.39842,0,8.226925
2025,27.25,-4.25,2.3981907,129.84209,0,8.633487
2025,27.25,-4.0,2.4846342,130.3381,0,8.944683
2025,27.25,-3.75,2.4931927,129.08304,0,8.975493
2025,27.25,-3.5,2.4952154,127.36122,0,8.982776
2025,27.25,-3.25,2.479573,124.489044,0,8.926462
2025,27.25,-3.0,2.485377,121.98617,0,8.947357
2025,27.25,-2.75,2.5312736,119.76226,0,9.112585
2025,27.25,-2.5,2.603359,118.331085,0,9.372092
2025,27.25,-2.25,2.710085,117.08754,0,9.756306
2025,27.25,-2.0,2.8075848,115.77316,0,10.107305
2025,27.25,-1.75,2.8808842,113.577705,0,10.371182
2025,27.25,-1.5,2.8704846,110.63841,0,10.333744
2025,27.25,-1.25,2.8409889,108.23056,0,10.22756
2025,27.25,-1.0,2.787765,105.78309,0,10.0359535
2025,27.25,-0.75,2.691291,104.78238,0,9.688647
2025,27.25,-0.5,2.725127,108.19409,0,9.810457
2025,27.25,-0.25,2.865938,73.60957,0,10.317376
2025,27.25,0.0,3.173313,76.824356,0,11.423926
2025,27.25,0.25,3.2330987,77.8607,0,11.639155
2025,27.25,0.5,3.254137,78.264626,0,11.714893
2025,27.25,0.75,3.3138225,79.24105,0,11.929761
2025,27.25,1.0,3.4697328,80.31363,0,12.491037
2025,27.25,1.25,3.6518278,81.62994,0,13.14658
2025,27.25,1.5,3.837161,81.32905,0,13.81378
2025,27.25,1.75,3.8978815,78.11013,0,14.032373
2025,27.25,2.0,3.8937857,75.87019,0,14.017629
2025,27.25,2.25,3.9436831,76.620316,0,14.197259
2025,27.25,2.5,4.0662937,77.895805,0,14.638657
2025,27.25,2.75,4.1468,78.55847,0,14.92848
2025,27.25,3.0,4.1468797,78.44121,0,14.928766
2025,27.25,3.25,4.271248,79.44476,0,15.376492
2025,27.25,3.5,4.261995,78.442314,0,15.343181
2025,27.25,3.75,4.2817483,76.4651,0,15.414293
2025,27.25,4.0,4.3441663,76.49998,0,15.638998
2025,27.25,4.25,4.188281,76.73223,0,15.077811
2025,27.25,4.5,3.9746459,77.255905,0,14.308724
2025,27.25,4.75,3.8109136,78.81296,0,13.719289
2025,27.25,5.0,3.6531236,79.49301,0,13.151245
2025,27.25,5.25,3.3571997,79.81355,0,12.085918
2025,27.25,5.5,3.1528008,79.19314,0,11.350082
2025,27.25,5.75,2.8601665,78.01731,0,10.296599
2025,27.25,6.0,2.5851693,76.70805,0,9.306609
2025,27.25,6.25,2.5164506,78.1951,0,9.059222
2025,27.25,6.5,2.4350123,80.05721,0,8.766045
2025,27.25,6.75,2.2854679,83.593834,0,8.227684
2025,27.25,7.0,2.0921936,86.67252,0,7.5318966
2025,27.25,7.25,2.173505,89.33597,0,7.824618
2025,27.25,7.5,2.3144433,91.2941,0,8.331996
2025,27.25,7.75,2.3113885,93.14139,0,8.320998
2025,27.25,8.0,2.3220596,96.34493,0,8.359414
2025,27.25,8.25,2.3709714,100.38981,0,8.535497
2025,27.25,8.5,2.4245558,104.95839,0,8.7284
2025,27.25,8.75,2.4924066,68.477936,0,8.972664
2025,27.25,9.0,2.455566,70.39094,0,8.840037
2025,27.25,9.25,2.388048,76.44531,0,8.596972
2025,27.25,9.5,2.3947325,81.661835,0,8.621037
2025,27.25,9.75,2.3989022,84.77757,0,8.636047
2025,27.25,10.0,2.3439417,88.528404,0,8.4381895
2025,27.25,10.25,2.3524065,91.56357,0,8.468663
2025,27.25,10.5,2.5189567,94.659386,0,9.068244
2025,27.25,10.75,2.540686,95.90804,0,9.146469
2025,27.25,11.0,2.5476813,96.88907,0,9.171653
2025,27.25,11.25,2.5903418,97.08845,0,9.325231
2025,27.25,11.5,2.5939817,97.63084,0,9.338334
2025,27.25,11.75,2.5616252,97.076904,0,9.22185
2025,27.25,12.0,2.4981718,97.510956,0,8.993419
2025,27.0,-9.0,2.9336596,267.4032,0,10.561174
2025,27.0,-8.75,2.7922447,268.7618,0,10.05208
2025,27.0,-8.5,2.6136293,188.92705,0,9.409065
2025,27.0,-8.25,2.4579146,188.162,0,8.848493
2025,27.0,-8.0,2.335431,189.28796,0,8.407552
2025,27.0,-7.75,2.2356205,191.16837,0,8.048234
2025,27.0,-7.5,2.1740804,192.41971,0,7.8266892
2025,27.0,-7.25,2.0680082,191.8187,0,7.4448295
2025,27.0,-7.0,1.9502234,192.75568,0,7.0208044
2025,27.0,-6.75,1.8766562,196.1767,0,6.755962
2025,27.0,-6.5,1.8802327,120.79948,0,6.7688375
2025,27.0,-6.25,1.9280082,125.11771,0,6.9408293
2025,27.0,-6.0,1.9634838,126.86925,0,7.0685415
2025,27.0,-5.75,1.9973634,127.01929,0,7.1905084
2025,27.0,-5.5,2.0212286,127.491646,0,7.2764225
2025,27.0,-5.25,2.0870433,128.94888,0,7.5133557
2025,27.0,-5.0,2.1669502,130.10387,0,7.8010206
2025,27.0,-4.75,2.2750583,131.17082,0,8.190209
2025,27.0,-4.5,2.385559,131.94916,0,8.588013
2025,27.0,-4.25,2.4874666,131.59637,0,8.95488
2025,27.0,-4.0,2.569024,130.14,0,9.2484865
2025,27.0,-3.75,2.5957165,128.40936,0,9.344579
2025,27.0,-3.5,2.5794284,125.98155,0,9.285942
2025,27.0,-3.25,2.5755465,122.91352,0,9.271967
2025,27.0,-3.0,2.5773506,120.11806,0,9.278462
2025,27.0,-2.75,2.567351,117.8434,0,9.242464
2025,27.0,-2.5,2.6433659,116.54869,0,9.516117
2025,27.0,-2.25,2.7289743,116.162926,0,9.824307
2025,27.0,-2.0,2.8319645,114.95743,0,10.195072
2025,27.0,-1.75,2.8747473,113.203804,0,10.34909
2025,27.0,-1.5,2.8607433,110.47386,0,10.298676
2025,27.0,-1.25,2.834086,108.419655,0,10.202709
2025,27.0,-1.0,2.7913194,106.71744,0,10.04875
2025,27.0,-0.75,2.693863,105.76556,0,9.6979065
2025,27.0,-0.5,2.5935807,106.810394,0,9.33689
2025,27.0,-0.25,2.7005951,72.4967,0,9.722142
2025,27.0,0.0,3.043931,77.76053,0,10.958151
2025,27.0,0.25,3.2585196,79.08074,0,11.73067
2025,27.0,0.5,3.2951043,79.10655,0,11.862375
2025,27.0,0.75,3.4115324,78.98954,0,12.281516
2025,27.0,1.0,3.5715747,80.54819,0,12.857669
2025,27.0,1.25,3.791735,81.34122,0,13.650246
2025,27.0,1.5,3.9855032,80.15929,0,14.347811
2025,27.0,1.75,4.029421,77.52719,0,14.505915
2025,27.0,2.0,3.990515,77.33707,0,14.365853
2025,27.0,2.25,4.038515,78.67697,0,14.538654
2025,27.0,2.5,4.114127,79.37568,0,14.810858
2025,27.0,2.75,4.179257,79.49063,0,15.045324
2025,27.0,3.0,4.201281,79.02279,0,15.124612
2025,27.0,3.25,4.11407,77.5434,0,14.810652
2025,27.0,3.5,4.0529127,76.06286,0,14.590486
2025,27.0,3.75,4.1536922,76.21788,0,14.953292
2025,27.0,4.0,4.216251,76.17441,0,15.178503
2025,27.0,4.25,4.2207355,76.275116,0,15.194648
2025,27.0,4.5,3.9837368,76.28139,0,14.341452
2025,27.0,4.75,3.7459743,78.535675,0,13.485507
2025,27.0,5.0,3.3771281,80.56569,0,12.1576605
2025,27.0,5.25,3.079057,81.202515,0,11.084605
2025,27.0,5.5,2.7308629,81.29728,0,9.831106
2025,27.0,5.75,2.4305754,80.51274,0,8.750072
2025,27.0,6.0,2.1264415,76.838936,0,7.655189
2025,27.0,6.25,2.1438284,75.8202,0,7.717782
2025,27.0,6.5,2.0804033,78.06198,0,7.489452
2025,27.0,6.75,1.8720112,79.78627,0,6.73924
2025,27.0,7.0,1.6712965,82.796005,0,6.0166674
2025,27.0,7.25,1.8065705,85.61261,0,6.5036535
2025,27.0,7.5,2.0381815,88.46383,0,7.3374534
2025,27.0,7.75,2.1037698,90.64427,0,7.573571
2025,27.0,8.0,2.1990418,93.46437,0,7.9165506
2025,27.0,8.25,2.2424166,97.48693,0,8.0727
2025,27.0,8.5,2.2889311,102.458145,0,8.240151
2025,27.0,8.75,2.3502054,105.9296,0,8.460739
2025,27.0,9.0,2.3429387,109.14047,0,8.434579
2025,27.0,9.25,2.3201275,114.30992,0,8.352459
2025,27.0,9.5,2.3152494,116.443634,0,8.334898
2025,27.0,9.75,2.2714343,118.68907,0,8.177163
2025,27.0,10.0,2.2207122,95.47009,0,7.9945636
2025,27.0,10.25,2.262732,97.92223,0,8.145835
2025,27.0,10.5,2.4211917,99.44992,0,8.7162895
2025,27.0,10.75,2.4456153,99.855865,0,8.8042145
2025,27.0,11.0,2.4841459,99.3983,0,8.9429245
2025,27.0,11.25,2.527353,99.497765,0,9.098471
2025,27.0,11.5,2.5459414,97.76386,0,9.165389
2025,27.0,11.75,2.5171132,96.84176,0,9.061607
2025,27.0,12.0,2.4907901,96.802704,0,8.966845
2025,26.75,-9.0,2.8446226,270.53894,0,10.240642
2025,26.75,-8.75,2.7349036,192.15434,0,9.845653
2025,26.75,-8.5,2.5845013,191.99208,0,9.304204
2025,26.75,-8.25,2.425747,191.2524,0,8.732689
2025,26.75,-8.0,2.2741895,190.80203,0,8.187082
2025,26.75,-7.75,2.1645415,192.61171,0,7.7923493
2025,26.75,-7.5,2.1480684,193.77602,0,7.733046
2025,26.75,-7.25,2.07384,193.40077,0,7.4658237
2025,26.75,-7.0,1.958689,194.05399,0,7.05128
2025,26.75,-6.75,1.910741,156.96307,0,6.8786674
2025,26.75,-6.5,1.9167854,121.60147,0,6.9004273
2025,26.75,-6.25,1.9575208,125.96209,0,7.047075
2025,26.75,-6.0,1.978738,127.573784,0,7.1234565
2025,26.75,-5.75,2.017504,128.19171,0,7.2630143
2025,26.75,-5.5,2.0926929,129.95288,0,7.5336943
2025,26.75,-5.25,2.159013,131.25304,0,7.7724466
2025,26.75,-5.0,2.2409787,132.45139,0,8.067523
2025,26.75,-4.75,2.3540313,133.51765,0,8.474512
2025,26.75,-4.5,2.4678671,133.22244,0,8.884321
2025,26.75,-4.25,2.5556715,130.63943,0,9.200417
2025,26.75,-4.0,2.6507895,128.30623,0,9.542842
2025,26.75,-3.75,2.6836836,125.933624,0,9.661261
2025,26.75,-3.5,2.6833282,123.31391,0,9.659981
2025,26.75,-3.25,2.6849813,120.791245,0,9.665933
2025,26.75,-3.0,2.6939013,118.156044,0,9.698045
2025,26.75,-2.75,2.6549754,115.888336,0,9.557911
2025,26.75,-2.5,2.6670218,114.73874,0,9.601278
2025,26.75,-2.25,2.7552664,114.52699,0,9.918959
2025,26.75,-2.0,2.828743,114.21026,0,10.183475
2025,26.75,-1.75,2.8633986,112.44561,0,10.308234
2025,26.75,-1.5,2.8496628,110.39401,0,10.258786
2025,26.75,-1.25,2.8271642,108.882935,0,10.177791
2025,26.75,-1.0,2.7901192,107.414635,0,10.044429
2025,26.75,-0.75,2.7229605,106.59427,0,9.802657
2025,26.75,-0.5,2.62114,107.486786,0,9.436104
2025,26.75,-0.25,2.584018,70.58224,0,9.3024645
2025,26.75,0.0,2.849343,76.66589,0,10.257635
2025,26.75,0.25,3.1303034,79.4227,0,11.269092
2025,26.75,0.5,3.297843,79.606285,0,11.872234
2025,26.75,0.75,3.4182806,79.22709,0,12.30581
2025,26.75,1.0,3.6127875,79.352585,0,13.006035
2025,26.75,1.25,3.8462415,79.92774,0,13.846469
2025,26.75,1.5,4.020737,79.307846,0,14.474653
2025,26.75,1.75,4.0319505,78.25591,0,14.515021
2025,26.75,2.0,3.990145,78.823135,0,14.364522
2025,26.75,2.25,4.022016,79.62509,0,14.479258
2025,26.75,2.5,4.093557,80.217575,0,14.736804
2025,26.75,2.75,4.081561,80.02699,0,14.69362
2025,26.75,3.0,4.079228,79.81989,0,14.68522
2025,26.75,3.25,3.8599904,75.218666,0,13.895965
2025,26.75,3.5,3.5467348,74.65852,0,12.768245
2025,26.75,3.75,3.667767,75.077126,0,13.203961
2025,26.75,4.0,3.9193013,75.14453,0,14.109485
2025,26.75,4.25,3.9940693,74.309906,0,14.37865
2025,26.75,4.5,3.7111545,73.75467,0,13.360156
2025,26.75,4.75,3.2678666,78.68663,0,11.764319
2025,26.75,5.0,2.8411975,81.23827,0,10.228311
2025,26.75,5.25,2.4784489,80.28453,0,8.922416
2025,26.75,5.5,2.1167703,80.558105,0,7.620373
2025,26.75,5.75,2.0202084,81.89265,0,7.27275
2025,26.75,6.0,1.7453588,75.99352,0,6.283292
2025,26.75,6.25,1.705545,70.77352,0,6.1399617
2025,26.75,6.5,1.7449869,73.4625,0,6.281953
2025,26.75,6.75,1.5353234,74.46201,0,5.527164
2025,26.75,7.0,1.4276434,75.9145,0,5.1395164
2025,26.75,7.25,1.5142112,78.35674,0,5.45116
2025,26.75,7.5,1.635623,81.5556,0,5.8882427
2025,26.75,7.75,1.8160875,85.63093,0,6.5379148
2025,26.75,8.0,1.9249666,89.12622,0,6.9298797
2025,26.75,8.25,2.0249739,93.53692,0,7.2899055
2025,26.75,8.5,2.0710204,99.02019,0,7.455673
2025,26.75,8.75,2.1219122,104.90017,0,7.638884
2025,26.75,9.0,2.1403966,108.895515,0,7.7054276
2025,26.75,9.25,2.1657019,111.8167,0,7.7965264
2025,26.75,9.5,2.1643026,113.08051,0,7.791489
2025,26.75,9.75,2.1294508,112.38907,0,7.666023
2025,26.75,10.0,2.1467466,105.76669,0,7.7282877
2025,26.75,10.25,2.1990519,102.357765,0,7.9165864
2025,26.75,10.5,2.3100646,101.78939,0,8.316232
2025,26.75,10.75,2.342946,101.34848,0,8.434606
2025,26.75,11.0,2.3917692,100.49003,0,8.610369
2025,26.75,11.25,2.4094007,97.93006,0,8.673842
2025,26.75,11.5,2.428192,95.88009,0,8.74149
2025,26.75,11.75,2.4210885,96.37699,0,8.715919
2025,26.75,12.0,2.4106894,97.817665,0,8.678481
2025,26.5,-9.0,2.874936,193.89276,0,10.34977
2025,26.5,-8.75,2.748056,194.85226,0,9.893002
2025,26.5,-8.5,2.59152,194.87054,0,9.329472
2025,26.5,-8.25,2.4284022,194.87335,0,8.742248
2025,26.5,-8.0,2.2778919,194.56781,0,8.200411
2025,26.5,-7.75,2.1476994,194.05688,0,7.7317176
2025,26.5,-7.5,2.128784,194.33519,0,7.663622
2025,26.5,-7.25,2.072865,194.74432,0,7.4623137
2025,26.5,-7.0,2.0099938,196.0513,0,7.2359776
2025,26.5,-6.75,1.9617075,119.053154,0,7.0621467
2025,26.5,-6.5,1.9652604,122.81974,0,7.0749373
2025,26.5,-6.25,2.0020802,126.51346,0,7.2074885
2025,26.5,-6.0,2.006717,128.17343,0,7.2241807
2025,26.5,-5.75,2.044382,130.1532,0,7.3597755
2025,26.5,-5.5,2.1336012,132.24268,0,7.680964
2025,26.5,-5.25,2.2249084,133.98581,0,8.00967
2025,26.5,-5.0,2.3115714,135.26595,0,8.321656
2025,26.5,-4.75,2.392348,135.11536,0,8.6124525
2025,26.5,-4.5,2.5000148,132.78564,0,9.000053
2025,26.5,-4.25,2.6014018,128.10793,0,9.3650465
2025,26.5,-4.0,2.7155647,125.46411,0,9.776032
2025,26.5,-3.75,2.760537,123.123344,0,9.937933
2025,26.5,-3.5,2.768315,120.83903,0,9.965934
2025,26.5,-3.25,2.7825325,118.591484,0,10.017117
2025,26.5,-3.0,2.7979946,116.49295,0,10.072781
2025,26.5,-2.75,2.755168,114.32486,0,9.918605
2025,26.5,-2.5,2.7452977,113.288414,0,9.883071
2025,26.5,-2.25,2.768904,113.20311,0,9.968054
2025,26.5,-2.0,2.8362336,112.99107,0,10.210441
2025,26.5,-1.75,2.8847013,112.06808,0,10.384924
2025,26.5,-1.5,2.8716645,110.61641,0,10.337992
2025,26.5,-1.25,2.8349018,109.0734,0,10.2056465
2025,26.5,-1.0,2.8014455,108.10848,0,10.085203
2025,26.5,-0.75,2.7493324,107.44831,0,9.897596
2025,26.5,-0.5,2.6955028,107.830536,0,9.70381
2025,26.5,-0.25,2.637838,69.9463,0,9.496216
2025,26.5,0.0,2.723803,73.38606,0,9.805691
2025,26.5,0.25,2.9016614,76.33373,0,10.445981
2025,26.5,0.5,3.087836,77.38918,0,11.116209
2025,26.5,0.75,3.2288694,77.0267,0,11.62393
2025,26.5,1.0,3.4452894,76.911606,0,12.403042
2025,26.5,1.25,3.6717634,77.6645,0,13.218348
2025,26.5,1.5,3.8256488,78.23831,0,13.772335
2025,26.5,1.75,3.8564181,78.66938,0,13.883105
2025,26.5,2.0,3.8301532,79.74833,0,13.788551
2025,26.5,2.25,3.8563585,80.45567,0,13.882891
2025,26.5,2.5,3.8885756,80.82129,0,13.998872
2025,26.5,2.75,3.8632605,80.9224,0,13.907738
2025,26.5,3.0,3.7835858,82.48068,0,13.620909
2025,26.5,3.25,3.5484703,66.197495,0,12.774492
2025,26.5,3.5,3.187215,71.32984,0,11.473974
2025,26.5,3.75,3.093213,73.939545,0,11.135567
2025,26.5,4.0,3.321072,75.72426,0,11.955859
2025,26.5,4.25,3.32903,69.72051,0,11.984508
2025,26.5,4.5,3.0050733,73.42003,0,10.818264
2025,26.5,4.75,2.464375,80.68221,0,8.87175
2025,26.5,5.0,2.1132631,81.60296,0,7.607747
2025,26.5,5.25,1.7984976,79.65141,0,6.4745913
2025,26.5,5.5,1.7799238,79.26674,0,6.4077253
2025,26.5,5.75,1.8037641,81.88185,0,6.493551
2025,26.5,6.0,1.609289,74.68419,0,5.7934403
2025,26.5,6.25,1.3485191,99.396034,0,4.8546686
2025,26.5,6.5,1.4104505,64.61094,0,5.0776215
2025,26.5,6.75,1.4001985,69.520905,0,5.0407143
2025,26.5,7.0,1.3740525,72.64033,0,4.946589
2025,26.5,7.25,1.3689548,74.10424,0,4.928237
2025,26.5,7.5,1.3240547,75.524025,0,4.766597
2025,26.5,7.75,1.4730496,79.98317,0,5.3029785
2025,26.5,8.0,1.5372801,84.28043,0,5.5342083
2025,26.5,8.25,1.6509042,91.29581,0,5.943255
2025,26.5,8.5,1.7487899,99.03582,0,6.2956433
2025,26.5,8.75,1.8361601,106.80846,0,6.610176
2025,26.5,9.0,1.899765,111.778534,0,6.839154
2025,26.5,9.25,1.893308,113.90602,0,6.815909
2025,26.5,9.5,1.9026018,114.61244,0,6.8493667
2025,26.5,9.75,2.0067368,114.15472,0,7.224252
2025,26.5,10.0,2.040639,111.15869,0,7.3463
2025,26.5,10.25,2.1008778,104.25536,0,7.56316
2025,26.5,10.5,2.2215588,101.798,0,7.9976115
2025,26.5,10.75,2.2504268,101.15743,0,8.101536
2025,26.5,11.0,2.2739763,99.62424,0,8.186315
2025,26.5,11.25,2.2886014,96.53331,0,8.238965
2025,26.5,11.5,2.2679043,96.63257,0,8.164455
2025,26.5,11.75,2.2621574,98.17498,0,8.143766
2025,26.5,12.0,2.2360995,103.89444,0,8.049958
2025,26.25,-9.0,3.0310838,196.89175,0,10.911901
2025,26.25,-8.75,2.854459,157.85388,0,10.276052
2025,26.25,-8.5,2.6727645,158.80394,0,9.621952
2025,26.25,-8.25,2.5050662,159.14182,0,9.018238
2025,26.25,-8.0,2.3738196,158.64293,0,8.545751
2025,26.25,-7.75,2.2492714,157.5329,0,8.097377
2025,26.25,-7.5,2.1329374,156.95905,0,7.6785746
2025,26.25,-7.25,2.032146,117.65784,0,7.3157253
2025,26.25,-7.0,1.9835368,118.911026,0,7.1407323
2025,26.25,-6.75,1.9495049,121.17819,0,7.018217
2025,26.25,-6.5,1.9625372,124.377426,0,7.0651336
2025,26.25,-6.25,2.0211892,127.09586,0,7.276281
2025,26.25,-6.0,2.0396354,129.44221,0,7.342687
2025,26.25,-5.75,2.091855,132.72475,0,7.530678
2025,26.25,-5.5,2.1866152,135.51405,0,7.8718147
2025,26.25,-5.25,2.283356,137.26057,0,8.220081
2025,26.25,-5.0,2.3685732,137.83792,0,8.526863
2025,26.25,-4.75,2.4376192,137.36185,0,8.775429
2025,26.25,-4.5,2.4886794,131.35225,0,8.959246
2025,26.25,-4.25,2.6163776,124.81004,0,9.418959
2025,26.25,-4.0,2.7757359,122.563805,0,9.992649
2025,26.25,-3.75,2.8742085,120.637344,0,10.34715
2025,26.25,-3.5,2.890787,118.7905,0,10.406833
2025,26.25,-3.25,2.867829,117.26332,0,10.324184
2025,26.25,-3.0,2.8595185,115.32919,0,10.294267
2025,26.25,-2.75,2.8356123,113.38931,0,10.208204
2025,26.25,-2.5,2.8074665,112.525406,0,10.106879
2025,26.25,-2.25,2.8099623,112.48882,0,10.115864
2025,26.25,-2.0,2.8393466,112.57107,0,10.221647
2025,26.25,-1.75,2.8828447,72.31095,0,10.378241
2025,26.25,-1.5,2.8965318,111.484955,0,10.427514
2025,26.25,-1.25,2.8841372,109.79641,0,10.382894
2025,26.25,-1.0,2.845413,108.89794,0,10.243486
2025,26.25,-0.75,2.8079085,68.76796,0,10.108471
2025,26.25,-0.5,2.7746062,69.29553,0,9.988583
2025,26.25,-0.25,2.7637339,70.098175,0,9.949442
2025,26.25,0.0,2.8180034,71.25689,0,10.144812
2025,26.25,0.25,2.8851895,72.17268,0,10.3866825
2025,26.25,0.5,2.9352672,71.42311,0,10.566961
2025,26.25,0.75,3.0464146,70.95543,0,10.9670925
2025,26.25,1.0,3.19626,71.04084,0,11.506536
2025,26.25,1.25,3.3935082,72.35639,0,12.216629
2025,26.25,1.5,3.4991312,75.599655,0,12.596872
2025,26.25,1.75,3.5691195,79.28019,0,12.848829
2025,26.25,2.0,3.5460339,79.86825,0,12.765721
2025,26.25,2.25,3.5568454,79.52291,0,12.804644
2025,26.25,2.5,3.5779333,79.72339,0,12.88056
2025,26.25,2.75,3.5241203,81.05713,0,12.686832
2025,26.25,3.0,3.422152,46.76309,0,12.319747
2025,26.25,3.25,3.227747,59.94614,0,11.619888
2025,26.25,3.5,2.7328393,70.28165,0,9.838222
2025,26.25,3.75,2.5263498,71.180725,0,9.094859
2025,26.25,4.0,2.471337,68.60338,0,8.896813
2025,26.25,4.25,2.369928,65.21099,0,8.53174
2025,26.25,4.5,2.0563436,77.48374,0,7.402837
2025,26.25,4.75,1.7093402,86.548004,0,6.1536245
2025,26.25,5.0,1.4735432,85.05336,0,5.304755
2025,26.25,5.25,1.4399557,85.93277,0,5.1838403
2025,26.25,5.5,1.5227191,85.585106,0,5.4817886
2025,26.25,5.75,1.727733,82.624405,0,6.2198386
2025,26.25,6.0,1.7024425,74.253975,0,6.128793
2025,26.25,6.25,1.4324023,60.69922,0,5.156648
2025,26.25,6.5,1.3445868,55.637302,0,4.8405128
2025,26.25,6.75,1.2893164,62.547432,0,4.641539
2025,26.25,7.0,1.2466818,70.34963,0,4.4880543
2025,26.25,7.25,1.2781119,75.519135,0,4.601203
2025,26.25,7.5,1.3838353,80.53988,0,4.981807
2025,26.25,7.75,1.3992237,126.97537,0,5.037205
2025,26.25,8.0,1.3664565,133.91235,0,4.9192433
2025,26.25,8.25,1.4006133,138.32928,0,5.0422077
2025,26.25,8.5,1.502233,142.2302,0,5.4080386
2025,26.25,8.75,1.5670702,146.02985,0,5.641453
2025,26.25,9.0,1.6177566,150.41112,0,5.8239236
2025,26.25,9.25,1.4975429,112.87615,0,5.3911543
2025,26.25,9.5,1.639956,113.5,0,5.9038415
2025,26.25,9.75,1.8198,113.73192,0,6.55128
2025,26.25,10.0,1.9140074,112.42639,0,6.8904266
2025,26.25,10.25,1.9323133,106.93967,0,6.956328
2025,26.25,10.5,2.123582,101.702065,0,7.6448946
2025,26.25,10.75,2.143164,101.77593,0,7.7153897
2025,26.25,11.0,2.1575108,101.30757,0,7.7670383
2025,26.25,11.25,2.2048445,102.11217,0,7.93744
2025,26.25,11.5,2.186295,104.14377,0,7.8706617
2025,26.25,11.75,2.1112304,107.34478,0,7.600429
2025,26.25,12.0,2.0837617,111.437675,0,7.501542
2025,26.0,-9.0,3.0532072,159.91728,0,10.991546
2025,26.0,-8.75,2.8539057,161.43205,0,10.27406
2025,26.0,-8.5,2.6974154,162.62263,0,9.710695
2025,26.0,-8.25,2.5677261,123.17864,0,9.2438135
2025,26.0,-8.0,2.4734888,122.866974,0,8.904559
2025,26.0,-7.75,2.3903909,121.902016,0,8.605407
2025,26.0,-7.5,2.2215843,121.09982,0,7.9977036
2025,26.0,-7.25,2.082521,121.577934,0,7.497075
2025,26.0,-7.0,2.007267,122.45079,0,7.226161
2025,26.0,-6.75,1.9674214,123.88808,0,7.082717
2025,26.0,-6.5,1.9719988,125.86365,0,7.0991955
2025,26.0,-6.25,2.0180495,128.30916,0,7.264978
2025,26.0,-6.0,2.0570233,131.97821,0,7.4052835
2025,26.0,-5.75,2.1609707,136.28307,0,7.7794943
2025,26.0,-5.5,2.2621598,139.23862,0,8.143775
2025,26.0,-5.25,2.3565292,140.70001,0,8.483505
2025,26.0,-5.0,2.43594,141.26166,0,8.769383
2025,26.0,-4.75,2.4901369,141.66042,0,8.964493
2025,26.0,-4.5,2.5166845,122.77824,0,9.060064
2025,26.0,-4.25,2.6330795,121.10908,0,9.479086
2025,26.0,-4.0,2.8099487,120.18651,0,10.115815
2025,26.0,-3.75,2.9540548,119.01376,0,10.634597
2025,26.0,-3.5,3.0219321,117.77232,0,10.878955
2025,26.0,-3.25,3.0116174,116.63395,0,10.841823
2025,26.0,-3.0,2.94398,114.990585,0,10.598328
2025,26.0,-2.75,2.878891,113.61585,0,10.364007
2025,26.0,-2.5,2.8418105,112.73271,0,10.230517
2025,26.0,-2.25,2.836335,72.3945,0,10.210806
2025,26.0,-2.0,2.8582428,72.4184,0,10.289674
2025,26.0,-1.75,2.8966627,72.479256,0,10.427985
2025,26.0,-1.5,2.9325547,72.24353,0,10.557197
2025,26.0,-1.25,2.9469335,71.132645,0,10.60896
2025,26.0,-1.0,2.9072764,70.16242,0,10.466195
2025,26.0,-0.75,2.8675385,70.05593,0,10.323138
2025,26.0,-0.5,2.8459365,70.960655,0,10.245371
2025,26.0,-0.25,2.8555088,72.50749,0,10.279832
2025,26.0,0.0,2.9246671,73.3776,0,10.528801
2025,26.0,0.25,2.99092,71.80551,0,10.767312
2025,26.0,0.5,3.0243027,68.75563,0,10.887489
2025,26.0,0.75,3.0532084,66.41226,0,10.9915495
2025,26.0,1.0,3.1062376,65.71749,0,11.182455
2025,26.0,1.25,3.19662,67.48451,0,11.507832
2025,26.0,1.5,3.2712042,72.488525,0,11.776335
2025,26.0,1.75,3.3427296,78.25668,0,12.033826
2025,26.0,2.0,3.369628,39.85175,0,12.13066
2025,26.0,2.25,3.36523,79.09244,0,12.114828
2025,26.0,2.5,3.3158414,78.38393,0,11.937029
2025,26.0,2.75,3.2011273,39.410385,0,11.524058
2025,26.0,3.0,3.0544372,43.31933,0,10.995974
2025,26.0,3.25,2.6360288,49.2926,0,9.489703
2025,26.0,3.5,2.0229943,75.09738,0,7.282779
2025,26.0,3.75,1.7661399,66.167206,0,6.3581033
2025,26.0,4.0,1.6797628,59.955498,0,6.047146
2025,26.0,4.25,1.5202421,62.472885,0,5.4728713
2025,26.0,4.5,1.373887,79.36699,0,4.945993
2025,26.0,4.75,1.3171244,86.4101,0,4.7416477
2025,26.0,5.0,1.2776589,80.52612,0,4.599572
2025,26.0,5.25,1.425753,87.487885,0,5.1327105
2025,26.0,5.5,1.6973033,54.622787,0,6.1102915
2025,26.0,5.75,1.9298636,89.91553,0,6.947509
2025,26.0,6.0,2.0161428,81.824326,0,7.258114
2025,26.0,6.25,1.7197365,72.3066,0,6.191051
2025,26.0,6.5,1.4271487,67.24796,0,5.1377354
2025,26.0,6.75,1.2071011,107.184,0,4.345564
2025,26.0,7.0,1.0779587,111.41368,0,3.8806512
2025,26.0,7.25,1.0796044,115.33128,0,3.8865757
2025,26.0,7.5,1.2725432,119.260284,0,4.5811553
2025,26.0,7.75,1.2030967,116.67791,0,4.331148
2025,26.0,8.0,1.0965371,127.20724,0,3.9475336
2025,26.0,8.25,1.101421,137.7727,0,3.9651155
2025,26.0,8.5,1.1188991,143.21484,0,4.0280366
2025,26.0,8.75,1.0721887,145.56464,0,3.8598793
2025,26.0,9.0,1.1659921,146.94513,0,4.1975718
2025,26.0,9.25,1.2684528,147.84042,0,4.5664296
2025,26.0,9.5,1.5338672,108.16556,0,5.521922
2025,26.0,9.75,1.7465878,108.88946,0,6.287716
2025,26.0,10.0,1.8063388,108.253944,0,6.5028195
2025,26.0,10.25,1.7787299,106.09987,0,6.4034276
2025,26.0,10.5,1.9473351,105.31342,0,7.0104065
2025,26.0,10.75,1.9962889,106.26821,0,7.18664
2025,26.0,11.0,2.082415,106.65466,0,7.496694
2025,26.0,11.25,2.245593,108.25133,0,8.084135
2025,26.0,11.5,2.3801491,111.06467,0,8.568537
2025,26.0,11.75,2.3829153,114.2752,0,8.578495
2025,26.0,12.0,2.225257,113.95858,0,8.010924
2025,25.75,-9.0,2.9854562,162.64957,0,10.7476425
2025,25.75,-8.75,2.8040128,124.503,0,10.094446
2025,25.75,-8.5,2.6466227,125.11427,0,9.527842
2025,25.75,-8.25,2.5350525,125.06783,0,9.126189
2025,25.75,-8.0,2.4671047,124.97285,0,8.881577
2025,25.75,-7.75,2.4446461,125.34345,0,8.800726
2025,25.75,-7.5,2.3475168,125.63565,0,8.45106
2025,25.75,-7.25,2.2706747,126.70871,0,8.174429
2025,25.75,-7.0,2.2172756,127.6875,0,7.982192
2025,25.75,-6.75,2.1774316,128.31252,0,7.8387537
2025,25.75,-6.5,2.1338975,128.72455,0,7.682031
2025,25.75,-6.25,2.1061559,130.48157,0,7.582161
2025,25.75,-6.0,2.0955384,134.59357,0,7.543938
2025,25.75,-5.75,2.2100992,139.18224,0,7.956357
2025,25.75,-5.5,2.3161402,142.16577,0,8.338104
2025,25.75,-5.25,2.4083471,144.42146,0,8.67005
2025,25.75,-5.0,2.4910243,146.94485,0,8.967687
2025,25.75,-4.75,2.5666418,151.08063,0,9.23991
2025,25.75,-4.5,2.6335135,115.55519,0,9.480648
2025,25.75,-4.25,2.6920679,117.21249,0,9.691444
2025,25.75,-4.0,2.7879953,117.3887,0,10.036783
2025,25.75,-3.75,2.935473,117.42581,0,10.567702
2025,25.75,-3.5,3.0799534,117.931885,0,11.087832
2025,25.75,-3.25,3.1431317,77.619415,0,11.315274
2025,25.75,-3.0,3.0888052,76.130875,0,11.119699
2025,25.75,-2.75,2.9750822,74.510254,0,10.710296
2025,25.75,-2.5,2.8995848,73.36384,0,10.438505
2025,25.75,-2.25,2.8515065,72.72016,0,10.265423
2025,25.75,-2.0,2.8583748,72.80858,0,10.290149
2025,25.75,-1.75,2.896168,73.18258,0,10.426205
2025,25.75,-1.5,2.937603,73.41556,0,10.575371
2025,25.75,-1.25,2.9567013,72.742004,0,10.644124
2025,25.75,-1.0,2.9348068,72.60153,0,10.565305
2025,25.75,-0.75,2.9076872,73.09317,0,10.467673
2025,25.75,-0.5,2.9038928,74.07182,0,10.454014
2025,25.75,-0.25,2.9257789,75.20326,0,10.532804
2025,25.75,0.0,3.0004878,75.39517,0,10.801756
2025,25.75,0.25,3.057336,73.75532,0,11.00641
2025,25.75,0.5,3.0678282,69.334785,0,11.044181
2025,25.75,0.75,3.0343754,65.28167,0,10.923751
2025,25.75,1.0,3.029972,63.66694,0,10.907899
2025,25.75,1.25,3.028433,65.26388,0,10.902359
2025,25.75,1.5,3.0800445,71.0649,0,11.08816
2025,25.75,1.75,3.190974,35.563835,0,11.487506
2025,25.75,2.0,3.2813823,37.635704,0,11.812976
2025,25.75,2.25,3.2379804,37.0005,0,11.656729
2025,25.75,2.5,3.0586414,35.778397,0,11.011108
2025,25.75,2.75,2.8524156,36.258335,0,10.268696
2025,25.75,3.0,2.5800476,38.74053,0,9.288171
2025,25.75,3.25,2.113886,40.385307,0,7.6099896
2025,25.75,3.5,1.7216656,38.04469,0,6.197996
2025,25.75,3.75,1.5398269,73.208405,0,5.5433764
2025,25.75,4.0,1.4076205,60.901096,0,5.067434
2025,25.75,4.25,1.199202,68.52429,0,4.3171268
2025,25.75,4.5,1.260853,159.12569,0,4.539071
2025,25.75,4.75,1.3686085,75.768036,0,4.9269905
2025,25.75,5.0,1.4074736,66.81467,0,5.0669045
2025,25.75,5.25,1.4285426,72.93789,0,5.142753
2025,25.75,5.5,1.5315251,80.37247,0,5.51349
2025,25.75,5.75,1.6907719,84.0013,0,6.0867786
2025,25.75,6.0,1.8071234,82.83902,0,6.5056443
2025,25.75,6.25,1.65777,88.855255,0,5.967972
2025,25.75,6.5,1.4172636,83.25876,0,5.102149
2025,25.75,6.75,1.2762136,81.16226,0,4.594369
2025,25.75,7.0,1.1687584,83.577415,0,4.20753
2025,25.75,7.25,1.0598984,86.98874,0,3.815634
2025,25.75,7.5,1.1468426,128.44778,0,4.128633
2025,25.75,7.75,1.0297236,127.37918,0,3.707005
2025,25.75,8.0,0.9851585,130.24835,0,3.5465705
2025,25.75,8.25,0.98884517,138.26852,0,3.5598426
2025,25.75,8.5,0.9671707,143.57175,0,3.4818144
2025,25.75,8.75,0.9222957,143.2531,0,3.3202643
2025,25.75,9.0,1.0709261,140.75067,0,3.8553338
2025,25.75,9.25,1.2983516,143.27925,0,4.6740656
2025,25.75,9.5,1.4931775,145.506,0,5.375439
2025,25.75,9.75,1.5679808,103.72364,0,5.6447306
2025,25.75,10.0,1.5740864,103.42684,0,5.666711
2025,25.75,10.25,1.5726591,106.089455,0,5.661573
2025,25.75,10.5,1.7130667,112.9458,0,6.16704
2025,25.75,10.75,1.8374258,116.59975,0,6.6147327
2025,25.75,11.0,1.9703761,113.49513,0,7.0933537
2025,25.75,11.25,2.1614342,112.07188,0,7.7811627
2025,25.75,11.5,2.4012935,111.425606,0,8.644656
2025,25.75,11.75,2.530185,112.10588,0,9.108665
2025,25.75,12.0,2.1918213,109.95325,0,7.890557
2025,25.5,-9.0,2.965837,165.43353,0,10.677013
2025,25.5,-8.75,2.831913,126.82875,0,10.194886
2025,25.5,-8.5,2.6856978,126.98043,0,9.668511
2025,25.5,-8.25,2.5555644,126.67548,0,9.200031
2025,25.5,-8.0,2.440592,126.1929,0,8.786131
2025,25.5,-7.75,2.3830042,126.69632,0,8.5788145
2025,25.5,-7.5,2.37498,128.34642,0,8.549928
2025,25.5,-7.25,2.3960078,130.35052,0,8.6256275
2025,25.5,-7.0,2.375959,131.64139,0,8.553452
2025,25.5,-6.75,2.3871906,132.23004,0,8.593885
2025,25.5,-6.5,2.3465035,132.49103,0,8.4474125
2025,25.5,-6.25,2.2287412,133.56033,0,8.023468
2025,25.5,-6.0,2.1837757,137.14429,0,7.8615923
2025,25.5,-5.75,2.2859874,141.22066,0,8.229554
2025,25.5,-5.5,2.386366,143.34662,0,8.590917
2025,25.5,-5.25,2.476186,145.85735,0,8.914269
2025,25.5,-5.0,2.5621257,149.4636,0,9.223652
2025,25.5,-4.75,2.6625319,113.011314,0,9.5851145
2025,25.5,-4.5,2.7831836,115.21577,0,10.019461
2025,25.5,-4.25,2.8073726,116.131,0,10.106541
2025,25.5,-4.0,2.8320212,116.58268,0,10.195276
2025,25.5,-3.75,2.84488,77.70741,0,10.241569
2025,25.5,-3.5,2.9541073,78.66157,0,10.634786
2025,25.5,-3.25,3.062929,79.53205,0,11.026544
2025,25.5,-3.0,3.0755975,78.96271,0,11.072151
2025,25.5,-2.75,3.0243332,77.215805,0,10.887599
2025,25.5,-2.5,2.9548726,74.84347,0,10.637541
2025,25.5,-2.25,2.9002635,73.89639,0,10.4409485
2025,25.5,-2.0,2.885291,73.28662,0,10.387048
2025,25.5,-1.75,2.9227095,73.60992,0,10.521754
2025,25.5,-1.5,2.952596,74.20909,0,10.629345
2025,25.5,-1.25,2.9502573,74.168335,0,10.620926
2025,25.5,-1.0,2.93127,74.36971,0,10.552571
2025,25.5,-0.75,2.927086,74.65632,0,10.53751
2025,25.5,-0.5,2.9378207,75.339935,0,10.576154
2025,25.5,-0.25,2.9972687,75.397606,0,10.790167
2025,25.5,0.0,3.069356,75.16516,0,11.049681
2025,25.5,0.25,3.11378,73.59722,0,11.209608
2025,25.5,0.5,3.0945404,70.00765,0,11.140345
2025,25.5,0.75,3.041443,65.87824,0,10.949195
2025,25.5,1.0,2.9165823,62.969536,0,10.499696
2025,25.5,1.25,2.8401136,63.564888,0,10.224409
2025,25.5,1.5,2.790791,67.83367,0,10.046847
2025,25.5,1.75,2.911502,30.485046,0,10.481406
2025,25.5,2.0,3.0119793,33.333183,0,10.843125
2025,25.5,2.25,2.9904933,34.75175,0,10.765776
2025,25.5,2.5,2.8164244,34.330906,0,10.139128
2025,25.5,2.75,2.5038333,34.6991,0,9.0138
2025,25.5,3.0,2.1367798,35.614937,0,7.692407
2025,25.5,3.25,1.7883176,37.736973,0,6.437943
2025,25.5,3.5,1.6897144,43.319878,0,6.0829716
2025,25.5,3.75,1.5073354,43.981544,0,5.4264073
2025,25.5,4.0,1.3684713,80.3339,0,4.9264965
2025,25.5,4.25,1.2973051,82.05339,0,4.670298
2025,25.5,4.5,1.4790868,81.538925,0,5.3247123
2025,25.5,4.75,1.6328088,72.1577,0,5.8781114
2025,25.5,5.0,1.6058707,63.396866,0,5.7811346
2025,25.5,5.25,1.3100911,66.28593,0,4.716328
2025,25.5,5.5,1.2829561,78.762115,0,4.618642
2025,25.5,5.75,1.4173151,85.29737,0,5.1023345
2025,25.5,6.0,1.5894172,81.71034,0,5.721902
2025,25.5,6.25,1.5751772,87.51117,0,5.6706376
2025,25.5,6.5,1.6546102,98.203316,0,5.9565964
2025,25.5,6.75,1.5293808,92.04552,0,5.5057707
2025,25.5,7.0,1.3400367,92.53177,0,4.824132
2025,25.5,7.25,1.1709453,96.26653,0,4.215403
2025,25.5,7.5,1.1517745,138.05116,0,4.146388
2025,25.5,7.75,1.1427941,134.47293,0,4.114059
2025,25.5,8.0,1.2019402,134.5068,0,4.3269844
2025,25.5,8.25,1.2367017,138.03595,0,4.452126
2025,25.5,8.5,1.2030568,141.65677,0,4.3310046
2025,25.5,8.75,1.2813334,136.3753,0,4.6128
2025,25.5,9.0,1.442187,137.99333,0,5.191873
2025,25.5,9.25,1.4901946,142.0122,0,5.3647003
2025,25.5,9.5,1.4283395,145.65213,0,5.142022
2025,25.5,9.75,1.3681871,147.23657,0,4.925473
2025,25.5,10.0,1.2911794,108.90043,0,4.648246
2025,25.5,10.25,1.388042,111.43731,0,4.996951
2025,25.5,10.5,1.6207541,118.264824,0,5.834715
2025,25.5,10.75,1.7384882,124.37472,0,6.2585573
2025,25.5,11.0,1.8550205,117.54758,0,6.678074
2025,25.5,11.25,2.0533857,110.23907,0,7.3921885
2025,25.5,11.5,2.311108,108.43067,0,8.319989
2025,25.5,11.75,2.5078998,108.00782,0,9.028439
2025,25.5,12.0,2.156957,105.848724,0,7.7650447
2025,25.25,-9.0,3.0019667,167.0716,0,10.80708
2025,25.25,-8.75,2.9082885,128.4612,0,10.469838
2025,25.25,-8.5,2.7770734,129.0239,0,9.997464
2025,25.25,-8.25,2.6252732,128.87468,0,9.450983
2025,25.25,-8.0,2.5031362,128.56006,0,9.01129
2025,25.25,-7.75,2.3708942,128.27553,0,8.535219
2025,25.25,-7.5,2.3367805,129.2575,0,8.41241
2025,25.25,-7.25,2.3628535,131.29852,0,8.506272
2025,25.25,-7.0,2.423911,133.34187,0,8.72608
2025,25.25,-6.75,2.4353824,134.20175,0,8.767376
2025,25.25,-6.5,2.4267278,135.71478,0,8.736219
2025,25.25,-6.25,2.3429327,137.29132,0,8.434558
2025,25.25,-6.0,2.332974,139.4606,0,8.398706
2025,25.25,-5.75,2.4045618,141.93018,0,8.656422
2025,25.25,-5.5,2.4870677,144.04092,0,8.953444
2025,25.25,-5.25,2.512027,146.81987,0,9.043297
2025,25.25,-5.0,2.5941072,110.1829,0,9.338785
2025,25.25,-4.75,2.6777828,74.0682,0,9.6400175
2025,25.25,-4.5,2.791953,76.41162,0,10.051031
2025,25.25,-4.25,2.8283637,77.37404,0,10.182109
2025,25.25,-4.0,2.8029978,78.078964,0,10.090792
2025,25.25,-3.75,2.8046026,79.17592,0,10.096569
2025,25.25,-3.5,2.8011796,80.447334,0,10.084247
2025,25.25,-3.25,2.8736193,81.237885,0,10.345029
2025,25.25,-3.0,2.9234896,81.31407,0,10.524562
2025,25.25,-2.75,2.9652224,79.245575,0,10.6748
2025,25.25,-2.5,2.9220073,76.82799,0,10.519226
2025,25.25,-2.25,2.9133375,74.957695,0,10.488014
2025,25.25,-2.0,2.9070654,74.35714,0,10.465435
2025,25.25,-1.75,2.9157996,74.636986,0,10.496879
2025,25.25,-1.5,2.9368114,75.44327,0,10.572521
2025,25.25,-1.25,2.9409084,75.48502,0,10.58727
2025,25.25,-1.0,2.9455762,35.518696,0,10.6040745
2025,25.25,-0.75,2.9472706,35.51724,0,10.610174
2025,25.25,-0.5,2.989981,35.03276,0,10.763931
2025,25.25,-0.25,3.05136,35.04484,0,10.984896
2025,25.25,0.0,3.1033952,34.213116,0,11.172222
2025,25.25,0.25,3.144795,32.85971,0,11.321261
2025,25.25,0.5,3.1318467,69.96821,0,11.274648
2025,25.25,0.75,3.0610712,67.573395,0,11.0198555
2025,25.25,1.0,2.9348278,65.09787,0,10.56538
2025,25.25,1.25,2.7238703,63.524517,0,9.805933
2025,25.25,1.5,2.571822,65.5695,0,9.258558
2025,25.25,1.75,2.5354488,65.75422,0,9.127615
2025,25.25,2.0,2.509261,27.54287,0,9.033339
2025,25.25,2.25,2.4921815,30.164455,0,8.971853
2025,25.25,2.5,2.3133633,34.547787,0,8.328108
2025,25.25,2.75,1.9757301,36.009163,0,7.112628
2025,25.25,3.0,1.6327993,35.72854,0,5.878077
2025,25.25,3.25,1.5519333,40.78719,0,5.58696
2025,25.25,3.5,1.4894258,48.251328,0,5.3619328
2025,25.25,3.75,1.4715316,52.344284,0,5.297514
2025,25.25,4.0,1.3779536,92.211334,0,4.960633
2025,25.25,4.25,1.6573396,88.23179,0,5.966422
2025,25.25,4.5,1.7943445,82.15194,0,6.45964
2025,25.25,4.75,1.8481326,72.84151,0,6.6532774
2025,25.25,5.0,1.5090448,65.591835,0,5.432561
2025,25.25,5.25,1.2221274,66.17402,0,4.3996587
2025,25.25,5.5,0.95365673,80.958916,0,3.4331641
2025,25.25,5.75,1.1446115,86.19024,0,4.120601
2025,25.25,6.0,1.4467471,82.046906,0,5.208289
2025,25.25,6.25,1.4993706,84.636215,0,5.397734
2025,25.25,6.5,1.583849,94.2347,0,5.701856
2025,25.25,6.75,1.6443598,106.58847,0,5.9196954
2025,25.25,7.0,1.4716561,99.857834,0,5.2979617
2025,25.25,7.25,1.3190936,102.73233,0,4.748737
2025,25.25,7.5,1.2525505,104.41537,0,4.5091815
2025,25.25,7.75,1.1923385,138.8095,0,4.2924185
2025,25.25,8.0,1.2814094,170.48708,0,4.613074
2025,25.25,8.25,1.2832683,135.08875,0,4.6197658
2025,25.25,8.5,1.1882645,98.87964,0,4.277752
2025,25.25,8.75,1.2382687,102.11529,0,4.4577675
2025,25.25,9.0,1.4623536,143.87302,0,5.264473
2025,25.25,9.25,1.5263286,139.11406,0,5.4947824
2025,25.25,9.5,1.4925036,144.68248,0,5.373013
2025,25.25,9.75,1.30005,153.99924,0,4.68018
2025,25.25,10.0,1.1316988,153.27078,0,4.0741158
2025,25.25,10.25,1.1814711,114.86298,0,4.253296
2025,25.25,10.5,1.6030993,116.613556,0,5.7711573
2025,25.25,10.75,1.6700971,122.583916,0,6.0123496
2025,25.25,11.0,1.8172086,113.1398,0,6.541951
2025,25.25,11.25,2.0720346,106.191925,0,7.4593244
2025,25.25,11.5,2.4269636,104.23183,0,8.737068
2025,25.25,11.75,2.5683632,104.913025,0,9.246107
2025,25.25,12.0,2.206439,103.96789,0,7.94318
2025,25.0,-9.0,3.0518136,167.69469,0,10.986528
2025,25.0,-8.75,2.9534314,129.47026,0,10.632353
2025,25.0,-8.5,2.8657165,131.28436,0,10.316579
2025,25.0,-8.25,2.714426,131.3261,0,9.771934
2025,25.0,-8.0,2.5892332,131.13464,0,9.321239
2025,25.0,-7.75,2.461343,130.8197,0,8.860835
2025,25.0,-7.5,2.3576267,130.13654,0,8.487455
2025,25.0,-7.25,2.3234434,131.37115,0,8.364396
2025,25.0,-7.0,2.3659697,133.25615,0,8.51749
2025,25.0,-6.75,2.3576012,135.38731,0,8.487364
2025,25.0,-6.5,2.348054,137.13068,0,8.452994
2025,25.0,-6.25,2.4267385,140.04262,0,8.7362585
2025,25.0,-6.0,2.4696648,141.65968,0,8.890793
2025,25.0,-5.75,2.5143902,143.19249,0,9.051805
2025,25.0,-5.5,2.515815,105.35384,0,9.056933
2025,25.0,-5.25,2.545743,108.18571,0,9.164675
2025,25.0,-5.0,2.5321481,111.98244,0,9.115733
2025,25.0,-4.75,2.5948784,75.824776,0,9.341562
2025,25.0,-4.5,2.6364973,78.88483,0,9.49139
2025,25.0,-4.25,2.6760476,80.45291,0,9.633771
2025,25.0,-4.0,2.6632297,81.24307,0,9.587626
2025,25.0,-3.75,2.6988125,81.794586,0,9.715725
2025,25.0,-3.5,2.702602,82.99613,0,9.729366
2025,25.0,-3.25,2.7432,82.45303,0,9.87552
2025,25.0,-3.0,2.7965782,81.80676,0,10.067681
2025,25.0,-2.75,2.8619921,79.67754,0,10.303171
2025,25.0,-2.5,2.9015381,77.84983,0,10.445537
2025,25.0,-2.25,2.8968189,75.87835,0,10.428548
2025,25.0,-2.0,2.901583,75.240654,0,10.445699
2025,25.0,-1.75,2.9087965,75.48874,0,10.471667
2025,25.0,-1.5,2.9215744,36.420025,0,10.517668
2025,25.0,-1.25,2.9298139,36.058422,0,10.54733
2025,25.0,-1.0,2.9425864,35.79112,0,10.593311
2025,25.0,-0.75,2.9708607,35.057663,0,10.695098
2025,25.0,-0.5,3.014317,34.54712,0,10.851541
2025,25.0,-0.25,3.0652013,34.25165,0,11.034724
2025,25.0,0.0,3.1110132,33.106907,0,11.199647
2025,25.0,0.25,3.1435502,31.963112,0,11.31678
2025,25.0,0.5,3.1304605,30.009657,0,11.269657
2025,25.0,0.75,3.0628338,27.727112,0,11.026201
2025,25.0,1.0,2.9486356,26.521431,0,10.6150875
2025,25.0,1.25,2.7453558,25.32166,0,9.883281
2025,25.0,1.5,2.5134492,24.851006,0,9.048417
2025,25.0,1.75,2.2536223,61.490864,0,8.11304
2025,25.0,2.0,2.1797879,22.320387,0,7.847236
2025,25.0,2.25,1.9700933,26.004028,0,7.0923357
2025,25.0,2.5,1.7730156,31.664978,0,6.382856
2025,25.0,2.75,1.4492437,37.1786,0,5.217277
2025,25.0,3.0,1.2296977,118.01245,0,4.426912
2025,25.0,3.25,1.2889979,84.79586,0,4.6403923
2025,25.0,3.5,1.4220093,55.963043,0,5.1192336
2025,25.0,3.75,1.4324249,60.059677,0,5.1567297
2025,25.0,4.0,1.6654272,57.263462,0,5.9955378
2025,25.0,4.25,1.9468237,92.36835,0,7.0085654
2025,25.0,4.5,1.9662408,82.90877,0,7.0784664
2025,25.0,4.75,1.7961464,74.93629,0,6.466127
2025,25.0,5.0,1.4759,62.97796,0,5.31324
2025,25.0,5.25,0.9574928,64.83498,0,3.446974
2025,25.0,5.5,0.7366035,157.69499,0,2.6517725
2025,25.0,5.75,0.8705424,161.36835,0,3.1339526
2025,25.0,6.0,1.2045879,161.1818,0,4.3365164
2025,25.0,6.25,1.3310977,122.19962,0,4.7919517
2025,25.0,6.5,1.4234582,93.77405,0,5.1244493
2025,25.0,6.75,1.4897941,102.461174,0,5.363259
2025,25.0,7.0,1.6272169,107.58165,0,5.8579807
2025,25.0,7.25,1.5315294,108.91797,0,5.513506
2025,25.0,7.5,1.4492744,110.22706,0,5.2173877
2025,25.0,7.75,1.3286822,107.47621,0,4.7832556
2025,25.0,8.0,1.3181973,141.50143,0,4.74551
2025,25.0,8.25,1.2010423,85.98055,0,4.323752
2025,25.0,8.5,1.1324613,89.11838,0,4.0768604
2025,25.0,8.75,1.1987174,93.76742,0,4.3153825
2025,25.0,9.0,1.3971194,99.70868,0,5.0296297
2025,25.0,9.25,1.3688899,105.44341,0,4.928004
2025,25.0,9.5,1.4996662,141.55519,0,5.3987985
2025,25.0,9.75,1.2858099,150.21004,0,4.6289153
2025,25.0,10.0,0.99629414,156.88892,0,3.5866587
2025,25.0,10.25,0.9211595,144.82312,0,3.316174
2025,25.0,10.5,1.4815223,142.37897,0,5.3334804
2025,25.0,10.75,1.5602238,109.24042,0,5.6168056
2025,25.0,11.0,1.7061253,105.75497,0,6.1420507
2025,25.0,11.25,2.1736073,104.53149,0,7.8249865
2025,25.0,11.5,2.5383222,102.94702,0,9.1379595
2025,25.0,11.75,2.6258779,104.342,0,9.45316
2025,25.0,12.0,2.2619855,103.10272,0,8.143147
2025,24.75,-9.0,3.0819964,168.01483,0,11.095187
2025,24.75,-8.75,2.9584253,130.15608,0,10.650331
2025,24.75,-8.5,2.8746533,132.25851,0,10.348752
2025,24.75,-8.25,2.8099666,133.89813,0,10.115879
2025,24.75,-8.0,2.683787,133.87207,0,9.6616335
2025,24.75,-7.75,2.5943167,133.03838,0,9.33954
2025,24.75,-7.5,2.472764,132.03528,0,8.90195
2025,24.75,-7.25,2.404747,132.79399,0,8.657089
2025,24.75,-7.0,2.3606534,133.38884,0,8.498352
2025,24.75,-6.75,2.3517733,135.57143,0,8.466384
2025,24.75,-6.5,2.3661199,138.69849,0,8.518031
2025,24.75,-6.25,2.463229,101.87778,0,8.867624
2025,24.75,-6.0,2.5127928,103.405556,0,9.046054
2025,24.75,-5.75,2.4765902,104.80502,0,8.915725
2025,24.75,-5.5,2.4610393,107.44971,0,8.859741
2025,24.75,-5.25,2.4175093,111.9239,0,8.703033
2025,24.75,-5.0,2.412757,116.04213,0,8.685925
2025,24.75,-4.75,2.4232447,79.25143,0,8.7236805
2025,24.75,-4.5,2.4417963,82.076454,0,8.790466
2025,24.75,-4.25,2.4820204,83.31006,0,8.935273
2025,24.75,-4.0,2.5264409,83.722885,0,9.095187
2025,24.75,-3.75,2.5625906,84.216415,0,9.225326
2025,24.75,-3.5,2.6636431,83.48322,0,9.589115
2025,24.75,-3.25,2.7119284,82.73699,0,9.762942
2025,24.75,-3.0,2.7837057,80.80954,0,10.02134
2025,24.75,-2.75,2.8527155,79.0535,0,10.269775
2025,24.75,-2.5,2.9048307,77.213104,0,10.45739
2025,24.75,-2.25,2.9105523,76.714325,0,10.477988
2025,24.75,-2.0,2.9212642,75.87859,0,10.516551
2025,24.75,-1.75,2.9113724,36.092598,0,10.480941
2025,24.75,-1.5,2.9244351,36.627274,0,10.5279665
2025,24.75,-1.25,2.9281993,35.904484,0,10.541517
2025,24.75,-1.0,2.9473026,35.220646,0,10.610289
2025,24.75,-0.75,2.9764953,34.479366,0,10.715383
2025,24.75,-0.5,3.0083544,33.72962,0,10.830075
2025,24.75,-0.25,3.0565789,33.340218,0,11.003684
2025,24.75,0.0,3.0848565,32.03703,0,11.105483
2025,24.75,0.25,3.090211,30.845053,0,11.124759
2025,24.75,0.5,3.079071,28.901241,0,11.084656
2025,24.75,0.75,3.0111113,27.6397,0,10.84
2025,24.75,1.0,2.8983738,26.359463,0,10.434146
2025,24.75,1.25,2.7072783,25.495476,0,9.7462015
2025,24.75,1.5,2.4842424,24.733442,0,8.943273
2025,24.75,1.75,2.2127135,21.497366,0,7.9657683
2025,24.75,2.0,2.0360196,19.46657,0,7.3296704
2025,24.75,2.25,1.8222243,23.376461,0,6.560007
2025,24.75,2.5,1.4538443,30.08892,0,5.2338395
2025,24.75,2.75,1.1417636,79.88193,0,4.1103487
2025,24.75,3.0,1.0020629,121.52352,0,3.6074264
2025,24.75,3.25,1.0824102,125.5824,0,3.8966768
2025,24.75,3.5,1.2484704,58.098648,0,4.4944935
2025,24.75,3.75,1.5446479,63.412292,0,5.5607324
2025,24.75,4.0,1.7697179,60.172283,0,6.3709846
2025,24.75,4.25,1.8945059,55.604927,0,6.820221
2025,24.75,4.5,1.8299749,87.23172,0,6.587909
2025,24.75,4.75,1.5571363,54.10855,0,5.6056905
2025,24.75,5.0,1.205506,69.42242,0,4.3398213
2025,24.75,5.25,0.73222286,153.48141,0,2.6360023
2025,24.75,5.5,0.58963525,181.99193,0,2.1226869
2025,24.75,5.75,0.6599319,186.48322,0,2.3757548
2025,24.75,6.0,0.9326447,154.20328,0,3.3575208
2025,24.75,6.25,1.2049632,156.25209,0,4.3378673
2025,24.75,6.5,1.2417743,129.12314,0,4.4703875
2025,24.75,6.75,1.4056414,103.49984,0,5.060309
2025,24.75,7.0,1.558125,110.026665,0,5.60925
2025,24.75,7.25,1.6362597,112.77947,0,5.890535
2025,24.75,7.5,1.556757,115.247246,0,5.604325
2025,24.75,7.75,1.4596314,113.45389,0,5.254673
2025,24.75,8.0,1.3091404,104.185776,0,4.7129054
2025,24.75,8.25,1.2351583,92.29798,0,4.44657
2025,24.75,8.5,1.2395886,93.025856,0,4.4625187
2025,24.75,8.75,1.3047404,101.820045,0,4.6970654
2025,24.75,9.0,1.4810894,101.04288,0,5.3319216
2025,24.75,9.25,1.409224,97.64347,0,5.0732064
2025,24.75,9.5,1.3699137,101.953285,0,4.9316893
2025,24.75,9.75,1.4135112,139.77673,0,5.08864
2025,24.75,10.0,1.0850292,143.6017,0,3.9061053
2025,24.75,10.25,0.81728214,138.96146,0,2.9422157
2025,24.75,10.5,1.3164864,131.3463,0,4.739351
2025,24.75,10.75,1.5023577,89.59405,0,5.408488
2025,24.75,11.0,1.6014572,103.54243,0,5.765246
2025,24.75,11.25,2.0576758,103.29271,0,7.407633
2025,24.75,11.5,2.5732012,103.07685,0,9.263524
2025,24.75,11.75,2.6872602,104.453606,0,9.674136
2025,24.75,12.0,2.298742,101.8616,0,8.275471
2025,24.5,-9.0,3.087691,168.60773,0,11.115687
2025,24.5,-8.75,2.957719,130.75359,0,10.647788
2025,24.5,-8.5,2.8572776,133.05669,0,10.2862
2025,24.5,-8.25,2.798882,134.85791,0,10.075975
2025,24.5,-8.0,2.7643955,135.45892,0,9.951823
2025,24.5,-7.75,2.6945102,134.69942,0,9.700236
2025,24.5,-7.5,2.6214607,134.4129,0,9.437258
2025,24.5,-7.25,2.5741124,134.93231,0,9.266805
2025,24.5,-7.0,2.515666,135.27774,0,9.056397
2025,24.5,-6.75,2.4674485,137.21414,0,8.882814
2025,24.5,-6.5,2.4839985,100.24979,0,8.942394
2025,24.5,-6.25,2.4774957,103.416504,0,8.918984
2025,24.5,-6.0,2.4729633,105.39748,0,8.902668
2025,24.5,-5.75,2.3787897,107.63065,0,8.5636425
2025,24.5,-5.5,2.281497,112.076355,0,8.213389
2025,24.5,-5.25,2.2531345,117.1702,0,8.111284
2025,24.5,-5.0,2.297376,80.250145,0,8.270553
2025,24.5,-4.75,2.3173923,83.28833,0,8.342612
2025,24.5,-4.5,2.358439,83.73537,0,8.49038
2025,24.5,-4.25,2.39617,83.400116,0,8.626211
2025,24.5,-4.0,2.4562683,83.53057,0,8.842566
2025,24.5,-3.75,2.5495594,83.60899,0,9.178413
2025,24.5,-3.5,2.6591506,82.9037,0,9.572942
2025,24.5,-3.25,2.739167,81.2846,0,9.861001
2025,24.5,-3.0,2.8300602,79.05704,0,10.188216
2025,24.5,-2.75,2.8981245,77.76656,0,10.433248
2025,24.5,-2.5,2.9504242,76.9015,0,10.621527
2025,24.5,-2.25,2.960405,36.272007,0,10.657458
2025,24.5,-2.0,2.9448514,36.58842,0,10.601465
2025,24.5,-1.75,2.9329443,36.73372,0,10.558599
2025,24.5,-1.5,2.9302557,36.44634,0,10.54892
2025,24.5,-1.25,2.9308162,35.36747,0,10.550938
2025,24.5,-1.0,2.950626,34.54234,0,10.622253
2025,24.5,-0.75,2.9539487,33.532272,0,10.634215
2025,24.5,-0.5,2.9864826,32.79652,0,10.751337
2025,24.5,-0.25,3.0104628,32.1492,0,10.837666
2025,24.5,0.0,3.0233212,30.942331,0,10.883956
2025,24.5,0.25,3.0134048,29.42477,0,10.848257
2025,24.5,0.5,2.9657822,27.634148,0,10.676816
2025,24.5,0.75,2.8980153,26.250572,0,10.432855
2025,24.5,1.0,2.7585356,25.723982,0,9.930728
2025,24.5,1.25,2.5584915,24.966457,0,9.210569
2025,24.5,1.5,2.3596778,25.118195,0,8.49484
2025,24.5,1.75,2.2221382,23.468279,0,7.999697
2025,24.5,2.0,2.0354679,21.904808,0,7.327684
2025,24.5,2.25,1.7477521,26.572079,0,6.2919073
2025,24.5,2.5,1.3914269,38.21215,0,5.0091367
2025,24.5,2.75,1.1167321,88.95445,0,4.0202355
2025,24.5,3.0,0.9381906,129.16643,0,3.377486
2025,24.5,3.25,0.974221,169.20099,0,3.5071955
2025,24.5,3.5,1.2300313,57.660225,0,4.4281125
2025,24.5,3.75,1.5118194,62.475864,0,5.4425497
2025,24.5,4.0,1.6008329,63.532444,0,5.7629986
2025,24.5,4.25,1.6477493,58.999016,0,5.931897
2025,24.5,4.5,1.5128006,56.687424,0,5.446082
2025,24.5,4.75,1.279771,63.016766,0,4.6071754
2025,24.5,5.0,0.9706531,79.49877,0,3.4943511
2025,24.5,5.25,0.81315625,151.88359,0,2.9273624
2025,24.5,5.5,0.70554125,178.7498,0,2.5399485
2025,24.5,5.75,0.6272196,172.74411,0,2.2579906
2025,24.5,6.0,0.8140924,184.277,0,2.9307325
2025,24.5,6.25,1.1289314,188.70473,0,4.0641527
2025,24.5,6.5,1.035321,160.6311,0,3.7271554
2025,24.5,6.75,1.2055651,151.284,0,4.340034
2025,24.5,7.0,1.4510738,151.17523,0,5.2238655
2025,24.5,7.25,1.5669571,153.26991,0,5.6410456
2025,24.5,7.5,1.4641547,156.41942,0,5.270957
2025,24.5,7.75,1.423727,115.86065,0,5.125417
2025,24.5,8.0,1.2540487,105.436005,0,4.514575
2025,24.5,8.25,1.244675,98.97183,0,4.48083
2025,24.5,8.5,1.2584794,99.904106,0,4.5305257
2025,24.5,8.75,1.3958408,73.02535,0,5.025027
2025,24.5,9.0,1.6378324,77.26471,0,5.8961964
2025,24.5,9.25,1.5699242,78.343864,0,5.651727
2025,24.5,9.5,1.3893838,100.197975,0,5.0017815
2025,24.5,9.75,1.2974534,101.99637,0,4.670832
2025,24.5,10.0,1.3559623,137.40976,0,4.881464
2025,24.5,10.25,1.0806258,116.62758,0,3.8902526
2025,24.5,10.5,1.237629,122.79595,0,4.4554644
2025,24.5,10.75,1.5487742,113.95402,0,5.5755873
2025,24.5,11.0,1.6171751,102.65309,0,5.8218303
2025,24.5,11.25,1.8875928,99.91953,0,6.795334
2025,24.5,11.5,2.3951712,100.50279,0,8.622616
2025,24.5,11.75,2.6853049,101.79632,0,9.667097
2025,24.5,12.0,2.2778656,98.43686,0,8.200316
2025,24.25,-9.0,3.0787082,169.37848,0,11.083349
2025,24.25,-8.75,2.9770646,131.54446,0,10.717432
2025,24.25,-8.5,2.8628511,133.75993,0,10.306264
2025,24.25,-8.25,2.7991168,135.12091,0,10.07682
2025,24.25,-8.0,2.7634532,135.6927,0,9.948431
2025,24.25,-7.75,2.7398636,135.81026,0,9.863509
2025,24.25,-7.5,2.7197046,136.06166,0,9.790936
2025,24.25,-7.25,2.7142415,96.56752,0,9.771269
2025,24.25,-7.0,2.6558444,97.93853,0,9.56104
2025,24.25,-6.75,2.6011,99.91,0,9.363959
2025,24.25,-6.5,2.5382524,102.91118,0,9.137709
2025,24.25,-6.25,2.490362,106.22099,0,8.965302
2025,24.25,-6.0,2.4304748,109.10435,0,8.749709
2025,24.25,-5.75,2.3234587,112.34928,0,8.364451
2025,24.25,-5.5,2.2424219,117.10491,0,8.072719
2025,24.25,-5.25,2.2768826,119.845856,0,8.196777
2025,24.25,-5.0,2.3322012,82.39761,0,8.395925
2025,24.25,-4.75,2.3977785,82.92843,0,8.632003
2025,24.25,-4.5,2.4540932,82.02978,0,8.834735
2025,24.25,-4.25,2.4779937,81.38685,0,8.920777
2025,24.25,-4.0,2.5333586,82.20716,0,9.1200905
2025,24.25,-3.75,2.6223903,82.342735,0,9.440605
2025,24.25,-3.5,2.6725256,81.656425,0,9.621092
2025,24.25,-3.25,2.745319,79.78178,0,9.883148
2025,24.25,-3.0,2.811859,78.041954,0,10.122692
2025,24.25,-2.75,2.8846776,76.9695,0,10.384839
2025,24.25,-2.5,2.9522104,76.178986,0,10.627957
2025,24.25,-2.25,3.007972,36.98918,0,10.828699
2025,24.25,-2.0,2.996655,37.463943,0,10.787958
2025,24.25,-1.75,2.946647,37.010666,0,10.607928
2025,24.25,-1.5,2.9156942,36.032467,0,10.496499
2025,24.25,-1.25,2.9252703,34.65503,0,10.5309725
2025,24.25,-1.0,2.9212716,33.268784,0,10.516578
2025,24.25,-0.75,2.9193544,32.130745,0,10.509676
2025,24.25,-0.5,2.9211373,31.191362,0,10.516094
2025,24.25,-0.25,2.9406328,30.492483,0,10.586278
2025,24.25,0.0,2.9382017,29.56019,0,10.577526
2025,24.25,0.25,2.9109998,27.760458,0,10.479599
2025,24.25,0.5,2.840315,25.982613,0,10.225134
2025,24.25,0.75,2.7224672,24.68515,0,9.800881
2025,24.25,1.0,2.5789537,23.878946,0,9.284233
2025,24.25,1.25,2.4077427,24.43914,0,8.667873
2025,24.25,1.5,2.192605,25.586391,0,7.893378
2025,24.25,1.75,2.086253,24.492025,0,7.5105104
2025,24.25,2.0,1.9269347,27.552542,0,6.936965
2025,24.25,2.25,1.6695063,41.416916,0,6.0102224
2025,24.25,2.5,1.4574577,50.798214,0,5.2468476
2025,24.25,2.75,1.2468467,98.79013,0,4.488648
2025,24.25,3.0,1.0748299,101.068344,0,3.8693876
2025,24.25,3.25,1.0870805,139.25598,0,3.9134896
2025,24.25,3.5,1.3620932,63.33102,0,4.9035354
2025,24.25,3.75,1.4566281,65.27902,0,5.243861
2025,24.25,4.0,1.5045702,65.914505,0,5.416453
2025,24.25,4.25,1.4058489,67.00468,0,5.0610557
2025,24.25,4.5,1.2539712,69.591286,0,4.514296
2025,24.25,4.75,1.1767154,77.06914,0,4.236175
2025,24.25,5.0,1.136568,82.54358,0,4.0916443
2025,24.25,5.25,0.9335962,159.1742,0,3.3609462
2025,24.25,5.5,0.8708094,181.86789,0,3.1349137
2025,24.25,5.75,0.7917154,177.59546,0,2.8501754
2025,24.25,6.0,0.87298876,184.77225,0,3.1427596
2025,24.25,6.25,1.0520175,182.07674,0,3.7872627
2025,24.25,6.5,1.0146384,181.0962,0,3.6526983
2025,24.25,6.75,1.1476593,171.47865,0,4.131573
2025,24.25,7.0,1.3421474,168.41428,0,4.8317304
2025,24.25,7.25,1.4422711,161.51741,0,5.192176
2025,24.25,7.5,1.3453836,154.26782,0,4.843381
2025,24.25,7.75,1.3140341,137.57675,0,4.7305226
2025,24.25,8.0,1.2993764,124.863716,0,4.677755
2025,24.25,8.25,1.201364,114.28106,0,4.3249106
2025,24.25,8.5,1.1622413,109.153366,0,4.1840687
2025,24.25,8.75,1.2536267,119.54009,0,4.513056
2025,24.25,9.0,1.498187,84.689316,0,5.3934727
2025,24.25,9.25,1.6763734,83.7586,0,6.034944
2025,24.25,9.5,1.518234,82.74602,0,5.4656425
2025,24.25,9.75,1.5747947,101.25234,0,5.6692605
2025,24.25,10.0,1.5972466,90.861946,0,5.7500877
2025,24.25,10.25,1.5529084,117.59311,0,5.5904703
2025,24.25,10.5,1.4241127,119.31144,0,5.1268053
2025,24.25,10.75,1.660332,101.09134,0,5.977195
2025,24.25,11.0,1.6327826,99.84897,0,5.878017
2025,24.25,11.25,1.8335593,95.91569,0,6.6008134
2025,24.25,11.5,2.231529,91.4592,0,8.0335045
2025,24.25,11.75,2.5660224,93.10505,0,9.23768
2025,24.25,12.0,2.2322469,89.46306,0,8.036089
2025,24.0,-9.0,3.0592206,169.66238,0,11.013194
2025,24.0,-8.75,2.9653056,172.037,0,10.675099
2025,24.0,-8.5,2.892252,134.35641,0,10.4121065
2025,24.0,-8.25,2.8294325,135.59955,0,10.185957
2025,24.0,-8.0,2.7806551,135.92828,0,10.010358
2025,24.0,-7.75,2.7489362,135.98308,0,9.89617
2025,24.0,-7.5,2.7266304,96.73135,0,9.815869
2025,24.0,-7.25,2.689251,98.83565,0,9.681303
2025,24.0,-7.0,2.6187422,101.17403,0,9.427472
2025,24.0,-6.75,2.5450368,103.93049,0,9.162132
2025,24.0,-6.5,2.4776225,107.31006,0,8.919441
2025,24.0,-6.25,2.438409,110.73195,0,8.778273
2025,24.0,-6.0,2.3973944,114.04407,0,8.63062
2025,24.0,-5.75,2.3484697,116.943115,0,8.454491
2025,24.0,-5.5,2.3797064,118.34361,0,8.566943
2025,24.0,-5.25,2.4489539,79.51041,0,8.816234
2025,24.0,-5.0,2.538265,79.98272,0,9.1377535
2025,24.0,-4.75,2.6215558,79.822,0,9.437601
2025,24.0,-4.5,2.659301,79.432915,0,9.573483
2025,24.0,-4.25,2.6453905,79.554825,0,9.523406
2025,24.0,-4.0,2.6843603,80.583374,0,9.663696
2025,24.0,-3.75,2.722644,81.19655,0,9.801518
2025,24.0,-3.5,2.7432885,80.674934,0,9.875838
2025,24.0,-3.25,2.736003,79.27928,0,9.84961
2025,24.0,-3.0,2.7605605,77.80834,0,9.938018
2025,24.0,-2.75,2.8138819,75.86176,0,10.129974
2025,24.0,-2.5,2.8576326,34.831985,0,10.2874775
2025,24.0,-2.25,2.950808,36.2586,0,10.622909
2025,24.0,-2.0,3.0335712,38.545177,0,10.920856
2025,24.0,-1.75,2.9924235,38.557903,0,10.772724
2025,24.0,-1.5,2.8727472,35.595913,0,10.341889
2025,24.0,-1.25,2.8745067,33.599895,0,10.348224
2025,24.0,-1.0,2.8740802,32.010185,0,10.346688
2025,24.0,-0.75,2.864825,30.615993,0,10.31337
2025,24.0,-0.5,2.861651,29.321812,0,10.301943
2025,24.0,-0.25,2.8534834,28.38624,0,10.27254
2025,24.0,0.0,2.8305035,27.564684,0,10.189813
2025,24.0,0.25,2.7875624,25.786943,0,10.035224
2025,24.0,0.5,2.6871877,24.450338,0,9.673876
2025,24.0,0.75,2.5571318,23.091217,0,9.205674
2025,24.0,1.0,2.4056342,22.623953,0,8.660283
2025,24.0,1.25,2.248779,63.46152,0,8.095604
2025,24.0,1.5,2.0917366,64.02044,0,7.5302515
2025,24.0,1.75,1.9592729,64.419624,0,7.053382
2025,24.0,2.0,1.811893,62.8545,0,6.5228148
2025,24.0,2.25,1.6497021,59.16226,0,5.938927
2025,24.0,2.5,1.5071515,61.29454,0,5.425745
2025,24.0,2.75,1.4140557,64.15634,0,5.0906005
2025,24.0,3.0,1.3466029,68.45377,0,4.84777
2025,24.0,3.25,1.3858851,68.84056,0,4.9891863
2025,24.0,3.5,1.4855189,69.82926,0,5.347868
2025,24.0,3.75,1.4723386,71.49739,0,5.300419
2025,24.0,4.0,1.364562,73.493,0,4.912423
2025,24.0,4.25,1.2295761,77.40817,0,4.426474
2025,24.0,4.5,1.0729002,81.81003,0,3.8624406
2025,24.0,4.75,1.0710553,81.30321,0,3.855799
2025,24.0,5.0,1.1418656,83.11429,0,4.110716
2025,24.0,5.25,1.0481396,124.74733,0,3.7733023
2025,24.0,5.5,0.9902661,187.09093,0,3.5649579
2025,24.0,5.75,1.0105599,174.71295,0,3.6380155
2025,24.0,6.0,1.0305486,178.03278,0,3.7099748
2025,24.0,6.25,1.1349566,185.19014,0,4.0858436
2025,24.0,6.5,1.1967123,184.08478,0,4.308164
2025,24.0,6.75,1.281186,181.55257,0,4.6122694
2025,24.0,7.0,1.2701405,176.96953,0,4.572506
2025,24.0,7.25,1.2707922,170.10352,0,4.574852
2025,24.0,7.5,1.252476,153.8773,0,4.5089135
2025,24.0,7.75,1.4074326,146.58731,0,5.066757
2025,24.0,8.0,1.375243,140.35516,0,4.9508743
2025,24.0,8.25,1.2073338,137.95406,0,4.3464017
2025,24.0,8.5,1.084554,118.29979,0,3.9043941
2025,24.0,8.75,1.1911653,120.24173,0,4.288195
2025,24.0,9.0,1.4329149,98.40252,0,5.1584935
2025,24.0,9.25,1.6693274,93.20714,0,6.009578
2025,24.0,9.5,1.8930621,85.51083,0,6.8150234
2025,24.0,9.75,2.0376747,74.76983,0,7.3356285
2025,24.0,10.0,2.198687,100.19904,0,7.915273
2025,24.0,10.25,2.2119353,88.81406,0,7.962967
2025,24.0,10.5,1.919317,87.56297,0,6.909541
2025,24.0,10.75,1.9047508,93.81196,0,6.857103
2025,24.0,11.0,1.7892361,95.283485,0,6.44125
2025,24.0,11.25,1.7174833,90.64317,0,6.1829395
2025,24.0,11.5,2.0345247,85.002174,0,7.324289
2025,24.0,11.75,2.515952,79.47848,0,9.057427
2025,24.0,12.0,2.4164226,74.466644,0,8.699121
2025,23.75,-9.0,3.0508509,169.71059,0,10.983063
2025,23.75,-8.75,2.9643085,172.02972,0,10.671511
2025,23.75,-8.5,2.9152076,134.14357,0,10.494747
2025,23.75,-8.25,2.8754377,135.3779,0,10.351576
2025,23.75,-8.0,2.8266537,135.95265,0,10.175953
2025,23.75,-7.75,2.7581859,96.621666,0,9.929469
2025,23.75,-7.5,2.6623895,98.59527,0,9.584602
2025,23.75,-7.25,2.5557334,102.27595,0,9.20064
2025,23.75,-7.0,2.4638515,105.56306,0,8.869865
2025,23.75,-6.75,2.409414,108.40762,0,8.67389
2025,23.75,-6.5,2.3923845,111.126045,0,8.612584
2025,23.75,-6.25,2.4060016,113.918,0,8.661606
2025,23.75,-6.0,2.439416,116.284805,0,8.781898
2025,23.75,-5.75,2.4802408,116.96281,0,8.928866
2025,23.75,-5.5,2.5418956,76.62736,0,9.150824
2025,23.75,-5.25,2.6171138,76.72342,0,9.42161
2025,23.75,-5.0,2.6978786,77.25841,0,9.712362
2025,23.75,-4.75,2.7681372,77.89732,0,9.965294
2025,23.75,-4.5,2.7940743,78.65836,0,10.058667
2025,23.75,-4.25,2.7965803,79.01639,0,10.067689
2025,23.75,-4.0,2.8298213,80.08838,0,10.187357
2025,23.75,-3.75,2.8662312,81.06723,0,10.318432
2025,23.75,-3.5,2.8716621,81.14327,0,10.337983
2025,23.75,-3.25,2.8263674,79.86718,0,10.174922
2025,23.75,-3.0,2.7547088,37.474426,0,9.916951
2025,23.75,-2.75,2.7018712,74.14905,0,9.726736
2025,23.75,-2.5,2.6759348,32.7819,0,9.633365
2025,23.75,-2.25,2.7684536,35.681908,0,9.966433
2025,23.75,-2.0,2.9232972,39.601906,0,10.5238695
2025,23.75,-1.75,2.990387,40.26975,0,10.765393
2025,23.75,-1.5,2.877509,34.65697,0,10.359033
2025,23.75,-1.25,2.8399553,31.625458,0,10.223839
2025,23.75,-1.0,2.8299785,30.166342,0,10.1879225
2025,23.75,-0.75,2.8107316,28.505806,0,10.118633
2025,23.75,-0.5,2.785085,66.49577,0,10.026305
2025,23.75,-0.25,2.7566805,64.99381,0,9.924049
2025,23.75,0.0,2.7120004,64.30539,0,9.763201
2025,23.75,0.25,2.619687,63.18282,0,9.430873
2025,23.75,0.5,2.5040843,62.065105,0,9.014704
2025,23.75,0.75,2.365667,60.65013,0,8.516401
2025,23.75,1.0,2.2143128,59.505398,0,7.9715257
2025,23.75,1.25,2.0733938,59.43116,0,7.4642177
2025,23.75,1.5,1.9857873,60.816853,0,7.148834
2025,23.75,1.75,1.86866,64.01227,0,6.7271757
2025,23.75,2.0,1.7412534,66.08975,0,6.268512
2025,23.75,2.25,1.5969751,68.88756,0,5.74911
2025,23.75,2.5,1.4258541,70.957275,0,5.1330748
2025,23.75,2.75,1.2691253,71.47578,0,4.568851
2025,23.75,3.0,1.3055954,76.05238,0,4.7001433
2025,23.75,3.25,1.3793371,78.47564,0,4.9656134
2025,23.75,3.5,1.4277987,78.26193,0,5.140075
2025,23.75,3.75,1.3993795,79.08996,0,5.037766
2025,23.75,4.0,1.3143901,80.48739,0,4.731804
2025,23.75,4.25,1.2263074,81.45743,0,4.4147067
2025,23.75,4.5,1.1741472,80.592094,0,4.22693
2025,23.75,4.75,1.156423,78.323555,0,4.1631227
2025,23.75,5.0,1.2358218,91.78592,0,4.4489584
2025,23.75,5.25,1.1947403,107.32566,0,4.301065
2025,23.75,5.5,1.1547655,152.63867,0,4.1571555
2025,23.75,5.75,1.2814604,170.54189,0,4.6132574
2025,23.75,6.0,1.3633461,181.30301,0,4.908046
2025,23.75,6.25,1.4312915,187.5509,0,5.152649
2025,23.75,6.5,1.4056667,190.6714,0,5.0604
2025,23.75,6.75,1.2905097,189.2559,0,4.645835
2025,23.75,7.0,1.0829085,180.7173,0,3.8984706
2025,23.75,7.25,0.9536648,151.3278,0,3.4331932
2025,23.75,7.5,1.07489,140.8354,0,3.8696039
2025,23.75,7.75,1.4162776,138.4107,0,5.0985994
2025,23.75,8.0,1.4240788,134.64229,0,5.1266837
2025,23.75,8.25,1.2769641,132.29437,0,4.5970707
2025,23.75,8.5,1.184174,128.23128,0,4.263026
2025,23.75,8.75,1.2890148,122.829834,0,4.6404533
2025,23.75,9.0,1.5328381,100.33602,0,5.518217
2025,23.75,9.25,1.7193652,97.1165,0,6.189715
2025,23.75,9.5,1.9699197,89.48219,0,7.0917106
2025,23.75,9.75,2.257256,78.98107,0,8.1261215
2025,23.75,10.0,2.5724156,69.4117,0,9.260695
2025,23.75,10.25,2.7706003,64.27743,0,9.974161
2025,23.75,10.5,2.5982504,70.2888,0,9.353702
2025,23.75,10.75,2.435674,83.16795,0,8.768426
2025,23.75,11.0,2.1637964,90.21874,0,7.789667
2025,23.75,11.25,1.9285579,89.278564,0,6.942808
2025,23.75,11.5,1.9947807,81.79313,0,7.18121
2025,23.75,11.75,2.4036236,72.21446,0,8.653045
2025,23.75,12.0,2.6576753,63.976494,0,9.567631
2025,23.5,-9.0,2.9833155,170.03445,0,10.739936
2025,23.5,-8.75,2.9031866,171.28726,0,10.451471
2025,23.5,-8.5,2.850788,172.94409,0,10.262837
2025,23.5,-8.25,2.8012128,134.56648,0,10.084366
2025,23.5,-8.0,2.7376819,136.15688,0,9.855655
2025,23.5,-7.75,2.636222,98.92136,0,9.490398
2025,23.5,-7.5,2.5179183,103.19614,0,9.064506
2025,23.5,-7.25,2.4432182,107.34065,0,8.795586
2025,23.5,-7.0,2.4067235,109.329994,0,8.664205
2025,23.5,-6.75,2.3892715,110.89515,0,8.6013775
2025,23.5,-6.5,2.4152617,111.55987,0,8.694942
2025,23.5,-6.25,2.4566588,113.06983,0,8.843971
2025,23.5,-6.0,2.5259366,114.39437,0,9.093371
2025,23.5,-5.75,2.582747,114.66561,0,9.297889
2025,23.5,-5.5,2.629571,74.66123,0,9.466455
2025,23.5,-5.25,2.6870394,75.56669,0,9.673342
2025,23.5,-5.0,2.7573624,76.874954,0,9.926504
2025,23.5,-4.75,2.809664,78.63541,0,10.11479
2025,23.5,-4.5,2.8282025,79.88895,0,10.181529
2025,23.5,-4.25,2.819646,80.60672,0,10.150725
2025,23.5,-4.0,2.820855,81.332466,0,10.155077
2025,23.5,-3.75,2.8729851,41.66642,0,10.342746
2025,23.5,-3.5,2.9444828,40.81965,0,10.600138
2025,23.5,-3.25,2.9564655,39.099625,0,10.643275
2025,23.5,-3.0,2.8984542,37.135445,0,10.434435
2025,23.5,-2.75,2.7546964,34.99413,0,9.916906
2025,23.5,-2.5,2.6146317,33.26246,0,9.412674
2025,23.5,-2.25,2.5673532,35.95481,0,9.242472
2025,23.5,-2.0,2.6936488,40.51234,0,9.697136
2025,23.5,-1.75,2.8628314,41.036934,0,10.306192
2025,23.5,-1.5,2.8367643,33.644207,0,10.212352
2025,23.5,-1.25,2.7853594,29.723276,0,10.027293
2025,23.5,-1.0,2.7851398,68.47048,0,10.026503
2025,23.5,-0.75,2.7664745,66.79618,0,9.959308
2025,23.5,-0.5,2.719927,64.67996,0,9.791738
2025,23.5,-0.25,2.6668143,62.814888,0,9.600532
2025,23.5,0.0,2.5831761,61.69715,0,9.299434
2025,23.5,0.25,2.4646404,60.75919,0,8.872705
2025,23.5,0.5,2.3273296,58.86202,0,8.3783865
2025,23.5,0.75,2.178853,55.69081,0,7.8438706
2025,23.5,1.0,2.0379126,52.640217,0,7.3364854
2025,23.5,1.25,1.9284673,69.24825,0,6.942482
2025,23.5,1.5,1.8577129,69.94404,0,6.687766
2025,23.5,1.75,1.7612975,70.683556,0,6.3406706
2025,23.5,2.0,1.6763308,73.7189,0,6.0347905
2025,23.5,2.25,1.5562408,78.25948,0,5.6024666
2025,23.5,2.5,1.357853,80.27955,0,4.888271
2025,23.5,2.75,1.1640174,79.79937,0,4.1904626
2025,23.5,3.0,1.3356167,82.29284,0,4.80822
2025,23.5,3.25,1.42102,84.88728,0,5.115672
2025,23.5,3.5,1.4252363,83.87247,0,5.130851
2025,23.5,3.75,1.3866073,82.98289,0,4.991786
2025,23.5,4.0,1.3164841,82.76046,0,4.7393427
2025,23.5,4.25,1.2334157,81.04524,0,4.4402966
2025,23.5,4.5,1.1991472,119.36548,0,4.31693
2025,23.5,4.75,1.1607878,81.84454,0,4.178836
2025,23.5,5.0,1.1591469,103.58466,0,4.172929
2025,23.5,5.25,1.0891291,128.51013,0,3.9208646
2025,23.5,5.5,1.2428155,172.80984,0,4.474136
2025,23.5,5.75,1.5017444,180.97504,0,5.4062796
2025,23.5,6.0,1.4982452,189.38667,0,5.393683
2025,23.5,6.25,1.4686859,192.02054,0,5.287269
2025,23.5,6.5,1.3252563,194.1183,0,4.7709227
2025,23.5,6.75,0.99433166,194.46121,0,3.579594
2025,23.5,7.0,0.82580626,158.58873,0,2.9729025
2025,23.5,7.25,0.8456535,132.62326,0,3.0443525
2025,23.5,7.5,1.1343111,116.23343,0,4.08352
2025,23.5,7.75,1.5325818,120.25186,0,5.5172944
2025,23.5,8.0,1.5136085,123.19896,0,5.4489903
2025,23.5,8.25,1.3931285,123.54098,0,5.0152626
2025,23.5,8.5,1.3636047,122.65873,0,4.9089766
2025,23.5,8.75,1.4777935,119.13016,0,5.3200564
2025,23.5,9.0,1.6449538,97.0,0,5.9218335
2025,23.5,9.25,1.8840642,93.7478,0,6.782631
2025,23.5,9.5,2.123151,90.480034,0,7.6433434
2025,23.5,9.75,2.378312,84.39,0,8.561923
2025,23.5,10.0,2.6761959,76.728966,0,9.634305
2025,23.5,10.25,2.9915771,72.529465,0,10.769677
2025,23.5,10.5,3.068183,74.05983,0,11.045458
2025,23.5,10.75,3.0741336,76.1409,0,11.066881
2025,23.5,11.0,2.8493426,77.01535,0,10.257633
2025,23.5,11.25,2.5115623,78.96689,0,9.041624
2025,23.5,11.5,2.2380211,79.01339,0,8.056876
2025,23.5,11.75,2.325408,72.717735,0,8.371469
2025,23.5,12.0,2.66866,63.699203,0,9.607176
2025,23.25,-9.0,2.9221888,210.61456,0,10.519879
2025,23.25,-8.75,2.8296106,211.25359,0,10.186598
2025,23.25,-8.5,2.7422838,212.40231,0,9.872222
2025,23.25,-8.25,2.6660671,174.28712,0,9.597841
2025,23.25,-8.0,2.5476422,97.27924,0,9.171512
2025,23.25,-7.75,2.4322293,101.03109,0,8.756025
2025,23.25,-7.5,2.3896883,106.13931,0,8.602878
2025,23.25,-7.25,2.420433,108.60531,0,8.713559
2025,23.25,-7.0,2.4187257,109.569435,0,8.707413
2025,23.25,-6.75,2.447383,108.81993,0,8.810578
2025,23.25,-6.5,2.4733694,109.13578,0,8.904129
2025,23.25,-6.25,2.4913325,110.260414,0,8.968797
2025,23.25,-6.0,2.553674,112.14674,0,9.193226
2025,23.25,-5.75,2.631383,73.1702,0,9.472979
2025,23.25,-5.5,2.6917048,73.99655,0,9.690137
2025,23.25,-5.25,2.7503974,75.11633,0,9.90143
2025,23.25,-5.0,2.8232934,77.127716,0,10.1638565
2025,23.25,-4.75,2.8864458,79.07453,0,10.391205
2025,23.25,-4.5,2.958101,39.65925,0,10.649163
2025,23.25,-4.25,2.995598,40.614044,0,10.784153
2025,23.25,-4.0,2.9759297,41.034008,0,10.7133465
2025,23.25,-3.75,2.9293354,40.600292,0,10.545607
2025,23.25,-3.5,2.9535027,39.551598,0,10.632609
2025,23.25,-3.25,2.9830127,38.71003,0,10.738846
2025,23.25,-3.0,3.0146976,37.943066,0,10.852911
2025,23.25,-2.75,2.9407465,37.302727,0,10.586687
2025,23.25,-2.5,2.748303,35.969498,0,9.89389
2025,23.25,-2.25,2.6382296,37.4584,0,9.497626
2025,23.25,-2.0,2.610591,39.11437,0,9.398128
2025,23.25,-1.75,2.736874,38.987656,0,9.852747
2025,23.25,-1.5,2.7696588,30.70778,0,9.970772
2025,23.25,-1.25,2.737035,66.83954,0,9.853326
2025,23.25,-1.0,2.726176,65.88458,0,9.814234
2025,23.25,-0.75,2.6859868,65.41639,0,9.669552
2025,23.25,-0.5,2.632847,63.55713,0,9.47825
2025,23.25,-0.25,2.5587296,61.455154,0,9.211427
2025,23.25,0.0,2.4559562,59.577602,0,8.841442
2025,23.25,0.25,2.345706,57.32729,0,8.444541
2025,23.25,0.5,2.2083561,88.8893,0,7.950082
2025,23.25,0.75,2.0883455,77.898224,0,7.5180435
2025,23.25,1.0,1.961532,74.77469,0,7.061515
2025,23.25,1.25,1.85327,73.555984,0,6.671772
2025,23.25,1.5,1.7541227,74.06212,0,6.3148417
2025,23.25,1.75,1.6724467,77.25895,0,6.020808
2025,23.25,2.0,1.5995268,84.3117,0,5.758296
2025,23.25,2.25,1.4751089,86.00242,0,5.310392
2025,23.25,2.5,1.2941931,86.19154,0,4.6590953
2025,23.25,2.75,1.219892,85.48143,0,4.391611
2025,23.25,3.0,1.4238683,86.55655,0,5.1259255
2025,23.25,3.25,1.4777825,87.594246,0,5.320017
2025,23.25,3.5,1.4363878,86.54887,0,5.1709957
2025,23.25,3.75,1.3841748,85.10828,0,4.9830294
2025,23.25,4.0,1.3109105,83.038994,0,4.7192774
2025,23.25,4.25,1.242583,81.52961,0,4.473299
2025,23.25,4.5,1.19154,120.57286,0,4.289544
2025,23.25,4.75,1.174839,87.15754,0,4.22942
2025,23.25,5.0,1.2476946,110.25209,0,4.4917006
2025,23.25,5.25,1.0705357,165.5031,0,3.8539283
2025,23.25,5.5,1.250169,176.4686,0,4.5006084
2025,23.25,5.75,1.4432697,182.086,0,5.1957707
2025,23.25,6.0,1.2095187,191.19658,0,4.354267
2025,23.25,6.25,1.0281305,205.3752,0,3.7012699
2025,23.25,6.5,0.92826545,161.95718,0,3.3417556
2025,23.25,6.75,0.8311582,139.06168,0,2.9921696
2025,23.25,7.0,0.8732412,117.14125,0,3.1436682
2025,23.25,7.25,1.0513911,97.26828,0,3.785008
2025,23.25,7.5,1.4873636,87.78574,0,5.354509
2025,23.25,7.75,1.8095697,108.46506,0,6.514451
2025,23.25,8.0,1.7383639,113.80561,0,6.2581096
2025,23.25,8.25,1.4855665,115.09408,0,5.348039
2025,23.25,8.5,1.4156946,113.102394,0,5.0965004
2025,23.25,8.75,1.566783,115.810425,0,5.6404185
2025,23.25,9.0,1.787162,85.34518,0,6.433783
2025,23.25,9.25,2.0205548,86.55569,0,7.273997
2025,23.25,9.5,2.3014848,87.20011,0,8.285345
2025,23.25,9.75,2.4988654,84.00232,0,8.995915
2025,23.25,10.0,2.6106918,81.28302,0,9.39849
2025,23.25,10.25,2.8377213,77.79908,0,10.215796
2025,23.25,10.5,3.264953,76.91452,0,11.75383
2025,23.25,10.75,3.5792525,74.6985,0,12.885308
2025,23.25,11.0,3.4059966,72.762115,0,12.261587
2025,23.25,11.25,3.140597,70.139565,0,11.3061495
2025,23.25,11.5,2.8804622,69.20177,0,10.369663
2025,23.25,11.75,2.7111273,69.06063,0,9.760058
2025,23.25,12.0,2.8916698,64.97652,0,10.410011
2025,23.0,-9.0,2.8879602,211.20021,0,10.396656
2025,23.0,-8.75,2.7754881,212.09831,0,9.991757
2025,23.0,-8.5,2.672636,213.26736,0,9.62149
2025,23.0,-8.25,2.5562742,215.05547,0,9.202587
2025,23.0,-8.0,2.4384215,138.17377,0,8.778317
2025,23.0,-7.75,2.3629186,101.17313,0,8.506507
2025,23.0,-7.5,2.3564823,105.030975,0,8.4833355
2025,23.0,-7.25,2.4223058,106.795456,0,8.720301
2025,23.0,-7.0,2.4846792,106.74692,0,8.944845
2025,23.0,-6.75,2.5157926,106.39897,0,9.056853
2025,23.0,-6.5,2.5226588,107.67927,0,9.081572
2025,23.0,-6.25,2.5317662,109.21613,0,9.114358
2025,23.0,-6.0,2.56202,111.705444,0,9.223272
2025,23.0,-5.75,2.6279438,73.45961,0,9.460597
2025,23.0,-5.5,2.6795619,74.60103,0,9.646422
2025,23.0,-5.25,2.7177963,76.363266,0,9.784066
2025,23.0,-5.0,2.787379,78.538956,0,10.034564
2025,23.0,-4.75,2.850085,39.513805,0,10.260305
2025,23.0,-4.5,2.923207,39.40884,0,10.523545
2025,23.0,-4.25,3.0216417,40.142544,0,10.87791
2025,23.0,-4.0,3.1514082,40.40929,0,11.345069
2025,23.0,-3.75,3.107052,39.974384,0,11.185388
2025,23.0,-3.5,3.029516,39.34124,0,10.906258
2025,23.0,-3.25,3.004323,38.46671,0,10.815562
2025,23.0,-3.0,3.0132666,38.596592,0,10.847759
2025,23.0,-2.75,3.051897,40.50645,0,10.986829
2025,23.0,-2.5,2.9072447,40.130886,0,10.466081
2025,23.0,-2.25,2.7436817,38.52742,0,9.877254
2025,23.0,-2.0,2.7031596,39.423622,0,9.731374
2025,23.0,-1.75,2.6846542,34.05777,0,9.664755
2025,23.0,-1.5,2.7027152,66.13944,0,9.729774
2025,23.0,-1.25,2.6841726,63.56705,0,9.663021
2025,23.0,-1.0,2.6573803,63.8455,0,9.566569
2025,23.0,-0.75,2.6164536,63.36286,0,9.419233
2025,23.0,-0.5,2.5433638,61.687927,0,9.15611
2025,23.0,-0.25,2.4637554,58.69362,0,8.869519
2025,23.0,0.0,2.3636432,93.45175,0,8.509115
2025,23.0,0.25,2.2715285,82.43119,0,8.177503
2025,23.0,0.5,2.177001,77.928154,0,7.8372035
2025,23.0,0.75,2.0671978,76.17813,0,7.4419117
2025,23.0,1.0,1.9455283,74.86331,0,7.0039015
2025,23.0,1.25,1.8262247,75.13645,0,6.5744085
2025,23.0,1.5,1.7166799,76.69442,0,6.1800475
2025,23.0,1.75,1.648338,89.72097,0,5.9340167
2025,23.0,2.0,1.575346,92.23779,0,5.6712456
2025,23.0,2.25,1.4699656,91.82254,0,5.291876
2025,23.0,2.5,1.4027841,90.77827,0,5.0500226
2025,23.0,2.75,1.3834497,90.62737,0,4.9804187
2025,23.0,3.0,1.4954597,90.87986,0,5.3836546
2025,23.0,3.25,1.4702507,89.932304,0,5.2929025
2025,23.0,3.5,1.4360951,89.01156,0,5.1699424
2025,23.0,3.75,1.3651198,87.28443,0,4.914431
2025,23.0,4.0,1.2874146,85.723785,0,4.634692
2025,23.0,4.25,1.2436262,89.293,0,4.477054
2025,23.0,4.5,1.2537009,95.05512,0,4.513323
2025,23.0,4.75,1.3694363,107.66701,0,4.9299703
2025,23.0,5.0,1.5890008,101.43739,0,5.7204027
2025,23.0,5.25,1.3518178,94.96518,0,4.8665442
2025,23.0,5.5,1.2079597,155.18098,0,4.3486547
2025,23.0,5.75,1.3550541,176.04921,0,4.878195
2025,23.0,6.0,0.97950363,165.46289,0,3.526213
2025,23.0,6.25,0.86393666,134.16708,0,3.1101718
2025,23.0,6.5,0.9446908,143.18387,0,3.4008868
2025,23.0,6.75,0.99369556,118.94284,0,3.577304
2025,23.0,7.0,1.1389012,95.28433,0,4.1000443
2025,23.0,7.25,1.36678,76.276474,0,4.9204082
2025,23.0,7.5,1.8429658,93.563354,0,6.634677
2025,23.0,7.75,2.1227896,97.73846,0,7.6420426
2025,23.0,8.0,2.0422108,96.185394,0,7.3519588
2025,23.0,8.25,1.7480356,94.95574,0,6.2929277
2025,23.0,8.5,1.5614995,80.311295,0,5.621398
2025,23.0,8.75,1.7648578,76.95536,0,6.353488
2025,23.0,9.0,1.9549624,79.89926,0,7.037864
2025,23.0,9.25,2.1607208,82.18768,0,7.778595
2025,23.0,9.5,2.454809,83.42482,0,8.837312
2025,23.0,9.75,2.5575871,83.294525,0,9.207314
2025,23.0,10.0,2.6520998,80.74814,0,9.547559
2025,23.0,10.25,2.772381,78.87258,0,9.980572
2025,23.0,10.5,3.2165146,77.86266,0,11.5794525
2025,23.0,10.75,3.5281274,74.33369,0,12.701259
2025,23.0,11.0,3.5332236,69.0908,0,12.7196045
2025,23.0,11.25,3.3722908,66.0588,0,12.140246
2025,23.0,11.5,3.4238036,64.30928,0,12.325692
2025,23.0,11.75,3.29041,63.833862,0,11.845476
2025,23.0,12.0,3.074265,63.642815,0,11.067353
2025,22.75,-9.0,2.816013,211.5955,0,10.137647
2025,22.75,-8.75,2.7313488,213.081,0,9.832855
2025,22.75,-8.5,2.6312172,214.98946,0,9.472382
2025,22.75,-8.25,2.5320048,176.37848,0,9.115217
2025,22.75,-8.0,2.4490843,177.71207,0,8.816703
2025,22.75,-7.75,2.3930364,139.3576,0,8.614931
2025,22.75,-7.5,2.4212239,101.5512,0,8.716406
2025,22.75,-7.25,2.4932933,103.22201,0,8.975856
2025,22.75,-7.0,2.5509372,103.99784,0,9.183373
2025,22.75,-6.75,2.567551,105.45523,0,9.243183
2025,22.75,-6.5,2.561569,107.74231,0,9.221648
2025,22.75,-6.25,2.5519736,109.87617,0,9.187104
2025,22.75,-6.0,2.570737,72.78211,0,9.254653
2025,22.75,-5.75,2.6120234,74.97499,0,9.403284
2025,22.75,-5.5,2.6376402,76.85448,0,9.495504
2025,22.75,-5.25,2.6653063,39.14232,0,9.595102
2025,22.75,-5.0,2.6985624,41.009567,0,9.714825
2025,22.75,-4.75,2.7245924,41.3094,0,9.808533
2025,22.75,-4.5,2.7517836,40.1895,0,9.906421
2025,22.75,-4.25,2.8461432,40.240616,0,10.246116
2025,22.75,-4.0,2.9635687,40.30107,0,10.668847
2025,22.75,-3.75,3.0372322,40.498856,0,10.934035
2025,22.75,-3.5,3.110676,40.778645,0,11.198434
2025,22.75,-3.25,3.0489433,40.525356,0,10.976195
2025,22.75,-3.0,2.960195,41.273037,0,10.656702
2025,22.75,-2.75,2.9802563,44.222317,0,10.728923
2025,22.75,-2.5,2.9243011,45.53424,0,10.527484
2025,22.75,-2.25,2.8171802,46.326115,0,10.141849
2025,22.75,-2.0,2.7311714,41.26901,0,9.832216
2025,22.75,-1.75,2.688263,65.60974,0,9.677747
2025,22.75,-1.5,2.664109,62.35525,0,9.590792
2025,22.75,-1.25,2.6403317,60.197807,0,9.505194
2025,22.75,-1.0,2.604415,59.77731,0,9.375894
2025,22.75,-0.75,2.5498035,58.051933,0,9.179293
2025,22.75,-0.5,2.487757,93.17966,0,8.955925
2025,22.75,-0.25,2.4055462,84.53979,0,8.659966
2025,22.75,0.0,2.3547482,80.4689,0,8.477094
2025,22.75,0.25,2.27288,78.24693,0,8.182368
2025,22.75,0.5,2.1733394,76.849594,0,7.8240213
2025,22.75,0.75,2.0716438,76.109184,0,7.4579177
2025,22.75,1.0,1.9615655,76.16068,0,7.0616355
2025,22.75,1.25,1.8484396,76.80627,0,6.654382
2025,22.75,1.5,1.7332916,80.15678,0,6.2398496
2025,22.75,1.75,1.6941395,95.296906,0,6.0989017
2025,22.75,2.0,1.6528392,95.539276,0,5.950221
2025,22.75,2.25,1.5816553,94.877266,0,5.6939588
2025,22.75,2.5,1.5139837,93.91578,0,5.450341
2025,22.75,2.75,1.5068187,94.30721,0,5.424547
2025,22.75,3.0,1.545539,94.38918,0,5.5639405
2025,22.75,3.25,1.4914594,93.311195,0,5.3692536
2025,22.75,3.5,1.4274603,92.14933,0,5.138857
2025,22.75,3.75,1.3953863,92.57808,0,5.023391
2025,22.75,4.0,1.358803,94.75661,0,4.8916907
2025,22.75,4.25,1.3929827,101.12103,0,5.0147376
2025,22.75,4.5,1.5136591,108.38699,0,5.4491725
2025,22.75,4.75,1.6802529,112.777794,0,6.04891
2025,22.75,5.0,1.8369842,105.15238,0,6.613143
2025,22.75,5.25,1.8291965,88.50914,0,6.585107
2025,22.75,5.5,1.5968571,101.32834,0,5.7486854
2025,22.75,5.75,1.4294246,116.42738,0,5.1459284
2025,22.75,6.0,1.1421188,105.546455,0,4.1116276
2025,22.75,6.25,1.0333984,109.092125,0,3.7202342
2025,22.75,6.5,1.0321722,87.77071,0,3.7158198
2025,22.75,6.75,1.213962,102.63383,0,4.370263
2025,22.75,7.0,1.4385068,73.39692,0,5.1786246
2025,22.75,7.25,1.7549349,84.79258,0,6.3177657
2025,22.75,7.5,2.1661956,92.63143,0,7.798304
2025,22.75,7.75,2.480282,92.16933,0,8.929015
2025,22.75,8.0,2.4056876,86.021255,0,8.660475
2025,22.75,8.25,2.0779617,78.7167,0,7.480662
2025,22.75,8.5,1.8544059,75.0975,0,6.675861
2025,22.75,8.75,1.9716964,75.90592,0,7.098107
2025,22.75,9.0,2.1096883,78.84621,0,7.5948777
2025,22.75,9.25,2.2696164,80.72897,0,8.170619
2025,22.75,9.5,2.5879216,82.74089,0,9.316518
2025,22.75,9.75,2.7312768,82.12973,0,9.832596
2025,22.75,10.0,2.6705139,79.752945,0,9.61385
2025,22.75,10.25,2.7299688,77.7532,0,9.827888
2025,22.75,10.5,3.1070013,76.00453,0,11.1852045
2025,22.75,10.75,3.4481485,72.18163,0,12.413334
2025,22.75,11.0,3.5058153,67.165665,0,12.6209345
2025,22.75,11.25,3.69787,63.650608,0,13.312332
2025,22.75,11.5,3.8485565,62.355537,0,13.854803
2025,22.75,11.75,3.5495355,61.54902,0,12.778328
2025,22.75,12.0,3.2055035,60.409336,0,11.539812
2025,22.5,-9.0,2.694409,211.72542,0,9.699872
2025,22.5,-8.75,2.6431556,213.85081,0,9.51536
2025,22.5,-8.5,2.6308208,175.6892,0,9.470955
2025,22.5,-8.25,2.5551524,176.53319,0,9.198548
2025,22.5,-8.0,2.5002291,176.82942,0,9.000825
2025,22.5,-7.75,2.4756405,177.69554,0,8.912306
2025,22.5,-7.5,2.5041347,179.15466,0,9.014885
2025,22.5,-7.25,2.5289915,141.15504,0,9.104369
2025,22.5,-7.0,2.5685837,103.15158,0,9.2469015
2025,22.5,-6.75,2.579693,105.412125,0,9.286895
2025,22.5,-6.5,2.57635,108.32309,0,9.274859
2025,22.5,-6.25,2.5828114,110.62157,0,9.2981205
2025,22.5,-6.0,2.6089418,33.7351,0,9.39219
2025,22.5,-5.75,2.6268606,36.60519,0,9.456698
2025,22.5,-5.5,2.6270437,40.14918,0,9.457357
2025,22.5,-5.25,2.6463485,42.78848,0,9.5268545
2025,22.5,-5.0,2.630395,45.775887,0,9.469421
2025,22.5,-4.75,2.6152053,46.333813,0,9.414739
2025,22.5,-4.5,2.5906515,45.54908,0,9.326345
2025,22.5,-4.25,2.575735,44.85638,0,9.272646
2025,22.5,-4.0,2.711382,43.932358,0,9.760975
2025,22.5,-3.75,2.8246062,44.43669,0,10.168582
2025,22.5,-3.5,2.951408,44.73387,0,10.625069
2025,22.5,-3.25,3.0015674,45.6347,0,10.805642
2025,22.5,-3.0,2.9004533,47.5373,0,10.441631
2025,22.5,-2.75,2.8715923,51.89522,0,10.337732
2025,22.5,-2.5,2.8758404,53.96673,0,10.353025
2025,22.5,-2.25,2.8210492,54.533264,0,10.155777
2025,22.5,-2.0,2.7437973,59.02663,0,9.87767
2025,22.5,-1.75,2.6953018,58.99692,0,9.703086
2025,22.5,-1.5,2.6621077,95.85482,0,9.583588
2025,22.5,-1.25,2.621412,91.28122,0,9.437083
2025,22.5,-1.0,2.5874608,87.911255,0,9.314858
2025,22.5,-0.75,2.5375497,84.15568,0,9.135179
2025,22.5,-0.5,2.491797,81.69412,0,8.9704685
2025,22.5,-0.25,2.4272668,79.83411,0,8.73816
2025,22.5,0.0,2.3807971,78.16851,0,8.570869
2025,22.5,0.25,2.294791,77.24493,0,8.261248
2025,22.5,0.5,2.1936622,76.66258,0,7.8971834
2025,22.5,0.75,2.0828786,76.87082,0,7.4983625
2025,22.5,1.0,1.9832444,77.33441,0,7.13968
2025,22.5,1.25,1.8901877,117.52949,0,6.8046756
2025,22.5,1.5,1.7926102,96.7619,0,6.4533963
2025,22.5,1.75,1.7531615,97.2327,0,6.3113813
2025,22.5,2.0,1.7042459,97.361465,0,6.1352854
2025,22.5,2.25,1.646251,96.96806,0,5.926503
2025,22.5,2.5,1.6007253,97.277985,0,5.762611
2025,22.5,2.75,1.5894027,97.55905,0,5.7218494
2025,22.5,3.0,1.5589622,97.495674,0,5.6122637
2025,22.5,3.25,1.5017595,96.64355,0,5.406334
2025,22.5,3.5,1.436608,95.89813,0,5.1717887
2025,22.5,3.75,1.438766,97.445335,0,5.1795573
2025,22.5,4.0,1.4725802,101.99955,0,5.3012886
2025,22.5,4.25,1.6202098,104.49759,0,5.832755
2025,22.5,4.5,1.7899271,107.81547,0,6.4437375
2025,22.5,4.75,1.9444413,106.93261,0,6.9999886
2025,22.5,5.0,2.0381958,101.45705,0,7.337505
2025,22.5,5.25,2.0236006,86.12915,0,7.2849617
2025,22.5,5.5,1.910575,71.91995,0,6.87807
2025,22.5,5.75,1.650776,95.55279,0,5.9427934
2025,22.5,6.0,1.4029928,88.38429,0,5.050774
2025,22.5,6.25,1.2394297,95.893295,0,4.461947
2025,22.5,6.5,1.210164,69.86808,0,4.3565903
2025,22.5,6.75,1.4791284,77.21669,0,5.324862
2025,22.5,7.0,1.767893,82.89034,0,6.3644147
2025,22.5,7.25,2.0067182,85.923676,0,7.224185
2025,22.5,7.5,2.3864136,89.680305,0,8.591088
2025,22.5,7.75,2.6563864,87.27691,0,9.562991
2025,22.5,8.0,2.6622424,81.06088,0,9.584072
2025,22.5,8.25,2.377749,75.14426,0,8.559896
2025,22.5,8.5,2.2350094,75.09318,0,8.046034
2025,22.5,8.75,2.2367828,77.584625,0,8.052418
2025,22.5,9.0,2.2323854,80.339386,0,8.036587
2025,22.5,9.25,2.3739831,81.99246,0,8.546339
2025,22.5,9.5,2.6166525,82.99039,0,9.419949
2025,22.5,9.75,2.8067677,81.34329,0,10.104363
2025,22.5,10.0,2.7792327,78.577095,0,10.005238
2025,22.5,10.25,2.7891476,75.40535,0,10.040931
2025,22.5,10.5,3.064133,72.84041,0,11.030878
2025,22.5,10.75,3.3564043,70.06815,0,12.0830555
2025,22.5,11.0,3.529901,66.04696,0,12.7076435
2025,22.5,11.25,3.7399821,63.203384,0,13.463935
2025,22.5,11.5,3.8621113,62.691025,0,13.903601
2025,22.5,11.75,3.593998,61.477985,0,12.938393
2025,22.5,12.0,3.3377502,57.999626,0,12.015901
2025,22.25,-9.0,2.6138196,212.05693,0,9.40975
2025,22.25,-8.75,2.5853636,173.27979,0,9.307309
2025,22.25,-8.5,2.5806043,135.04356,0,9.290175
2025,22.25,-8.25,2.5806696,135.82048,0,9.29041
2025,22.25,-8.0,2.5429673,135.7417,0,9.154682
2025,22.25,-7.75,2.5211172,136.61327,0,9.076022
2025,22.25,-7.5,2.5120978,137.5405,0,9.043552
2025,22.25,-7.25,2.532058,139.62097,0,9.115409
2025,22.25,-7.0,2.558478,101.52462,0,9.210521
2025,22.25,-6.75,2.5685785,64.29333,0,9.246882
2025,22.25,-6.5,2.5934172,27.19554,0,9.336302
2025,22.25,-6.25,2.625511,29.832903,0,9.451839
2025,22.25,-6.0,2.659887,33.566322,0,9.575593
2025,22.25,-5.75,2.693807,37.803757,0,9.697704
2025,22.25,-5.5,2.6985781,42.13777,0,9.714881
2025,22.25,-5.25,2.704505,47.129345,0,9.7362175
2025,22.25,-5.0,2.67731,50.53939,0,9.638316
2025,22.25,-4.75,2.6115272,51.876625,0,9.401498
2025,22.25,-4.5,2.5489237,53.74393,0,9.176126
2025,22.25,-4.25,2.5121822,55.27425,0,9.043856
2025,22.25,-4.0,2.4918456,56.970703,0,8.970644
2025,22.25,-3.75,2.5846028,56.600334,0,9.30457
2025,22.25,-3.5,2.6526747,56.475815,0,9.549628
2025,22.25,-3.25,2.7739077,56.224304,0,9.986068
2025,22.25,-3.0,2.768067,57.767593,0,9.96504
2025,22.25,-2.75,2.7943683,60.426865,0,10.059726
2025,22.25,-2.5,2.8109255,62.790344,0,10.119331
2025,22.25,-2.25,2.8006394,63.57259,0,10.082301
2025,22.25,-2.0,2.7431738,71.42793,0,9.875425
2025,22.25,-1.75,2.7378807,82.70937,0,9.85637
2025,22.25,-1.5,2.7292864,82.63001,0,9.825431
2025,22.25,-1.25,2.6975365,81.787735,0,9.711131
2025,22.25,-1.0,2.6466084,80.64985,0,9.52779
2025,22.25,-0.75,2.6040182,79.635605,0,9.374465
2025,22.25,-0.5,2.5479102,78.889984,0,9.172477
2025,22.25,-0.25,2.487769,77.74112,0,8.955968
2025,22.25,0.0,2.4094572,76.77729,0,8.674046
2025,22.25,0.25,2.320547,116.78925,0,8.35397
2025,22.25,0.5,2.2215507,117.46486,0,7.9975824
2025,22.25,0.75,2.1140401,117.78277,0,7.610544
2025,22.25,1.0,2.008476,117.613174,0,7.2305136
2025,22.25,1.25,1.9207807,115.385796,0,6.91481
2025,22.25,1.5,1.8594317,100.443565,0,6.693954
2025,22.25,1.75,1.7993846,99.59173,0,6.477784
2025,22.25,2.0,1.7394054,99.70432,0,6.2618594
2025,22.25,2.25,1.672084,100.60634,0,6.019502
2025,22.25,2.5,1.627515,101.204155,0,5.8590536
2025,22.25,2.75,1.5886835,100.89097,0,5.71926
2025,22.25,3.0,1.5511537,100.844536,0,5.584153
2025,22.25,3.25,1.4828751,100.141914,0,5.3383503
2025,22.25,3.5,1.4568431,100.06845,0,5.244635
2025,22.25,3.75,1.4859829,102.46926,0,5.3495383
2025,22.25,4.0,1.599726,103.86069,0,5.759013
2025,22.25,4.25,1.7681805,105.35658,0,6.3654494
2025,22.25,4.5,1.9587888,103.26988,0,7.0516396
2025,22.25,4.75,2.1426623,99.979965,0,7.713584
2025,22.25,5.0,2.2129295,95.152084,0,7.966546
2025,22.25,5.25,2.1647425,85.58918,0,7.7930727
2025,22.25,5.5,2.0764997,73.75868,0,7.4753985
2025,22.25,5.75,2.0055535,68.77949,0,7.219992
2025,22.25,6.0,1.7572404,66.821594,0,6.3260655
2025,22.25,6.25,1.595992,70.35738,0,5.745571
2025,22.25,6.5,1.5313576,76.83438,0,5.5128875
2025,22.25,6.75,1.8217564,81.16884,0,6.558323
2025,22.25,7.0,2.036036,83.52493,0,7.3297296
2025,22.25,7.25,2.2719889,85.93399,0,8.17916
2025,22.25,7.5,2.4398174,87.0977,0,8.783342
2025,22.25,7.75,2.6964235,84.62943,0,9.707125
2025,22.25,8.0,2.7772386,80.15367,0,9.998058
2025,22.25,8.25,2.6637866,76.9337,0,9.589632
2025,22.25,8.5,2.5230246,77.322296,0,9.082889
2025,22.25,8.75,2.4049587,80.091675,0,8.657851
2025,22.25,9.0,2.3998957,82.58398,0,8.639625
2025,22.25,9.25,2.3810308,83.67055,0,8.571711
2025,22.25,9.5,2.5465784,83.58208,0,9.167682
2025,22.25,9.75,2.7646568,80.423965,0,9.9527645
2025,22.25,10.0,2.8269153,76.5789,0,10.176895
2025,22.25,10.25,2.8255928,73.187836,0,10.172133
2025,22.25,10.5,2.9181373,70.551704,0,10.505294
2025,22.25,10.75,3.1951191,67.84932,0,11.502429
2025,22.25,11.0,3.376096,65.60867,0,12.153945
2025,22.25,11.25,3.562289,63.6137,0,12.82424
2025,22.25,11.5,3.6557117,63.412502,0,13.160562
2025,22.25,11.75,3.66722,62.15312,0,13.201992
2025,22.25,12.0,3.4082952,58.817993,0,12.269862
2025,22.0,-9.0,2.6330202,132.10745,0,9.478872
2025,22.0,-8.75,2.6027594,133.0694,0,9.369933
2025,22.0,-8.5,2.5897217,133.84566,0,9.322998
2025,22.0,-8.25,2.6051273,134.66081,0,9.378458
2025,22.0,-8.0,2.5719686,134.6695,0,9.259087
2025,22.0,-7.75,2.536523,135.57626,0,9.131483
2025,22.0,-7.5,2.5095055,135.99875,0,9.03422
2025,22.0,-7.25,2.49863,136.36949,0,8.995068
2025,22.0,-7.0,2.524336,137.83403,0,9.087609
2025,22.0,-6.75,2.5623896,99.1426,0,9.224603
2025,22.0,-6.5,2.60235,62.37009,0,9.36846
2025,22.0,-6.25,2.6459754,68.11554,0,9.525511
2025,22.0,-6.0,2.6984775,34.778564,0,9.714519
2025,22.0,-5.75,2.7412558,39.76857,0,9.868521
2025,22.0,-5.5,2.769164,45.327904,0,9.96899
2025,22.0,-5.25,2.7895746,50.485706,0,10.042468
2025,22.0,-5.0,2.801895,53.762688,0,10.086822
2025,22.0,-4.75,2.713078,55.051373,0,9.76708
2025,22.0,-4.5,2.6324,57.18715,0,9.47664
2025,22.0,-4.25,2.597351,59.561447,0,9.350464
2025,22.0,-4.0,2.5650702,61.74577,0,9.234252
2025,22.0,-3.75,2.5221577,64.33637,0,9.079767
2025,22.0,-3.5,2.512584,65.873985,0,9.045302
2025,22.0,-3.25,2.5412283,67.38193,0,9.148421
2025,22.0,-3.0,2.6501567,68.2768,0,9.540564
2025,22.0,-2.75,2.7271762,69.23226,0,9.817834
2025,22.0,-2.5,2.7836642,70.273895,0,10.021191
2025,22.0,-2.25,2.8014684,74.13161,0,10.085286
2025,22.0,-2.0,2.8070362,77.84757,0,10.1053295
2025,22.0,-1.75,2.813747,78.90662,0,10.129489
2025,22.0,-1.5,2.8174696,78.91243,0,10.14289
2025,22.0,-1.25,2.7870576,79.009636,0,10.033407
2025,22.0,-1.0,2.7344756,78.44916,0,9.844112
2025,22.0,-0.75,2.670008,77.57224,0,9.612028
2025,22.0,-0.5,2.6111557,76.995636,0,9.400161
2025,22.0,-0.25,2.5313337,76.5546,0,9.112801
2025,22.0,0.0,2.4183547,115.8235,0,8.706077
2025,22.0,0.25,2.3226132,116.35894,0,8.361407
2025,22.0,0.5,2.2339551,117.20143,0,8.042238
2025,22.0,0.75,2.1421597,117.41097,0,7.711775
2025,22.0,1.0,2.037286,116.17053,0,7.3342295
2025,22.0,1.25,1.9473932,108.72182,0,7.0106153
2025,22.0,1.5,1.90211,102.52219,0,6.8475957
2025,22.0,1.75,1.8402195,102.21076,0,6.62479
2025,22.0,2.0,1.7568675,102.30291,0,6.324723
2025,22.0,2.25,1.6887567,103.52987,0,6.079524
2025,22.0,2.5,1.6323514,104.463745,0,5.876465
2025,22.0,2.75,1.6004175,104.640114,0,5.7615027
2025,22.0,3.0,1.543435,103.67505,0,5.556366
2025,22.0,3.25,1.4401647,103.62725,0,5.1845927
2025,22.0,3.5,1.445363,104.80728,0,5.2033067
2025,22.0,3.75,1.5310858,105.402985,0,5.511909
2025,22.0,4.0,1.6550581,105.822296,0,5.958209
2025,22.0,4.25,1.7960008,104.72986,0,6.465603
2025,22.0,4.5,1.9865704,102.14306,0,7.1516533
2025,22.0,4.75,2.1678636,97.34525,0,7.804309
2025,22.0,5.0,2.2388759,90.706406,0,8.059953
2025,22.0,5.25,2.1924684,82.67392,0,7.892886
2025,22.0,5.5,2.1828969,77.396935,0,7.8584285
2025,22.0,5.75,2.1349297,73.78799,0,7.6857467
2025,22.0,6.0,2.1073685,72.45902,0,7.5865264
2025,22.0,6.25,2.0121372,73.94632,0,7.243694
2025,22.0,6.5,1.9609337,77.321304,0,7.059361
2025,22.0,6.75,2.082801,80.79203,0,7.4980836
2025,22.0,7.0,2.276824,82.13532,0,8.196567
2025,22.0,7.25,2.4380472,82.68788,0,8.77697
2025,22.0,7.5,2.5818365,83.557724,0,9.294611
2025,22.0,7.75,2.752441,84.753784,0,9.908787
2025,22.0,8.0,2.908143,81.9764,0,10.469315
2025,22.0,8.25,2.866373,79.407364,0,10.318943
2025,22.0,8.5,2.7390392,80.35261,0,9.86054
2025,22.0,8.75,2.61578,83.368195,0,9.416808
2025,22.0,9.0,2.5272508,85.96822,0,9.098103
2025,22.0,9.25,2.4775174,87.09641,0,8.919063
2025,22.0,9.5,2.406072,83.22243,0,8.661859
2025,22.0,9.75,2.6041257,78.60456,0,9.374852
2025,22.0,10.0,2.7174425,74.26747,0,9.782793
2025,22.0,10.25,2.7942514,70.75163,0,10.059305
2025,22.0,10.5,2.8678257,68.279816,0,10.324172
2025,22.0,10.75,2.970976,67.0907,0,10.695514
2025,22.0,11.0,3.1351244,65.14456,0,11.286448
2025,22.0,11.25,3.3047485,64.15102,0,11.897095
2025,22.0,11.5,3.4450445,64.05786,0,12.40216
2025,22.0,11.75,3.531684,63.124424,0,12.714062
2025,22.0,12.0,3.5204484,62.128933,0,12.6736145
2025,21.75,-9.0,2.7342563,133.12726,0,9.843323
2025,21.75,-8.75,2.6966777,133.40192,0,9.708039
2025,21.75,-8.5,2.671414,133.60782,0,9.61709
2025,21.75,-8.25,2.6457257,133.83858,0,9.524612
2025,21.75,-8.0,2.6014242,133.71921,0,9.365127
2025,21.75,-7.75,2.5731945,134.29774,0,9.2635
2025,21.75,-7.5,2.5385947,133.87654,0,9.138941
2025,21.75,-7.25,2.5199192,92.891495,0,9.071709
2025,21.75,-7.0,2.516852,90.75633,0,9.060667
2025,21.75,-6.75,2.5474145,89.09761,0,9.170692
2025,21.75,-6.5,2.5874062,85.465,0,9.314662
2025,21.75,-6.25,2.6290233,78.30101,0,9.464483
2025,21.75,-6.0,2.6734233,77.99245,0,9.624324
2025,21.75,-5.75,2.671792,79.7416,0,9.618451
2025,21.75,-5.5,2.6920242,46.067562,0,9.691287
2025,21.75,-5.25,2.764854,57.74463,0,9.953474
2025,21.75,-5.0,2.8323631,59.981037,0,10.196507
2025,21.75,-4.75,2.8190706,61.7613,0,10.148654
2025,21.75,-4.5,2.7670867,64.483116,0,9.961512
2025,21.75,-4.25,2.7331002,66.88851,0,9.83916
2025,21.75,-4.0,2.7169096,69.037025,0,9.780874
2025,21.75,-3.75,2.68484,70.71674,0,9.665423
2025,21.75,-3.5,2.632179,71.50269,0,9.475844
2025,21.75,-3.25,2.561444,72.61684,0,9.221198
2025,21.75,-3.0,2.63726,73.657585,0,9.494136
2025,21.75,-2.75,2.7203274,74.08747,0,9.793179
2025,21.75,-2.5,2.7936053,75.360634,0,10.056979
2025,21.75,-2.25,2.8354764,76.99958,0,10.207715
2025,21.75,-2.0,2.8501182,77.71151,0,10.260426
2025,21.75,-1.75,2.8359098,77.35509,0,10.209275
2025,21.75,-1.5,2.8338082,77.6497,0,10.201709
2025,21.75,-1.25,2.8106701,77.96773,0,10.118412
2025,21.75,-1.0,2.7397804,77.00966,0,9.86321
2025,21.75,-0.75,2.666778,76.06635,0,9.600401
2025,21.75,-0.5,2.6039994,115.921234,0,9.374397
2025,21.75,-0.25,2.5356474,116.13333,0,9.12833
2025,21.75,0.0,2.4128644,115.41671,0,8.686312
2025,21.75,0.25,2.2967649,115.40131,0,8.268353
2025,21.75,0.5,2.2013054,115.605034,0,7.9246993
2025,21.75,0.75,2.1290538,114.9879,0,7.6645937
2025,21.75,1.0,2.05973,111.73093,0,7.415028
2025,21.75,1.25,1.997363,105.77159,0,7.1905065
2025,21.75,1.5,1.94078,104.305855,0,6.986808
2025,21.75,1.75,1.8838106,104.40507,0,6.7817183
2025,21.75,2.0,1.7951173,105.12095,0,6.462422
2025,21.75,2.25,1.7020736,106.573746,0,6.127465
2025,21.75,2.5,1.6452681,107.74784,0,5.922965
2025,21.75,2.75,1.6085519,107.34268,0,5.7907867
2025,21.75,3.0,1.5556123,106.00298,0,5.600204
2025,21.75,3.25,1.4115564,105.498245,0,5.0816026
2025,21.75,3.5,1.4330152,107.132545,0,5.1588545
2025,21.75,3.75,1.554305,107.30631,0,5.5954976
2025,21.75,4.0,1.6702513,106.75511,0,6.012904
2025,21.75,4.25,1.7843211,104.837685,0,6.423556
2025,21.75,4.5,1.924026,100.92574,0,6.9264936
2025,21.75,4.75,2.111736,96.36354,0,7.6022496
2025,21.75,5.0,2.15991,89.99529,0,7.775676
2025,21.75,5.25,2.1449842,84.77623,0,7.721943
2025,21.75,5.5,2.1699266,80.69254,0,7.8117356
2025,21.75,5.75,2.2104115,78.21248,0,7.9574814
2025,21.75,6.0,2.2276921,76.50192,0,8.019691
2025,21.75,6.25,2.2184553,75.44304,0,7.9864388
2025,21.75,6.5,2.15861,76.91989,0,7.770996
2025,21.75,6.75,2.1604156,79.70473,0,7.7774963
2025,21.75,7.0,2.2880833,80.33533,0,8.2371
2025,21.75,7.25,2.466625,80.87357,0,8.879849
2025,21.75,7.5,2.6427119,82.63844,0,9.513762
2025,21.75,7.75,2.7903578,84.53736,0,10.045288
2025,21.75,8.0,2.8810081,84.59957,0,10.371629
2025,21.75,8.25,2.8744211,83.20276,0,10.347916
2025,21.75,8.5,2.8338268,84.13661,0,10.2017765
2025,21.75,8.75,2.825494,86.329636,0,10.171779
2025,21.75,9.0,2.7296796,88.28517,0,9.826846
2025,21.75,9.25,2.4991388,87.0504,0,8.9969
2025,21.75,9.5,2.2737763,81.628235,0,8.185595
2025,21.75,9.75,2.412451,76.757225,0,8.684823
2025,21.75,10.0,2.5694258,72.5692,0,9.249932
2025,21.75,10.25,2.6703718,69.042175,0,9.613338
2025,21.75,10.5,2.7368915,67.07471,0,9.852809
2025,21.75,10.75,2.817045,66.18124,0,10.141361
2025,21.75,11.0,2.9163022,65.78405,0,10.498688
2025,21.75,11.25,3.0288806,65.37371,0,10.90397
2025,21.75,11.5,3.265017,65.267,0,11.754061
2025,21.75,11.75,3.389916,66.39547,0,12.203697
2025,21.75,12.0,3.4141207,66.304115,0,12.290834
2025,21.5,-9.0,2.7487853,93.27347,0,9.895627
2025,21.5,-8.75,2.7306986,93.62911,0,9.830515
2025,21.5,-8.5,2.73149,93.628746,0,9.833364
2025,21.5,-8.25,2.7223666,93.971085,0,9.800519
2025,21.5,-8.0,2.6860936,93.34261,0,9.669936
2025,21.5,-7.75,2.6636221,92.62138,0,9.58904
2025,21.5,-7.5,2.6407826,92.58575,0,9.506817
2025,21.5,-7.25,2.6150825,91.20014,0,9.414297
2025,21.5,-7.0,2.5895598,87.768524,0,9.322415
2025,21.5,-6.75,2.5787764,83.59842,0,9.283595
2025,21.5,-6.5,2.596138,79.7951,0,9.346097
2025,21.5,-6.25,2.6067145,77.140625,0,9.3841715
2025,21.5,-6.0,2.604118,75.15489,0,9.374825
2025,21.5,-5.75,2.5837822,72.94746,0,9.301616
2025,21.5,-5.5,2.608935,71.29431,0,9.392166
2025,21.5,-5.25,2.688737,70.80246,0,9.679453
2025,21.5,-5.0,2.7696078,70.544426,0,9.970588
2025,21.5,-4.75,2.8063834,71.12987,0,10.10298
2025,21.5,-4.5,2.8121934,71.62552,0,10.123896
2025,21.5,-4.25,2.808023,72.10326,0,10.108883
2025,21.5,-4.0,2.8027754,72.857635,0,10.089992
2025,21.5,-3.75,2.8036711,73.516205,0,10.093216
2025,21.5,-3.5,2.7990906,73.829254,0,10.076726
2025,21.5,-3.25,2.7473478,74.47866,0,9.890452
2025,21.5,-3.0,2.7411206,75.29485,0,9.868033
2025,21.5,-2.75,2.7787457,75.769775,0,10.003484
2025,21.5,-2.5,2.829274,76.2826,0,10.185386
2025,21.5,-2.25,2.873864,76.5889,0,10.34591
2025,21.5,-2.0,2.8873332,76.36539,0,10.394399
2025,21.5,-1.75,2.8511212,75.77764,0,10.264036
2025,21.5,-1.5,2.8213143,76.55006,0,10.156732
2025,21.5,-1.25,2.8120942,77.17158,0,10.123539
2025,21.5,-1.0,2.7265866,116.216484,0,9.815711
2025,21.5,-0.75,2.6265168,115.28383,0,9.455461
2025,21.5,-0.5,2.5560527,115.34134,0,9.20179
2025,21.5,-0.25,2.5164692,115.91246,0,9.059289
2025,21.5,0.0,2.4327304,115.48758,0,8.75783
2025,21.5,0.25,2.2915518,115.18384,0,8.249586
2025,21.5,0.5,2.1780398,114.3035,0,7.840943
2025,21.5,0.75,2.1085024,112.31942,0,7.5906086
2025,21.5,1.0,2.0636084,108.79518,0,7.42899
2025,21.5,1.25,2.021387,106.529205,0,7.2769933
2025,21.5,1.5,1.9711145,106.44289,0,7.096012
2025,21.5,1.75,1.9102826,107.257675,0,6.877017
2025,21.5,2.0,1.8179713,108.8163,0,6.544697
2025,21.5,2.25,1.7195033,110.34474,0,6.190212
2025,21.5,2.5,1.6430535,110.89848,0,5.9149923
2025,21.5,2.75,1.5923519,110.09192,0,5.7324667
2025,21.5,3.0,1.5331317,107.52306,0,5.519274
2025,21.5,3.25,1.4150102,102.38189,0,5.0940366
2025,21.5,3.5,1.4402572,103.4172,0,5.1849256
2025,21.5,3.75,1.597453,105.37321,0,5.7508307
2025,21.5,4.0,1.7117988,104.72142,0,6.1624756
2025,21.5,4.25,1.7590835,101.78385,0,6.3327003
2025,21.5,4.5,1.8235487,97.118095,0,6.564775
2025,21.5,4.75,1.9999719,92.16257,0,7.1998987
2025,21.5,5.0,2.0717585,87.30778,0,7.4583306
2025,21.5,5.25,2.0752966,84.18175,0,7.471068
2025,21.5,5.5,2.1088614,81.76402,0,7.591901
2025,21.5,5.75,2.1467772,79.31051,0,7.7283974
2025,21.5,6.0,2.1572416,76.98253,0,7.7660694
2025,21.5,6.25,2.1413007,75.891174,0,7.708682
2025,21.5,6.5,2.1095476,77.54695,0,7.5943713
2025,21.5,6.75,2.1153705,78.383354,0,7.6153336
2025,21.5,7.0,2.2112732,78.768555,0,7.960583
2025,21.5,7.25,2.3772497,80.78344,0,8.558099
2025,21.5,7.5,2.5695446,83.847115,0,9.2503605
2025,21.5,7.75,2.72195,86.31719,0,9.79902
2025,21.5,8.0,2.7497907,87.49509,0,9.899246
2025,21.5,8.25,2.754759,87.04555,0,9.917132
2025,21.5,8.5,2.8496144,87.092354,0,10.258612
2025,21.5,8.75,2.8964136,87.52701,0,10.427089
2025,21.5,9.0,2.7954466,87.1467,0,10.063607
2025,21.5,9.25,2.5291748,84.70091,0,9.105029
2025,21.5,9.5,2.202576,79.68912,0,7.929273
2025,21.5,9.75,2.2067213,74.50462,0,7.9441967
2025,21.5,10.0,2.3787327,71.04806,0,8.563437
2025,21.5,10.25,2.5013614,68.77585,0,9.004901
2025,21.5,10.5,2.5587072,67.25064,0,9.211346
2025,21.5,10.75,2.6031165,66.249214,0,9.37122
2025,21.5,11.0,2.685694,65.752846,0,9.668498
2025,21.5,11.25,2.7609267,65.81718,0,9.939336
2025,21.5,11.5,2.9774082,66.87484,0,10.718669
2025,21.5,11.75,3.1351173,68.50931,0,11.286422
2025,21.5,12.0,3.230985,68.521706,0,11.631545
2025,21.25,-9.0,2.777356,92.70939,0,9.998481
2025,21.25,-8.75,2.7648478,92.475555,0,9.953452
2025,21.25,-8.5,2.751785,92.102455,0,9.906425
2025,21.25,-8.25,2.7533848,92.37375,0,9.912185
2025,21.25,-8.0,2.7505412,91.45345,0,9.901948
2025,21.25,-7.75,2.7290208,90.766136,0,9.824474
2025,21.25,-7.5,2.715524,90.302635,0,9.775886
2025,21.25,-7.25,2.6963258,88.56326,0,9.706773
2025,21.25,-7.0,2.6690407,84.80502,0,9.608546
2025,21.25,-6.75,2.6402655,80.3099,0,9.504955
2025,21.25,-6.5,2.6369352,77.23508,0,9.492967
2025,21.25,-6.25,2.642084,75.35582,0,9.511501
2025,21.25,-6.0,2.6368666,73.3649,0,9.49272
2025,21.25,-5.75,2.6125302,72.25267,0,9.405108
2025,21.25,-5.5,2.6102362,72.44071,0,9.39685
2025,21.25,-5.25,2.6611981,73.40339,0,9.580313
2025,21.25,-5.0,2.710584,74.06862,0,9.758101
2025,21.25,-4.75,2.7436683,74.22839,0,9.877206
2025,21.25,-4.5,2.7637184,74.15822,0,9.949386
2025,21.25,-4.25,2.7890372,74.32087,0,10.040534
2025,21.25,-4.0,2.799428,74.71476,0,10.077941
2025,21.25,-3.75,2.8147876,74.96444,0,10.133235
2025,21.25,-3.5,2.8254945,75.06035,0,10.17178
2025,21.25,-3.25,2.83896,75.15199,0,10.220256
2025,21.25,-3.0,2.8400717,75.32776,0,10.224257
2025,21.25,-2.75,2.836627,75.438324,0,10.211857
2025,21.25,-2.5,2.8375282,75.33126,0,10.215101
2025,21.25,-2.25,2.856907,115.04422,0,10.284864
2025,21.25,-2.0,2.8585649,114.44737,0,10.290833
2025,21.25,-1.75,2.8361115,113.77824,0,10.210001
2025,21.25,-1.5,2.8150415,114.35943,0,10.13415
2025,21.25,-1.25,2.821981,114.99342,0,10.159131
2025,21.25,-1.0,2.7528987,114.38578,0,9.910435
2025,21.25,-0.75,2.6521873,113.98568,0,9.547874
2025,21.25,-0.5,2.5699937,114.36019,0,9.251977
2025,21.25,-0.25,2.5235505,115.25886,0,9.084782
2025,21.25,0.0,2.4809825,115.680214,0,8.931537
2025,21.25,0.25,2.3703814,115.7795,0,8.533373
2025,21.25,0.5,2.2375858,113.67404,0,8.055308
2025,21.25,0.75,2.137614,111.27338,0,7.6954103
2025,21.25,1.0,2.0811243,109.15814,0,7.4920473
2025,21.25,1.25,2.0392523,108.12242,0,7.341308
2025,21.25,1.5,1.9914201,108.64464,0,7.169112
2025,21.25,1.75,1.9325994,110.36418,0,6.957358
2025,21.25,2.0,1.8667693,112.1142,0,6.7203693
2025,21.25,2.25,1.7651148,113.81269,0,6.354413
2025,21.25,2.5,1.6391855,114.18642,0,5.9010677
2025,21.25,2.75,1.5532566,113.0914,0,5.591724
2025,21.25,3.0,1.5409303,110.30727,0,5.547349
2025,21.25,3.25,1.5729665,104.14545,0,5.662679
2025,21.25,3.5,1.616388,104.177124,0,5.8189964
2025,21.25,3.75,1.6771961,105.42022,0,6.037906
2025,21.25,4.0,1.7205931,102.96087,0,6.194135
2025,21.25,4.25,1.7013887,96.80953,0,6.124999
2025,21.25,4.5,1.7395223,90.576744,0,6.2622805
2025,21.25,4.75,1.9232769,87.2168,0,6.9237967
2025,21.25,5.0,2.041967,86.03238,0,7.351081
2025,21.25,5.25,2.0139642,83.526985,0,7.250271
2025,21.25,5.5,2.0147214,81.525444,0,7.252997
2025,21.25,5.75,2.0491934,79.17734,0,7.377096
2025,21.25,6.0,2.0911086,77.29173,0,7.527991
2025,21.25,6.25,2.1178863,76.73634,0,7.6243906
2025,21.25,6.5,2.199725,77.20506,0,7.9190097
2025,21.25,6.75,2.2191358,76.22381,0,7.9888887
2025,21.25,7.0,2.2520826,77.432,0,8.107497
2025,21.25,7.25,2.3421998,81.32921,0,8.431919
2025,21.25,7.5,2.512083,85.33285,0,9.043499
2025,21.25,7.75,2.6692836,87.637955,0,9.609421
2025,21.25,8.0,2.7321277,88.05652,0,9.835659
2025,21.25,8.25,2.701325,87.84108,0,9.72477
2025,21.25,8.5,2.790724,87.98928,0,10.046606
2025,21.25,8.75,2.8720891,87.54111,0,10.33952
2025,21.25,9.0,2.8172133,85.63342,0,10.141968
2025,21.25,9.25,2.5577874,82.38558,0,9.2080345
2025,21.25,9.5,2.1621244,77.66037,0,7.7836475
2025,21.25,9.75,2.0086277,72.79599,0,7.2310596
2025,21.25,10.0,2.144725,70.270706,0,7.72101
2025,21.25,10.25,2.2921813,68.91881,0,8.251852
2025,21.25,10.5,2.3614168,67.90846,0,8.501101
2025,21.25,10.75,2.369652,67.590645,0,8.530747
2025,21.25,11.0,2.4038105,67.51981,0,8.653718
2025,21.25,11.25,2.4872677,68.25647,0,8.954164
2025,21.25,11.5,2.600686,69.57992,0,9.36247
2025,21.25,11.75,2.7979274,70.32745,0,10.072538
2025,21.25,12.0,2.9840443,69.23111,0,10.742559
2025,21.0,-9.0,2.8269413,91.01204,0,10.176989
2025,21.0,-8.75,2.7991118,90.41683,0,10.076802
2025,21.0,-8.5,2.7751837,89.70495,0,9.990661
2025,21.0,-8.25,2.7693644,88.82528,0,9.969711
2025,21.0,-8.0,2.7589867,87.56308,0,9.932352
2025,21.0,-7.75,2.728157,87.271706,0,9.821365
2025,21.0,-7.5,2.703627,85.980804,0,9.733057
2025,21.0,-7.25,2.6981108,84.222,0,9.713199
2025,21.0,-7.0,2.7021065,81.46416,0,9.727583
2025,21.0,-6.75,2.694355,78.62427,0,9.699677
2025,21.0,-6.5,2.661016,76.02524,0,9.579658
2025,21.0,-6.25,2.6527488,74.25874,0,9.549895
2025,21.0,-6.0,2.6566145,73.17405,0,9.563812
2025,21.0,-5.75,2.6455975,72.83366,0,9.524151
2025,21.0,-5.5,2.6472204,73.50285,0,9.529993
2025,21.0,-5.25,2.675274,74.459335,0,9.630986
2025,21.0,-5.0,2.716562,75.2682,0,9.779623
2025,21.0,-4.75,2.733083,75.19643,0,9.839099
2025,21.0,-4.5,2.7301757,74.649765,0,9.828632
2025,21.0,-4.25,2.7547746,74.595085,0,9.917189
2025,21.0,-4.0,2.7885556,74.67116,0,10.0388
2025,21.0,-3.75,2.8163254,74.76929,0,10.138771
2025,21.0,-3.5,2.8458552,74.74154,0,10.245079
2025,21.0,-3.25,2.863687,74.73695,0,10.309273
2025,21.0,-3.0,2.8788934,114.68145,0,10.364016
2025,21.0,-2.75,2.8747587,114.186195,0,10.349132
2025,21.0,-2.5,2.8746495,113.69038,0,10.348738
2025,21.0,-2.25,2.8616517,112.979164,0,10.301946
2025,21.0,-2.0,2.8453617,112.23832,0,10.243302
2025,21.0,-1.75,2.798092,111.79147,0,10.073131
2025,21.0,-1.5,2.7467246,112.38528,0,9.888208
2025,21.0,-1.25,2.7441761,113.36685,0,9.879034
2025,21.0,-1.0,2.70525,113.49211,0,9.7389
2025,21.0,-0.75,2.623902,113.29802,0,9.446047
2025,21.0,-0.5,2.5614195,114.21026,0,9.22111
2025,21.0,-0.25,2.518383,115.39678,0,9.066178
2025,21.0,0.0,2.4833815,116.58355,0,8.940173
2025,21.0,0.25,2.4071052,116.29594,0,8.665579
2025,21.0,0.5,2.2915044,113.30565,0,8.249415
2025,21.0,0.75,2.1870122,111.03577,0,7.873244
2025,21.0,1.0,2.1067753,109.93735,0,7.5843906
2025,21.0,1.25,2.0683603,109.90901,0,7.446097
2025,21.0,1.5,2.0106814,111.11735,0,7.238453
2025,21.0,1.75,1.9458139,113.15069,0,7.00493
2025,21.0,2.0,1.8794416,114.58313,0,6.76599
2025,21.0,2.25,1.7900397,115.51725,0,6.444143
2025,21.0,2.5,1.6723167,115.67613,0,6.02034
2025,21.0,2.75,1.5577216,114.32319,0,5.6077976
2025,21.0,3.0,1.5031714,112.06081,0,5.411417
2025,21.0,3.25,1.5439476,109.60118,0,5.5582113
2025,21.0,3.5,1.6641401,107.13281,0,5.9909043
2025,21.0,3.75,1.7045122,104.408356,0,6.136244
2025,21.0,4.0,1.6437325,97.70798,0,5.917437
2025,21.0,4.25,1.6097246,90.355515,0,5.7950087
2025,21.0,4.5,1.6723375,86.000336,0,6.020415
2025,21.0,4.75,1.8984236,85.19455,0,6.834325
2025,21.0,5.0,2.0326345,85.34605,0,7.317484
2025,21.0,5.25,1.9780161,83.12312,0,7.1208577
2025,21.0,5.5,1.9648336,81.28217,0,7.073401
2025,21.0,5.75,1.9791824,79.40067,0,7.1250563
2025,21.0,6.0,2.0188777,77.45463,0,7.2679596
2025,21.0,6.25,2.1396413,76.799385,0,7.7027082
2025,21.0,6.5,2.302183,75.99625,0,8.287858
2025,21.0,6.75,2.3236108,75.46573,0,8.364999
2025,21.0,7.0,2.3012507,78.62357,0,8.284502
2025,21.0,7.25,2.3659468,82.78528,0,8.517408
2025,21.0,7.5,2.4694502,86.830025,0,8.89002
2025,21.0,7.75,2.5912426,88.92779,0,9.328473
2025,21.0,8.0,2.691026,89.50162,0,9.687694
2025,21.0,8.25,2.6778204,91.9899,0,9.640153
2025,21.0,8.5,2.7174525,93.974495,0,9.782829
2025,21.0,8.75,2.7447274,94.759674,0,9.881019
2025,21.0,9.0,2.6710947,92.197426,0,9.61594
2025,21.0,9.25,2.416245,85.08964,0,8.698482
2025,21.0,9.5,2.0472047,76.55287,0,7.369937
2025,21.0,9.75,1.8549325,70.28293,0,6.677757
2025,21.0,10.0,1.9087653,70.053955,0,6.871555
2025,21.0,10.25,2.0411625,69.28109,0,7.3481846
2025,21.0,10.5,2.1399505,69.21849,0,7.7038217
2025,21.0,10.75,2.1756754,69.11368,0,7.8324313
2025,21.0,11.0,2.1634753,70.09383,0,7.788511
2025,21.0,11.25,2.2252333,71.00052,0,8.010839
2025,21.0,11.5,2.3424067,72.69482,0,8.432664
2025,21.0,11.75,2.5384376,73.365456,0,9.138375
2025,21.0,12.0,2.7370067,72.032906,0,9.853224
2025,20.75,-9.0,2.8830376,89.87896,0,10.378935
2025,20.75,-8.75,2.8584838,89.189026,0,10.290542
2025,20.75,-8.5,2.8448377,88.189125,0,10.241415
2025,20.75,-8.25,2.808753,86.748795,0,10.11151
2025,20.75,-8.0,2.7727804,85.332466,0,9.982009
2025,20.75,-7.75,2.7396638,84.47234,0,9.862789
2025,20.75,-7.5,2.7199528,83.18973,0,9.79183
2025,20.75,-7.25,2.7045698,81.51405,0,9.736451
2025,20.75,-7.0,2.7130675,79.31955,0,9.767043
2025,20.75,-6.75,2.7191985,77.26774,0,9.789114
2025,20.75,-6.5,2.6866994,75.18773,0,9.672117
2025,20.75,-6.25,2.6648397,73.71795,0,9.593423
2025,20.75,-6.0,2.661288,73.28456,0,9.580637
2025,20.75,-5.75,2.6522107,73.3574,0,9.547958
2025,20.75,-5.5,2.6420588,73.79328,0,9.511412
2025,20.75,-5.25,2.649347,74.77326,0,9.537649
2025,20.75,-5.0,2.666862,75.37837,0,9.600703
2025,20.75,-4.75,2.675505,75.10074,0,9.631818
2025,20.75,-4.5,2.6779618,74.2666,0,9.640662
2025,20.75,-4.25,2.6976635,73.620285,0,9.711589
2025,20.75,-4.0,2.729387,113.55167,0,9.825793
2025,20.75,-3.75,2.782666,113.635574,0,10.017597
2025,20.75,-3.5,2.8245802,113.64973,0,10.1684885
2025,20.75,-3.25,2.8568285,113.522125,0,10.284582
2025,20.75,-3.0,2.8840716,113.20494,0,10.382657
2025,20.75,-2.75,2.8941333,112.56167,0,10.4188795
2025,20.75,-2.5,2.9050732,111.7186,0,10.458263
2025,20.75,-2.25,2.8973117,110.98091,0,10.430322
2025,20.75,-2.0,2.8575456,110.36049,0,10.287164
2025,20.75,-1.75,2.7848127,110.35968,0,10.025326
2025,20.75,-1.5,2.714689,110.9898,0,9.772881
2025,20.75,-1.25,2.6868749,112.09318,0,9.6727495
2025,20.75,-1.0,2.6494226,112.568855,0,9.537921
2025,20.75,-0.75,2.5868554,113.182465,0,9.312679
2025,20.75,-0.5,2.5346403,114.59481,0,9.124705
2025,20.75,-0.25,2.4964457,116.177704,0,8.987205
2025,20.75,0.0,2.4549737,117.15157,0,8.837905
2025,20.75,0.25,2.398484,116.27452,0,8.634542
2025,20.75,0.5,2.297212,113.60978,0,8.269962
2025,20.75,0.75,2.1877358,111.64777,0,7.875849
2025,20.75,1.0,2.1176374,111.351555,0,7.6234946
2025,20.75,1.25,2.0745854,112.08695,0,7.4685073
2025,20.75,1.5,2.0201514,113.51526,0,7.272545
2025,20.75,1.75,1.9554083,115.26766,0,7.0394697
2025,20.75,2.0,1.8829637,116.32678,0,6.778669
2025,20.75,2.25,1.7733945,117.39912,0,6.38422
2025,20.75,2.5,1.6784768,117.99698,0,6.042516
2025,20.75,2.75,1.5729418,116.30511,0,5.66259
2025,20.75,3.0,1.4853657,114.32533,0,5.3473167
2025,20.75,3.25,1.4963516,112.799644,0,5.3868656
2025,20.75,3.5,1.5900815,109.927536,0,5.724293
2025,20.75,3.75,1.661904,103.34178,0,5.9828544
2025,20.75,4.0,1.6183444,93.55642,0,5.82604
2025,20.75,4.25,1.5311713,86.44158,0,5.5122166
2025,20.75,4.5,1.6271148,85.33188,0,5.857613
2025,20.75,4.75,1.8890517,87.08743,0,6.8005857
2025,20.75,5.0,2.0036488,86.73655,0,7.2131352
2025,20.75,5.25,1.9496484,84.07826,0,7.018734
2025,20.75,5.5,1.9171606,81.692535,0,6.901778
2025,20.75,5.75,1.9259957,78.67673,0,6.933584
2025,20.75,6.0,1.9751,76.30389,0,7.11036
2025,20.75,6.25,2.0835922,75.75081,0,7.5009317
2025,20.75,6.5,2.2381587,75.58315,0,8.057371
2025,20.75,6.75,2.2838511,76.47327,0,8.221864
2025,20.75,7.0,2.2999594,80.16033,0,8.279854
2025,20.75,7.25,2.3756132,84.549034,0,8.552207
2025,20.75,7.5,2.4685595,88.71198,0,8.886814
2025,20.75,7.75,2.5321205,91.34773,0,9.115633
2025,20.75,8.0,2.607446,93.4838,0,9.386806
2025,20.75,8.25,2.6693633,97.29168,0,9.609708
2025,20.75,8.5,2.7645874,102.26608,0,9.952515
2025,20.75,8.75,2.7417533,105.396576,0,9.870312
2025,20.75,9.0,2.4405434,101.8678,0,8.785956
2025,20.75,9.25,2.1027913,89.92558,0,7.5700483
2025,20.75,9.5,1.8034425,78.39101,0,6.4923925
2025,20.75,9.75,1.6530719,71.4488,0,5.9510584
2025,20.75,10.0,1.6906186,69.80245,0,6.086227
2025,20.75,10.25,1.7974546,69.40672,0,6.470836
2025,20.75,10.5,1.8908318,69.65088,0,6.8069944
2025,20.75,10.75,1.977881,70.855804,0,7.1203713
2025,20.75,11.0,1.9930218,72.47647,0,7.1748786
2025,20.75,11.25,2.0334463,73.42416,0,7.3204064
2025,20.75,11.5,2.1610515,75.38017,0,7.779785
2025,20.75,11.75,2.3238337,76.704315,0,8.365801
2025,20.75,12.0,2.5378613,75.849434,0,9.136301
2025,20.5,-9.0,2.961319,88.9831,0,10.6607485
2025,20.5,-8.75,2.9465547,88.14239,0,10.607596
2025,20.5,-8.5,2.954715,87.3839,0,10.636973
2025,20.5,-8.25,2.903395,85.94575,0,10.452222
2025,20.5,-8.0,2.8251398,84.2082,0,10.170503
2025,20.5,-7.75,2.7972622,83.02396,0,10.070144
2025,20.5,-7.5,2.7585993,81.253944,0,9.930957
2025,20.5,-7.25,2.7447305,79.78099,0,9.881029
2025,20.5,-7.0,2.7459772,77.853424,0,9.885517
2025,20.5,-6.75,2.7573233,76.20135,0,9.926364
2025,20.5,-6.5,2.74857,74.92532,0,9.894852
2025,20.5,-6.25,2.7067306,73.823715,0,9.74423
2025,20.5,-6.0,2.6882696,73.480965,0,9.677771
2025,20.5,-5.75,2.6600387,73.24014,0,9.576139
2025,20.5,-5.5,2.6503327,73.69241,0,9.541198
2025,20.5,-5.25,2.6333036,73.81287,0,9.479893
2025,20.5,-5.0,2.6332037,73.87448,0,9.479533
2025,20.5,-4.75,2.638665,72.839935,0,9.499193
2025,20.5,-4.5,2.646848,111.72709,0,9.528652
2025,20.5,-4.25,2.6673913,110.8371,0,9.602609
2025,20.5,-4.0,2.6907437,110.54232,0,9.686677
2025,20.5,-3.75,2.7408426,110.89694,0,9.867033
2025,20.5,-3.5,2.7925725,111.081436,0,10.053261
2025,20.5,-3.25,2.8346264,110.914085,0,10.204655
2025,20.5,-3.0,2.877057,110.86872,0,10.357406
2025,20.5,-2.75,2.900855,110.33679,0,10.443078
2025,20.5,-2.5,2.9055848,109.787506,0,10.460105
2025,20.5,-2.25,2.8991518,109.17207,0,10.436946
2025,20.5,-2.0,2.870156,109.01932,0,10.3325615
2025,20.5,-1.75,2.8085306,110.32736,0,10.11071
2025,20.5,-1.5,2.728504,111.18447,0,9.822614
2025,20.5,-1.25,2.6675549,111.967186,0,9.603197
2025,20.5,-1.0,2.6330223,112.95834,0,9.47888
2025,20.5,-0.75,2.566382,114.565155,0,9.238975
2025,20.5,-0.5,2.5122426,115.728584,0,9.044073
2025,20.5,-0.25,2.4744058,116.93316,0,8.907861
2025,20.5,0.0,2.4437225,117.293755,0,8.7974
2025,20.5,0.25,2.3805113,115.698105,0,8.56984
2025,20.5,0.5,2.291189,113.441666,0,8.24828
2025,20.5,0.75,2.2035458,112.25541,0,7.9327645
2025,20.5,1.0,2.1474845,112.77104,0,7.730944
2025,20.5,1.25,2.110181,113.900444,0,7.5966516
2025,20.5,1.5,2.0251613,115.43246,0,7.2905803
2025,20.5,1.75,1.9553266,116.94751,0,7.0391755
2025,20.5,2.0,1.8886577,118.20238,0,6.7991676
2025,20.5,2.25,1.7760495,119.50347,0,6.393778
2025,20.5,2.5,1.6540074,120.21878,0,5.954427
2025,20.5,2.75,1.5645158,118.27619,0,5.632257
2025,20.5,3.0,1.5023993,115.13669,0,5.4086375
2025,20.5,3.25,1.5237794,109.92513,0,5.4856057
2025,20.5,3.5,1.6049436,106.31309,0,5.7777967
2025,20.5,3.75,1.6159761,101.196655,0,5.817514
2025,20.5,4.0,1.5841688,91.57703,0,5.7030077
2025,20.5,4.25,1.5140318,88.82049,0,5.4505143
2025,20.5,4.5,1.6190047,90.187775,0,5.828417
2025,20.5,4.75,1.8760965,89.907234,0,6.7539473
2025,20.5,5.0,1.9524837,87.62241,0,7.028941
2025,20.5,5.25,1.9042299,84.70372,0,6.8552275
2025,20.5,5.5,1.8801054,81.73764,0,6.768379
2025,20.5,5.75,1.8897864,78.331024,0,6.803231
2025,20.5,6.0,1.8821983,76.41945,0,6.7759137
2025,20.5,6.25,1.9586021,75.5197,0,7.050967
2025,20.5,6.5,2.0976918,76.61642,0,7.55169
2025,20.5,6.75,2.1946251,78.84075,0,7.9006505
2025,20.5,7.0,2.2462027,82.176674,0,8.086329
2025,20.5,7.25,2.3240352,85.44668,0,8.366527
2025,20.5,7.5,2.4021044,88.920876,0,8.647575
2025,20.5,7.75,2.4088008,91.14026,0,8.671682
2025,20.5,8.0,2.459935,94.4967,0,8.855765
2025,20.5,8.25,2.5807638,100.209526,0,9.29075
2025,20.5,8.5,2.6856792,106.1027,0,9.668445
2025,20.5,8.75,2.5433087,112.202866,0,9.155911
2025,20.5,9.0,2.0916932,109.99635,0,7.530095
2025,20.5,9.25,1.673843,92.32821,0,6.0258346
2025,20.5,9.5,1.5829188,79.00788,0,5.6985073
2025,20.5,9.75,1.4718981,71.99852,0,5.298833
2025,20.5,10.0,1.4557729,69.546524,0,5.2407823
2025,20.5,10.25,1.5515968,69.30081,0,5.585748
2025,20.5,10.5,1.6744161,70.44297,0,6.027898
2025,20.5,10.75,1.7768534,71.956795,0,6.3966722
2025,20.5,11.0,1.8433691,74.102325,0,6.636129
2025,20.5,11.25,1.8916961,75.68895,0,6.810106
2025,20.5,11.5,2.0213933,77.65487,0,7.2770157
2025,20.5,11.75,2.2006626,79.052086,0,7.922385
2025,20.5,12.0,2.3924766,78.470955,0,8.612915
2025,20.25,-9.0,3.0404634,128.19801,0,10.945668
2025,20.25,-8.75,2.9912276,86.7625,0,10.768419
2025,20.25,-8.5,2.9916406,86.21811,0,10.769906
2025,20.25,-8.25,2.9680808,85.6376,0,10.68509
2025,20.25,-8.0,2.8953154,84.00794,0,10.423135
2025,20.25,-7.75,2.8360348,81.98706,0,10.209725
2025,20.25,-7.5,2.8045523,80.5098,0,10.096388
2025,20.25,-7.25,2.791222,78.66012,0,10.048399
2025,20.25,-7.0,2.7813056,76.8472,0,10.0127
2025,20.25,-6.75,2.77145,75.36755,0,9.97722
2025,20.25,-6.5,2.8116577,75.3262,0,10.121967
2025,20.25,-6.25,2.780681,74.56323,0,10.010451
2025,20.25,-6.0,2.7431383,73.41549,0,9.875298
2025,20.25,-5.75,2.7155867,72.906456,0,9.776112
2025,20.25,-5.5,2.681573,72.009,0,9.653663
2025,20.25,-5.25,2.665742,71.54,0,9.596671
2025,20.25,-5.0,2.6441488,109.70444,0,9.518935
2025,20.25,-4.75,2.6510866,107.31449,0,9.543911
2025,20.25,-4.5,2.6680498,105.42293,0,9.6049795
2025,20.25,-4.25,2.6929216,104.63101,0,9.694518
2025,20.25,-4.0,2.718246,103.92867,0,9.785686
2025,20.25,-3.75,2.7391176,104.446724,0,9.860824
2025,20.25,-3.5,2.7915943,106.810555,0,10.049739
2025,20.25,-3.25,2.8401527,108.61595,0,10.224549
2025,20.25,-3.0,2.885348,108.89125,0,10.387253
2025,20.25,-2.75,2.90588,109.22217,0,10.461167
2025,20.25,-2.5,2.9060926,109.14657,0,10.461933
2025,20.25,-2.25,2.884247,109.29567,0,10.383289
2025,20.25,-2.0,2.8746498,111.26111,0,10.348739
2025,20.25,-1.75,2.8411462,113.49364,0,10.228127
2025,20.25,-1.5,2.7730951,114.28388,0,9.983142
2025,20.25,-1.25,2.7176514,114.63897,0,9.783545
2025,20.25,-1.0,2.6557024,115.28219,0,9.560528
2025,20.25,-0.75,2.5956075,115.74191,0,9.344187
2025,20.25,-0.5,2.4986215,116.70133,0,8.995037
2025,20.25,-0.25,2.4518313,117.79321,0,8.826592
2025,20.25,0.0,2.4269915,117.34262,0,8.737169
2025,20.25,0.25,2.3447437,114.99841,0,8.441077
2025,20.25,0.5,2.2764564,113.23074,0,8.195243
2025,20.25,0.75,2.24689,112.8886,0,8.088804
2025,20.25,1.0,2.2052414,113.71794,0,7.938869
2025,20.25,1.25,2.140595,115.970825,0,7.7061415
2025,20.25,1.5,2.061181,117.662636,0,7.420252
2025,20.25,1.75,1.9893311,119.19911,0,7.161592
2025,20.25,2.0,1.933612,120.48634,0,6.961003
2025,20.25,2.25,1.8458238,121.62953,0,6.644965
2025,20.25,2.5,1.6857864,121.437416,0,6.068831
2025,20.25,2.75,1.5894834,119.24661,0,5.72214
2025,20.25,3.0,1.5679431,115.01405,0,5.644595
2025,20.25,3.25,1.5874504,109.67203,0,5.7148213
2025,20.25,3.5,1.6449522,104.56953,0,5.921828
2025,20.25,3.75,1.6659038,99.16828,0,5.9972534
2025,20.25,4.0,1.6393389,95.39758,0,5.90162
2025,20.25,4.25,1.5845245,94.81205,0,5.704288
2025,20.25,4.5,1.6649839,97.21027,0,5.993942
2025,20.25,4.75,1.856042,93.93381,0,6.6817513
2025,20.25,5.0,1.9152446,90.14449,0,6.8948803
2025,20.25,5.25,1.8805296,88.163605,0,6.7699065
2025,20.25,5.5,1.856581,85.55455,0,6.6836915
2025,20.25,5.75,1.8459023,83.53311,0,6.6452484
2025,20.25,6.0,1.8362641,81.16846,0,6.610551
2025,20.25,6.25,1.8176392,80.727005,0,6.543501
2025,20.25,6.5,1.9298224,81.38128,0,6.9473605
2025,20.25,6.75,2.0474787,83.89679,0,7.370923
2025,20.25,7.0,2.127064,85.65024,0,7.65743
2025,20.25,7.25,2.1916335,88.02413,0,7.88988
2025,20.25,7.5,2.2086806,89.30099,0,7.95125
2025,20.25,7.75,2.2102027,91.55373,0,7.9567294
2025,20.25,8.0,2.2719288,94.46402,0,8.178944
2025,20.25,8.25,2.393605,100.580795,0,8.616978
2025,20.25,8.5,2.2708364,102.813515,0,8.175011
2025,20.25,8.75,2.0306263,108.732285,0,7.3102546
2025,20.25,9.0,1.5425713,104.751625,0,5.5532565
2025,20.25,9.25,1.3078164,84.976006,0,4.708139
2025,20.25,9.5,1.3258506,73.23171,0,4.773062
2025,20.25,9.75,1.3439947,70.87849,0,4.838381
2025,20.25,10.0,1.3284482,68.35843,0,4.7824135
2025,20.25,10.25,1.3494232,68.46521,0,4.8579235
2025,20.25,10.5,1.4648634,69.94577,0,5.273508
2025,20.25,10.75,1.5903287,71.95861,0,5.725183
2025,20.25,11.0,1.6875601,74.774345,0,6.0752163
2025,20.25,11.25,1.7860565,77.535225,0,6.4298034
2025,20.25,11.5,1.8978229,79.857895,0,6.832162
2025,20.25,11.75,2.0832326,81.34102,0,7.499637
2025,20.25,12.0,2.2433574,81.14514,0,8.076086
2025,20.0,-9.0,3.086205,127.6955,0,11.110337
2025,20.0,-8.75,2.981513,125.775826,0,10.733447
2025,20.0,-8.5,2.9233484,125.01991,0,10.524055
2025,20.0,-8.25,2.9302301,84.799385,0,10.548828
2025,20.0,-8.0,2.9379387,83.70658,0,10.576579
2025,20.0,-7.75,2.8851974,82.07572,0,10.38671
2025,20.0,-7.5,2.8620436,80.2812,0,10.303357
2025,20.0,-7.25,2.8555367,78.70122,0,10.279932
2025,20.0,-7.0,2.8063266,76.41817,0,10.102776
2025,20.0,-6.75,2.7680228,75.03665,0,9.964882
2025,20.0,-6.5,2.8245559,75.85306,0,10.168401
2025,20.0,-6.25,2.8461113,75.615166,0,10.246
2025,20.0,-6.0,2.8070796,113.99924,0,10.105486
2025,20.0,-5.75,2.7750392,111.8896,0,9.990141
2025,20.0,-5.5,2.7432013,110.11299,0,9.8755245
2025,20.0,-5.25,2.7278247,107.50003,0,9.8201685
2025,20.0,-5.0,2.7098715,143.81607,0,9.755537
2025,20.0,-4.75,2.7147434,138.91855,0,9.773076
2025,20.0,-4.5,2.7464402,132.29053,0,9.887184
2025,20.0,-4.25,2.777282,130.41856,0,9.998215
2025,20.0,-4.0,2.8037086,129.58102,0,10.09335
2025,20.0,-3.75,2.8190985,129.29431,0,10.148754
2025,20.0,-3.5,2.839164,126.915634,0,10.22099
2025,20.0,-3.25,2.8779101,121.87096,0,10.3604765
2025,20.0,-3.0,2.914213,115.28763,0,10.491166
2025,20.0,-2.75,2.9352062,114.11746,0,10.566742
2025,20.0,-2.5,2.9224217,114.85355,0,10.520718
2025,20.0,-2.25,2.8899071,115.86945,0,10.403666
2025,20.0,-2.0,2.881996,116.32289,0,10.375185
2025,20.0,-1.75,2.893538,116.82167,0,10.416737
2025,20.0,-1.5,2.8257358,116.69455,0,10.172648
2025,20.0,-1.25,2.714225,116.51644,0,9.77121
2025,20.0,-1.0,2.6544328,116.35444,0,9.555958
2025,20.0,-0.75,2.6207006,116.7655,0,9.434522
2025,20.0,-0.5,2.5198467,117.65717,0,9.071447
2025,20.0,-0.25,2.4273343,118.569664,0,8.738403
2025,20.0,0.0,2.38747,117.74311,0,8.594892
2025,20.0,0.25,2.2945414,115.15679,0,8.260348
2025,20.0,0.5,2.2531538,113.865234,0,8.111354
2025,20.0,0.75,2.239295,113.74735,0,8.061461
2025,20.0,1.0,2.2236013,116.000084,0,8.004965
2025,20.0,1.25,2.1691077,118.44218,0,7.8087873
2025,20.0,1.5,2.101936,120.33327,0,7.56697
2025,20.0,1.75,2.0352292,121.96243,0,7.326825
2025,20.0,2.0,2.0024307,122.79159,0,7.2087502
2025,20.0,2.25,1.9518244,123.617516,0,7.026568
2025,20.0,2.5,1.7995334,122.26751,0,6.47832
2025,20.0,2.75,1.6687431,119.02364,0,6.007475
2025,20.0,3.0,1.6518855,115.43666,0,5.946788
2025,20.0,3.25,1.676249,110.84204,0,6.0344963
2025,20.0,3.5,1.7322935,106.39313,0,6.2362566
2025,20.0,3.75,1.7806933,103.4958,0,6.4104958
2025,20.0,4.0,1.7557104,100.6976,0,6.320557
2025,20.0,4.25,1.7236263,99.687195,0,6.2050543
2025,20.0,4.5,1.75587,100.76776,0,6.3211317
2025,20.0,4.75,1.8774757,98.31372,0,6.7589126
2025,20.0,5.0,1.8954726,95.61531,0,6.8237014
2025,20.0,5.25,1.8783722,94.28632,0,6.76214
2025,20.0,5.5,1.8713161,93.90838,0,6.7367377
2025,20.0,5.75,1.8575902,92.2915,0,6.6873245
2025,20.0,6.0,1.8165752,91.35819,0,6.5396705
2025,20.0,6.25,1.7823482,91.33095,0,6.4164534
2025,20.0,6.5,1.8103085,92.648415,0,6.5171103
2025,20.0,6.75,1.8884627,93.487045,0,6.7984653
2025,20.0,7.0,1.9623972,93.25905,0,7.06463
2025,20.0,7.25,2.021862,92.818985,0,7.278703
2025,20.0,7.5,2.0248027,93.46894,0,7.2892895
2025,20.0,7.75,2.1670094,95.53418,0,7.8012333
2025,20.0,8.0,2.2350922,98.13645,0,8.046331
2025,20.0,8.25,2.4219182,98.33781,0,8.718905
2025,20.0,8.5,2.2192183,98.15487,0,7.9891853
2025,20.0,8.75,1.700304,91.89259,0,6.121094
2025,20.0,9.0,1.2377124,76.96045,0,4.4557643
2025,20.0,9.25,1.1955072,146.62653,0,4.303826
2025,20.0,9.5,1.1875873,67.4702,0,4.275314
2025,20.0,9.75,1.2255492,65.76202,0,4.4119773
2025,20.0,10.0,1.2319973,65.91293,0,4.43519
2025,20.0,10.25,1.2501143,66.08239,0,4.5004115
2025,20.0,10.5,1.2957933,67.18797,0,4.664856
2025,20.0,10.75,1.4077134,69.92026,0,5.067768
2025,20.0,11.0,1.5411973,75.310234,0,5.5483103
2025,20.0,11.25,1.6852717,79.30173,0,6.066978
2025,20.0,11.5,1.7922369,82.52234,0,6.4520526
2025,20.0,11.75,1.9655147,84.32989,0,7.0758524
2025,20.0,12.0,2.116894,84.03134,0,7.620818
2025,19.75,-9.0,3.115937,127.38376,0,11.217373
2025,19.75,-8.75,2.9949815,125.46338,0,10.781933
2025,19.75,-8.5,2.9165347,124.533745,0,10.499524
2025,19.75,-8.25,2.898882,124.082115,0,10.435975
2025,19.75,-8.0,2.927013,83.52958,0,10.537247
2025,19.75,-7.75,2.9430647,82.40451,0,10.595033
2025,19.75,-7.5,2.9396334,80.88543,0,10.58268
2025,19.75,-7.25,2.925537,79.11923,0,10.531934
2025,19.75,-7.0,2.8710375,116.87116,0,10.335734
2025,19.75,-6.75,2.8036394,115.4213,0,10.0931015
2025,19.75,-6.5,2.8177671,116.15721,0,10.143962
2025,19.75,-6.25,2.8574834,116.03925,0,10.28694
2025,19.75,-6.0,2.849587,113.95932,0,10.2585125
2025,19.75,-5.75,2.8225503,110.860664,0,10.1611805
2025,19.75,-5.5,2.8034115,107.20578,0,10.092281
2025,19.75,-5.25,2.7958505,142.98807,0,10.065062
2025,19.75,-5.0,2.800171,136.32497,0,10.080615
2025,19.75,-4.75,2.8239398,129.44664,0,10.166183
2025,19.75,-4.5,2.8564138,127.55537,0,10.28309
2025,19.75,-4.25,2.8774877,127.07723,0,10.358955
2025,19.75,-4.0,2.8991144,126.57523,0,10.436811
2025,19.75,-3.75,2.9159944,125.410614,0,10.49758
2025,19.75,-3.5,2.9349444,124.12394,0,10.5658
2025,19.75,-3.25,2.9494584,122.84882,0,10.61805
2025,19.75,-3.0,2.975153,121.20206,0,10.71055
2025,19.75,-2.75,2.9805193,119.876625,0,10.729869
2025,19.75,-2.5,2.968688,119.319496,0,10.687277
2025,19.75,-2.25,2.9188628,118.644936,0,10.507906
2025,19.75,-2.0,2.8783293,118.21756,0,10.361985
2025,19.75,-1.75,2.897861,118.35371,0,10.4323
2025,19.75,-1.5,2.8393888,117.93907,0,10.2218
2025,19.75,-1.25,2.7192938,117.58057,0,9.789457
2025,19.75,-1.0,2.6330957,117.91638,0,9.479144
2025,19.75,-0.75,2.6017587,118.65747,0,9.366331
2025,19.75,-0.5,2.541581,118.95907,0,9.149691
2025,19.75,-0.25,2.4321012,119.67057,0,8.755565
2025,19.75,0.0,2.3563004,118.70878,0,8.482681
2025,19.75,0.25,2.2565625,116.15385,0,8.123625
2025,19.75,0.5,2.2115605,115.02904,0,7.9616175
2025,19.75,0.75,2.2091372,116.22946,0,7.9528937
2025,19.75,1.0,2.2095208,119.03833,0,7.9542747
2025,19.75,1.25,2.188941,121.49719,0,7.8801875
2025,19.75,1.5,2.1266603,123.36435,0,7.6559772
2025,19.75,1.75,2.0732365,124.401,0,7.463651
2025,19.75,2.0,2.047601,125.08995,0,7.371363
2025,19.75,2.25,2.0318234,125.28153,0,7.314564
2025,19.75,2.5,1.9168756,123.00943,0,6.900752
2025,19.75,2.75,1.7812928,119.72243,0,6.412654
2025,19.75,3.0,1.7285435,116.081,0,6.2227564
2025,19.75,3.25,1.7500442,112.21802,0,6.300159
2025,19.75,3.5,1.7931625,109.89205,0,6.4553847
2025,19.75,3.75,1.8396494,107.6732,0,6.622738
2025,19.75,4.0,1.8806413,105.729645,0,6.7703085
2025,19.75,4.25,1.8735322,104.51957,0,6.7447157
2025,19.75,4.5,1.8677934,104.01637,0,6.7240562
2025,19.75,4.75,1.9166336,102.752335,0,6.899881
2025,19.75,5.0,1.9219413,101.1543,0,6.918988
2025,19.75,5.25,1.9229872,100.73962,0,6.922754
2025,19.75,5.5,1.9049602,100.402306,0,6.8578563
2025,19.75,5.75,1.8643665,99.20101,0,6.7117195
2025,19.75,6.0,1.8221976,98.1374,0,6.5599113
2025,19.75,6.25,1.7859519,98.825035,0,6.4294267
2025,19.75,6.5,1.7813206,100.67691,0,6.412754
2025,19.75,6.75,1.808409,101.33885,0,6.510272
2025,19.75,7.0,1.8616805,101.004,0,6.7020497
2025,19.75,7.25,1.9076343,99.4102,0,6.867483
2025,19.75,7.5,2.0738676,99.188545,0,7.465923
2025,19.75,7.75,2.2658339,100.647865,0,8.1570015
2025,19.75,8.0,2.5596075,99.988594,0,9.214587
2025,19.75,8.25,2.7905397,99.59196,0,10.045943
2025,19.75,8.5,2.7815852,98.75298,0,10.013706
2025,19.75,8.75,2.1756942,87.120316,0,7.832499
2025,19.75,9.0,1.4465201,138.91121,0,5.2074723
2025,19.75,9.25,1.2706927,134.18048,0,4.5744934
2025,19.75,9.5,1.1476474,139.09633,0,4.1315303
2025,19.75,9.75,1.1320561,140.64719,0,4.075402
2025,19.75,10.0,1.1487887,60.76213,0,4.135639
2025,19.75,10.25,1.1729072,60.63939,0,4.222466
2025,19.75,10.5,1.2029572,61.360054,0,4.3306456
2025,19.75,10.75,1.2705724,66.93141,0,4.5740604
2025,19.75,11.0,1.3840543,75.8715,0,4.9825954
2025,19.75,11.25,1.5681432,82.94736,0,5.6453156
2025,19.75,11.5,1.7123446,87.16087,0,6.1644406
2025,19.75,11.75,1.8824577,88.78378,0,6.776848
2025,19.75,12.0,2.0064352,89.155136,0,7.2231665
2025,19.5,-9.0,3.1837435,126.93581,0,11.461476
2025,19.5,-8.75,3.0932314,125.59694,0,11.1356325
2025,19.5,-8.5,3.0085816,124.201996,0,10.8308935
2025,19.5,-8.25,2.978546,123.61027,0,10.722765
2025,19.5,-8.0,2.988593,123.107506,0,10.758935
2025,19.5,-7.75,3.0112948,82.34982,0,10.840661
2025,19.5,-7.5,3.0059936,81.16899,0,10.821577
2025,19.5,-7.25,2.9835007,119.54811,0,10.7406025
2025,19.5,-7.0,2.9555783,117.82647,0,10.640081
2025,19.5,-6.75,2.8902125,116.32403,0,10.404765
2025,19.5,-6.5,2.8832102,116.3316,0,10.379557
2025,19.5,-6.25,2.9017649,115.48804,0,10.446353
2025,19.5,-6.0,2.8931515,113.61182,0,10.415345
2025,19.5,-5.75,2.8791215,110.87922,0,10.364838
2025,19.5,-5.5,2.8679495,106.10658,0,10.324618
2025,19.5,-5.25,2.8725348,130.80615,0,10.341125
2025,19.5,-5.0,2.8941529,126.57943,0,10.41895
2025,19.5,-4.75,2.9228542,125.69925,0,10.522275
2025,19.5,-4.5,2.946498,125.74243,0,10.607392
2025,19.5,-4.25,2.9772313,125.57574,0,10.718032
2025,19.5,-4.0,2.9911814,124.88382,0,10.768252
2025,19.5,-3.75,3.0061834,124.098404,0,10.82226
2025,19.5,-3.5,3.012867,123.35034,0,10.846321
2025,19.5,-3.25,3.0185173,122.76324,0,10.866662
2025,19.5,-3.0,3.018089,121.97883,0,10.86512
2025,19.5,-2.75,3.0093336,120.96346,0,10.833601
2025,19.5,-2.5,2.9877656,120.436035,0,10.755956
2025,19.5,-2.25,2.9433997,120.00736,0,10.596238
2025,19.5,-2.0,2.8836234,119.34047,0,10.381043
2025,19.5,-1.75,2.86757,119.507065,0,10.323252
2025,19.5,-1.5,2.8245764,119.3045,0,10.168475
2025,19.5,-1.25,2.715684,118.81644,0,9.776462
2025,19.5,-1.0,2.6233659,119.137955,0,9.444117
2025,19.5,-0.75,2.5970025,120.46015,0,9.349209
2025,19.5,-0.5,2.570799,121.137505,0,9.254876
2025,19.5,-0.25,2.4699361,121.093666,0,8.891769
2025,19.5,0.0,2.3624544,119.869385,0,8.504836
2025,19.5,0.25,2.2581491,117.37736,0,8.129336
2025,19.5,0.5,2.1785734,116.4297,0,7.842864
2025,19.5,0.75,2.1850088,118.71556,0,7.866031
2025,19.5,1.0,2.2341566,121.85428,0,8.042964
2025,19.5,1.25,2.2330627,123.80751,0,8.039025
2025,19.5,1.5,2.1818495,124.31125,0,7.854658
2025,19.5,1.75,2.1335738,125.24425,0,7.6808653
2025,19.5,2.0,2.1239262,126.44997,0,7.646134
2025,19.5,2.25,2.1063926,126.536674,0,7.583013
2025,19.5,2.5,1.9946821,124.33534,0,7.1808553
2025,19.5,2.75,1.8867764,120.63597,0,6.792395
2025,19.5,3.0,1.8339628,116.836876,0,6.602266
2025,19.5,3.25,1.8402476,114.62676,0,6.6248913
2025,19.5,3.5,1.8706071,113.76691,0,6.7341857
2025,19.5,3.75,1.9068091,113.29239,0,6.8645124
2025,19.5,4.0,1.948484,111.83822,0,7.014542
2025,19.5,4.25,1.9624456,110.03208,0,7.064804
2025,19.5,4.5,1.9572989,108.871544,0,7.0462756
2025,19.5,4.75,1.963196,108.01751,0,7.0675054
2025,19.5,5.0,1.9498539,107.75262,0,7.019474
2025,19.5,5.25,1.9640296,107.43533,0,7.070506
2025,19.5,5.5,1.9438637,106.40469,0,6.9979095
2025,19.5,5.75,1.8999697,105.055336,0,6.839891
2025,19.5,6.0,1.8561851,104.53601,0,6.682266
2025,19.5,6.25,1.815276,105.58763,0,6.5349936
2025,19.5,6.5,1.7691733,106.015854,0,6.369024
2025,19.5,6.75,1.7608433,106.05879,0,6.3390355
2025,19.5,7.0,1.7887927,105.92008,0,6.439654
2025,19.5,7.25,1.872661,104.298256,0,6.7415795
2025,19.5,7.5,2.0994089,103.46678,0,7.557872
2025,19.5,7.75,2.3571875,100.50361,0,8.485875
2025,19.5,8.0,2.6629171,97.945244,0,9.586501
2025,19.5,8.25,2.88679,97.161224,0,10.392444
2025,19.5,8.5,2.931573,97.93628,0,10.553662
2025,19.5,8.75,2.3780699,96.400795,0,8.561051
2025,19.5,9.0,1.3395543,140.70396,0,4.8223953
2025,19.5,9.25,1.1014429,134.86386,0,3.9651945
2025,19.5,9.5,1.1333872,133.2881,0,4.080194
2025,19.5,9.75,1.0820143,135.01349,0,3.8952515
2025,19.5,10.0,1.109502,134.68973,0,3.994207
2025,19.5,10.25,1.1304259,134.92435,0,4.0695333
2025,19.5,10.5,1.1512822,57.44515,0,4.1446157
2025,19.5,10.75,1.2035748,64.24088,0,4.332869
2025,19.5,11.0,1.2674341,78.68021,0,4.5627627
2025,19.5,11.25,1.4768949,91.06358,0,5.3168216
2025,19.5,11.5,1.6558727,94.5298,0,5.9611416
2025,19.5,11.75,1.8157191,96.341324,0,6.5365887
2025,19.5,12.0,1.9452062,96.10245,0,7.002742
2025,19.25,-9.0,3.219655,126.03695,0,11.590757
2025,19.25,-8.75,3.2051594,124.84174,0,11.538573
2025,19.25,-8.5,3.146149,123.76834,0,11.326136
2025,19.25,-8.25,3.100337,123.01789,0,11.161213
2025,19.25,-8.0,3.075276,122.58154,0,11.070992
2025,19.25,-7.75,3.0649197,122.080986,0,11.0337105
2025,19.25,-7.5,3.057399,121.21692,0,11.006637
2025,19.25,-7.25,3.04088,119.97412,0,10.947167
2025,19.25,-7.0,3.0144823,118.65817,0,10.852136
2025,19.25,-6.75,2.9787848,117.77241,0,10.723625
2025,19.25,-6.5,2.9702876,117.76163,0,10.693035
2025,19.25,-6.25,2.96875,117.1882,0,10.6875
2025,19.25,-6.0,2.9555662,117.021645,0,10.640038
2025,19.25,-5.75,2.9534485,118.44838,0,10.632415
2025,19.25,-5.5,2.9656653,121.53615,0,10.676395
2025,19.25,-5.25,2.986106,123.08263,0,10.749981
2025,19.25,-5.0,3.0096817,123.740395,0,10.834854
2025,19.25,-4.75,3.0368547,124.44716,0,10.932676
2025,19.25,-4.5,3.0537186,124.86258,0,10.993386
2025,19.25,-4.25,3.0654564,125.10406,0,11.035643
2025,19.25,-4.0,3.0585532,124.64532,0,11.010791
2025,19.25,-3.75,3.0588307,123.89285,0,11.01179
2025,19.25,-3.5,3.0577996,123.20013,0,11.008079
2025,19.25,-3.25,3.056573,122.546844,0,11.003662
2025,19.25,-3.0,3.0519392,121.945244,0,10.986981
2025,19.25,-2.75,3.0347242,121.539566,0,10.925007
2025,19.25,-2.5,3.0121384,121.214615,0,10.843698
2025,19.25,-2.25,2.9861631,120.8392,0,10.750187
2025,19.25,-2.0,2.9176364,120.58257,0,10.50349
2025,19.25,-1.75,2.87269,120.54552,0,10.341683
2025,19.25,-1.5,2.8245094,120.42798,0,10.168234
2025,19.25,-1.25,2.7235425,120.01055,0,9.804752
2025,19.25,-1.0,2.6117215,120.42118,0,9.402197
2025,19.25,-0.75,2.564496,122.022125,0,9.232185
2025,19.25,-0.5,2.5671613,123.17866,0,9.24178
2025,19.25,-0.25,2.5068064,122.83594,0,9.024503
2025,19.25,0.0,2.3866496,121.36799,0,8.591938
2025,19.25,0.25,2.2570014,119.34012,0,8.125205
2025,19.25,0.5,2.1753438,119.275116,0,7.8312373
2025,19.25,0.75,2.2048187,122.13487,0,7.9373474
2025,19.25,1.0,2.2813323,124.4435,0,8.212796
2025,19.25,1.25,2.3066936,124.88574,0,8.304096
2025,19.25,1.5,2.2699497,124.594376,0,8.171819
2025,19.25,1.75,2.2336066,125.14908,0,8.040983
2025,19.25,2.0,2.241109,126.136444,0,8.067992
2025,19.25,2.25,2.2240868,126.45987,0,8.006712
2025,19.25,2.5,2.075139,124.845985,0,7.4705005
2025,19.25,2.75,1.9739397,121.032364,0,7.1061826
2025,19.25,3.0,1.9575068,117.75333,0,7.0470243
2025,19.25,3.25,1.9831674,116.75445,0,7.1394024
2025,19.25,3.5,2.0153997,117.00621,0,7.255439
2025,19.25,3.75,2.031195,116.908676,0,7.3123016
2025,19.25,4.0,2.0279262,115.86114,0,7.3005342
2025,19.25,4.25,2.0253513,114.32441,0,7.2912645
2025,19.25,4.5,2.0367193,113.55087,0,7.3321896
2025,19.25,4.75,2.0333517,113.30409,0,7.320066
2025,19.25,5.0,2.0191572,113.29328,0,7.2689657
2025,19.25,5.25,2.0020819,112.97683,0,7.2074947
2025,19.25,5.5,1.9650255,111.85171,0,7.074092
2025,19.25,5.75,1.928179,110.69405,0,6.9414444
2025,19.25,6.0,1.8980302,110.275185,0,6.8329086
2025,19.25,6.25,1.8527226,110.305244,0,6.669801
2025,19.25,6.5,1.7812972,110.084015,0,6.4126697
2025,19.25,6.75,1.6885108,109.588066,0,6.0786386
2025,19.25,7.0,1.6927936,108.77798,0,6.0940566
2025,19.25,7.25,1.7524198,107.17574,0,6.308711
2025,19.25,7.5,1.8590341,105.1207,0,6.6925225
2025,19.25,7.75,1.9926562,101.40789,0,7.173562
2025,19.25,8.0,2.1194322,97.68755,0,7.629956
2025,19.25,8.25,2.1593428,96.13131,0,7.773634
2025,19.25,8.5,2.0251076,91.75607,0,7.290387
2025,19.25,8.75,1.7054117,83.12744,0,6.139482
2025,19.25,9.0,0.8408358,89.42737,0,3.0270088
2025,19.25,9.25,0.53607774,154.15167,0,1.9298798
2025,19.25,9.5,0.74199337,136.73242,0,2.671176
2025,19.25,9.75,0.9140821,129.77777,0,3.2906954
2025,19.25,10.0,1.0434568,128.11076,0,3.7564445
2025,19.25,10.25,1.1162491,130.48804,0,4.0184965
2025,19.25,10.5,1.1260469,134.3584,0,4.0537686
2025,19.25,10.75,1.1383262,60.862236,0,4.0979743
2025,19.25,11.0,1.2367998,92.6586,0,4.4524794
2025,19.25,11.25,1.4430234,101.26575,0,5.1948843
2025,19.25,11.5,1.6663604,101.92868,0,5.998897
2025,19.25,11.75,1.8196738,103.058205,0,6.5508256
2025,19.25,12.0,1.9332023,102.71676,0,6.959528
2025,19.0,-9.0,3.3160331,125.2764,0,11.937719
2025,19.0,-8.75,3.2780538,124.38258,0,11.800993
2025,19.0,-8.5,3.2501788,123.44645,0,11.700644
2025,19.0,-8.25,3.213999,122.9108,0,11.570396
2025,19.0,-8.0,3.1696763,122.63292,0,11.410834
2025,19.0,-7.75,3.1381474,122.24037,0,11.29733
2025,19.0,-7.5,3.1283364,121.8508,0,11.262011
2025,19.0,-7.25,3.0999026,121.73746,0,11.159649
2025,19.0,-7.0,3.0653296,121.51199,0,11.035186
2025,19.0,-6.75,3.084496,121.53223,0,11.104185
2025,19.0,-6.5,3.0911996,121.212555,0,11.128319
2025,19.0,-6.25,3.0818708,121.2688,0,11.094734
2025,19.0,-6.0,3.0804665,121.46476,0,11.089679
2025,19.0,-5.75,3.0784035,121.64627,0,11.0822525
2025,19.0,-5.5,3.079182,121.92955,0,11.085054
2025,19.0,-5.25,3.0933561,122.407524,0,11.136082
2025,19.0,-5.0,3.1047268,123.057724,0,11.177016
2025,19.0,-4.75,3.1204996,123.76625,0,11.233798
2025,19.0,-4.5,3.1282797,124.35495,0,11.2618065
2025,19.0,-4.25,3.1258318,124.47491,0,11.252995
2025,19.0,-4.0,3.1223679,124.121544,0,11.240524
2025,19.0,-3.75,3.1229656,123.52341,0,11.242676
2025,19.0,-3.5,3.1092196,123.045815,0,11.19319
2025,19.0,-3.25,3.084118,122.606064,0,11.102824
2025,19.0,-3.0,3.0648322,122.178955,0,11.033396
2025,19.0,-2.75,3.038185,121.939156,0,10.937466
2025,19.0,-2.5,3.0085511,121.72557,0,10.830784
2025,19.0,-2.25,2.97195,121.344376,0,10.69902
2025,19.0,-2.0,2.929072,121.484604,0,10.544659
2025,19.0,-1.75,2.8799872,121.52349,0,10.367954
2025,19.0,-1.5,2.8127275,121.24728,0,10.125818
2025,19.0,-1.25,2.7286768,121.07819,0,9.823236
2025,19.0,-1.0,2.643731,121.81972,0,9.517432
2025,19.0,-0.75,2.5899718,123.23052,0,9.323898
2025,19.0,-0.5,2.5607495,123.71387,0,9.2186985
2025,19.0,-0.25,2.5050519,123.251656,0,9.018187
2025,19.0,0.0,2.4162455,122.63612,0,8.698483
2025,19.0,0.25,2.2727518,121.03962,0,8.181907
2025,19.0,0.5,2.1843736,121.05386,0,7.8637447
2025,19.0,0.75,2.2122986,123.487335,0,7.964275
2025,19.0,1.0,2.2941186,125.40777,0,8.258827
2025,19.0,1.25,2.3325322,126.00175,0,8.397116
2025,19.0,1.5,2.3111954,126.133,0,8.320303
2025,19.0,1.75,2.3126428,126.77837,0,8.325514
2025,19.0,2.0,2.3651853,127.262924,0,8.514667
2025,19.0,2.25,2.365949,126.32468,0,8.517416
2025,19.0,2.5,2.1877801,123.6464,0,7.8760085
2025,19.0,2.75,2.072648,120.63086,0,7.4615326
2025,19.0,3.0,2.0670693,119.496475,0,7.441449
2025,19.0,3.25,2.1036983,119.37142,0,7.5733137
2025,19.0,3.5,2.134191,119.130264,0,7.6830873
2025,19.0,3.75,2.1456907,118.37486,0,7.7244864
2025,19.0,4.0,2.149518,117.56395,0,7.7382646
2025,19.0,4.25,2.1364844,116.74273,0,7.691344
2025,19.0,4.5,2.1351352,116.6954,0,7.6864862
2025,19.0,4.75,2.1341524,117.01845,0,7.6829486
2025,19.0,5.0,2.1085415,116.845856,0,7.5907493
2025,19.0,5.25,2.0671072,116.45836,0,7.4415855
2025,19.0,5.5,2.0207148,115.74653,0,7.274573
2025,19.0,5.75,1.967741,115.44632,0,7.0838675
2025,19.0,6.0,1.9180037,115.40123,0,6.9048133
2025,19.0,6.25,1.8503301,114.843544,0,6.661188
2025,19.0,6.5,1.7580587,114.122086,0,6.329011
2025,19.0,6.75,1.6214346,112.53498,0,5.8371644
2025,19.0,7.0,1.5606952,111.663765,0,5.6185026
2025,19.0,7.25,1.509347,110.6051,0,5.433649
2025,19.0,7.5,1.5196596,109.8921,0,5.4707747
2025,19.0,7.75,1.5565915,108.47159,0,5.6037292
2025,19.0,8.0,1.5273515,108.47016,0,5.498465
2025,19.0,8.25,1.502648,110.13265,0,5.4095325
2025,19.0,8.5,1.4566352,102.0957,0,5.243887
2025,19.0,8.75,1.3874134,78.05947,0,4.994688
2025,19.0,9.0,1.102324,65.26531,0,3.9683664
2025,19.0,9.25,0.6941197,96.3849,0,2.4988308
2025,19.0,9.5,0.7064302,133.80821,0,2.5431488
2025,19.0,9.75,0.80590475,207.34776,0,2.901257
2025,19.0,10.0,0.93903756,128.14127,0,3.3805351
2025,19.0,10.25,1.0406498,130.55696,0,3.746339
2025,19.0,10.5,1.0657624,130.9404,0,3.8367445
2025,19.0,10.75,1.1319286,117.47496,0,4.0749426
2025,19.0,11.0,1.309159,103.04798,0,4.7129726
2025,19.0,11.25,1.4676509,106.52133,0,5.283543
2025,19.0,11.5,1.7263803,107.60716,0,6.214969
2025,19.0,11.75,1.8719802,108.40429,0,6.7391286
2025,19.0,12.0,1.9670969,108.69409,0,7.0815487
2025,18.75,-9.0,3.4829988,123.55176,0,12.538795
2025,18.75,-8.75,3.4028676,123.42369,0,12.250323
2025,18.75,-8.5,3.3462193,123.29623,0,12.04639
2025,18.75,-8.25,3.3187437,124.137314,0,11.947477
2025,18.75,-8.0,3.261129,125.21784,0,11.740064
2025,18.75,-7.75,3.222907,125.95511,0,11.602465
2025,18.75,-7.5,3.2061257,126.313095,0,11.542052
2025,18.75,-7.25,3.2108717,125.83011,0,11.559137
2025,18.75,-7.0,3.2185745,125.124756,0,11.586868
2025,18.75,-6.75,3.207099,124.3916,0,11.545556
2025,18.75,-6.5,3.2022066,124.08179,0,11.527944
2025,18.75,-6.25,3.18473,123.691986,0,11.465028
2025,18.75,-6.0,3.1775384,123.31364,0,11.439137
2025,18.75,-5.75,3.1789486,122.64755,0,11.444215
2025,18.75,-5.5,3.1899056,122.40625,0,11.48366
2025,18.75,-5.25,3.2031684,122.54301,0,11.531405
2025,18.75,-5.0,3.2069786,122.92098,0,11.545122
2025,18.75,-4.75,3.216753,123.53018,0,11.580311
2025,18.75,-4.5,3.2166386,124.1575,0,11.579899
2025,18.75,-4.25,3.204011,124.12968,0,11.534439
2025,18.75,-4.0,3.1749701,123.80858,0,11.429893
2025,18.75,-3.75,3.159964,123.39783,0,11.375871
2025,18.75,-3.5,3.141282,122.992645,0,11.308615
2025,18.75,-3.25,3.1199112,122.65496,0,11.23168
2025,18.75,-3.0,3.0904093,122.33442,0,11.125473
2025,18.75,-2.75,3.0548127,121.982285,0,10.997325
2025,18.75,-2.5,3.0038002,121.81447,0,10.813681
2025,18.75,-2.25,2.9485214,121.86551,0,10.614676
2025,18.75,-2.0,2.9001887,122.150475,0,10.440679
2025,18.75,-1.75,2.85991,122.40842,0,10.295676
2025,18.75,-1.5,2.800792,122.30725,0,10.08285
2025,18.75,-1.25,2.7412648,122.16232,0,9.868553
2025,18.75,-1.0,2.6733465,122.751045,0,9.624047
2025,18.75,-0.75,2.6438122,123.30139,0,9.517724
2025,18.75,-0.5,2.6220856,123.4026,0,9.4395075
2025,18.75,-0.25,2.5693333,123.28986,0,9.249599
2025,18.75,0.0,2.4898336,123.103516,0,8.963401
2025,18.75,0.25,2.347248,121.57031,0,8.450093
2025,18.75,0.5,2.248177,121.81448,0,8.093437
2025,18.75,0.75,2.26383,124.50816,0,8.149788
2025,18.75,1.0,2.3308165,127.04945,0,8.390939
2025,18.75,1.25,2.3713698,127.93759,0,8.536931
2025,18.75,1.5,2.3788931,128.53731,0,8.564015
2025,18.75,1.75,2.391809,128.95215,0,8.610512
2025,18.75,2.0,2.443741,128.50891,0,8.797467
2025,18.75,2.25,2.4564602,126.7741,0,8.843257
2025,18.75,2.5,2.3188622,123.79506,0,8.347903
2025,18.75,2.75,2.2160869,122.02337,0,7.9779124
2025,18.75,3.0,2.212279,121.3675,0,7.9642043
2025,18.75,3.25,2.2409387,121.39786,0,8.067379
2025,18.75,3.5,2.2575579,120.887886,0,8.127208
2025,18.75,3.75,2.2496243,119.525444,0,8.098647
2025,18.75,4.0,2.2527502,118.54515,0,8.1099
2025,18.75,4.25,2.2210922,118.52602,0,7.9959316
2025,18.75,4.5,2.2108774,119.39612,0,7.9591584
2025,18.75,4.75,2.204764,120.2503,0,7.93715
2025,18.75,5.0,2.155506,120.17074,0,7.759821
2025,18.75,5.25,2.1166306,120.078156,0,7.6198697
2025,18.75,5.5,2.0602024,120.124306,0,7.4167285
2025,18.75,5.75,1.9903054,120.15826,0,7.165099
2025,18.75,6.0,1.9019525,120.243286,0,6.8470287
2025,18.75,6.25,1.8325697,120.01484,0,6.597251
2025,18.75,6.5,1.7436318,119.28725,0,6.2770743
2025,18.75,6.75,1.6087104,118.06737,0,5.7913575
2025,18.75,7.0,1.5026877,117.8437,0,5.4096756
2025,18.75,7.25,1.3597809,117.89179,0,4.895211
2025,18.75,7.5,1.3982251,119.2168,0,5.0336103
2025,18.75,7.75,1.5050786,122.46574,0,5.4182825
2025,18.75,8.0,1.5283326,122.80416,0,5.501997
2025,18.75,8.25,1.6641935,122.074135,0,5.9910965
2025,18.75,8.5,1.793939,129.47455,0,6.4581804
2025,18.75,8.75,1.8757616,102.98968,0,6.752742
2025,18.75,9.0,1.7026613,97.40662,0,6.1295805
2025,18.75,9.25,1.4179325,91.36328,0,5.104557
2025,18.75,9.5,1.1220334,54.695816,0,4.03932
2025,18.75,9.75,0.9875604,124.89422,0,3.5552173
2025,18.75,10.0,0.98688656,123.901054,0,3.5527916
2025,18.75,10.25,1.0554152,125.91588,0,3.7994945
2025,18.75,10.5,1.0538831,120.38387,0,3.793979
2025,18.75,10.75,1.1574367,108.031494,0,4.166772
2025,18.75,11.0,1.4105378,106.09466,0,5.077936
2025,18.75,11.25,1.5790087,108.46812,0,5.684431
2025,18.75,11.5,1.829243,110.27122,0,6.585274
2025,18.75,11.75,1.9743849,111.25054,0,7.1077857
2025,18.75,12.0,2.0599966,111.2735,0,7.4159875
2025,18.5,-9.0,3.440905,124.72721,0,12.387258
2025,18.5,-8.75,3.47873,128.25229,0,12.523428
2025,18.5,-8.5,3.43723,130.4208,0,12.374028
2025,18.5,-8.25,3.443313,130.06557,0,12.395926
2025,18.5,-8.0,3.4174547,129.9851,0,12.302836
2025,18.5,-7.75,3.368764,129.39673,0,12.12755
2025,18.5,-7.5,3.3494298,128.42775,0,12.057947
2025,18.5,-7.25,3.316066,127.466835,0,11.937838
2025,18.5,-7.0,3.3304331,126.73478,0,11.989559
2025,18.5,-6.75,3.315916,126.09546,0,11.937298
2025,18.5,-6.5,3.311902,125.48544,0,11.922847
2025,18.5,-6.25,3.2975328,124.91635,0,11.871118
2025,18.5,-6.0,3.2896433,124.26617,0,11.842715
2025,18.5,-5.75,3.2881496,123.6634,0,11.837338
2025,18.5,-5.5,3.2824433,123.1507,0,11.816795
2025,18.5,-5.25,3.2888286,123.05287,0,11.839783
2025,18.5,-5.0,3.2966125,123.34774,0,11.867805
2025,18.5,-4.75,3.308136,123.73996,0,11.909289
2025,18.5,-4.5,3.291592,124.16584,0,11.8497305
2025,18.5,-4.25,3.2741265,124.05026,0,11.786855
2025,18.5,-4.0,3.2473574,123.77426,0,11.690486
2025,18.5,-3.75,3.2123518,123.55146,0,11.564466
2025,18.5,-3.5,3.186492,123.21624,0,11.471371
2025,18.5,-3.25,3.1408553,122.94908,0,11.307078
2025,18.5,-3.0,3.1036344,122.631386,0,11.173083
2025,18.5,-2.75,3.0463583,122.34269,0,10.966889
2025,18.5,-2.5,2.9872408,122.09565,0,10.754066
2025,18.5,-2.25,2.9295928,122.37071,0,10.546534
2025,18.5,-2.0,2.8796437,122.845375,0,10.366717
2025,18.5,-1.75,2.8351567,123.04618,0,10.206564
2025,18.5,-1.5,2.7897966,122.963165,0,10.043267
2025,18.5,-1.25,2.7339664,122.98256,0,9.8422785
2025,18.5,-1.0,2.7029269,123.35388,0,9.730536
2025,18.5,-0.75,2.6784563,123.88142,0,9.642443
2025,18.5,-0.5,2.6728942,123.840034,0,9.622419
2025,18.5,-0.25,2.6306264,123.81246,0,9.470255
2025,18.5,0.0,2.566761,123.67936,0,9.240339
2025,18.5,0.25,2.4157333,122.48446,0,8.69664
2025,18.5,0.5,2.3110137,123.0121,0,8.319649
2025,18.5,0.75,2.3193746,126.2066,0,8.349749
2025,18.5,1.0,2.3898127,128.6641,0,8.603326
2025,18.5,1.25,2.4478123,129.93677,0,8.812124
2025,18.5,1.5,2.4598796,130.41257,0,8.855566
2025,18.5,1.75,2.4651515,130.5409,0,8.874545
2025,18.5,2.0,2.508458,129.96506,0,9.030448
2025,18.5,2.25,2.5396426,128.0559,0,9.142713
2025,18.5,2.5,2.4459069,125.44486,0,8.805264
2025,18.5,2.75,2.3589034,124.12435,0,8.492052
2025,18.5,3.0,2.362784,123.80667,0,8.5060215
2025,18.5,3.25,2.3819122,123.58198,0,8.574883
2025,18.5,3.5,2.3518026,122.50126,0,8.466489
2025,18.5,3.75,2.335549,121.180145,0,8.407976
2025,18.5,4.0,2.3412476,121.117485,0,8.428491
2025,18.5,4.25,2.3301368,121.69001,0,8.388493
2025,18.5,4.5,2.318747,123.09897,0,8.347489
2025,18.5,4.75,2.2912817,123.73561,0,8.248614
2025,18.5,5.0,2.2323241,123.68936,0,8.036366
2025,18.5,5.25,2.1460896,124.4139,0,7.725922
2025,18.5,5.5,2.0841124,125.07035,0,7.5028043
2025,18.5,5.75,1.9921284,126.30235,0,7.171662
2025,18.5,6.0,1.9073217,126.84189,0,6.866358
2025,18.5,6.25,1.8167763,126.28294,0,6.5403943
2025,18.5,6.5,1.716099,124.99414,0,6.177956
2025,18.5,6.75,1.6001912,124.181465,0,5.7606883
2025,18.5,7.0,1.5123118,124.65799,0,5.4443226
2025,18.5,7.25,1.4116709,125.55078,0,5.082015
2025,18.5,7.5,1.5331731,126.9523,0,5.519423
2025,18.5,7.75,1.708554,127.6642,0,6.1507945
2025,18.5,8.0,2.005947,122.102974,0,7.2214093
2025,18.5,8.25,2.1937606,120.73306,0,7.897538
2025,18.5,8.5,2.2402232,127.41678,0,8.064803
2025,18.5,8.75,2.1690073,139.5473,0,7.808426
2025,18.5,9.0,1.7870115,103.41781,0,6.4332414
2025,18.5,9.25,1.5420139,93.78496,0,5.55125
2025,18.5,9.5,1.410251,91.806694,0,5.0769033
2025,18.5,9.75,1.2580938,39.015923,0,4.5291376
2025,18.5,10.0,1.182058,114.89542,0,4.255409
2025,18.5,10.25,1.1151736,115.13881,0,4.0146246
2025,18.5,10.5,1.152522,103.70886,0,4.149079
2025,18.5,10.75,1.300106,105.10612,0,4.680382
2025,18.5,11.0,1.552689,106.94657,0,5.58968
2025,18.5,11.25,1.7133964,108.6139,0,6.168227
2025,18.5,11.5,1.9349147,110.65751,0,6.965693
2025,18.5,11.75,2.0857036,111.674644,0,7.508533
2025,18.5,12.0,2.171799,112.173355,0,7.818476
2025,18.25,-9.0,3.5041776,138.64728,0,12.615039
2025,18.25,-8.75,3.559907,136.79872,0,12.815664
2025,18.25,-8.5,3.5291123,134.58551,0,12.704804
2025,18.25,-8.25,3.5413973,132.96153,0,12.74903
2025,18.25,-8.0,3.5554254,131.37924,0,12.799531
2025,18.25,-7.75,3.5158672,130.00958,0,12.657122
2025,18.25,-7.5,3.5034244,128.811,0,12.612328
2025,18.25,-7.25,3.4708192,127.90386,0,12.494949
2025,18.25,-7.0,3.42208,127.73233,0,12.319488
2025,18.25,-6.75,3.4072545,127.33088,0,12.266116
2025,18.25,-6.5,3.3891513,126.59288,0,12.200945
2025,18.25,-6.25,3.363711,125.98417,0,12.10936
2025,18.25,-6.0,3.3616943,125.358955,0,12.102099
2025,18.25,-5.75,3.3629003,124.69191,0,12.106441
2025,18.25,-5.5,3.357139,124.17242,0,12.0857
2025,18.25,-5.25,3.381438,123.88737,0,12.173177
2025,18.25,-5.0,3.393726,124.0004,0,12.217414
2025,18.25,-4.75,3.388353,124.20696,0,12.198071
2025,18.25,-4.5,3.3723772,124.36917,0,12.140557
2025,18.25,-4.25,3.3492665,124.214165,0,12.057359
2025,18.25,-4.0,3.3061953,123.85604,0,11.902303
2025,18.25,-3.75,3.2695048,123.59089,0,11.770217
2025,18.25,-3.5,3.221025,123.22366,0,11.59569
2025,18.25,-3.25,3.1753156,122.96434,0,11.431136
2025,18.25,-3.0,3.1296968,122.73573,0,11.266909
2025,18.25,-2.75,3.0724244,122.47385,0,11.060727
2025,18.25,-2.5,2.9856248,122.396515,0,10.748249
2025,18.25,-2.25,2.9261265,122.820885,0,10.534055
2025,18.25,-2.0,2.8770108,123.38565,0,10.357239
2025,18.25,-1.75,2.8210115,123.52631,0,10.155642
2025,18.25,-1.5,2.7697875,123.55656,0,9.971235
2025,18.25,-1.25,2.7246873,123.70956,0,9.808874
2025,18.25,-1.0,2.6933074,124.18696,0,9.695907
2025,18.25,-0.75,2.6924298,124.68846,0,9.692747
2025,18.25,-0.5,2.6837187,124.85452,0,9.661387
2025,18.25,-0.25,2.6688566,125.29778,0,9.607883
2025,18.25,0.0,2.621161,125.27731,0,9.436179
2025,18.25,0.25,2.4692152,124.38077,0,8.889174
2025,18.25,0.5,2.3553822,125.50494,0,8.479376
2025,18.25,0.75,2.3692408,128.67004,0,8.529266
2025,18.25,1.0,2.4532125,131.2365,0,8.831565
2025,18.25,1.25,2.5140026,132.39192,0,9.050409
2025,18.25,1.5,2.5468533,132.64708,0,9.168672
2025,18.25,1.75,2.5569582,132.66322,0,9.2050495
2025,18.25,2.0,2.5888817,131.8441,0,9.319974
2025,18.25,2.25,2.61584,130.0072,0,9.417024
2025,18.25,2.5,2.5560408,128.01329,0,9.201747
2025,18.25,2.75,2.5210571,127.01175,0,9.075806
2025,18.25,3.0,2.5156949,126.76058,0,9.056501
2025,18.25,3.25,2.4845078,126.132484,0,8.944228
2025,18.25,3.5,2.4521854,125.121735,0,8.8278675
2025,18.25,3.75,2.415307,125.129745,0,8.695106
2025,18.25,4.0,2.4160557,125.47702,0,8.697801
2025,18.25,4.25,2.427432,126.73978,0,8.738755
2025,18.25,4.5,2.4166365,127.84481,0,8.699891
2025,18.25,4.75,2.3805144,128.32802,0,8.569852
2025,18.25,5.0,2.3159895,129.18549,0,8.337562
2025,18.25,5.25,2.2291396,130.67303,0,8.024902
2025,18.25,5.5,2.1161952,132.94275,0,7.6183023
2025,18.25,5.75,2.0304098,134.82413,0,7.309475
2025,18.25,6.0,1.9039243,135.58453,0,6.8541274
2025,18.25,6.25,1.8032886,135.15176,0,6.491839
2025,18.25,6.5,1.719565,134.0467,0,6.190434
2025,18.25,6.75,1.6183883,133.45172,0,5.8261976
2025,18.25,7.0,1.5239742,132.04836,0,5.4863067
2025,18.25,7.25,1.4799418,130.72379,0,5.3277907
2025,18.25,7.5,1.5710512,130.8548,0,5.655784
2025,18.25,7.75,1.7327112,124.709526,0,6.23776
2025,18.25,8.0,2.0098948,120.53781,0,7.2356215
2025,18.25,8.25,1.9649429,119.35319,0,7.0737944
2025,18.25,8.5,1.9169725,127.01705,0,6.901101
2025,18.25,8.75,1.9048121,145.65259,0,6.857323
2025,18.25,9.0,1.5854446,111.32685,0,5.7076
2025,18.25,9.25,1.3113351,134.23856,0,4.720806
2025,18.25,9.5,1.4322717,83.6077,0,5.156178
2025,18.25,9.75,1.3392849,111.45876,0,4.8214254
2025,18.25,10.0,1.2827767,106.309074,0,4.617996
2025,18.25,10.25,1.2749221,98.770805,0,4.58972
2025,18.25,10.5,1.3455416,100.92239,0,4.84395
2025,18.25,10.75,1.4987053,105.05402,0,5.395339
2025,18.25,11.0,1.680824,107.46653,0,6.0509663
2025,18.25,11.25,1.8388629,108.964836,0,6.6199064
2025,18.25,11.5,2.0496812,110.726456,0,7.378852
2025,18.25,11.75,2.1864576,111.37812,0,7.8712473
2025,18.25,12.0,2.2786036,111.80131,0,8.202972
2025,18.0,-9.0,3.6300082,137.51173,0,13.068029
2025,18.0,-8.75,3.635546,136.16602,0,13.087965
2025,18.0,-8.5,3.613491,134.18019,0,13.008568
2025,18.0,-8.25,3.5558107,132.38014,0,12.800919
2025,18.0,-8.0,3.56481,131.27043,0,12.833316
2025,18.0,-7.75,3.5928638,129.93642,0,12.934309
2025,18.0,-7.5,3.5868769,128.76077,0,12.912756
2025,18.0,-7.25,3.6442137,128.41875,0,13.119169
2025,18.0,-7.0,3.5622096,128.29524,0,12.823955
2025,18.0,-6.75,3.4872675,128.03389,0,12.554163
2025,18.0,-6.5,3.4436736,127.36309,0,12.397224
2025,18.0,-6.25,3.4182253,126.83149,0,12.305611
2025,18.0,-6.0,3.4079964,126.27897,0,12.268786
2025,18.0,-5.75,3.408689,125.60364,0,12.27128
2025,18.0,-5.5,3.417628,124.99327,0,12.303461
2025,18.0,-5.25,3.4420152,124.654015,0,12.391254
2025,18.0,-5.0,3.4533327,124.57902,0,12.431997
2025,18.0,-4.75,3.449809,124.67545,0,12.4193125
2025,18.0,-4.5,3.4419475,124.57552,0,12.39101
2025,18.0,-4.25,3.4069912,124.35733,0,12.265168
2025,18.0,-4.0,3.358802,124.00091,0,12.091687
2025,18.0,-3.75,3.3145828,123.45984,0,11.932498
2025,18.0,-3.5,3.2656069,123.11754,0,11.756185
2025,18.0,-3.25,3.2039042,122.869225,0,11.534055
2025,18.0,-3.0,3.15798,122.631195,0,11.368728
2025,18.0,-2.75,3.0709326,122.68053,0,11.055357
2025,18.0,-2.5,2.9764354,122.72887,0,10.715167
2025,18.0,-2.25,2.9253967,123.328156,0,10.531427
2025,18.0,-2.0,2.8714247,123.80882,0,10.337129
2025,18.0,-1.75,2.816254,123.98886,0,10.138514
2025,18.0,-1.5,2.7690897,124.01247,0,9.968722
2025,18.0,-1.25,2.7240705,124.231636,0,9.806654
2025,18.0,-1.0,2.6955879,124.74051,0,9.704116
2025,18.0,-0.75,2.6942203,125.35304,0,9.699193
2025,18.0,-0.5,2.685092,126.246254,0,9.666331
2025,18.0,-0.25,2.6758742,127.0671,0,9.633147
2025,18.0,0.0,2.6485102,127.42988,0,9.5346365
2025,18.0,0.25,2.525988,126.97891,0,9.093557
2025,18.0,0.5,2.4213421,128.4451,0,8.716831
2025,18.0,0.75,2.4262567,131.69012,0,8.734524
2025,18.0,1.0,2.5181003,134.04276,0,9.065161
2025,18.0,1.25,2.5922155,135.58917,0,9.331976
2025,18.0,1.5,2.6248415,135.84456,0,9.449429
2025,18.0,1.75,2.6454856,135.08095,0,9.523748
2025,18.0,2.0,2.6690168,133.9595,0,9.60846
2025,18.0,2.25,2.6920526,132.08772,0,9.691389
2025,18.0,2.5,2.6798851,130.73328,0,9.647586
2025,18.0,2.75,2.6563015,130.20609,0,9.562685
2025,18.0,3.0,2.629212,130.84665,0,9.465162
2025,18.0,3.25,2.5945811,130.4111,0,9.340492
2025,18.0,3.5,2.548587,130.08781,0,9.174913
2025,18.0,3.75,2.5142941,130.3019,0,9.051458
2025,18.0,4.0,2.5056162,131.30792,0,9.020218
2025,18.0,4.25,2.5217257,132.47797,0,9.078212
2025,18.0,4.5,2.505734,133.2574,0,9.020642
2025,18.0,4.75,2.4616153,134.01048,0,8.8618145
2025,18.0,5.0,2.401069,135.59299,0,8.643847
2025,18.0,5.25,2.3178508,138.10165,0,8.344263
2025,18.0,5.5,2.214077,140.58366,0,7.970677
2025,18.0,5.75,2.0821707,142.90471,0,7.4958143
2025,18.0,6.0,1.9586854,143.99657,0,7.051267
2025,18.0,6.25,1.849684,144.69301,0,6.658862
2025,18.0,6.5,1.7653505,144.10101,0,6.3552613
2025,18.0,6.75,1.6603856,143.24919,0,5.977388
2025,18.0,7.0,1.539445,140.54652,0,5.542002
2025,18.0,7.25,1.4894524,137.7364,0,5.3620286
2025,18.0,7.5,1.4880927,132.28119,0,5.3571334
2025,18.0,7.75,1.6223117,126.72088,0,5.840322
2025,18.0,8.0,1.6891155,123.874054,0,6.080816
2025,18.0,8.25,1.6264365,124.47632,0,5.855171
2025,18.0,8.5,1.5569884,132.44,0,5.605158
2025,18.0,8.75,1.6477827,108.59062,0,5.9320173
2025,18.0,9.0,1.4659396,105.07804,0,5.2773824
2025,18.0,9.25,1.2310734,125.99475,0,4.4318643
2025,18.0,9.5,1.3689615,116.011406,0,4.9282613
2025,18.0,9.75,1.3650069,106.46205,0,4.914025
2025,18.0,10.0,1.392248,97.83712,0,5.0120926
2025,18.0,10.25,1.4887744,97.172516,0,5.3595877
2025,18.0,10.5,1.569797,102.33104,0,5.651269
2025,18.0,10.75,1.6786209,105.090866,0,6.043035
2025,18.0,11.0,1.8203435,107.1561,0,6.5532365
2025,18.0,11.25,1.9704293,109.2734,0,7.0935454
2025,18.0,11.5,2.1510653,110.83072,0,7.743835
2025,18.0,11.75,2.2814946,111.406425,0,8.213381
2025,18.0,12.0,2.3964498,111.912506,0,8.627219
