year,latitude,longitude,wspd,wdir,number,wspd_kmh
2024,37.0,-9.0,4.098597,270.9966,0,14.754949
2024,37.0,-8.75,3.3826983,264.3998,0,12.177713
2024,37.0,-8.5,2.9624197,258.5054,0,10.664711
2024,37.0,-8.25,2.704385,255.44933,0,9.7357855
2024,37.0,-8.0,2.4532146,250.7426,0,8.831573
2024,37.0,-7.75,2.141043,241.98924,0,7.7077546
2024,37.0,-7.5,2.0776575,233.78279,0,7.4795666
2024,37.0,-7.25,2.1674194,227.10472,0,7.8027096
2024,37.0,-7.0,2.3470871,221.83087,0,8.449513
2024,37.0,-6.75,2.3378408,217.66411,0,8.416226
2024,37.0,-6.5,1.9382583,212.12506,0,6.97773
2024,37.0,-6.25,1.6241168,201.49928,0,5.8468204
2024,37.0,-6.0,1.3304399,206.71759,0,4.7895837
2024,37.0,-5.75,1.2958136,201.78258,0,4.664929
2024,37.0,-5.5,1.3313588,200.9521,0,4.7928915
2024,37.0,-5.25,1.2825967,202.94385,0,4.617348
2024,37.0,-5.0,1.1963342,207.37627,0,4.306803
2024,37.0,-4.75,0.7844987,203.39037,0,2.8241951
2024,37.0,-4.5,0.5711882,196.74489,0,2.0562775
2024,37.0,-4.25,0.50883967,207.70251,0,1.8318228
2024,37.0,-4.0,0.5942674,238.59077,0,2.1393626
2024,37.0,-3.75,0.5704563,220.99525,0,2.0536427
2024,37.0,-3.5,0.59921587,244.11462,0,2.157177
2024,37.0,-3.25,0.6461089,227.25758,0,2.325992
2024,37.0,-3.0,0.6068979,265.37204,0,2.1848323
2024,37.0,-2.75,0.5194246,218.12276,0,1.8699286
2024,37.0,-2.5,0.56278175,192.88298,0,2.0260143
2024,37.0,-2.25,0.6947207,179.7196,0,2.5009944
2024,37.0,-2.0,0.9063535,137.60712,0,3.2628725
2024,37.0,-1.75,1.2926732,134.91386,0,4.6536236
2024,37.0,-1.5,1.5271616,134.36551,0,5.4977818
2024,37.0,-1.25,1.6055824,139.97597,0,5.7800965
2024,37.0,-1.0,1.6548876,142.12299,0,5.957595
2024,37.0,-0.75,1.7074122,142.54092,0,6.1466837
2024,37.0,-0.5,1.7375034,142.4067,0,6.255012
2024,37.0,-0.25,1.758813,142.09044,0,6.3317266
2024,37.0,0.0,1.8091348,170.3895,0,6.512885
2024,37.0,0.25,1.8472875,169.58023,0,6.650235
2024,37.0,0.5,1.8960098,170.10008,0,6.825635
2024,37.0,0.75,1.9329702,170.36775,0,6.9586926
2024,37.0,1.0,1.9485172,171.47508,0,7.014662
2024,37.0,1.25,1.9126056,171.75478,0,6.8853803
2024,37.0,1.5,1.8754735,171.02885,0,6.751704
2024,37.0,1.75,1.866346,171.42937,0,6.7188454
2024,37.0,2.0,1.8816395,175.18787,0,6.773902
2024,37.0,2.25,1.9352971,177.76697,0,6.9670696
2024,37.0,2.5,1.9953336,147.20467,0,7.183201
2024,37.0,2.75,2.0325413,146.92325,0,7.317148
2024,37.0,3.0,2.0246556,146.94891,0,7.2887597
2024,37.0,3.25,2.054776,148.04193,0,7.3971934
2024,37.0,3.5,2.0625415,148.06773,0,7.425149
2024,37.0,3.75,2.054629,149.62506,0,7.3966646
2024,37.0,4.0,1.9559776,154.07838,0,7.041519
2024,37.0,4.25,2.0137184,161.21,0,7.249386
2024,37.0,4.5,1.9586192,165.18095,0,7.051029
2024,37.0,4.75,1.8543867,160.76064,0,6.6757917
2024,37.0,5.0,1.8551449,184.6413,0,6.678521
2024,37.0,5.25,1.9057678,151.4865,0,6.860764
2024,37.0,5.5,1.8732252,177.24236,0,6.7436104
2024,37.0,5.75,1.8015419,172.28021,0,6.485551
2024,37.0,6.0,1.5816482,195.97351,0,5.6939335
2024,37.0,6.25,1.2083925,223.08092,0,4.350213
2024,37.0,6.5,1.2161276,222.71558,0,4.3780594
2024,37.0,6.75,1.4232626,223.8501,0,5.1237454
2024,37.0,7.0,1.7205154,223.72057,0,6.1938553
2024,37.0,7.25,1.4572595,223.49487,0,5.2461343
2024,37.0,7.5,1.3597665,252.68733,0,4.8951592
2024,37.0,7.75,1.4465517,254.09785,0,5.207586
2024,37.0,8.0,1.8061795,230.36592,0,6.502246
2024,37.0,8.25,2.013914,262.91995,0,7.2500906
2024,37.0,8.5,2.0368526,258.0245,0,7.3326693
2024,37.0,8.75,1.892203,283.31815,0,6.8119307
2024,37.0,9.0,1.5884372,279.65973,0,5.718374
2024,37.0,9.25,1.4168824,280.23453,0,5.1007767
2024,37.0,9.5,1.3576547,284.41757,0,4.8875566
2024,37.0,9.75,1.428816,290.93835,0,5.1437373
2024,37.0,10.0,1.523641,266.0956,0,5.4851074
2024,37.0,10.25,2.007467,269.3712,0,7.226881
2024,37.0,10.5,2.1196964,267.41226,0,7.6309066
2024,37.0,10.75,2.0114765,292.9852,0,7.2413154
2024,37.0,11.0,1.7662174,286.8668,0,6.358382
2024,37.0,11.25,2.1164703,289.1757,0,7.619293
2024,37.0,11.5,2.4569511,290.87878,0,8.845024
2024,37.0,11.75,2.5831149,291.79288,0,9.299213
2024,37.0,12.0,2.5730815,292.09818,0,9.263093
2024,36.75,-9.0,4.263201,272.54794,0,15.347524
2024,36.75,-8.75,3.9919684,267.59952,0,14.371086
2024,36.75,-8.5,3.5522869,262.6232,0,12.788233
2024,36.75,-8.25,3.210799,257.64304,0,11.558876
2024,36.75,-8.0,2.908328,253.042,0,10.469981
2024,36.75,-7.75,2.6462514,247.5894,0,9.5265045
2024,36.75,-7.5,2.4709098,243.13667,0,8.895275
2024,36.75,-7.25,2.4719636,237.04248,0,8.899069
2024,36.75,-7.0,2.4957206,231.17769,0,8.984594
2024,36.75,-6.75,2.4524233,223.80415,0,8.828724
2024,36.75,-6.5,2.0018082,218.76442,0,7.206509
2024,36.75,-6.25,1.4571528,204.6214,0,5.24575
2024,36.75,-6.0,1.210385,190.68248,0,4.3573856
2024,36.75,-5.75,1.1570556,189.2975,0,4.1654
2024,36.75,-5.5,0.8772986,194.41017,0,3.158275
2024,36.75,-5.25,0.7269225,196.23718,0,2.616921
2024,36.75,-5.0,0.5909621,224.3723,0,2.1274636
2024,36.75,-4.75,0.52616924,203.69276,0,1.8942093
2024,36.75,-4.5,0.57546175,194.93274,0,2.0716622
2024,36.75,-4.25,0.915586,203.8084,0,3.2961094
2024,36.75,-4.0,1.2001035,239.63908,0,4.3203726
2024,36.75,-3.75,1.2061852,243.93689,0,4.3422666
2024,36.75,-3.5,1.2431294,236.94878,0,4.4752655
2024,36.75,-3.25,1.2811955,229.38188,0,4.6123037
2024,36.75,-3.0,1.2627558,211.8631,0,4.5459204
2024,36.75,-2.75,1.2335548,192.28072,0,4.4407973
2024,36.75,-2.5,1.2507292,183.92247,0,4.502625
2024,36.75,-2.25,1.2967777,179.09021,0,4.6684
2024,36.75,-2.0,1.4664141,177.62811,0,5.2790904
2024,36.75,-1.75,1.6861109,176.02754,0,6.0699987
2024,36.75,-1.5,1.6707312,172.17578,0,6.014632
2024,36.75,-1.25,1.7213379,170.35637,0,6.1968164
2024,36.75,-1.0,1.6602103,140.66734,0,5.9767566
2024,36.75,-0.75,1.6451174,141.17189,0,5.9224224
2024,36.75,-0.5,1.6604962,142.02652,0,5.977786
2024,36.75,-0.25,1.67171,142.22575,0,6.018156
2024,36.75,0.0,1.7032094,141.99728,0,6.1315536
2024,36.75,0.25,1.7424251,141.28853,0,6.2727304
2024,36.75,0.5,1.7892418,140.0753,0,6.4412704
2024,36.75,0.75,1.8288833,169.92796,0,6.5839796
2024,36.75,1.0,1.775002,169.92406,0,6.390007
2024,36.75,1.25,1.7168746,170.74034,0,6.1807485
2024,36.75,1.5,1.6970879,170.16496,0,6.109516
2024,36.75,1.75,1.6769508,169.73503,0,6.0370226
2024,36.75,2.0,1.6738548,171.73622,0,6.025877
2024,36.75,2.25,1.6993095,174.90697,0,6.117514
2024,36.75,2.5,1.6013856,170.83936,0,5.764988
2024,36.75,2.75,1.5743012,168.53864,0,5.6674843
2024,36.75,3.0,1.2548052,168.51117,0,4.5172987
2024,36.75,3.25,1.1934866,136.90459,0,4.2965517
2024,36.75,3.5,1.2000226,135.47618,0,4.320081
2024,36.75,3.75,1.1488994,134.53699,0,4.136038
2024,36.75,4.0,1.0173103,138.63448,0,3.6623168
2024,36.75,4.25,1.0176059,146.28276,0,3.663381
2024,36.75,4.5,1.0264515,150.69878,0,3.6952252
2024,36.75,4.75,0.96762127,171.94,0,3.4834366
2024,36.75,5.0,1.0171603,141.2527,0,3.661777
2024,36.75,5.25,1.1732283,138.14726,0,4.223622
2024,36.75,5.5,1.1187087,134.69131,0,4.0273514
2024,36.75,5.75,0.99092895,223.54828,0,3.5673442
2024,36.75,6.0,0.906118,217.02875,0,3.2620246
2024,36.75,6.25,0.7817521,213.53168,0,2.8143075
2024,36.75,6.5,0.83883715,212.66667,0,3.0198135
2024,36.75,6.75,1.0102146,214.71577,0,3.6367724
2024,36.75,7.0,1.2090875,215.08955,0,4.352715
2024,36.75,7.25,1.1285177,271.5278,0,4.0626636
2024,36.75,7.5,0.9893318,268.65146,0,3.5615942
2024,36.75,7.75,0.9064501,235.02843,0,3.2632203
2024,36.75,8.0,1.0601163,202.5429,0,3.8164186
2024,36.75,8.25,1.2431145,258.1943,0,4.475212
2024,36.75,8.5,1.3720692,259.04898,0,4.9394493
2024,36.75,8.75,1.2723414,286.7061,0,4.5804286
2024,36.75,9.0,1.2782227,290.0411,0,4.6016016
2024,36.75,9.25,1.3692337,260.91568,0,4.929241
2024,36.75,9.5,1.3079047,262.69565,0,4.708457
2024,36.75,9.75,1.1943545,259.90784,0,4.2996764
2024,36.75,10.0,1.1266236,261.65466,0,4.055845
2024,36.75,10.25,1.3103184,265.63492,0,4.717146
2024,36.75,10.5,1.4288602,266.54562,0,5.1438966
2024,36.75,10.75,1.3816838,291.21252,0,4.9740615
2024,36.75,11.0,1.6749325,291.32736,0,6.0297565
2024,36.75,11.25,2.1495254,265.34222,0,7.7382913
2024,36.75,11.5,2.4474633,265.8538,0,8.810867
2024,36.75,11.75,2.5727093,295.73178,0,9.261753
2024,36.75,12.0,2.6217473,295.0322,0,9.43829
2024,36.5,-9.0,4.3525558,274.11313,0,15.6692
2024,36.5,-8.75,4.0856295,270.28036,0,14.708265
2024,36.5,-8.5,3.8161156,267.01453,0,13.738016
2024,36.5,-8.25,3.4587297,263.14658,0,12.4514265
2024,36.5,-8.0,3.1369743,259.74423,0,11.293107
2024,36.5,-7.75,2.8656619,226.77808,0,10.316382
2024,36.5,-7.5,2.6482408,223.87383,0,9.533667
2024,36.5,-7.25,2.4155395,220.42859,0,8.695942
2024,36.5,-7.0,2.3109138,215.4038,0,8.319289
2024,36.5,-6.75,2.2102685,207.52522,0,7.9569664
2024,36.5,-6.5,1.9671602,201.05322,0,7.0817766
2024,36.5,-6.25,1.5602525,193.2383,0,5.616909
2024,36.5,-6.0,1.2775241,179.28212,0,4.5990868
2024,36.5,-5.75,0.99773216,179.30559,0,3.5918357
2024,36.5,-5.5,0.79514426,185.82751,0,2.8625193
2024,36.5,-5.25,0.88296825,196.23688,0,3.1786857
2024,36.5,-5.0,1.1257966,185.18321,0,4.0528674
2024,36.5,-4.75,1.1587217,207.32674,0,4.171398
2024,36.5,-4.5,1.47397,224.37622,0,5.306292
2024,36.5,-4.25,1.822421,227.79956,0,6.560715
2024,36.5,-4.0,2.0510554,221.51067,0,7.3837996
2024,36.5,-3.75,2.0386722,216.9389,0,7.3392196
2024,36.5,-3.5,2.1008031,215.83525,0,7.562891
2024,36.5,-3.25,1.9772199,211.09908,0,7.1179914
2024,36.5,-3.0,1.9549657,203.0641,0,7.0378766
2024,36.5,-2.75,1.8387741,195.64958,0,6.6195865
2024,36.5,-2.5,1.6628528,192.66246,0,5.98627
2024,36.5,-2.25,1.7940078,183.46234,0,6.458428
2024,36.5,-2.0,1.9433365,182.25536,0,6.9960113
2024,36.5,-1.75,1.9698625,178.71031,0,7.0915046
2024,36.5,-1.5,1.9382291,176.40001,0,6.9776244
2024,36.5,-1.25,1.778766,173.18091,0,6.403558
2024,36.5,-1.0,1.6539809,172.1549,0,5.954331
2024,36.5,-0.75,1.5919541,168.53755,0,5.7310348
2024,36.5,-0.5,1.5968202,162.01894,0,5.748553
2024,36.5,-0.25,1.5939242,134.50533,0,5.7381268
2024,36.5,0.0,1.5829939,133.52296,0,5.6987777
2024,36.5,0.25,1.5069326,136.50818,0,5.4249573
2024,36.5,0.5,1.521104,138.67622,0,5.475974
2024,36.5,0.75,1.3265828,137.39311,0,4.7756977
2024,36.5,1.0,1.1584207,161.69292,0,4.1703143
2024,36.5,1.25,1.0999144,158.80487,0,3.9596918
2024,36.5,1.5,1.0909561,157.21751,0,3.9274418
2024,36.5,1.75,1.0873234,158.15245,0,3.9143643
2024,36.5,2.0,1.0977511,161.87425,0,3.951904
2024,36.5,2.25,1.0907656,159.58476,0,3.9267561
2024,36.5,2.5,1.0544771,152.81458,0,3.7961175
2024,36.5,2.75,1.0224599,152.37001,0,3.6808555
2024,36.5,3.0,0.87062603,147.3237,0,3.1342537
2024,36.5,3.25,0.864315,173.71031,0,3.1115339
2024,36.5,3.5,0.8399764,148.82385,0,3.0239148
2024,36.5,3.75,0.7856057,149.60196,0,2.8281806
2024,36.5,4.0,0.6260546,194.91576,0,2.2537963
2024,36.5,4.25,0.59478503,201.29749,0,2.141226
2024,36.5,4.5,0.60978854,200.06563,0,2.1952386
2024,36.5,4.75,0.67543006,143.12802,0,2.431548
2024,36.5,5.0,0.7129626,140.91895,0,2.5666654
2024,36.5,5.25,0.80196905,133.51631,0,2.8870885
2024,36.5,5.5,0.7961597,208.59956,0,2.8661747
2024,36.5,5.75,0.77761745,294.22617,0,2.7994227
2024,36.5,6.0,0.81031793,208.96318,0,2.9171445
2024,36.5,6.25,0.78782064,212.45601,0,2.8361542
2024,36.5,6.5,0.84064513,181.6994,0,3.0263224
2024,36.5,6.75,0.903964,182.2108,0,3.2542703
2024,36.5,7.0,1.0535557,212.72975,0,3.7928004
2024,36.5,7.25,0.9890277,267.54523,0,3.5604997
2024,36.5,7.5,0.89085644,263.9025,0,3.2070832
2024,36.5,7.75,0.8290429,201.0673,0,2.9845543
2024,36.5,8.0,0.9278078,262.94348,0,3.340108
2024,36.5,8.25,1.0709022,265.4834,0,3.855248
2024,36.5,8.5,1.1948453,295.95654,0,4.301443
2024,36.5,8.75,1.1586858,264.3565,0,4.171269
2024,36.5,9.0,1.1756265,264.33594,0,4.2322555
2024,36.5,9.25,1.2098371,263.35327,0,4.3554134
2024,36.5,9.5,1.1657748,262.75012,0,4.1967893
2024,36.5,9.75,1.0697883,260.85068,0,3.851238
2024,36.5,10.0,1.0647577,262.07474,0,3.8331277
2024,36.5,10.25,1.0756394,212.84209,0,3.8723016
2024,36.5,10.5,1.2179182,243.8149,0,4.3845053
2024,36.5,10.75,1.5558125,187.12927,0,5.600925
2024,36.5,11.0,1.9180084,212.45789,0,6.9048305
2024,36.5,11.25,2.2368703,211.59644,0,8.052732
2024,36.5,11.5,2.3691547,210.41045,0,8.528956
2024,36.5,11.75,2.4871967,239.72246,0,8.953908
2024,36.5,12.0,2.6349022,237.89459,0,9.485648
2024,36.25,-9.0,4.389272,275.5527,0,15.801379
2024,36.25,-8.75,4.172038,242.88062,0,15.019337
2024,36.25,-8.5,3.8861969,239.96277,0,13.990309
2024,36.25,-8.25,3.617349,237.6809,0,13.022456
2024,36.25,-8.0,3.2860854,235.38731,0,11.829907
2024,36.25,-7.75,2.9911108,233.76555,0,10.767999
2024,36.25,-7.5,2.7085664,232.39525,0,9.750839
2024,36.25,-7.25,2.4511893,230.18683,0,8.824281
2024,36.25,-7.0,2.2177863,227.23053,0,7.9840307
2024,36.25,-6.75,2.0132596,219.0023,0,7.2477345
2024,36.25,-6.5,1.7565541,202.09508,0,6.3235946
2024,36.25,-6.25,1.7528411,190.64027,0,6.310228
2024,36.25,-6.0,1.5468694,150.76695,0,5.56873
2024,36.25,-5.75,1.1821852,152.07164,0,4.2558665
2024,36.25,-5.5,1.256585,192.75883,0,4.523706
2024,36.25,-5.25,1.399333,196.44798,0,5.0375986
2024,36.25,-5.0,1.8304025,189.90633,0,6.589449
2024,36.25,-4.75,2.0229566,238.89488,0,7.282644
2024,36.25,-4.5,2.335179,230.04716,0,8.406645
2024,36.25,-4.25,2.2843106,230.98811,0,8.223517
2024,36.25,-4.0,2.3214817,227.08765,0,8.357334
2024,36.25,-3.75,2.2366083,222.14577,0,8.051789
2024,36.25,-3.5,2.1029427,215.58968,0,7.5705934
2024,36.25,-3.25,2.0154896,209.87958,0,7.255762
2024,36.25,-3.0,1.9205817,203.14478,0,6.914094
2024,36.25,-2.75,1.8151336,198.22723,0,6.5344806
2024,36.25,-2.5,1.8929912,189.007,0,6.8147683
2024,36.25,-2.25,1.9628083,187.47961,0,7.0661097
2024,36.25,-2.0,2.0833623,186.97821,0,7.5001044
2024,36.25,-1.75,2.0523105,183.54887,0,7.3883176
2024,36.25,-1.5,1.915698,179.53607,0,6.896513
2024,36.25,-1.25,1.7469293,177.11488,0,6.288945
2024,36.25,-1.0,1.6405953,174.18561,0,5.906143
2024,36.25,-0.75,1.6120296,174.2928,0,5.803306
2024,36.25,-0.5,1.5974884,178.13593,0,5.750958
2024,36.25,-0.25,1.530867,176.12492,0,5.511121
2024,36.25,0.0,1.4830881,175.58101,0,5.339117
2024,36.25,0.25,1.2789017,177.8879,0,4.604046
2024,36.25,0.5,1.0816138,149.55037,0,3.8938096
2024,36.25,0.75,0.9114332,209.89134,0,3.2811594
2024,36.25,1.0,0.82161736,215.03178,0,2.9578223
2024,36.25,1.25,0.8011132,216.73033,0,2.8840075
2024,36.25,1.5,0.7960035,218.06299,0,2.8656125
2024,36.25,1.75,0.84360963,190.76924,0,3.0369947
2024,36.25,2.0,0.8801312,163.94371,0,3.1684723
2024,36.25,2.25,0.8986532,253.37505,0,3.2351515
2024,36.25,2.5,0.8427694,199.96092,0,3.0339696
2024,36.25,2.75,0.8151178,196.30049,0,2.934424
2024,36.25,3.0,0.89340717,256.96664,0,3.2162657
2024,36.25,3.25,0.911988,256.6345,0,3.2831569
2024,36.25,3.5,0.88571066,255.04639,0,3.1885583
2024,36.25,3.75,0.77636385,166.53368,0,2.7949097
2024,36.25,4.0,0.6433118,232.10262,0,2.3159225
2024,36.25,4.25,0.58306605,174.67957,0,2.0990376
2024,36.25,4.5,0.5856542,171.5955,0,2.108355
2024,36.25,4.75,0.6537314,146.75081,0,2.353433
2024,36.25,5.0,0.7507419,152.4984,0,2.7026708
2024,36.25,5.25,0.82474774,182.83112,0,2.969092
2024,36.25,5.5,0.91835403,275.3364,0,3.3060744
2024,36.25,5.75,1.0036975,283.9821,0,3.613311
2024,36.25,6.0,1.0284892,293.8976,0,3.7025611
2024,36.25,6.25,0.9472506,210.88298,0,3.4101021
2024,36.25,6.5,0.9210832,154.7943,0,3.3158994
2024,36.25,6.75,0.98875165,154.1353,0,3.559506
2024,36.25,7.0,1.1207067,183.73163,0,4.034544
2024,36.25,7.25,1.0706391,240.1629,0,3.8543007
2024,36.25,7.5,0.9796274,237.88142,0,3.5266585
2024,36.25,7.75,1.0789231,270.85678,0,3.884123
2024,36.25,8.0,1.2379556,273.22015,0,4.45664
2024,36.25,8.25,1.2860583,273.24487,0,4.62981
2024,36.25,8.5,1.0721465,264.9608,0,3.8597274
2024,36.25,8.75,1.0528927,263.5082,0,3.7904136
2024,36.25,9.0,1.1114639,264.084,0,4.00127
2024,36.25,9.25,1.140786,264.93973,0,4.1068296
2024,36.25,9.5,1.1104391,264.3871,0,3.9975805
2024,36.25,9.75,1.0869709,270.53275,0,3.9130952
2024,36.25,10.0,1.1101013,275.24045,0,3.9963648
2024,36.25,10.25,1.158182,224.10327,0,4.169455
2024,36.25,10.5,1.5001416,169.83557,0,5.40051
2024,36.25,10.75,1.8638233,168.28471,0,6.7097635
2024,36.25,11.0,2.0798874,164.55467,0,7.4875946
2024,36.25,11.25,2.1606352,217.01344,0,7.7782865
2024,36.25,11.5,2.283305,214.98997,0,8.219897
2024,36.25,11.75,2.4515443,212.9449,0,8.82556
2024,36.25,12.0,2.5851786,241.10754,0,9.306643
2024,36.0,-9.0,4.390512,246.61415,0,15.805842
2024,36.0,-8.75,4.1916914,244.04497,0,15.090089
2024,36.0,-8.5,3.970419,241.82251,0,14.293508
2024,36.0,-8.25,3.6930206,239.84503,0,13.294874
2024,36.0,-8.0,3.4162633,238.16826,0,12.298548
2024,36.0,-7.75,3.141618,237.49506,0,11.309825
2024,36.0,-7.5,2.852245,237.12065,0,10.268082
2024,36.0,-7.25,2.5926402,236.877,0,9.333505
2024,36.0,-7.0,2.339987,236.65613,0,8.423953
2024,36.0,-6.75,2.0773537,234.5877,0,7.478473
2024,36.0,-6.5,1.948054,197.82542,0,7.0129943
2024,36.0,-6.25,1.8815012,162.5401,0,6.773404
2024,36.0,-6.0,1.7329417,142.34889,0,6.2385902
2024,36.0,-5.75,1.2354594,146.91806,0,4.447654
2024,36.0,-5.5,1.3092179,194.41162,0,4.7131844
2024,36.0,-5.25,1.7099117,207.42204,0,6.155682
2024,36.0,-5.0,2.0689251,207.22884,0,7.44813
2024,36.0,-4.75,2.2109933,242.40916,0,7.9595757
2024,36.0,-4.5,2.3169844,245.29482,0,8.341144
2024,36.0,-4.25,2.286106,246.59877,0,8.229981
2024,36.0,-4.0,2.112562,245.84514,0,7.6052227
2024,36.0,-3.75,1.9527789,243.67354,0,7.030004
2024,36.0,-3.5,1.86062,219.84575,0,6.6982317
2024,36.0,-3.25,1.8408426,213.93407,0,6.627033
2024,36.0,-3.0,1.8187566,213.49644,0,6.5475235
2024,36.0,-2.75,1.85617,219.06648,0,6.682212
2024,36.0,-2.5,1.9183093,190.37273,0,6.9059134
2024,36.0,-2.25,1.9973636,189.71642,0,7.190509
2024,36.0,-2.0,2.027523,189.3302,0,7.2990828
2024,36.0,-1.75,1.9259685,186.44995,0,6.9334865
2024,36.0,-1.5,1.7871356,182.53241,0,6.433688
2024,36.0,-1.25,1.6838403,175.60582,0,6.061825
2024,36.0,-1.0,1.6158892,201.17273,0,5.817201
2024,36.0,-0.75,1.6117644,199.99251,0,5.802352
2024,36.0,-0.5,1.4534935,198.26176,0,5.2325764
2024,36.0,-0.25,1.4192786,233.92125,0,5.109403
2024,36.0,0.0,1.3125031,265.63193,0,4.725011
2024,36.0,0.25,1.120407,263.98447,0,4.033465
2024,36.0,0.5,0.9352243,263.9768,0,3.3668075
2024,36.0,0.75,0.8781279,262.87604,0,3.1612604
2024,36.0,1.0,0.86395746,261.76154,0,3.110247
2024,36.0,1.25,0.84209895,262.2966,0,3.0315561
2024,36.0,1.5,0.8169801,263.8334,0,2.9411283
2024,36.0,1.75,0.8695894,265.06836,0,3.1305218
2024,36.0,2.0,0.983764,271.85568,0,3.5415504
2024,36.0,2.25,1.0264864,278.53195,0,3.695351
2024,36.0,2.5,0.96520597,283.98065,0,3.4747415
2024,36.0,2.75,0.8564765,289.58817,0,3.0833154
2024,36.0,3.0,0.9457893,293.32675,0,3.4048414
2024,36.0,3.25,0.9657965,264.72305,0,3.4768672
2024,36.0,3.5,1.0279884,185.61491,0,3.7007582
2024,36.0,3.75,0.9550343,190.25578,0,3.4381235
2024,36.0,4.0,0.8496473,164.2755,0,3.0587301
2024,36.0,4.25,0.6335209,174.65965,0,2.2806752
2024,36.0,4.5,0.6127997,151.46399,0,2.2060788
2024,36.0,4.75,0.5973459,186.38898,0,2.1504452
2024,36.0,5.0,0.7309344,185.58061,0,2.6313636
2024,36.0,5.25,0.8621168,184.70863,0,3.1036205
2024,36.0,5.5,0.95585775,240.08911,0,3.4410877
2024,36.0,5.75,1.0148927,274.43454,0,3.6536136
2024,36.0,6.0,1.1042279,282.73126,0,3.9752204
2024,36.0,6.25,1.0144054,265.59744,0,3.6518593
2024,36.0,6.5,0.97967273,181.99516,0,3.5268219
2024,36.0,6.75,1.0041543,182.72218,0,3.6149554
2024,36.0,7.0,1.1189449,182.60149,0,4.0282016
2024,36.0,7.25,1.1024853,210.60797,0,3.968947
2024,36.0,7.5,1.2165787,240.64972,0,4.3796835
2024,36.0,7.75,1.3330002,272.6951,0,4.7988005
2024,36.0,8.0,1.334775,276.5189,0,4.8051896
2024,36.0,8.25,1.1407926,269.7374,0,4.1068535
2024,36.0,8.5,0.9736554,203.87352,0,3.5051594
2024,36.0,8.75,1.026332,206.74489,0,3.6947951
2024,36.0,9.0,1.1214751,239.364,0,4.03731
2024,36.0,9.25,1.1858636,271.36472,0,4.269109
2024,36.0,9.5,1.1130707,274.95258,0,4.0070543
2024,36.0,9.75,1.1170691,250.85017,0,4.0214486
2024,36.0,10.0,1.0983019,197.17285,0,3.9538867
2024,36.0,10.25,1.1364094,167.76276,0,4.0910735
2024,36.0,10.5,1.5084921,169.68169,0,5.4305716
2024,36.0,10.75,1.8285456,171.17249,0,6.5827637
2024,36.0,11.0,2.0297472,169.97734,0,7.30709
2024,36.0,11.25,2.088753,163.36841,0,7.5195107
2024,36.0,11.5,2.2596462,218.1394,0,8.134726
2024,36.0,11.75,2.4151225,215.58977,0,8.694441
2024,36.0,12.0,2.5164902,214.59229,0,9.059364
2024,35.75,-9.0,4.3700957,247.0968,0,15.732345
2024,35.75,-8.75,4.1969256,244.43303,0,15.108932
2024,35.75,-8.5,3.975674,242.25024,0,14.312426
2024,35.75,-8.25,3.7709894,240.18022,0,13.575562
2024,35.75,-8.0,3.5345745,238.56873,0,12.724468
2024,35.75,-7.75,3.2837648,238.05994,0,11.821553
2024,35.75,-7.5,3.0248983,237.24867,0,10.889633
2024,35.75,-7.25,2.763418,237.65405,0,9.948304
2024,35.75,-7.0,2.5570948,238.03253,0,9.205541
2024,35.75,-6.75,2.34083,238.41902,0,8.426988
2024,35.75,-6.5,2.187085,206.93665,0,7.8735056
2024,35.75,-6.25,1.8098952,144.94383,0,6.5156226
2024,35.75,-6.0,1.487444,93.34252,0,5.3547983
2024,35.75,-5.75,1.0612122,159.83784,0,3.8203638
2024,35.75,-5.5,1.0359997,197.17279,0,3.7295988
2024,35.75,-5.25,1.3832068,222.34137,0,4.9795446
2024,35.75,-5.0,1.658136,225.80652,0,5.9692893
2024,35.75,-4.75,1.8609958,219.6009,0,6.6995845
2024,35.75,-4.5,1.9777484,216.02075,0,7.119894
2024,35.75,-4.25,2.0531754,214.0366,0,7.3914313
2024,35.75,-4.0,1.8967246,217.74585,0,6.8282084
2024,35.75,-3.75,1.7784783,192.26979,0,6.4025216
2024,35.75,-3.5,1.7633319,217.1115,0,6.347995
2024,35.75,-3.25,1.755752,214.47871,0,6.320707
2024,35.75,-3.0,1.7702929,211.2757,0,6.373054
2024,35.75,-2.75,1.8368279,214.36946,0,6.6125803
2024,35.75,-2.5,1.8915347,216.84892,0,6.8095245
2024,35.75,-2.25,1.8957968,187.35295,0,6.824868
2024,35.75,-2.0,1.9187778,187.98454,0,6.9076
2024,35.75,-1.75,1.8183736,185.0083,0,6.5461445
2024,35.75,-1.5,1.6409621,207.68697,0,5.9074636
2024,35.75,-1.25,1.571301,199.9372,0,5.6566834
2024,35.75,-1.0,1.4357162,225.24194,0,5.168578
2024,35.75,-0.75,1.4364089,252.85884,0,5.171072
2024,35.75,-0.5,1.3125606,271.02686,0,4.725218
2024,35.75,-0.25,1.2098302,270.18906,0,4.3553886
2024,35.75,0.0,1.1005138,266.18332,0,3.9618497
2024,35.75,0.25,1.0865496,264.34918,0,3.9115787
2024,35.75,0.5,1.1016723,264.49274,0,3.96602
2024,35.75,0.75,1.0461513,262.27914,0,3.7661445
2024,35.75,1.0,0.99877524,257.69336,0,3.5955908
2024,35.75,1.25,0.9763396,259.07547,0,3.5148225
2024,35.75,1.5,0.9575978,260.3983,0,3.447352
2024,35.75,1.75,0.94758254,271.14157,0,3.411297
2024,35.75,2.0,1.1224165,279.99625,0,4.0406995
2024,35.75,2.25,1.217235,286.54886,0,4.3820457
2024,35.75,2.5,1.1267406,289.33313,0,4.056266
2024,35.75,2.75,1.0022049,295.60745,0,3.6079376
2024,35.75,3.0,0.948046,295.09396,0,3.4129655
2024,35.75,3.25,1.0197154,268.9194,0,3.6709754
2024,35.75,3.5,1.1192173,188.73273,0,4.029182
2024,35.75,3.75,1.2419145,194.61787,0,4.470892
2024,35.75,4.0,1.1339394,176.4256,0,4.0821815
2024,35.75,4.25,0.84151095,166.13603,0,3.0294394
2024,35.75,4.5,0.7490725,147.3235,0,2.696661
2024,35.75,4.75,0.63883644,157.26857,0,2.2998111
2024,35.75,5.0,0.65408653,182.68724,0,2.3547115
2024,35.75,5.25,0.6913209,197.54732,0,2.4887552
2024,35.75,5.5,0.7246415,198.5171,0,2.6087093
2024,35.75,5.75,0.800246,205.16139,0,2.8808856
2024,35.75,6.0,0.92225313,242.19316,0,3.3201113
2024,35.75,6.25,0.87535113,248.86086,0,3.151264
2024,35.75,6.5,0.9762001,284.58884,0,3.5143204
2024,35.75,6.75,0.9649239,256.67044,0,3.473726
2024,35.75,7.0,0.96312594,255.34895,0,3.4672532
2024,35.75,7.25,1.0786844,249.30542,0,3.8832638
2024,35.75,7.5,1.1954142,248.59349,0,4.303491
2024,35.75,7.75,1.2131344,245.88379,0,4.367284
2024,35.75,8.0,1.0684282,238.78796,0,3.8463414
2024,35.75,8.25,0.9289959,207.65633,0,3.3443851
2024,35.75,8.5,1.0147948,241.63142,0,3.6532612
2024,35.75,8.75,1.1331731,245.05699,0,4.079423
2024,35.75,9.0,1.2344135,249.10088,0,4.4438887
2024,35.75,9.25,1.198306,250.98979,0,4.3139014
2024,35.75,9.5,1.121497,225.70813,0,4.0373893
2024,35.75,9.75,1.0235766,170.04626,0,3.6848757
2024,35.75,10.0,1.0153635,170.13698,0,3.6553082
2024,35.75,10.25,1.0486654,165.93785,0,3.7751954
2024,35.75,10.5,1.1200126,165.76346,0,4.0320454
2024,35.75,10.75,1.3998874,168.60478,0,5.0395947
2024,35.75,11.0,1.7463375,170.79875,0,6.286815
2024,35.75,11.25,2.12951,167.5182,0,7.6662354
2024,35.75,11.5,2.2389688,162.0871,0,8.060287
2024,35.75,11.75,2.3816786,219.03108,0,8.574042
2024,35.75,12.0,2.4828844,217.95628,0,8.938384
2024,35.5,-9.0,4.317956,247.37837,0,15.5446415
2024,35.5,-8.75,4.176176,244.47363,0,15.034233
2024,35.5,-8.5,4.0013485,241.92174,0,14.404854
2024,35.5,-8.25,3.8117085,239.71954,0,13.72215
2024,35.5,-8.0,3.6104228,237.68958,0,12.997522
2024,35.5,-7.75,3.363674,236.60425,0,12.109226
2024,35.5,-7.5,3.112291,235.54234,0,11.204247
2024,35.5,-7.25,2.863588,233.8626,0,10.308917
2024,35.5,-7.0,2.6697304,233.43703,0,9.61103
2024,35.5,-6.75,2.466058,231.96346,0,8.877809
2024,35.5,-6.5,2.1670418,225.24194,0,7.80135
2024,35.5,-6.25,1.7031134,217.82863,0,6.1312084
2024,35.5,-6.0,1.0318131,176.5827,0,3.7145271
2024,35.5,-5.75,0.81658274,122.75772,0,2.9396977
2024,35.5,-5.5,0.69013375,165.61076,0,2.4844813
2024,35.5,-5.25,0.7095831,209.70073,0,2.5544991
2024,35.5,-5.0,1.0106299,219.85242,0,3.6382675
2024,35.5,-4.75,1.507434,214.3731,0,5.426762
2024,35.5,-4.5,1.8165954,213.77779,0,6.5397434
2024,35.5,-4.25,1.8909198,210.4868,0,6.807311
2024,35.5,-4.0,1.763852,207.40631,0,6.349867
2024,35.5,-3.75,1.6709957,200.86119,0,6.0155845
2024,35.5,-3.5,1.6195993,222.22215,0,5.8305573
2024,35.5,-3.25,1.5977153,215.40373,0,5.751775
2024,35.5,-3.0,1.5655879,212.18849,0,5.636116
2024,35.5,-2.75,1.738834,216.14143,0,6.2598023
2024,35.5,-2.5,1.8614603,218.26204,0,6.701257
2024,35.5,-2.25,1.859074,218.60649,0,6.692666
2024,35.5,-2.0,1.7823216,214.28703,0,6.4163575
2024,35.5,-1.75,1.7290407,206.94258,0,6.2245464
2024,35.5,-1.5,1.5281743,229.24641,0,5.501427
2024,35.5,-1.25,1.2694881,253.3576,0,4.570157
2024,35.5,-1.0,1.0604974,259.14877,0,3.8177905
2024,35.5,-0.75,1.1731538,265.8007,0,4.2233534
2024,35.5,-0.5,1.2169255,269.2515,0,4.380932
2024,35.5,-0.25,1.1513225,269.37723,0,4.1447606
2024,35.5,0.0,1.042234,265.47168,0,3.752042
2024,35.5,0.25,1.1915693,267.1829,0,4.2896495
2024,35.5,0.5,1.2165316,267.01166,0,4.3795137
2024,35.5,0.75,1.1771889,265.24008,0,4.2378798
2024,35.5,1.0,1.1264478,260.5209,0,4.055212
2024,35.5,1.25,1.1541318,268.006,0,4.1548743
2024,35.5,1.5,1.2545006,274.58493,0,4.516202
2024,35.5,1.75,1.321217,282.77997,0,4.756381
2024,35.5,2.0,1.3883618,290.33853,0,4.998102
2024,35.5,2.25,1.3391247,293.05444,0,4.820849
2024,35.5,2.5,1.2608925,294.39572,0,4.5392127
2024,35.5,2.75,1.1768159,292.0115,0,4.236537
2024,35.5,3.0,1.0741206,257.7532,0,3.8668342
2024,35.5,3.25,1.1513475,256.7242,0,4.1448507
2024,35.5,3.5,1.2549015,258.69757,0,4.5176454
2024,35.5,3.75,1.3313689,265.35593,0,4.792928
2024,35.5,4.0,1.2897087,224.75877,0,4.6429515
2024,35.5,4.25,1.0915676,210.6029,0,3.9296434
2024,35.5,4.5,0.8719488,193.40063,0,3.1390154
2024,35.5,4.75,0.83228785,142.98961,0,2.996236
2024,35.5,5.0,0.88467985,179.85802,0,3.1848474
2024,35.5,5.25,0.7049357,184.3722,0,2.5377686
2024,35.5,5.5,0.6148587,130.78139,0,2.2134912
2024,35.5,5.75,0.54221827,154.63503,0,1.9519857
2024,35.5,6.0,0.6956108,200.97856,0,2.5041988
2024,35.5,6.25,0.90684396,268.1579,0,3.2646382
2024,35.5,6.5,1.0030832,272.84262,0,3.6110995
2024,35.5,6.75,1.0032595,274.91483,0,3.6117342
2024,35.5,7.0,0.9048994,245.81694,0,3.2576377
2024,35.5,7.25,1.0145787,243.0708,0,3.6524832
2024,35.5,7.5,1.0974997,242.93816,0,3.950999
2024,35.5,7.75,1.0923318,241.77937,0,3.9323943
2024,35.5,8.0,1.0177306,243.51448,0,3.66383
2024,35.5,8.25,1.1226432,246.87683,0,4.0415154
2024,35.5,8.5,1.2318913,250.03735,0,4.4348083
2024,35.5,8.75,1.2364297,250.61145,0,4.4511466
2024,35.5,9.0,1.2381864,254.12402,0,4.457471
2024,35.5,9.25,1.1249064,196.60118,0,4.049663
2024,35.5,9.5,1.0039178,201.54608,0,3.614104
2024,35.5,9.75,0.9380881,172.98073,0,3.3771172
2024,35.5,10.0,0.96902585,170.10559,0,3.488493
2024,35.5,10.25,1.0068015,167.35327,0,3.6244853
2024,35.5,10.5,1.0189409,166.96375,0,3.6681871
2024,35.5,10.75,1.1114907,166.61272,0,4.0013666
2024,35.5,11.0,1.3457236,168.22963,0,4.844605
2024,35.5,11.25,1.9240545,168.97675,0,6.926596
2024,35.5,11.5,2.2426176,166.61226,0,8.073423
2024,35.5,11.75,2.3865252,163.63568,0,8.591491
2024,35.5,12.0,2.4612687,221.87764,0,8.860567
2024,35.25,-9.0,4.299333,246.9244,0,15.477599
2024,35.25,-8.75,4.1440067,243.82935,0,14.918424
2024,35.25,-8.5,3.9615908,241.07703,0,14.261726
2024,35.25,-8.25,3.7761269,238.67073,0,13.594056
2024,35.25,-8.0,3.5956848,236.41344,0,12.944465
2024,35.25,-7.75,3.3541024,234.81848,0,12.074768
2024,35.25,-7.5,3.1204307,232.77174,0,11.23355
2024,35.25,-7.25,2.8769186,230.38678,0,10.356907
2024,35.25,-7.0,2.5877614,227.52472,0,9.315941
2024,35.25,-6.75,2.4238966,222.65747,0,8.7260275
2024,35.25,-6.5,2.1644518,216.09131,0,7.7920265
2024,35.25,-6.25,1.7131926,210.52911,0,6.1674933
2024,35.25,-6.0,0.9260077,201.68976,0,3.3336277
2024,35.25,-5.75,0.6686146,171.26965,0,2.4070127
2024,35.25,-5.5,0.54297394,122.0463,0,1.9547061
2024,35.25,-5.25,0.45610014,166.19359,0,1.6419605
2024,35.25,-5.0,0.5070879,115.61697,0,1.8255163
2024,35.25,-4.75,0.77254015,112.913635,0,2.7811444
2024,35.25,-4.5,1.0074902,110.90281,0,3.6269646
2024,35.25,-4.25,1.1448933,134.67592,0,4.121616
2024,35.25,-4.0,1.1116315,162.76984,0,4.0018735
2024,35.25,-3.75,1.069378,225.43373,0,3.8497608
2024,35.25,-3.5,1.1375258,217.38133,0,4.095093
2024,35.25,-3.25,1.1404334,215.92766,0,4.1055603
2024,35.25,-3.0,1.0427797,219.74469,0,3.7540069
2024,35.25,-2.75,1.3235168,192.86497,0,4.7646604
2024,35.25,-2.5,1.4854666,193.32985,0,5.3476796
2024,35.25,-2.25,1.5101017,190.35481,0,5.436366
2024,35.25,-2.0,1.4737684,212.24373,0,5.305566
2024,35.25,-1.75,1.455162,264.09164,0,5.238583
2024,35.25,-1.5,1.2512472,261.2784,0,4.50449
2024,35.25,-1.25,1.0213487,266.60315,0,3.6768553
2024,35.25,-1.0,0.94572884,263.33713,0,3.4046237
2024,35.25,-0.75,1.1211847,268.72696,0,4.036265
2024,35.25,-0.5,1.2111305,272.8999,0,4.3600698
2024,35.25,-0.25,1.1806104,274.3655,0,4.2501974
2024,35.25,0.0,1.041617,271.78543,0,3.7498212
2024,35.25,0.25,1.1422051,272.20557,0,4.1119385
2024,35.25,0.5,1.1512932,271.47238,0,4.144655
2024,35.25,0.75,1.1152016,269.5936,0,4.0147257
2024,35.25,1.0,1.0869762,268.0997,0,3.913114
2024,35.25,1.25,1.2714045,272.42432,0,4.577056
2024,35.25,1.5,1.4290823,273.01822,0,5.144696
2024,35.25,1.75,1.5028957,274.06662,0,5.410424
2024,35.25,2.0,1.409156,279.58493,0,5.0729613
2024,35.25,2.25,1.3092813,282.87473,0,4.713413
2024,35.25,2.5,1.2490581,279.9595,0,4.496609
2024,35.25,2.75,1.2106439,275.1409,0,4.358318
2024,35.25,3.0,1.1186334,270.0581,0,4.02708
2024,35.25,3.25,1.129913,268.30557,0,4.0676866
2024,35.25,3.5,1.1814367,269.15094,0,4.253172
2024,35.25,3.75,1.2388357,271.26596,0,4.4598083
2024,35.25,4.0,1.2710242,273.09387,0,4.575687
2024,35.25,4.25,1.1380647,270.72018,0,4.097033
2024,35.25,4.5,1.1485717,241.24829,0,4.134858
2024,35.25,4.75,1.1574644,233.00645,0,4.1668715
2024,35.25,5.0,0.9909384,222.7946,0,3.5673783
2024,35.25,5.25,0.8640818,162.7156,0,3.1106944
2024,35.25,5.5,0.7944188,142.80551,0,2.8599076
2024,35.25,5.75,0.6362975,109.466225,0,2.290671
2024,35.25,6.0,0.64137083,167.89497,0,2.308935
2024,35.25,6.25,0.8521569,241.3218,0,3.0677648
2024,35.25,6.5,0.9728467,268.3893,0,3.502248
2024,35.25,6.75,0.9662029,267.27008,0,3.4783304
2024,35.25,7.0,0.8959682,266.96942,0,3.2254853
2024,35.25,7.25,1.1019925,271.34164,0,3.9671729
2024,35.25,7.5,1.2051206,243.2596,0,4.3384337
2024,35.25,7.75,1.2483107,245.23749,0,4.4939184
2024,35.25,8.0,1.2342334,249.04936,0,4.44324
2024,35.25,8.25,1.3136625,252.63329,0,4.729185
2024,35.25,8.5,1.2559212,253.58148,0,4.5213165
2024,35.25,8.75,1.156313,222.07722,0,4.1627264
2024,35.25,9.0,1.0740172,191.77124,0,3.8664618
2024,35.25,9.25,0.9974051,193.53606,0,3.5906584
2024,35.25,9.5,0.94918877,180.22978,0,3.4170794
2024,35.25,9.75,0.92724305,176.76888,0,3.338075
2024,35.25,10.0,0.93077946,171.42448,0,3.350806
2024,35.25,10.25,1.0027494,171.72224,0,3.6098979
2024,35.25,10.5,1.1371828,160.2288,0,4.0938582
2024,35.25,10.75,1.2783083,158.62282,0,4.6019096
2024,35.25,11.0,1.4925094,150.4067,0,5.3730335
2024,35.25,11.25,2.0480616,143.1262,0,7.3730216
2024,35.25,11.5,2.3704007,140.2558,0,8.5334425
2024,35.25,11.75,2.474583,138.45775,0,8.908498
2024,35.25,12.0,2.4464154,137.46617,0,8.807096
2024,35.0,-9.0,4.2310057,246.9574,0,15.23162
2024,35.0,-8.75,4.091354,243.29535,0,14.728873
2024,35.0,-8.5,3.9387426,239.98454,0,14.179473
2024,35.0,-8.25,3.780897,236.98088,0,13.611229
2024,35.0,-8.0,3.6152055,234.64198,0,13.01474
2024,35.0,-7.75,3.3436232,231.93024,0,12.037043
2024,35.0,-7.5,3.1004086,229.50105,0,11.16147
2024,35.0,-7.25,2.84571,226.87837,0,10.244555
2024,35.0,-7.0,2.5299695,223.54405,0,9.10789
2024,35.0,-6.75,2.3239465,217.9543,0,8.366207
2024,35.0,-6.5,2.0228508,244.0885,0,7.2822623
2024,35.0,-6.25,1.5823065,240.91771,0,5.6963034
2024,35.0,-6.0,0.94560534,234.16321,0,3.404179
2024,35.0,-5.75,0.73994285,207.48932,0,2.6637943
2024,35.0,-5.5,0.63133925,211.5258,0,2.2728212
2024,35.0,-5.25,0.5196238,213.31773,0,1.8706456
2024,35.0,-5.0,0.447378,130.75212,0,1.6105608
2024,35.0,-4.75,0.49225104,179.66272,0,1.7721037
2024,35.0,-4.5,0.5421805,190.32314,0,1.9518497
2024,35.0,-4.25,0.568587,197.28166,0,2.0469131
2024,35.0,-4.0,0.58839774,146.52754,0,2.1182318
2024,35.0,-3.75,0.6146247,151.51572,0,2.2126489
2024,35.0,-3.5,0.70939714,151.71208,0,2.5538297
2024,35.0,-3.25,0.8261974,213.41008,0,2.9743104
2024,35.0,-3.0,0.9094505,172.19405,0,3.2740216
2024,35.0,-2.75,0.9138534,165.42546,0,3.2898722
2024,35.0,-2.5,0.8921487,167.93942,0,3.2117352
2024,35.0,-2.25,0.85906315,171.26526,0,3.0926273
2024,35.0,-2.0,0.8972513,229.8791,0,3.2301047
2024,35.0,-1.75,0.8894162,284.22272,0,3.2018983
2024,35.0,-1.5,0.8858543,278.18912,0,3.1890755
2024,35.0,-1.25,0.9098418,272.70642,0,3.2754302
2024,35.0,-1.0,1.0505384,271.71835,0,3.7819383
2024,35.0,-0.75,1.1388745,275.74567,0,4.0999484
2024,35.0,-0.5,1.1474258,277.38132,0,4.1307325
2024,35.0,-0.25,1.091692,276.79355,0,3.930091
2024,35.0,0.0,1.0390718,273.73602,0,3.7406583
2024,35.0,0.25,1.1868554,275.37454,0,4.2726793
2024,35.0,0.5,1.2227892,276.47955,0,4.402041
2024,35.0,0.75,1.1728929,277.2913,0,4.2224145
2024,35.0,1.0,1.0658838,279.94284,0,3.8371813
2024,35.0,1.25,1.2360976,285.0567,0,4.449951
2024,35.0,1.5,1.430543,285.5718,0,5.1499543
2024,35.0,1.75,1.5763339,285.02203,0,5.674802
2024,35.0,2.0,1.5668777,284.6015,0,5.6407595
2024,35.0,2.25,1.4213371,281.32205,0,5.1168137
2024,35.0,2.5,1.321777,275.69235,0,4.758397
2024,35.0,2.75,1.2344235,270.06213,0,4.4439244
2024,35.0,3.0,1.0995052,263.68454,0,3.9582186
2024,35.0,3.25,1.0807099,260.76788,0,3.8905556
2024,35.0,3.5,1.1393377,260.344,0,4.1016154
2024,35.0,3.75,1.2227393,261.77756,0,4.4018617
2024,35.0,4.0,1.2934818,264.66476,0,4.6565347
2024,35.0,4.25,1.2491214,262.75592,0,4.496837
2024,35.0,4.5,1.2422448,256.16528,0,4.472081
2024,35.0,4.75,1.241613,256.9551,0,4.4698067
2024,35.0,5.0,1.2871622,262.90262,0,4.633784
2024,35.0,5.25,1.2840774,249.64009,0,4.6226788
2024,35.0,5.5,1.2761068,118.681145,0,4.5939846
2024,35.0,5.75,1.0916972,130.68837,0,3.93011
2024,35.0,6.0,0.61155444,208.15395,0,2.201596
2024,35.0,6.25,0.5849211,232.83635,0,2.105716
2024,35.0,6.5,0.6469948,230.17162,0,2.3291814
2024,35.0,6.75,0.7214319,231.3857,0,2.5971549
2024,35.0,7.0,0.82852477,235.91711,0,2.9826891
2024,35.0,7.25,1.0723311,239.66382,0,3.8603919
2024,35.0,7.5,1.2426516,242.7192,0,4.4735456
2024,35.0,7.75,1.3442144,244.17552,0,4.839172
2024,35.0,8.0,1.3741821,245.2744,0,4.9470553
2024,35.0,8.25,1.4053435,245.20215,0,5.0592365
2024,35.0,8.5,1.3310843,216.08095,0,4.791903
2024,35.0,8.75,1.221518,219.47241,0,4.3974648
2024,35.0,9.0,1.1331515,190.93628,0,4.079345
2024,35.0,9.25,1.1169882,185.77147,0,4.0211573
2024,35.0,9.5,1.1226093,182.90822,0,4.0413933
2024,35.0,9.75,1.118008,178.79913,0,4.024829
2024,35.0,10.0,1.1108208,162.95752,0,3.9989548
2024,35.0,10.25,1.2641966,158.954,0,4.551108
2024,35.0,10.5,1.5510067,155.75246,0,5.583624
2024,35.0,10.75,1.8987336,152.62425,0,6.8354406
2024,35.0,11.0,2.3223846,148.07945,0,8.360584
2024,35.0,11.25,2.4976594,144.9474,0,8.991573
2024,35.0,11.5,2.5544055,143.55818,0,9.195859
2024,35.0,11.75,2.5264328,142.92212,0,9.095158
2024,35.0,12.0,2.5283105,142.93036,0,9.101917
2024,34.75,-9.0,4.2114167,245.65735,0,15.161099
2024,34.75,-8.75,4.0674424,242.34224,0,14.642793
2024,34.75,-8.5,3.8935564,239.19337,0,14.016803
2024,34.75,-8.25,3.7174664,236.11072,0,13.382878
2024,34.75,-8.0,3.5277567,233.30296,0,12.6999235
2024,34.75,-7.75,3.3326807,229.95013,0,11.99765
2024,34.75,-7.5,3.0754967,227.27234,0,11.071788
2024,34.75,-7.25,2.793785,224.26976,0,10.057626
2024,34.75,-7.0,2.5207422,220.32097,0,9.074672
2024,34.75,-6.75,2.2233589,244.38686,0,8.004091
2024,34.75,-6.5,1.709896,241.74687,0,6.1556253
2024,34.75,-6.25,1.200554,239.04008,0,4.3219943
2024,34.75,-6.0,1.003968,235.87665,0,3.6142848
2024,34.75,-5.75,1.0998716,233.1461,0,3.9595377
2024,34.75,-5.5,1.0109227,201.5725,0,3.6393216
2024,34.75,-5.25,0.8892899,198.75783,0,3.2014437
2024,34.75,-5.0,0.68933994,195.10052,0,2.4816236
2024,34.75,-4.75,0.5552144,189.87427,0,1.9987718
2024,34.75,-4.5,0.5342235,205.69049,0,1.9232045
2024,34.75,-4.25,0.6139687,202.06299,0,2.210287
2024,34.75,-4.0,0.670065,201.31877,0,2.4122338
2024,34.75,-3.75,0.69784683,189.53038,0,2.5122485
2024,34.75,-3.5,0.84272414,141.92952,0,3.0338068
2024,34.75,-3.25,0.98774314,142.4955,0,3.5558753
2024,34.75,-3.0,1.0980706,109.26017,0,3.9530542
2024,34.75,-2.75,1.023205,110.367226,0,3.683538
2024,34.75,-2.5,0.9449437,143.42067,0,3.4017973
2024,34.75,-2.25,0.92184114,171.5753,0,3.318628
2024,34.75,-2.0,0.89313847,198.27809,0,3.2152984
2024,34.75,-1.75,0.7721867,192.24931,0,2.779872
2024,34.75,-1.5,0.7672247,276.3361,0,2.762009
2024,34.75,-1.25,0.86153334,275.54895,0,3.10152
2024,34.75,-1.0,1.0468713,277.1367,0,3.7687366
2024,34.75,-0.75,1.1124742,278.81424,0,4.004907
2024,34.75,-0.5,1.1224232,279.00943,0,4.0407233
2024,34.75,-0.25,1.1011404,278.81546,0,3.9641054
2024,34.75,0.0,1.1283249,281.67288,0,4.0619693
2024,34.75,0.25,1.2525826,287.38547,0,4.509297
2024,34.75,0.5,1.3024896,287.95172,0,4.6889625
2024,34.75,0.75,1.2647476,287.40945,0,4.5530915
2024,34.75,1.0,1.1720691,287.48428,0,4.2194486
2024,34.75,1.25,1.2587115,287.67227,0,4.531361
2024,34.75,1.5,1.3941336,285.7173,0,5.018881
2024,34.75,1.75,1.555932,283.43994,0,5.601355
2024,34.75,2.0,1.731331,277.65762,0,6.2327914
2024,34.75,2.25,1.5349679,239.50545,0,5.525884
2024,34.75,2.5,1.3694466,234.72856,0,4.930008
2024,34.75,2.75,1.173195,231.64868,0,4.2235017
2024,34.75,3.0,1.0796636,260.10843,0,3.886789
2024,34.75,3.25,1.1143653,262.79257,0,4.011715
2024,34.75,3.5,1.2586561,268.36588,0,4.531162
2024,34.75,3.75,1.3973938,271.7384,0,5.0306177
2024,34.75,4.0,1.4361777,277.50345,0,5.17024
2024,34.75,4.25,1.2041732,236.99231,0,4.3350234
2024,34.75,4.5,1.2305108,229.85771,0,4.4298387
2024,34.75,4.75,1.313263,210.73283,0,4.727747
2024,34.75,5.0,1.3816301,216.0092,0,4.973868
2024,34.75,5.25,1.3484775,193.66554,0,4.854519
2024,34.75,5.5,1.3879567,144.30276,0,4.996644
2024,34.75,5.75,1.278154,122.76816,0,4.601354
2024,34.75,6.0,1.0111111,131.47102,0,3.64
2024,34.75,6.25,0.9591591,160.98404,0,3.4529727
2024,34.75,6.5,0.84021646,159.3225,0,3.024779
2024,34.75,6.75,0.76513577,156.18062,0,2.7544887
2024,34.75,7.0,0.809196,179.75249,0,2.9131055
2024,34.75,7.25,0.8950785,189.05177,0,3.2222824
2024,34.75,7.5,1.0051898,213.38536,0,3.618683
2024,34.75,7.75,1.1205467,242.36981,0,4.033968
2024,34.75,8.0,1.3263439,237.89815,0,4.774838
2024,34.75,8.25,1.4228439,209.81865,0,5.122238
2024,34.75,8.5,1.4360877,196.36992,0,5.1699157
2024,34.75,8.75,1.4149718,191.06201,0,5.0938983
2024,34.75,9.0,1.3641516,184.43965,0,4.9109454
2024,34.75,9.25,1.410913,184.19518,0,5.0792866
2024,34.75,9.5,1.4850864,164.75479,0,5.346311
2024,34.75,9.75,1.5559982,166.36029,0,5.6015935
2024,34.75,10.0,1.6936522,164.74602,0,6.0971475
2024,34.75,10.25,1.8024439,159.16423,0,6.4887977
2024,34.75,10.5,2.07527,152.73692,0,7.4709716
2024,34.75,10.75,2.403076,148.82774,0,8.651073
2024,34.75,11.0,2.7371702,146.12488,0,9.853812
2024,34.75,11.25,2.7884858,145.6025,0,10.038548
2024,34.75,11.5,2.7792282,145.8701,0,10.005221
2024,34.75,11.75,2.7453976,146.24632,0,9.883431
2024,34.75,12.0,2.695121,145.78963,0,9.7024355
2024,34.5,-9.0,4.1508217,245.9513,0,14.942958
2024,34.5,-8.75,3.9923904,242.59413,0,14.372605
2024,34.5,-8.5,3.8240538,239.83888,0,13.766593
2024,34.5,-8.25,3.6370468,237.03133,0,13.093369
2024,34.5,-8.0,3.4191453,233.71141,0,12.308923
2024,34.5,-7.75,3.1958988,229.92192,0,11.505236
2024,34.5,-7.5,2.8977358,226.06343,0,10.431849
2024,34.5,-7.25,2.6047971,222.33905,0,9.37727
2024,34.5,-7.0,2.465831,216.9273,0,8.876991
2024,34.5,-6.75,2.1360354,213.09668,0,7.6897273
2024,34.5,-6.5,1.5976964,239.82024,0,5.751707
2024,34.5,-6.25,1.09608,238.01025,0,3.9458878
2024,34.5,-6.0,0.9932181,208.45482,0,3.5755851
2024,34.5,-5.75,1.141661,208.88812,0,4.1099796
2024,34.5,-5.5,1.2106993,209.23601,0,4.3585176
2024,34.5,-5.25,1.1041075,207.59435,0,3.974787
2024,34.5,-5.0,1.0550197,207.12366,0,3.798071
2024,34.5,-4.75,0.85993147,206.2752,0,3.0957532
2024,34.5,-4.5,0.75807804,197.23048,0,2.729081
2024,34.5,-4.25,0.72956544,185.2434,0,2.6264355
2024,34.5,-4.0,0.8419984,216.20406,0,3.0311942
2024,34.5,-3.75,0.8673642,221.9414,0,3.1225111
2024,34.5,-3.5,1.0948756,234.78528,0,3.941552
2024,34.5,-3.25,1.250048,146.16377,0,4.5001726
2024,34.5,-3.0,1.1640313,103.18615,0,4.1905127
2024,34.5,-2.75,0.9743412,133.91539,0,3.5076282
2024,34.5,-2.5,0.91878253,164.29495,0,3.307617
2024,34.5,-2.25,0.92626566,281.14865,0,3.3345563
2024,34.5,-2.0,0.9078017,276.133,0,3.268086
2024,34.5,-1.75,0.83167416,272.83606,0,2.994027
2024,34.5,-1.5,0.920896,280.0576,0,3.3152256
2024,34.5,-1.25,1.0895904,283.05298,0,3.9225254
2024,34.5,-1.0,1.207158,259.63486,0,4.3457685
2024,34.5,-0.75,1.2495495,261.8258,0,4.4983783
2024,34.5,-0.5,1.2479174,262.39462,0,4.4925027
2024,34.5,-0.25,1.2228442,293.83072,0,4.4022393
2024,34.5,0.0,1.2542208,295.5133,0,4.515195
2024,34.5,0.25,1.3964325,296.81436,0,5.027157
2024,34.5,0.5,1.4495548,265.46408,0,5.218397
2024,34.5,0.75,1.4234198,264.07156,0,5.1243114
2024,34.5,1.0,1.4362081,252.24968,0,5.170349
2024,34.5,1.25,1.3511304,241.08647,0,4.864069
2024,34.5,1.5,1.4045926,240.31483,0,5.0565333
2024,34.5,1.75,1.3737949,238.47765,0,4.9456615
2024,34.5,2.0,1.477578,236.68048,0,5.3192806
2024,34.5,2.25,1.3517889,235.24371,0,4.86644
2024,34.5,2.5,1.240501,239.19627,0,4.4658036
2024,34.5,2.75,1.1128306,239.38756,0,4.0061903
2024,34.5,3.0,1.1869293,245.20119,0,4.2729454
2024,34.5,3.25,1.2231245,241.5763,0,4.4032483
2024,34.5,3.5,1.3827009,240.07605,0,4.977723
2024,34.5,3.75,1.3772279,237.75482,0,4.95802
2024,34.5,4.0,1.3570524,240.97893,0,4.885389
2024,34.5,4.25,1.3012016,200.42792,0,4.6843257
2024,34.5,4.5,1.3615866,181.27269,0,4.9017115
2024,34.5,4.75,1.4729718,155.03123,0,5.302698
2024,34.5,5.0,1.4059483,159.40474,0,5.061414
2024,34.5,5.25,1.4956089,163.51599,0,5.384192
2024,34.5,5.5,1.5132003,170.81664,0,5.4475207
2024,34.5,5.75,1.5030178,149.43259,0,5.410864
2024,34.5,6.0,1.381821,159.61061,0,4.9745555
2024,34.5,6.25,1.3164726,158.43437,0,4.739301
2024,34.5,6.5,1.301818,146.58627,0,4.686545
2024,34.5,6.75,1.2243881,143.63863,0,4.4077973
2024,34.5,7.0,1.269553,103.910126,0,4.5703907
2024,34.5,7.25,1.3596016,96.46371,0,4.8945656
2024,34.5,7.5,1.2977566,133.23518,0,4.6719236
2024,34.5,7.75,1.2354064,184.49266,0,4.447463
2024,34.5,8.0,1.3136746,202.47362,0,4.7292285
2024,34.5,8.25,1.337832,195.00037,0,4.816195
2024,34.5,8.5,1.2616154,190.3257,0,4.5418153
2024,34.5,8.75,1.2459838,189.9223,0,4.485542
2024,34.5,9.0,1.3322514,162.1821,0,4.796105
2024,34.5,9.25,1.4101115,160.2572,0,5.076401
2024,34.5,9.5,1.5193425,161.01701,0,5.469633
2024,34.5,9.75,1.7528116,159.97365,0,6.3101215
2024,34.5,10.0,2.056622,160.83755,0,7.403839
2024,34.5,10.25,2.3086867,155.53583,0,8.311272
2024,34.5,10.5,2.676112,150.01445,0,9.634003
2024,34.5,10.75,3.0241406,147.48831,0,10.886906
2024,34.5,11.0,3.1327333,146.98817,0,11.27784
2024,34.5,11.25,2.9825237,147.82753,0,10.737085
2024,34.5,11.5,2.9608214,147.9121,0,10.658957
2024,34.5,11.75,2.9128904,147.48859,0,10.486405
2024,34.5,12.0,2.8589773,147.29529,0,10.292318
2024,34.25,-9.0,4.115371,215.5164,0,14.815336
2024,34.25,-8.75,3.9394577,212.87633,0,14.182047
2024,34.25,-8.5,3.7488043,240.58466,0,13.495695
2024,34.25,-8.25,3.5132952,237.80054,0,12.647862
2024,34.25,-8.0,3.1973894,234.68263,0,11.510601
2024,34.25,-7.75,2.9189894,231.09723,0,10.508362
2024,34.25,-7.5,2.6978266,225.82979,0,9.712175
2024,34.25,-7.25,2.3516467,221.4717,0,8.465928
2024,34.25,-7.0,2.077974,216.58302,0,7.4807067
2024,34.25,-6.75,1.6919326,215.52466,0,6.090957
2024,34.25,-6.5,1.3876995,216.73997,0,4.995718
2024,34.25,-6.25,1.0118114,220.4092,0,3.642521
2024,34.25,-6.0,0.96358395,220.4452,0,3.468902
2024,34.25,-5.75,1.0692228,220.19788,0,3.849202
2024,34.25,-5.5,1.1051798,220.13106,0,3.9786472
2024,34.25,-5.25,1.1610223,221.8703,0,4.1796803
2024,34.25,-5.0,1.117797,221.3733,0,4.0240693
2024,34.25,-4.75,0.9662301,220.69873,0,3.4784284
2024,34.25,-4.5,0.86170155,216.70398,0,3.1021254
2024,34.25,-4.25,0.78164977,214.05147,0,2.813939
2024,34.25,-4.0,0.7920425,227.70757,0,2.851353
2024,34.25,-3.75,0.95252997,219.66225,0,3.429108
2024,34.25,-3.5,1.1241105,257.167,0,4.0467978
2024,34.25,-3.25,1.1828403,250.15045,0,4.258225
2024,34.25,-3.0,1.0960283,229.63562,0,3.9457018
2024,34.25,-2.75,0.9797364,280.56348,0,3.527051
2024,34.25,-2.5,0.97513026,274.47205,0,3.510469
2024,34.25,-2.25,1.0638595,272.6629,0,3.829894
2024,34.25,-2.0,1.0311435,270.89786,0,3.7121167
2024,34.25,-1.75,1.005126,243.40327,0,3.6184535
2024,34.25,-1.5,1.1160959,258.0281,0,4.0179453
2024,34.25,-1.25,1.3156372,233.30238,0,4.736294
2024,34.25,-1.0,1.4378508,237.903,0,5.176263
2024,34.25,-0.75,1.4939547,240.13454,0,5.378237
2024,34.25,-0.5,1.4834638,211.75078,0,5.3404694
2024,34.25,-0.25,1.411451,211.6322,0,5.0812235
2024,34.25,0.0,1.3376478,207.57225,0,4.8155317
2024,34.25,0.25,1.4008518,203.91785,0,5.0430665
2024,34.25,0.5,1.4417009,230.87206,0,5.190123
2024,34.25,0.75,1.4332374,245.0589,0,5.1596546
2024,34.25,1.0,1.4464637,238.25824,0,5.207269
2024,34.25,1.25,1.3148619,233.38794,0,4.733503
2024,34.25,1.5,1.2462791,231.70995,0,4.4866047
2024,34.25,1.75,1.2298236,233.08235,0,4.427365
2024,34.25,2.0,1.2798619,236.46564,0,4.607503
2024,34.25,2.25,1.3056496,242.64732,0,4.7003384
2024,34.25,2.5,1.3023304,246.20166,0,4.6883893
2024,34.25,2.75,1.3205638,241.68544,0,4.7540298
2024,34.25,3.0,1.4347463,243.92445,0,5.1650863
2024,34.25,3.25,1.5175778,247.7824,0,5.4632797
2024,34.25,3.5,1.4484009,246.86908,0,5.214243
2024,34.25,3.75,1.3633403,239.32494,0,4.908025
2024,34.25,4.0,1.3192849,197.13283,0,4.7494254
2024,34.25,4.25,1.3472725,172.53284,0,4.850181
2024,34.25,4.5,1.4189043,154.49089,0,5.1080556
2024,34.25,4.75,1.500604,156.69351,0,5.4021745
2024,34.25,5.0,1.5046238,159.84215,0,5.4166455
2024,34.25,5.25,1.5848141,163.1833,0,5.7053304
2024,34.25,5.5,1.6301605,166.8958,0,5.8685775
2024,34.25,5.75,1.6028004,174.29022,0,5.770081
2024,34.25,6.0,1.5467981,154.72151,0,5.568473
2024,34.25,6.25,1.5720614,159.70912,0,5.659421
2024,34.25,6.5,1.6448761,155.58708,0,5.921554
2024,34.25,6.75,1.7426143,152.5773,0,6.2734113
2024,34.25,7.0,1.7916886,152.3209,0,6.4500785
2024,34.25,7.25,1.8186435,164.36272,0,6.5471163
2024,34.25,7.5,1.7858768,162.90137,0,6.4291563
2024,34.25,7.75,1.7629699,161.26419,0,6.346691
2024,34.25,8.0,1.6844082,154.94774,0,6.0638695
2024,34.25,8.25,1.5725738,149.2292,0,5.6612654
2024,34.25,8.5,1.5356778,145.11292,0,5.52844
2024,34.25,8.75,1.5528966,141.36713,0,5.590428
2024,34.25,9.0,1.6688839,138.26726,0,6.007982
2024,34.25,9.25,1.8625531,159.87674,0,6.705191
2024,34.25,9.5,2.0128279,153.12305,0,7.24618
2024,34.25,9.75,2.2242498,152.64232,0,8.007299
2024,34.25,10.0,2.6006954,153.31483,0,9.362503
2024,34.25,10.25,3.0483904,151.36488,0,10.974205
2024,34.25,10.5,3.1836796,150.08092,0,11.4612465
2024,34.25,10.75,3.2495728,148.58263,0,11.698462
2024,34.25,11.0,3.2913904,148.02669,0,11.849005
2024,34.25,11.25,3.2444637,148.2737,0,11.680069
2024,34.25,11.5,3.1606767,147.86354,0,11.378436
2024,34.25,11.75,3.0789938,147.1859,0,11.084377
2024,34.25,12.0,3.008979,147.1508,0,10.832324
2024,34.0,-9.0,4.045283,216.37837,0,14.563018
2024,34.0,-8.75,3.8203962,214.25952,0,13.753426
2024,34.0,-8.5,3.5943172,211.96515,0,12.939542
2024,34.0,-8.25,3.3385975,208.6933,0,12.01895
2024,34.0,-8.0,3.0153227,205.49255,0,10.855162
2024,34.0,-7.75,2.6827857,232.14612,0,9.658029
2024,34.0,-7.5,2.301774,228.6726,0,8.2863865
2024,34.0,-7.25,2.0078802,223.26013,0,7.2283688
2024,34.0,-7.0,1.4968802,223.4069,0,5.3887687
2024,34.0,-6.75,1.2205979,224.60722,0,4.394152
2024,34.0,-6.5,1.0441898,229.4978,0,3.7590833
2024,34.0,-6.25,1.0436207,234.27277,0,3.7570345
2024,34.0,-6.0,1.0185806,236.57976,0,3.66689
2024,34.0,-5.75,1.0245994,236.59517,0,3.6885579
2024,34.0,-5.5,0.9639952,233.20964,0,3.4703827
2024,34.0,-5.25,1.0275009,236.53096,0,3.699003
2024,34.0,-5.0,1.0592853,245.98125,0,3.813427
2024,34.0,-4.75,0.9583602,243.76643,0,3.4500966
2024,34.0,-4.5,0.79548025,230.64195,0,2.8637288
2024,34.0,-4.25,0.7672116,229.85175,0,2.7619617
2024,34.0,-4.0,0.73772365,248.78065,0,2.655805
2024,34.0,-3.75,0.7508831,235.64629,0,2.7031791
2024,34.0,-3.5,0.8829542,239.92488,0,3.178635
2024,34.0,-3.25,0.9979344,230.83113,0,3.5925639
2024,34.0,-3.0,1.153402,290.7451,0,4.152247
2024,34.0,-2.75,1.1548642,281.13425,0,4.1575108
2024,34.0,-2.5,1.278301,277.90707,0,4.6018834
2024,34.0,-2.25,1.4273682,276.20938,0,5.1385255
2024,34.0,-2.0,1.3520778,274.95047,0,4.8674803
2024,34.0,-1.75,1.1767223,246.15785,0,4.2362003
2024,34.0,-1.5,1.2566149,245.65584,0,4.5238137
2024,34.0,-1.25,1.359434,243.80237,0,4.8939624
2024,34.0,-1.0,1.4663318,215.2762,0,5.2787943
2024,34.0,-0.75,1.5157531,216.21477,0,5.4567113
2024,34.0,-0.5,1.4699839,181.93158,0,5.291942
2024,34.0,-0.25,1.3895845,150.7981,0,5.0025043
2024,34.0,0.0,1.3346524,149.54207,0,4.8047485
2024,34.0,0.25,1.3480734,210.50725,0,4.853064
2024,34.0,0.5,1.3717942,207.87956,0,4.938459
2024,34.0,0.75,1.4056388,230.34009,0,5.0602994
2024,34.0,1.0,1.282721,228.36357,0,4.6177955
2024,34.0,1.25,1.1751693,228.1676,0,4.2306094
2024,34.0,1.5,1.1491174,230.5587,0,4.136822
2024,34.0,1.75,1.2479606,239.17943,0,4.492658
2024,34.0,2.0,1.3574165,247.55571,0,4.886699
2024,34.0,2.25,1.4033884,256.4149,0,5.052198
2024,34.0,2.5,1.4936585,238.8889,0,5.3771706
2024,34.0,2.75,1.5411447,241.21928,0,5.548121
2024,34.0,3.0,1.4333202,238.1855,0,5.1599526
2024,34.0,3.25,1.4324211,239.16516,0,5.156716
2024,34.0,3.5,1.3645248,233.02654,0,4.912289
2024,34.0,3.75,1.3599772,217.75293,0,4.895918
2024,34.0,4.0,1.3695116,195.16438,0,4.9302416
2024,34.0,4.25,1.4086776,190.76524,0,5.071239
2024,34.0,4.5,1.4233204,189.55247,0,5.1239533
2024,34.0,4.75,1.5078303,160.52643,0,5.428189
2024,34.0,5.0,1.5636538,160.76488,0,5.6291537
2024,34.0,5.25,1.6243286,163.12889,0,5.847583
2024,34.0,5.5,1.6116441,164.98209,0,5.801919
2024,34.0,5.75,1.5801177,170.83174,0,5.6884236
2024,34.0,6.0,1.5321851,179.35448,0,5.5158663
2024,34.0,6.25,1.6463326,164.20406,0,5.9267974
2024,34.0,6.5,1.8126544,161.8289,0,6.5255556
2024,34.0,6.75,1.9866804,159.35486,0,7.152049
2024,34.0,7.0,2.0711963,157.2112,0,7.4563065
2024,34.0,7.25,2.1136901,157.81117,0,7.6092844
2024,34.0,7.5,2.1669314,156.72015,0,7.800953
2024,34.0,7.75,2.0790217,154.87866,0,7.484478
2024,34.0,8.0,1.9768434,151.48497,0,7.116636
2024,34.0,8.25,2.0405483,148.80449,0,7.345974
2024,34.0,8.5,2.024683,146.08922,0,7.2888584
2024,34.0,8.75,2.1851122,141.27269,0,7.866404
2024,34.0,9.0,2.3096716,137.18799,0,8.314817
2024,34.0,9.25,2.4462543,130.20764,0,8.806515
2024,34.0,9.5,2.450454,144.9333,0,8.821634
2024,34.0,9.75,2.7132444,144.7491,0,9.76768
2024,34.0,10.0,2.8635995,150.17339,0,10.308958
2024,34.0,10.25,3.3487399,150.57683,0,12.055463
2024,34.0,10.5,3.342043,150.47777,0,12.031354
2024,34.0,10.75,3.2030036,149.95378,0,11.530813
2024,34.0,11.0,3.156622,149.3899,0,11.363838
2024,34.0,11.25,3.352273,147.00127,0,12.068182
2024,34.0,11.5,3.2927907,146.18242,0,11.854046
2024,34.0,11.75,3.2046993,145.33733,0,11.536917
2024,34.0,12.0,3.1557999,145.30496,0,11.360879
2024,33.75,-9.0,3.9622345,98.39036,0,14.264044
2024,33.75,-8.75,3.724301,156.46875,0,13.407484
2024,33.75,-8.5,3.3677292,214.87506,0,12.123825
2024,33.75,-8.25,3.1058826,211.7019,0,11.181177
2024,33.75,-8.0,2.7165766,207.95528,0,9.7796755
2024,33.75,-7.75,2.1977885,204.68597,0,7.9120383
2024,33.75,-7.5,1.8140845,232.18547,0,6.530704
2024,33.75,-7.25,1.5834407,232.7013,0,5.700386
2024,33.75,-7.0,1.1159993,234.26741,0,4.0175977
2024,33.75,-6.75,1.0204028,236.0554,0,3.67345
2024,33.75,-6.5,1.0551641,238.33156,0,3.7985907
2024,33.75,-6.25,1.0664414,242.6327,0,3.839189
2024,33.75,-6.0,0.9972828,243.84247,0,3.590218
2024,33.75,-5.75,0.9972975,244.55122,0,3.590271
2024,33.75,-5.5,0.88915896,239.93974,0,3.200972
2024,33.75,-5.25,0.93586254,245.03816,0,3.369105
2024,33.75,-5.0,0.97771317,248.25206,0,3.5197673
2024,33.75,-4.75,0.90062,278.99026,0,3.2422318
2024,33.75,-4.5,0.56491834,238.4344,0,2.033706
2024,33.75,-4.25,0.5721832,232.86714,0,2.0598595
2024,33.75,-4.0,0.59195095,247.03583,0,2.1310234
2024,33.75,-3.75,0.6327989,238.64314,0,2.278076
2024,33.75,-3.5,0.80844545,114.30007,0,2.9104035
2024,33.75,-3.25,1.0071793,193.19337,0,3.6258452
2024,33.75,-3.0,1.1345433,280.99557,0,4.084356
2024,33.75,-2.75,1.3647135,285.31396,0,4.9129686
2024,33.75,-2.5,1.508472,282.4933,0,5.430499
2024,33.75,-2.25,1.6597594,278.25543,0,5.975134
2024,33.75,-2.0,1.6005038,277.51523,0,5.7618136
2024,33.75,-1.75,1.3917645,249.3228,0,5.010352
2024,33.75,-1.5,1.2449214,248.723,0,4.481717
2024,33.75,-1.25,1.2708161,216.30339,0,4.574938
2024,33.75,-1.0,1.3380336,156.39636,0,4.8169208
2024,33.75,-0.75,1.3190747,155.58023,0,4.748669
2024,33.75,-0.5,1.3127986,151.65923,0,4.7260747
2024,33.75,-0.25,1.2459103,154.02065,0,4.4852767
2024,33.75,0.0,1.2721602,160.89206,0,4.5797763
2024,33.75,0.25,1.260216,205.15361,0,4.5367775
2024,33.75,0.5,1.3154492,208.38548,0,4.735617
2024,33.75,0.75,1.2359127,220.73036,0,4.4492855
2024,33.75,1.0,1.1351587,225.01369,0,4.086571
2024,33.75,1.25,1.1290118,232.18164,0,4.064442
2024,33.75,1.5,1.2631816,239.24707,0,4.5474534
2024,33.75,1.75,1.4446311,252.67445,0,5.2006717
2024,33.75,2.0,1.5128902,259.2726,0,5.4464045
2024,33.75,2.25,1.5288491,261.99734,0,5.5038567
2024,33.75,2.5,1.5595032,236.0924,0,5.6142116
2024,33.75,2.75,1.4867498,232.6953,0,5.352299
2024,33.75,3.0,1.4136897,228.0933,0,5.089283
2024,33.75,3.25,1.4302354,221.34947,0,5.148847
2024,33.75,3.5,1.4469284,212.24115,0,5.208942
2024,33.75,3.75,1.5155662,206.73409,0,5.4560385
2024,33.75,4.0,1.5490319,203.41667,0,5.5765147
2024,33.75,4.25,1.5757152,199.7732,0,5.6725745
2024,33.75,4.5,1.5483268,196.48212,0,5.5739765
2024,33.75,4.75,1.5680414,197.51538,0,5.644949
2024,33.75,5.0,1.6049668,165.51082,0,5.77788
2024,33.75,5.25,1.6226058,166.15367,0,5.8413806
2024,33.75,5.5,1.6100416,168.13092,0,5.7961497
2024,33.75,5.75,1.5376395,170.40546,0,5.535502
2024,33.75,6.0,1.4499475,174.27507,0,5.219811
2024,33.75,6.25,1.5857049,166.46616,0,5.7085376
2024,33.75,6.5,1.8852692,164.63463,0,6.7869687
2024,33.75,6.75,2.0661364,162.14882,0,7.438091
2024,33.75,7.0,2.1527536,159.2457,0,7.7499127
2024,33.75,7.25,2.2331476,157.76074,0,8.039331
2024,33.75,7.5,2.2800138,156.5389,0,8.20805
2024,33.75,7.75,2.3158722,154.57817,0,8.33714
2024,33.75,8.0,2.238478,150.9124,0,8.05852
2024,33.75,8.25,2.358631,147.5799,0,8.491071
2024,33.75,8.5,2.4810631,143.6386,0,8.931827
2024,33.75,8.75,2.6367457,139.50475,0,9.492284
2024,33.75,9.0,2.6349032,136.33429,0,9.485651
2024,33.75,9.25,2.7060769,134.8522,0,9.741877
2024,33.75,9.5,2.703512,137.88942,0,9.732643
2024,33.75,9.75,2.6824257,143.78688,0,9.656733
2024,33.75,10.0,2.8227453,149.74951,0,10.161883
2024,33.75,10.25,2.931875,152.61098,0,10.5547495
2024,33.75,10.5,2.9790697,153.36255,0,10.72465
2024,33.75,10.75,2.8348799,152.91945,0,10.205567
2024,33.75,11.0,3.180072,146.72073,0,11.448259
2024,33.75,11.25,3.4134357,144.76466,0,12.288368
2024,33.75,11.5,3.358793,143.3887,0,12.091655
2024,33.75,11.75,3.3074694,142.83253,0,11.906889
2024,33.75,12.0,3.2546322,142.52316,0,11.716676
2024,33.5,-9.0,3.9264727,101.00958,0,14.135302
2024,33.5,-8.75,3.524496,100.10572,0,12.688186
2024,33.5,-8.5,3.1551292,98.76568,0,11.358465
2024,33.5,-8.25,2.662226,127.28208,0,9.584013
2024,33.5,-8.0,2.2026372,214.30579,0,7.929494
2024,33.5,-7.75,1.6176246,213.83241,0,5.8234487
2024,33.5,-7.5,1.4208635,242.95526,0,5.1151085
2024,33.5,-7.25,1.2060316,243.2665,0,4.3417134
2024,33.5,-7.0,1.103607,242.59761,0,3.9729853
2024,33.5,-6.75,1.0798494,244.90535,0,3.8874576
2024,33.5,-6.5,1.097545,244.81865,0,3.951162
2024,33.5,-6.25,0.98951244,242.92125,0,3.5622447
2024,33.5,-6.0,0.8976882,243.1281,0,3.2316775
2024,33.5,-5.75,0.9009885,271.50546,0,3.2435586
2024,33.5,-5.5,0.7758383,234.68034,0,2.7930179
2024,33.5,-5.25,0.8438649,236.61964,0,3.0379136
2024,33.5,-5.0,0.9708829,262.56573,0,3.4951782
2024,33.5,-4.75,0.9661796,260.43674,0,3.4782465
2024,33.5,-4.5,0.44288865,254.02858,0,1.5943991
2024,33.5,-4.25,0.38551906,240.80644,0,1.3878685
2024,33.5,-4.0,0.55582327,265.1035,0,2.0009637
2024,33.5,-3.75,0.65415704,145.89604,0,2.3549652
2024,33.5,-3.5,1.0895377,98.71054,0,3.9223359
2024,33.5,-3.25,1.2490829,119.047585,0,4.4966984
2024,33.5,-3.0,1.3636457,222.2371,0,4.9091244
2024,33.5,-2.75,1.5892044,223.79408,0,5.7211356
2024,33.5,-2.5,1.5524257,221.17908,0,5.5887327
2024,33.5,-2.25,1.6162134,217.61586,0,5.8183684
2024,33.5,-2.0,1.6000758,246.71277,0,5.760273
2024,33.5,-1.75,1.4941176,245.53943,0,5.3788233
2024,33.5,-1.5,1.341362,244.26164,0,4.828903
2024,33.5,-1.25,1.2166526,229.29498,0,4.3799496
2024,33.5,-1.0,1.2189683,230.97417,0,4.3882856
2024,33.5,-0.75,1.2133812,204.00359,0,4.368172
2024,33.5,-0.5,1.1407641,209.8109,0,4.1067505
2024,33.5,-0.25,1.086475,207.95757,0,3.91131
2024,33.5,0.0,1.1184629,205.9348,0,4.0264664
2024,33.5,0.25,1.1912212,210.46948,0,4.2883964
2024,33.5,0.5,1.1908288,218.0887,0,4.2869835
2024,33.5,0.75,1.165275,226.00749,0,4.1949897
2024,33.5,1.0,1.17729,231.92955,0,4.2382436
2024,33.5,1.25,1.3002477,230.30669,0,4.6808915
2024,33.5,1.5,1.4866419,258.7069,0,5.3519106
2024,33.5,1.75,1.4983993,258.576,0,5.394237
2024,33.5,2.0,1.5757318,231.3161,0,5.672634
2024,33.5,2.25,1.5249385,231.33757,0,5.4897785
2024,33.5,2.5,1.491787,229.8079,0,5.370433
2024,33.5,2.75,1.4662539,224.43579,0,5.278514
2024,33.5,3.0,1.519781,218.55827,0,5.4712114
2024,33.5,3.25,1.593021,213.97365,0,5.7348757
2024,33.5,3.5,1.6338892,211.22054,0,5.882001
2024,33.5,3.75,1.6732024,209.25739,0,6.0235286
2024,33.5,4.0,1.7089373,206.74232,0,6.152174
2024,33.5,4.25,1.6896414,202.81828,0,6.082709
2024,33.5,4.5,1.6556784,200.3731,0,5.960442
2024,33.5,4.75,1.6497912,175.20215,0,5.939248
2024,33.5,5.0,1.6400176,170.94939,0,5.904063
2024,33.5,5.25,1.6599036,170.21037,0,5.975653
2024,33.5,5.5,1.6354271,171.33565,0,5.8875375
2024,33.5,5.75,1.5334892,171.65498,0,5.520561
2024,33.5,6.0,1.4272553,172.6357,0,5.1381187
2024,33.5,6.25,1.6054503,165.68513,0,5.7796206
2024,33.5,6.5,1.9020096,163.77303,0,6.8472342
2024,33.5,6.75,2.0625918,163.54506,0,7.42533
2024,33.5,7.0,2.1467001,161.22139,0,7.7281203
2024,33.5,7.25,2.217558,159.21999,0,7.983208
2024,33.5,7.5,2.2678678,157.06953,0,8.164324
2024,33.5,7.75,2.3194609,154.93222,0,8.350059
2024,33.5,8.0,2.3667853,151.82172,0,8.520427
2024,33.5,8.25,2.4481883,148.79497,0,8.8134775
2024,33.5,8.5,2.545778,144.37462,0,9.164801
2024,33.5,8.75,2.5755029,142.72227,0,9.271811
2024,33.5,9.0,2.557205,139.99965,0,9.205937
2024,33.5,9.25,2.5870855,139.07068,0,9.313507
2024,33.5,9.5,2.6749337,140.92728,0,9.629761
2024,33.5,9.75,2.6483839,146.2907,0,9.534182
2024,33.5,10.0,2.5344641,152.03783,0,9.12407
2024,33.5,10.25,2.3316696,156.64409,0,8.394011
2024,33.5,10.5,2.5171006,156.97313,0,9.061562
2024,33.5,10.75,2.7772331,150.7798,0,9.998039
2024,33.5,11.0,3.126146,144.82666,0,11.254126
2024,33.5,11.25,3.4333208,141.25667,0,12.359955
2024,33.5,11.5,3.3861027,139.9539,0,12.189969
2024,33.5,11.75,3.3526154,139.44916,0,12.069415
2024,33.5,12.0,3.36839,139.7289,0,12.126204
2024,33.25,-9.0,3.8030071,103.856964,0,13.690825
2024,33.25,-8.75,3.2544928,103.80189,0,11.716173
2024,33.25,-8.5,2.6255467,103.20886,0,9.451968
2024,33.25,-8.25,2.0496562,102.976875,0,7.378762
2024,33.25,-8.0,1.7717571,131.3167,0,6.3783255
2024,33.25,-7.75,1.5606805,162.0535,0,5.6184497
2024,33.25,-7.5,1.4039279,161.1814,0,5.0541406
2024,33.25,-7.25,1.324489,220.27089,0,4.7681603
2024,33.25,-7.0,1.2691886,219.75409,0,4.569079
2024,33.25,-6.75,1.1845363,248.92714,0,4.264331
2024,33.25,-6.5,1.0794601,244.79903,0,3.8860564
2024,33.25,-6.25,0.99572533,243.24693,0,3.5846112
2024,33.25,-6.0,0.8559992,241.15245,0,3.0815969
2024,33.25,-5.75,0.8274961,230.44698,0,2.978986
2024,33.25,-5.5,0.7174068,220.09685,0,2.5826645
2024,33.25,-5.25,0.76099974,245.87654,0,2.739599
2024,33.25,-5.0,0.99929875,254.01933,0,3.5974755
2024,33.25,-4.75,1.1816262,259.61722,0,4.2538543
2024,33.25,-4.5,0.7589411,256.93344,0,2.732188
2024,33.25,-4.25,0.75740916,297.08804,0,2.726673
2024,33.25,-4.0,0.70569617,180.98566,0,2.5405061
2024,33.25,-3.75,0.8772071,141.56929,0,3.1579454
2024,33.25,-3.5,1.481222,114.21963,0,5.3323994
2024,33.25,-3.25,1.53752,122.66776,0,5.535072
2024,33.25,-3.0,1.6246868,215.41016,0,5.8488727
2024,33.25,-2.75,1.6326982,211.73633,0,5.877713
2024,33.25,-2.5,1.577979,158.09749,0,5.680724
2024,33.25,-2.25,1.569589,215.35284,0,5.6505203
2024,33.25,-2.0,1.5141629,212.14917,0,5.4509864
2024,33.25,-1.75,1.4403391,235.09715,0,5.1852207
2024,33.25,-1.5,1.3879586,220.50514,0,4.996651
2024,33.25,-1.25,1.3397745,209.98265,0,4.823188
2024,33.25,-1.0,1.2529043,209.49641,0,4.510455
2024,33.25,-0.75,1.1537595,214.63927,0,4.153534
2024,33.25,-0.5,1.0849713,216.52937,0,3.9058967
2024,33.25,-0.25,1.029152,218.62505,0,3.7049472
2024,33.25,0.0,0.9804158,218.13765,0,3.529497
2024,33.25,0.25,1.05927,221.46393,0,3.813372
2024,33.25,0.5,1.1552452,222.20137,0,4.1588826
2024,33.25,0.75,1.2741047,230.54877,0,4.5867767
2024,33.25,1.0,1.4248456,237.0879,0,5.129444
2024,33.25,1.25,1.5056566,238.15723,0,5.4203634
2024,33.25,1.5,1.4755772,236.08752,0,5.312078
2024,33.25,1.75,1.4485178,233.98254,0,5.214664
2024,33.25,2.0,1.4304342,231.70564,0,5.1495633
2024,33.25,2.25,1.3909626,231.66914,0,5.0074654
2024,33.25,2.5,1.4407802,217.56001,0,5.1868086
2024,33.25,2.75,1.510758,214.99712,0,5.438729
2024,33.25,3.0,1.587986,213.19893,0,5.716749
2024,33.25,3.25,1.6573473,211.7336,0,5.96645
2024,33.25,3.5,1.7054114,209.40593,0,6.139481
2024,33.25,3.75,1.7291002,207.17987,0,6.2247605
2024,33.25,4.0,1.7077986,203.98985,0,6.1480746
2024,33.25,4.25,1.6910515,197.41759,0,6.0877852
2024,33.25,4.5,1.7026361,182.27147,0,6.12949
2024,33.25,4.75,1.7212343,175.85439,0,6.1964436
2024,33.25,5.0,1.6994524,171.63373,0,6.1180286
2024,33.25,5.25,1.6521997,170.33034,0,5.947919
2024,33.25,5.5,1.6073705,170.79706,0,5.786534
2024,33.25,5.75,1.5562383,170.77547,0,5.6024575
2024,33.25,6.0,1.5768651,167.90962,0,5.676714
2024,33.25,6.25,1.7284817,162.62996,0,6.2225337
2024,33.25,6.5,1.8788408,162.23141,0,6.763827
2024,33.25,6.75,1.9975318,162.89093,0,7.1911144
2024,33.25,7.0,2.0836165,161.0768,0,7.501019
2024,33.25,7.25,2.130115,159.25017,0,7.668414
2024,33.25,7.5,2.181781,157.03383,0,7.8544116
2024,33.25,7.75,2.2219858,154.80658,0,7.999149
2024,33.25,8.0,2.2911208,151.88168,0,8.2480345
2024,33.25,8.25,2.31901,149.8332,0,8.348435
2024,33.25,8.5,2.3303268,148.47829,0,8.389176
2024,33.25,8.75,2.3470957,146.80652,0,8.449544
2024,33.25,9.0,2.4059122,146.25461,0,8.6612835
2024,33.25,9.25,2.4508169,145.9797,0,8.822941
2024,33.25,9.5,2.5867913,146.28395,0,9.3124485
2024,33.25,9.75,2.6582,148.11452,0,9.56952
2024,33.25,10.0,2.5486386,153.01672,0,9.175098
2024,33.25,10.25,2.2727623,158.94524,0,8.181944
2024,33.25,10.5,2.2330067,156.7119,0,8.038824
2024,33.25,10.75,2.4551866,151.59999,0,8.838672
2024,33.25,11.0,2.6893044,140.88518,0,9.681496
2024,33.25,11.25,3.0456169,136.60455,0,10.96422
2024,33.25,11.5,3.2080133,136.16676,0,11.548847
2024,33.25,11.75,3.2957926,135.9058,0,11.864853
2024,33.25,12.0,3.333084,136.07167,0,11.999103
2024,33.0,-9.0,3.5071557,105.079414,0,12.62576
2024,33.0,-8.75,2.7543156,102.645485,0,9.915536
2024,33.0,-8.5,2.1674085,100.98926,0,7.8026705
2024,33.0,-8.25,1.857001,129.84993,0,6.685203
2024,33.0,-8.0,1.7458764,130.4344,0,6.285155
2024,33.0,-7.75,1.693735,102.70083,0,6.097446
2024,33.0,-7.5,1.6167803,103.74264,0,5.820409
2024,33.0,-7.25,1.5334119,133.63902,0,5.5202827
2024,33.0,-7.0,1.4720043,158.6639,0,5.2992153
2024,33.0,-6.75,1.506606,237.03839,0,5.4237814
2024,33.0,-6.5,1.4311291,228.98265,0,5.152065
2024,33.0,-6.25,1.1736498,228.39934,0,4.225139
2024,33.0,-6.0,0.8987909,230.11847,0,3.2356472
2024,33.0,-5.75,0.73159933,222.21924,0,2.6337576
2024,33.0,-5.5,0.6799145,213.5937,0,2.4476922
2024,33.0,-5.25,0.76740986,249.26862,0,2.7626755
2024,33.0,-5.0,1.0825309,277.92328,0,3.897111
2024,33.0,-4.75,1.2030469,276.45178,0,4.330969
2024,33.0,-4.5,1.0267061,277.1199,0,3.696142
2024,33.0,-4.25,1.0375644,239.7353,0,3.7352316
2024,33.0,-4.0,1.0545018,155.89821,0,3.7962062
2024,33.0,-3.75,1.2634581,137.23769,0,4.548449
2024,33.0,-3.5,1.5111394,123.99941,0,5.4401016
2024,33.0,-3.25,1.373559,146.36855,0,4.9448123
2024,33.0,-3.0,1.3901685,165.28189,0,5.0046067
2024,33.0,-2.75,1.4040142,167.21172,0,5.054451
2024,33.0,-2.5,1.3906478,164.95882,0,5.006332
2024,33.0,-2.25,1.3530574,170.54477,0,4.8710065
2024,33.0,-2.0,1.3044448,212.00159,0,4.696001
2024,33.0,-1.75,1.2787927,211.74689,0,4.603654
2024,33.0,-1.5,1.2770375,208.99577,0,4.597335
2024,33.0,-1.25,1.3077664,193.58192,0,4.707959
2024,33.0,-1.0,1.1549283,216.39197,0,4.157742
2024,33.0,-0.75,0.97387177,222.12892,0,3.5059383
2024,33.0,-0.5,0.9128723,226.03377,0,3.2863402
2024,33.0,-0.25,0.9222458,228.45271,0,3.3200848
2024,33.0,0.0,0.9131007,240.32867,0,3.2871625
2024,33.0,0.25,1.0534437,254.15675,0,3.792397
2024,33.0,0.5,1.1904254,231.08119,0,4.2855315
2024,33.0,0.75,1.3108608,235.48726,0,4.7190986
2024,33.0,1.0,1.3851346,237.41852,0,4.9864845
2024,33.0,1.25,1.3452063,207.62846,0,4.8427424
2024,33.0,1.5,1.3010747,206.94958,0,4.683869
2024,33.0,1.75,1.3186725,176.72375,0,4.747221
2024,33.0,2.0,1.3751682,177.78328,0,4.9506054
2024,33.0,2.25,1.4132315,178.25374,0,5.087633
2024,33.0,2.5,1.4920726,179.17505,0,5.3714614
2024,33.0,2.75,1.5362154,208.41026,0,5.5303755
2024,33.0,3.0,1.576857,207.3322,0,5.676685
2024,33.0,3.25,1.6285386,206.17128,0,5.8627386
2024,33.0,3.5,1.7153486,203.6945,0,6.175255
2024,33.0,3.75,1.7160882,201.52083,0,6.1779175
2024,33.0,4.0,1.7071872,192.66547,0,6.1458735
2024,33.0,4.25,1.7304186,182.3199,0,6.2295065
2024,33.0,4.5,1.7615198,178.1936,0,6.341471
2024,33.0,4.75,1.7574115,173.32603,0,6.326681
2024,33.0,5.0,1.7205677,170.04665,0,6.1940436
2024,33.0,5.25,1.6589056,168.66228,0,5.97206
2024,33.0,5.5,1.5993825,168.62209,0,5.7577767
2024,33.0,5.75,1.593125,167.841,0,5.73525
2024,33.0,6.0,1.6364559,162.76183,0,5.891241
2024,33.0,6.25,1.7475739,159.51683,0,6.2912655
2024,33.0,6.5,1.8691357,159.2509,0,6.7288885
2024,33.0,6.75,1.9561723,160.28131,0,7.04222
2024,33.0,7.0,2.0112793,159.63084,0,7.2406054
2024,33.0,7.25,2.056255,157.98915,0,7.4025183
2024,33.0,7.5,2.0926635,155.90465,0,7.5335884
2024,33.0,7.75,2.1219122,153.70137,0,7.638884
2024,33.0,8.0,2.1361322,151.8856,0,7.690076
2024,33.0,8.25,2.1871145,151.5008,0,7.873612
2024,33.0,8.5,2.217025,150.98839,0,7.98129
2024,33.0,8.75,2.2627592,150.51765,0,8.145933
2024,33.0,9.0,2.337177,149.99728,0,8.413837
2024,33.0,9.25,2.3982995,150.2816,0,8.633878
2024,33.0,9.5,2.5182633,149.50716,0,9.065748
2024,33.0,9.75,2.6146991,150.24367,0,9.412916
2024,33.0,10.0,2.578625,152.63792,0,9.28305
2024,33.0,10.25,2.3853848,158.94748,0,8.587385
2024,33.0,10.5,2.221435,155.3541,0,7.997166
2024,33.0,10.75,2.1726606,150.31337,0,7.821578
2024,33.0,11.0,2.2498107,146.71667,0,8.0993185
2024,33.0,11.25,2.4351065,136.76744,0,8.766383
2024,33.0,11.5,2.6233747,134.97978,0,9.444149
2024,33.0,11.75,2.8282719,133.78294,0,10.181779
2024,33.0,12.0,3.0602858,132.38448,0,11.017029
2024,32.75,-9.0,2.841402,106.12467,0,10.229047
2024,32.75,-8.75,2.2580845,104.2483,0,8.129104
2024,32.75,-8.5,1.9326493,102.15921,0,6.957537
2024,32.75,-8.25,1.8311224,218.56793,0,6.5920405
2024,32.75,-8.0,1.8158813,243.76701,0,6.5371723
2024,32.75,-7.75,1.9257756,240.75508,0,6.932792
2024,32.75,-7.5,1.9603187,181.66573,0,7.057147
2024,32.75,-7.25,1.911503,180.92767,0,6.8814106
2024,32.75,-7.0,1.7958661,205.25708,0,6.465118
2024,32.75,-6.75,1.6484145,226.0493,0,5.934292
2024,32.75,-6.5,1.3555423,220.72148,0,4.879952
2024,32.75,-6.25,0.9857287,218.50365,0,3.548623
2024,32.75,-6.0,0.7728551,215.1468,0,2.7822783
2024,32.75,-5.75,0.6731753,212.26129,0,2.423431
2024,32.75,-5.5,0.68207365,227.19783,0,2.455465
2024,32.75,-5.25,0.9328564,239.57611,0,3.3582828
2024,32.75,-5.0,1.1804031,252.79681,0,4.249451
2024,32.75,-4.75,1.2037772,264.85226,0,4.3335977
2024,32.75,-4.5,1.0732833,274.27945,0,3.8638198
2024,32.75,-4.25,1.0480858,276.27438,0,3.7731087
2024,32.75,-4.0,1.0410081,214.57867,0,3.7476292
2024,32.75,-3.75,1.0220238,240.43214,0,3.6792855
2024,32.75,-3.5,1.039356,235.15718,0,3.7416816
2024,32.75,-3.25,1.067562,211.9408,0,3.843223
2024,32.75,-3.0,0.99566984,180.94862,0,3.5844114
2024,32.75,-2.75,0.9635796,147.88483,0,3.4688864
2024,32.75,-2.5,0.9858351,149.70567,0,3.5490062
2024,32.75,-2.25,1.0289594,162.38928,0,3.7042537
2024,32.75,-2.0,1.0514834,171.09813,0,3.78534
2024,32.75,-1.75,1.0327474,177.2732,0,3.7178905
2024,32.75,-1.5,1.0239474,179.15779,0,3.6862104
2024,32.75,-1.25,1.0464562,184.11086,0,3.7672422
2024,32.75,-1.0,1.0056897,191.08818,0,3.620483
2024,32.75,-0.75,0.9207353,227.64897,0,3.314647
2024,32.75,-0.5,0.8763729,234.12727,0,3.1549423
2024,32.75,-0.25,0.87182146,242.37614,0,3.1385572
2024,32.75,0.0,0.8824761,251.17328,0,3.1769137
2024,32.75,0.25,0.97663397,231.7265,0,3.5158823
2024,32.75,0.5,1.1138061,207.42064,0,4.0097017
2024,32.75,0.75,1.2335844,208.69336,0,4.4409037
2024,32.75,1.0,1.3057932,207.96423,0,4.7008553
2024,32.75,1.25,1.3160884,207.15985,0,4.7379184
2024,32.75,1.5,1.3385191,206.74913,0,4.818669
2024,32.75,1.75,1.4049482,175.9076,0,5.0578136
2024,32.75,2.0,1.4753708,175.22395,0,5.3113346
2024,32.75,2.25,1.5046204,145.10583,0,5.4166336
2024,32.75,2.5,1.5486774,145.528,0,5.5752387
2024,32.75,2.75,1.5825742,144.96194,0,5.697267
2024,32.75,3.0,1.6231002,173.64458,0,5.8431606
2024,32.75,3.25,1.683926,201.6335,0,6.0621333
2024,32.75,3.5,1.7649211,198.71089,0,6.353716
2024,32.75,3.75,1.7492514,191.80186,0,6.2973046
2024,32.75,4.0,1.7370874,183.4189,0,6.2535143
2024,32.75,4.25,1.7303591,179.38832,0,6.2292924
2024,32.75,4.5,1.7362877,176.17737,0,6.2506356
2024,32.75,4.75,1.7262045,172.97652,0,6.214336
2024,32.75,5.0,1.7188869,169.7089,0,6.1879926
2024,32.75,5.25,1.6832625,167.62498,0,6.059745
2024,32.75,5.5,1.6335284,166.55385,0,5.880702
2024,32.75,5.75,1.6303449,164.55836,0,5.869241
2024,32.75,6.0,1.6911798,159.20764,0,6.088247
2024,32.75,6.25,1.7756485,157.33241,0,6.3923345
2024,32.75,6.5,1.8542376,157.41975,0,6.675255
2024,32.75,6.75,1.9144651,158.29204,0,6.892074
2024,32.75,7.0,1.9378853,158.05034,0,6.976387
2024,32.75,7.25,1.953021,156.56836,0,7.0308757
2024,32.75,7.5,1.9829048,154.64836,0,7.1384573
2024,32.75,7.75,2.0230963,152.9762,0,7.2831464
2024,32.75,8.0,2.05108,152.26265,0,7.383888
2024,32.75,8.25,2.0977116,152.31595,0,7.5517616
2024,32.75,8.5,2.142114,152.3047,0,7.71161
2024,32.75,8.75,2.1947956,152.48895,0,7.901264
2024,32.75,9.0,2.2626123,152.78745,0,8.145404
2024,32.75,9.25,2.365083,153.12074,0,8.514298
2024,32.75,9.5,2.5349896,152.12744,0,9.125962
2024,32.75,9.75,2.643773,152.30888,0,9.517583
2024,32.75,10.0,2.581525,153.74683,0,9.29349
2024,32.75,10.25,2.3394952,159.50378,0,8.422182
2024,32.75,10.5,2.1830754,153.11424,0,7.8590713
2024,32.75,10.75,2.1718602,147.45108,0,7.8186965
2024,32.75,11.0,2.2016485,144.94551,0,7.9259343
2024,32.75,11.25,2.2395322,141.47723,0,8.062316
2024,32.75,11.5,2.2505941,136.95229,0,8.1021385
2024,32.75,11.75,2.3670597,134.25612,0,8.521415
2024,32.75,12.0,2.4106753,132.69482,0,8.678431
2024,32.5,-9.0,2.5940068,108.911385,0,9.338424
2024,32.5,-8.75,2.183235,108.06217,0,7.8596454
2024,32.5,-8.5,2.0310018,104.64704,0,7.3116064
2024,32.5,-8.25,1.9773144,159.10078,0,7.1183314
2024,32.5,-8.0,2.1468604,266.46683,0,7.7286973
2024,32.5,-7.75,2.2899642,254.8606,0,8.243871
2024,32.5,-7.5,2.1588676,255.1161,0,7.771923
2024,32.5,-7.25,1.8231831,253.51408,0,6.563459
2024,32.5,-7.0,1.5633173,246.84395,0,5.627942
2024,32.5,-6.75,1.2216897,246.59456,0,4.3980827
2024,32.5,-6.5,0.93362504,247.95302,0,3.3610501
2024,32.5,-6.25,0.82310843,243.88434,0,2.9631903
2024,32.5,-6.0,0.79635143,246.27753,0,2.8668652
2024,32.5,-5.75,0.75359684,239.9339,0,2.7129486
2024,32.5,-5.5,0.7294998,233.51318,0,2.6261992
2024,32.5,-5.25,0.79771346,230.63435,0,2.8717685
2024,32.5,-5.0,0.9318771,239.39886,0,3.3547573
2024,32.5,-4.75,1.0286819,246.48161,0,3.7032547
2024,32.5,-4.5,0.92016697,247.9226,0,3.312601
2024,32.5,-4.25,0.9261672,250.7849,0,3.3342018
2024,32.5,-4.0,0.9340227,253.06682,0,3.3624818
2024,32.5,-3.75,0.9776242,252.7192,0,3.5194468
2024,32.5,-3.5,1.0512707,253.4236,0,3.7845745
2024,32.5,-3.25,0.8240511,186.28847,0,2.9665837
2024,32.5,-3.0,0.7543598,148.34006,0,2.7156951
2024,32.5,-2.75,0.81734663,128.67653,0,2.942448
2024,32.5,-2.5,0.9360719,136.21031,0,3.3698587
2024,32.5,-2.25,1.0404538,136.88454,0,3.7456336
2024,32.5,-2.0,0.915977,155.61938,0,3.297517
2024,32.5,-1.75,0.8587007,165.47597,0,3.0913224
2024,32.5,-1.5,0.7911065,171.50761,0,2.8479834
2024,32.5,-1.25,0.78087884,174.59807,0,2.8111637
2024,32.5,-1.0,0.8298092,204.58638,0,2.987313
2024,32.5,-0.75,0.7818579,236.19911,0,2.8146884
2024,32.5,-0.5,0.80219454,241.64372,0,2.8879004
2024,32.5,-0.25,0.8893218,250.43933,0,3.2015584
2024,32.5,0.0,0.93311614,200.30424,0,3.3592181
2024,32.5,0.25,1.0263985,148.95793,0,3.6950347
2024,32.5,0.5,1.164216,150.29375,0,4.191178
2024,32.5,0.75,1.2800709,149.6258,0,4.608255
2024,32.5,1.0,1.3602289,147.29253,0,4.896824
2024,32.5,1.25,1.4193755,176.57323,0,5.1097517
2024,32.5,1.5,1.4505464,175.17107,0,5.2219667
2024,32.5,1.75,1.4928607,173.96928,0,5.374298
2024,32.5,2.0,1.5181113,172.526,0,5.465201
2024,32.5,2.25,1.5508484,141.8644,0,5.583054
2024,32.5,2.5,1.6053256,142.5177,0,5.779172
2024,32.5,2.75,1.6388434,143.36397,0,5.899836
2024,32.5,3.0,1.6603483,142.33601,0,5.977254
2024,32.5,3.25,1.680912,167.53778,0,6.051283
2024,32.5,3.5,1.7363046,190.56805,0,6.2506967
2024,32.5,3.75,1.7436647,184.78363,0,6.277193
2024,32.5,4.0,1.7314733,181.23987,0,6.233304
2024,32.5,4.25,1.7286415,178.48073,0,6.2231092
2024,32.5,4.5,1.7637199,176.03831,0,6.3493915
2024,32.5,4.75,1.7908379,173.54704,0,6.4470162
2024,32.5,5.0,1.775033,170.31078,0,6.3901186
2024,32.5,5.25,1.7213639,167.89777,0,6.19691
2024,32.5,5.5,1.6587559,166.10992,0,5.971521
2024,32.5,5.75,1.6578285,159.92145,0,5.968182
2024,32.5,6.0,1.7330208,156.9976,0,6.2388744
2024,32.5,6.25,1.7963501,155.6527,0,6.4668603
2024,32.5,6.5,1.8299564,155.05602,0,6.587843
2024,32.5,6.75,1.8599299,155.23654,0,6.6957474
2024,32.5,7.0,1.8902631,155.21281,0,6.804947
2024,32.5,7.25,1.8994623,154.05078,0,6.838064
2024,32.5,7.5,1.9189976,152.67537,0,6.9083915
2024,32.5,7.75,1.9450055,152.04645,0,7.00202
2024,32.5,8.0,1.9847132,151.89722,0,7.1449676
2024,32.5,8.25,2.0151374,152.11446,0,7.2544947
2024,32.5,8.5,2.072466,152.20981,0,7.460877
2024,32.5,8.75,2.1436899,152.43521,0,7.7172832
2024,32.5,9.0,2.2386522,152.7083,0,8.059148
2024,32.5,9.25,2.327454,153.15858,0,8.378835
2024,32.5,9.5,2.4831588,152.29851,0,8.939371
2024,32.5,9.75,2.6094673,151.87862,0,9.394082
2024,32.5,10.0,2.5834842,152.53697,0,9.300543
2024,32.5,10.25,2.4189901,158.24968,0,8.7083645
2024,32.5,10.5,2.235062,151.62535,0,8.046223
2024,32.5,10.75,2.2086957,146.58394,0,7.951304
2024,32.5,11.0,2.2013736,144.3041,0,7.924945
2024,32.5,11.25,2.2068405,143.02544,0,7.944626
2024,32.5,11.5,2.1612236,140.78822,0,7.780405
2024,32.5,11.75,2.1400518,137.81146,0,7.7041864
2024,32.5,12.0,2.1326177,134.83968,0,7.6774235
2024,32.25,-9.0,2.300763,109.868065,0,8.282746
2024,32.25,-8.75,2.279728,105.34847,0,8.207021
2024,32.25,-8.5,2.1481164,102.27175,0,7.7332187
2024,32.25,-8.25,2.068105,98.91013,0,7.4451776
2024,32.25,-8.0,2.1974518,268.38855,0,7.910826
2024,32.25,-7.75,2.1491628,255.06502,0,7.7369857
2024,32.25,-7.5,1.8326188,283.111,0,6.597428
2024,32.25,-7.25,1.4949198,280.07553,0,5.381711
2024,32.25,-7.0,1.1679217,251.61507,0,4.204518
2024,32.25,-6.75,0.88414377,250.17934,0,3.1829176
2024,32.25,-6.5,0.7174379,247.14752,0,2.5827765
2024,32.25,-6.25,0.5849305,244.07117,0,2.1057496
2024,32.25,-6.0,0.55181324,243.10326,0,1.9865277
2024,32.25,-5.75,0.755961,239.79008,0,2.7214596
2024,32.25,-5.5,0.9171841,239.49023,0,3.3018627
2024,32.25,-5.25,0.82672167,236.47359,0,2.976198
2024,32.25,-5.0,0.6428855,237.67433,0,2.3143878
2024,32.25,-4.75,0.6698473,241.79292,0,2.4114501
2024,32.25,-4.5,0.7582111,204.07957,0,2.72956
2024,32.25,-4.25,0.75822735,209.98999,0,2.7296183
2024,32.25,-4.0,0.81152076,215.11127,0,2.9214747
2024,32.25,-3.75,0.8578945,212.38948,0,3.0884202
2024,32.25,-3.5,0.8770446,210.07039,0,3.1573606
2024,32.25,-3.25,0.73311883,203.61499,0,2.6392276
2024,32.25,-3.0,0.70150214,142.6121,0,2.5254076
2024,32.25,-2.75,0.8219879,138.41826,0,2.9591565
2024,32.25,-2.5,1.0562226,129.27055,0,3.802401
2024,32.25,-2.25,1.2560339,138.07973,0,4.521722
2024,32.25,-2.0,0.9716546,154.48878,0,3.4979565
2024,32.25,-1.75,0.84171075,171.20973,0,3.0301585
2024,32.25,-1.5,0.812552,212.69463,0,2.925187
2024,32.25,-1.25,0.7530264,188.97182,0,2.710895
2024,32.25,-1.0,0.7931605,197.73006,0,2.8553777
2024,32.25,-0.75,0.83284116,147.9617,0,2.998228
2024,32.25,-0.5,0.92668325,147.83409,0,3.3360596
2024,32.25,-0.25,1.0160996,145.443,0,3.6579583
2024,32.25,0.0,1.0771208,146.96718,0,3.8776348
2024,32.25,0.25,1.1590444,147.23184,0,4.1725597
2024,32.25,0.5,1.2360017,147.1138,0,4.449606
2024,32.25,0.75,1.343646,146.71759,0,4.837126
2024,32.25,1.0,1.4268979,143.19893,0,5.136832
2024,32.25,1.25,1.4789437,142.74394,0,5.3241973
2024,32.25,1.5,1.5134616,142.75237,0,5.4484615
2024,32.25,1.75,1.5375246,142.28691,0,5.5350885
2024,32.25,2.0,1.5655303,141.4192,0,5.635909
2024,32.25,2.25,1.5649675,140.21658,0,5.633883
2024,32.25,2.5,1.5925156,141.16837,0,5.733056
2024,32.25,2.75,1.635924,142.226,0,5.889326
2024,32.25,3.0,1.6721629,140.02563,0,6.0197864
2024,32.25,3.25,1.6972241,134.10396,0,6.110007
2024,32.25,3.5,1.7545775,186.20326,0,6.3164787
2024,32.25,3.75,1.7547036,181.73686,0,6.316933
2024,32.25,4.0,1.7547752,179.13007,0,6.3171906
2024,32.25,4.25,1.7648373,177.37053,0,6.353414
2024,32.25,4.5,1.7951933,175.67982,0,6.4626956
2024,32.25,4.75,1.8030018,173.88405,0,6.490806
2024,32.25,5.0,1.7738279,171.13759,0,6.3857803
2024,32.25,5.25,1.7198361,168.68152,0,6.19141
2024,32.25,5.5,1.6707535,166.78671,0,6.0147123
2024,32.25,5.75,1.6950226,151.27893,0,6.1020813
2024,32.25,6.0,1.7508612,153.3383,0,6.3031
2024,32.25,6.25,1.7788614,152.22089,0,6.403901
2024,32.25,6.5,1.8069309,151.25919,0,6.504951
2024,32.25,6.75,1.8236918,151.15271,0,6.5652905
2024,32.25,7.0,1.8307813,150.94008,0,6.5908127
2024,32.25,7.25,1.8468391,150.28569,0,6.6486206
2024,32.25,7.5,1.870633,150.02454,0,6.7342787
2024,32.25,7.75,1.9005909,150.1412,0,6.842127
2024,32.25,8.0,1.9367046,150.46106,0,6.9721365
2024,32.25,8.25,1.9788089,150.73875,0,7.1237116
2024,32.25,8.5,2.0355275,151.09956,0,7.3278985
2024,32.25,8.75,2.1067314,151.4593,0,7.584233
2024,32.25,9.0,2.1925514,151.81392,0,7.8931847
2024,32.25,9.25,2.2985077,152.0843,0,8.274628
2024,32.25,9.5,2.436814,150.62108,0,8.772531
2024,32.25,9.75,2.5744853,149.75836,0,9.2681465
2024,32.25,10.0,2.6084812,149.03078,0,9.390532
2024,32.25,10.25,2.4735472,153.0769,0,8.90477
2024,32.25,10.5,2.2277212,149.09041,0,8.019796
2024,32.25,10.75,2.0704725,145.52124,0,7.4537005
2024,32.25,11.0,2.0431511,143.10394,0,7.355344
2024,32.25,11.25,1.9863147,142.03752,0,7.1507325
2024,32.25,11.5,1.9350041,140.65718,0,6.966015
2024,32.25,11.75,1.8905035,139.74449,0,6.8058124
2024,32.25,12.0,1.8235016,139.45624,0,6.5646057
2024,32.0,-9.0,2.0441701,104.47705,0,7.359012
2024,32.0,-8.75,2.2359993,97.55573,0,8.049598
2024,32.0,-8.5,2.3800147,98.048645,0,8.568052
2024,32.0,-8.25,2.2790082,96.73041,0,8.204429
2024,32.0,-8.0,2.1625845,124.982,0,7.785304
2024,32.0,-7.75,1.8161927,267.5018,0,6.538294
2024,32.0,-7.5,1.4853725,265.0555,0,5.347341
2024,32.0,-7.25,1.1779374,264.48102,0,4.2405744
2024,32.0,-7.0,0.8865886,262.5726,0,3.1917188
2024,32.0,-6.75,0.67957777,251.40785,0,2.4464798
2024,32.0,-6.5,0.6249357,251.76245,0,2.2497685
2024,32.0,-6.25,0.5045043,248.09398,0,1.8162155
2024,32.0,-6.0,0.5187288,235.83412,0,1.8674237
2024,32.0,-5.75,0.75148076,229.43617,0,2.7053306
2024,32.0,-5.5,0.9264257,234.70752,0,3.3351324
2024,32.0,-5.25,0.6949146,231.91986,0,2.5016925
2024,32.0,-5.0,0.5822633,223.15474,0,2.0961478
2024,32.0,-4.75,0.43470502,227.52783,0,1.5649381
2024,32.0,-4.5,0.4392903,220.11469,0,1.581445
2024,32.0,-4.25,0.54060423,191.41887,0,1.9461752
2024,32.0,-4.0,0.7457452,155.3518,0,2.6846826
2024,32.0,-3.75,0.866848,150.744,0,3.1206527
2024,32.0,-3.5,0.8783881,157.7053,0,3.162197
2024,32.0,-3.25,0.83278006,176.06328,0,2.9980083
2024,32.0,-3.0,0.8432286,153.51006,0,3.0356228
2024,32.0,-2.75,0.9376964,112.739204,0,3.375707
2024,32.0,-2.5,1.180154,128.89809,0,4.248554
2024,32.0,-2.25,1.2578517,136.9944,0,4.528266
2024,32.0,-2.0,0.89067316,131.698,0,3.2064233
2024,32.0,-1.75,0.79960734,157.19427,0,2.8785863
2024,32.0,-1.5,0.8294699,150.03146,0,2.9860916
2024,32.0,-1.25,0.82893324,133.30972,0,2.9841595
2024,32.0,-1.0,0.90345186,155.99829,0,3.2524266
2024,32.0,-0.75,1.0408908,148.06929,0,3.747207
2024,32.0,-0.5,1.1568313,142.66742,0,4.1645923
2024,32.0,-0.25,1.2112037,144.47395,0,4.360333
2024,32.0,0.0,1.2765368,145.77649,0,4.5955324
2024,32.0,0.25,1.3054572,145.3426,0,4.699646
2024,32.0,0.5,1.372089,145.8824,0,4.9395204
2024,32.0,0.75,1.3983725,144.02477,0,5.034141
2024,32.0,1.0,1.4623065,141.09389,0,5.264303
2024,32.0,1.25,1.508163,140.35556,0,5.4293866
2024,32.0,1.5,1.5519806,141.71667,0,5.58713
2024,32.0,1.75,1.5771465,141.68573,0,5.677727
2024,32.0,2.0,1.6121936,141.51741,0,5.803897
2024,32.0,2.25,1.627756,141.4931,0,5.8599215
2024,32.0,2.5,1.6689357,142.47617,0,6.008168
2024,32.0,2.75,1.6827545,140.64926,0,6.057916
2024,32.0,3.0,1.7160708,138.22452,0,6.1778545
2024,32.0,3.25,1.7338358,131.2986,0,6.241809
2024,32.0,3.5,1.7883488,154.42543,0,6.4380555
2024,32.0,3.75,1.7840916,180.34929,0,6.4227295
2024,32.0,4.0,1.7783307,177.9065,0,6.4019904
2024,32.0,4.25,1.7939969,176.60054,0,6.458389
2024,32.0,4.5,1.8173394,175.96394,0,6.542422
2024,32.0,4.75,1.8266221,174.75551,0,6.5758395
2024,32.0,5.0,1.7938052,172.25793,0,6.457699
2024,32.0,5.25,1.7262927,170.29828,0,6.2146535
2024,32.0,5.5,1.678443,141.44826,0,6.0423946
2024,32.0,5.75,1.7291012,146.43169,0,6.224764
2024,32.0,6.0,1.7674131,147.60051,0,6.362687
2024,32.0,6.25,1.7901587,147.54187,0,6.4445715
2024,32.0,6.5,1.8026628,146.89246,0,6.489586
2024,32.0,6.75,1.824319,146.77486,0,6.5675483
2024,32.0,7.0,1.8278545,146.85951,0,6.580276
2024,32.0,7.25,1.8375412,147.12091,0,6.615148
2024,32.0,7.5,1.8612552,147.40219,0,6.7005186
2024,32.0,7.75,1.888631,147.83815,0,6.7990713
2024,32.0,8.0,1.9208792,148.34496,0,6.915165
2024,32.0,8.25,1.9673735,148.9394,0,7.0825443
2024,32.0,8.5,2.0301397,149.45428,0,7.3085027
2024,32.0,8.75,2.1017487,119.95157,0,7.566295
2024,32.0,9.0,2.166124,119.77704,0,7.7980466
2024,32.0,9.25,2.24837,119.7247,0,8.094131
2024,32.0,9.5,2.3721647,118.55262,0,8.539793
2024,32.0,9.75,2.4752748,117.46531,0,8.910989
2024,32.0,10.0,2.5056076,146.72304,0,9.020187
2024,32.0,10.25,2.4745865,148.23206,0,8.908511
2024,32.0,10.5,2.2269175,147.50362,0,8.016903
2024,32.0,10.75,2.0392575,145.13976,0,7.3413267
2024,32.0,11.0,1.8688159,144.79195,0,6.727737
2024,32.0,11.25,1.7924871,144.16025,0,6.4529533
2024,32.0,11.5,1.7403625,143.59909,0,6.265305
2024,32.0,11.75,1.7129592,144.72673,0,6.1666527
2024,32.0,12.0,1.6581101,145.27301,0,5.9691963
2024,31.75,-9.0,1.7846189,108.75885,0,6.424628
2024,31.75,-8.75,2.0922062,151.8872,0,7.5319424
2024,31.75,-8.5,2.2372139,93.65527,0,8.053969
2024,31.75,-8.25,1.7690091,156.96342,0,6.3684325
2024,31.75,-8.0,1.4858422,191.19872,0,5.349032
2024,31.75,-7.75,1.164752,279.57095,0,4.193107
2024,31.75,-7.5,1.0535029,283.316,0,3.7926104
2024,31.75,-7.25,0.76598644,274.56583,0,2.7575512
2024,31.75,-7.0,0.65602344,271.15738,0,2.3616843
2024,31.75,-6.75,0.5155584,256.31107,0,1.8560103
2024,31.75,-6.5,0.45108256,246.10979,0,1.6238972
2024,31.75,-6.25,0.4100432,236.8882,0,1.4761555
2024,31.75,-6.0,0.6110588,237.57076,0,2.1998115
2024,31.75,-5.75,0.78643614,240.86188,0,2.83117
2024,31.75,-5.5,0.7655227,225.7277,0,2.7558818
2024,31.75,-5.25,0.6100463,223.33693,0,2.1961668
2024,31.75,-5.0,0.47927383,238.757,0,1.7253858
2024,31.75,-4.75,0.48399794,227.2177,0,1.7423925
2024,31.75,-4.5,0.6127061,174.87688,0,2.205742
2024,31.75,-4.25,0.74098676,115.65803,0,2.6675522
2024,31.75,-4.0,0.98846227,131.05086,0,3.558464
2024,31.75,-3.75,1.1610608,141.68224,0,4.1798186
2024,31.75,-3.5,1.1718628,153.50737,0,4.218706
2024,31.75,-3.25,0.9800992,154.13176,0,3.528357
2024,31.75,-3.0,0.887125,156.30658,0,3.19365
2024,31.75,-2.75,0.97994286,120.79121,0,3.5277941
2024,31.75,-2.5,1.1764272,128.50096,0,4.235138
2024,31.75,-2.25,1.2047948,134.30775,0,4.337261
2024,31.75,-2.0,0.9142714,153.3543,0,3.291377
2024,31.75,-1.75,0.8888235,145.39195,0,3.1997645
2024,31.75,-1.5,0.9354706,137.23131,0,3.367694
2024,31.75,-1.25,1.10894,138.62653,0,3.992184
2024,31.75,-1.0,1.2284402,144.49626,0,4.4223843
2024,31.75,-0.75,1.3315088,144.30898,0,4.7934313
2024,31.75,-0.5,1.3386437,142.98555,0,4.819117
2024,31.75,-0.25,1.3954514,144.7148,0,5.023625
2024,31.75,0.0,1.4437009,144.32251,0,5.1973233
2024,31.75,0.25,1.4610292,144.06155,0,5.259705
2024,31.75,0.5,1.4766731,143.80995,0,5.3160233
2024,31.75,0.75,1.5041676,142.41647,0,5.415003
2024,31.75,1.0,1.5073096,140.35442,0,5.4263144
2024,31.75,1.25,1.5481733,139.80324,0,5.573424
2024,31.75,1.5,1.5979632,141.39081,0,5.7526674
2024,31.75,1.75,1.6478366,141.82144,0,5.9322114
2024,31.75,2.0,1.6879541,142.16393,0,6.0766344
2024,31.75,2.25,1.7307154,141.94208,0,6.230575
2024,31.75,2.5,1.7681918,141.08809,0,6.3654904
2024,31.75,2.75,1.7813822,139.2006,0,6.412976
2024,31.75,3.0,1.7575035,134.11792,0,6.3270125
2024,31.75,3.25,1.7797912,128.09157,0,6.4072485
2024,31.75,3.5,1.8235694,153.26314,0,6.56485
2024,31.75,3.75,1.8209982,150.12679,0,6.5555935
2024,31.75,4.0,1.8210921,148.02888,0,6.5559316
2024,31.75,4.25,1.8229817,176.31145,0,6.562734
2024,31.75,4.5,1.8419042,145.89795,0,6.6308546
2024,31.75,4.75,1.8517288,145.2499,0,6.6662235
2024,31.75,5.0,1.8288807,143.94426,0,6.58397
2024,31.75,5.25,1.7627659,142.34474,0,6.345957
2024,31.75,5.5,1.7317561,142.74759,0,6.2343216
2024,31.75,5.75,1.7720531,114.82134,0,6.379391
2024,31.75,6.0,1.8006395,145.23933,0,6.482302
2024,31.75,6.25,1.8033277,145.38615,0,6.4919796
2024,31.75,6.5,1.8169087,145.125,0,6.540871
2024,31.75,6.75,1.8298174,144.90904,0,6.5873427
2024,31.75,7.0,1.8320471,145.0447,0,6.5953693
2024,31.75,7.25,1.8417696,145.41722,0,6.63037
2024,31.75,7.5,1.8621641,145.69658,0,6.7037907
2024,31.75,7.75,1.8893219,146.22151,0,6.801559
2024,31.75,8.0,1.9268306,146.61455,0,6.93659
2024,31.75,8.25,1.9714488,117.309326,0,7.0972157
2024,31.75,8.5,2.0311706,117.88659,0,7.312214
2024,31.75,8.75,2.0805738,118.19425,0,7.4900656
2024,31.75,9.0,2.1426494,118.08375,0,7.7135377
2024,31.75,9.25,2.190197,117.887634,0,7.884709
2024,31.75,9.5,2.2584906,117.4356,0,8.130566
2024,31.75,9.75,2.3643272,116.36147,0,8.511578
2024,31.75,10.0,2.4106464,116.18048,0,8.678327
2024,31.75,10.25,2.3946543,146.3998,0,8.620755
2024,31.75,10.5,2.217243,146.59927,0,7.9820743
2024,31.75,10.75,2.144334,147.61377,0,7.7196026
2024,31.75,11.0,1.9511849,147.10246,0,7.0242653
2024,31.75,11.25,1.8867564,148.99397,0,6.792323
2024,31.75,11.5,1.8196186,149.59494,0,6.5506268
2024,31.75,11.75,1.7920951,150.99422,0,6.451542
2024,31.75,12.0,1.7728372,154.25458,0,6.3822136
2024,31.5,-9.0,1.6422762,64.57062,0,5.9121943
2024,31.5,-8.75,1.764236,73.43168,0,6.351249
2024,31.5,-8.5,1.554801,244.45276,0,5.5972834
2024,31.5,-8.25,1.1007764,250.36446,0,3.962795
2024,31.5,-8.0,0.7952259,287.04184,0,2.8628132
2024,31.5,-7.75,0.6625158,287.2703,0,2.385057
2024,31.5,-7.5,0.6212427,276.8833,0,2.2364736
2024,31.5,-7.25,0.5616682,266.86893,0,2.0220056
2024,31.5,-7.0,0.51465017,259.23093,0,1.8527405
2024,31.5,-6.75,0.439294,238.16887,0,1.5814584
2024,31.5,-6.5,0.45957592,208.75526,0,1.6544733
2024,31.5,-6.25,0.6214919,243.60579,0,2.2373707
2024,31.5,-6.0,0.6700134,252.4535,0,2.4120483
2024,31.5,-5.75,0.80192226,237.92711,0,2.88692
2024,31.5,-5.5,0.7196229,225.57715,0,2.5906425
2024,31.5,-5.25,0.61738676,213.12794,0,2.2225924
2024,31.5,-5.0,0.5303324,210.25664,0,1.9091965
2024,31.5,-4.75,0.6404651,132.1025,0,2.3056743
2024,31.5,-4.5,0.86042434,132.93956,0,3.0975275
2024,31.5,-4.25,1.093844,115.53223,0,3.9378386
2024,31.5,-4.0,1.3656836,113.28616,0,4.9164605
2024,31.5,-3.75,1.4418713,120.58968,0,5.1907363
2024,31.5,-3.5,1.3668823,154.51402,0,4.9207764
2024,31.5,-3.25,1.1116484,163.57872,0,4.001934
2024,31.5,-3.0,0.9781952,162.89711,0,3.5215025
2024,31.5,-2.75,0.98602754,128.90031,0,3.549699
2024,31.5,-2.5,1.207651,134.3533,0,4.3475437
2024,31.5,-2.25,1.3229235,136.4565,0,4.7625246
2024,31.5,-2.0,1.1718315,136.08464,0,4.218593
2024,31.5,-1.75,1.139942,139.78264,0,4.103791
2024,31.5,-1.5,1.1835178,141.73271,0,4.260664
2024,31.5,-1.25,1.380929,143.1932,0,4.9713445
2024,31.5,-1.0,1.4811168,149.6663,0,5.3320203
2024,31.5,-0.75,1.468534,148.18188,0,5.286722
2024,31.5,-0.5,1.479283,146.53218,0,5.3254185
2024,31.5,-0.25,1.4858259,144.11998,0,5.3489733
2024,31.5,0.0,1.526556,142.7925,0,5.4956017
2024,31.5,0.25,1.5613428,142.85925,0,5.620834
2024,31.5,0.5,1.5752039,143.02386,0,5.670734
2024,31.5,0.75,1.6026918,142.70348,0,5.76969
2024,31.5,1.0,1.5954504,141.04558,0,5.7436213
2024,31.5,1.25,1.6346585,141.0829,0,5.8847704
2024,31.5,1.5,1.6947442,141.60167,0,6.101079
2024,31.5,1.75,1.7532606,141.7531,0,6.311738
2024,31.5,2.0,1.7872592,140.80225,0,6.434133
2024,31.5,2.25,1.8310922,140.22868,0,6.591932
2024,31.5,2.5,1.862713,138.8363,0,6.7057667
2024,31.5,2.75,1.8543385,135.47179,0,6.6756186
2024,31.5,3.0,1.8428527,130.9115,0,6.6342697
2024,31.5,3.25,1.8158035,126.15112,0,6.5368924
2024,31.5,3.5,1.8376179,122.29404,0,6.615424
2024,31.5,3.75,1.8445907,119.6673,0,6.6405263
2024,31.5,4.0,1.8619142,118.072014,0,6.702891
2024,31.5,4.25,1.8677322,116.76408,0,6.7238355
2024,31.5,4.5,1.8648844,115.86256,0,6.7135835
2024,31.5,4.75,1.8616056,114.98281,0,6.7017803
2024,31.5,5.0,1.8428503,113.89664,0,6.634261
2024,31.5,5.25,1.8148395,112.61324,0,6.533422
2024,31.5,5.5,1.7976705,112.54935,0,6.4716134
2024,31.5,5.75,1.8112472,114.17121,0,6.5204897
2024,31.5,6.0,1.8120412,114.41052,0,6.523348
2024,31.5,6.25,1.8147459,114.50253,0,6.533085
2024,31.5,6.5,1.8204674,114.042114,0,6.5536823
2024,31.5,6.75,1.8283916,113.861084,0,6.5822096
2024,31.5,7.0,1.8286586,114.00474,0,6.583171
2024,31.5,7.25,1.8429203,114.31405,0,6.634513
2024,31.5,7.5,1.8643287,114.720245,0,6.711583
2024,31.5,7.75,1.8873886,115.21765,0,6.7945986
2024,31.5,8.0,1.924727,115.53909,0,6.929017
2024,31.5,8.25,1.967164,116.22196,0,7.0817904
2024,31.5,8.5,2.0066462,116.66718,0,7.223926
2024,31.5,8.75,2.0548317,116.93769,0,7.397394
2024,31.5,9.0,2.0835593,116.91416,0,7.500813
2024,31.5,9.25,2.1083364,116.782326,0,7.590011
2024,31.5,9.5,2.1673925,116.43307,0,7.802613
2024,31.5,9.75,2.2112458,116.60046,0,7.9604845
2024,31.5,10.0,2.2557023,116.383484,0,8.120528
2024,31.5,10.25,2.2747672,147.00337,0,8.189161
2024,31.5,10.5,2.2293966,147.39491,0,8.025827
2024,31.5,10.75,2.1599784,148.44946,0,7.775922
2024,31.5,11.0,2.132999,150.10863,0,7.678796
2024,31.5,11.25,2.063928,152.5985,0,7.43014
2024,31.5,11.5,1.9951521,154.30455,0,7.1825476
2024,31.5,11.75,1.964157,155.8153,0,7.070965
2024,31.5,12.0,1.9675846,159.5623,0,7.0833044
2024,31.25,-9.0,1.3998017,77.60469,0,5.039286
2024,31.25,-8.75,1.0694383,75.96712,0,3.849978
2024,31.25,-8.5,0.80309916,128.30873,0,2.891157
2024,31.25,-8.25,0.7338607,268.70126,0,2.6418984
2024,31.25,-8.0,0.5574523,282.8516,0,2.0068283
2024,31.25,-7.75,0.48599243,269.86465,0,1.7495728
2024,31.25,-7.5,0.49932837,269.30597,0,1.7975821
2024,31.25,-7.25,0.5323952,235.87573,0,1.9166226
2024,31.25,-7.0,0.5263917,232.77553,0,1.89501
2024,31.25,-6.75,0.48463514,248.31895,0,1.7446865
2024,31.25,-6.5,0.5733277,261.4335,0,2.0639796
2024,31.25,-6.25,0.5991325,250.00145,0,2.1568768
2024,31.25,-6.0,0.68353385,246.55882,0,2.4607217
2024,31.25,-5.75,0.7811508,237.10547,0,2.8121428
2024,31.25,-5.5,0.7613,220.77074,0,2.74068
2024,31.25,-5.25,0.73742956,202.89589,0,2.6547463
2024,31.25,-5.0,0.72977716,162.44626,0,2.6271977
2024,31.25,-4.75,0.8741122,142.23236,0,3.1468039
2024,31.25,-4.5,1.0515355,126.578575,0,3.7855277
2024,31.25,-4.25,1.3005731,122.50391,0,4.682063
2024,31.25,-4.0,1.5857205,118.678345,0,5.708594
2024,31.25,-3.75,1.6951703,114.40714,0,6.102613
2024,31.25,-3.5,1.4484755,122.201965,0,5.2145114
2024,31.25,-3.25,1.1648709,162.8344,0,4.193535
2024,31.25,-3.0,1.047516,165.57292,0,3.7710574
2024,31.25,-2.75,1.0538465,158.53569,0,3.7938473
2024,31.25,-2.5,1.3501142,111.73321,0,4.860411
2024,31.25,-2.25,1.5900912,112.94049,0,5.724328
2024,31.25,-2.0,1.5134615,113.18975,0,5.448461
2024,31.25,-1.75,1.4831406,139.60997,0,5.339306
2024,31.25,-1.5,1.4956149,135.7469,0,5.3842134
2024,31.25,-1.25,1.5110044,152.73958,0,5.4396157
2024,31.25,-1.0,1.5396839,152.03836,0,5.542862
2024,31.25,-0.75,1.5190811,149.97801,0,5.468692
2024,31.25,-0.5,1.544146,147.4905,0,5.558925
2024,31.25,-0.25,1.5454041,145.10278,0,5.5634546
2024,31.25,0.0,1.5679773,143.24031,0,5.644718
2024,31.25,0.25,1.6178851,143.77992,0,5.824386
2024,31.25,0.5,1.6471163,143.59218,0,5.9296184
2024,31.25,0.75,1.6746593,143.4123,0,6.0287733
2024,31.25,1.0,1.7143089,143.31958,0,6.1715117
2024,31.25,1.25,1.7591637,144.24716,0,6.332989
2024,31.25,1.5,1.8257483,144.45207,0,6.572694
2024,31.25,1.75,1.8666072,142.47096,0,6.7197857
2024,31.25,2.0,1.8986281,140.26857,0,6.835061
2024,31.25,2.25,1.9181982,138.24335,0,6.9055133
2024,31.25,2.5,1.9443959,136.25433,0,6.999825
2024,31.25,2.75,1.9409508,132.93576,0,6.9874225
2024,31.25,3.0,1.917049,128.92433,0,6.9013762
2024,31.25,3.25,1.8817239,124.73682,0,6.7742057
2024,31.25,3.5,1.8665217,121.45132,0,6.719478
2024,31.25,3.75,1.8710608,119.68397,0,6.735819
2024,31.25,4.0,1.8949162,118.62542,0,6.821698
2024,31.25,4.25,1.8937603,117.52361,0,6.817537
2024,31.25,4.5,1.8881869,116.628815,0,6.797473
2024,31.25,4.75,1.8707719,114.67471,0,6.7347784
2024,31.25,5.0,1.833115,112.6834,0,6.5992136
2024,31.25,5.25,1.8210288,111.613365,0,6.5557036
2024,31.25,5.5,1.8265958,112.33307,0,6.5757446
2024,31.25,5.75,1.8275465,113.783745,0,6.5791674
2024,31.25,6.0,1.8159717,114.00002,0,6.537498
2024,31.25,6.25,1.8083314,113.672295,0,6.5099926
2024,31.25,6.5,1.815413,113.280426,0,6.5354867
2024,31.25,6.75,1.8242408,112.76197,0,6.567267
2024,31.25,7.0,1.8265256,113.02423,0,6.575492
2024,31.25,7.25,1.8427156,113.43793,0,6.633776
2024,31.25,7.5,1.854685,113.94369,0,6.6768656
2024,31.25,7.75,1.87699,114.53119,0,6.7571635
2024,31.25,8.0,1.897102,114.916504,0,6.829567
2024,31.25,8.25,1.9332386,115.54926,0,6.959659
2024,31.25,8.5,1.9709157,115.97561,0,7.0952964
2024,31.25,8.75,1.997701,116.101814,0,7.191724
2024,31.25,9.0,2.015957,116.01684,0,7.2574453
2024,31.25,9.25,2.0261197,116.019554,0,7.2940307
2024,31.25,9.5,2.0538633,115.95331,0,7.3939075
2024,31.25,9.75,2.097425,116.20585,0,7.5507298
2024,31.25,10.0,2.1350875,117.62954,0,7.6863146
2024,31.25,10.25,2.1541898,118.7359,0,7.755083
2024,31.25,10.5,2.133649,148.56403,0,7.6811366
2024,31.25,10.75,2.1163278,149.2057,0,7.6187797
2024,31.25,11.0,2.0814292,150.4806,0,7.493145
2024,31.25,11.25,2.0384212,152.57732,0,7.338316
2024,31.25,11.5,1.9777256,155.12898,0,7.119812
2024,31.25,11.75,1.9502149,156.46648,0,7.0207734
2024,31.25,12.0,1.9637526,158.88474,0,7.0695095
2024,31.0,-9.0,0.688219,85.06801,0,2.4775884
2024,31.0,-8.75,0.43775365,108.6019,0,1.5759131
2024,31.0,-8.5,0.37102434,133.07503,0,1.3356876
2024,31.0,-8.25,0.39312097,210.99007,0,1.4152355
2024,31.0,-8.0,0.44606867,200.02184,0,1.6058472
2024,31.0,-7.75,0.5963015,249.40547,0,2.1466854
2024,31.0,-7.5,0.59629947,264.3686,0,2.146678
2024,31.0,-7.25,0.5698357,263.57217,0,2.0514085
2024,31.0,-7.0,0.5467596,252.11491,0,1.9683346
2024,31.0,-6.75,0.5100302,242.53181,0,1.8361087
2024,31.0,-6.5,0.5016214,202.49556,0,1.805837
2024,31.0,-6.25,0.55014956,188.81969,0,1.9805384
2024,31.0,-6.0,0.57480496,170.87567,0,2.0692978
2024,31.0,-5.75,0.7278448,189.64447,0,2.6202412
2024,31.0,-5.5,0.8753508,209.94185,0,3.1512628
2024,31.0,-5.25,0.852523,201.26378,0,3.0690827
2024,31.0,-5.0,0.8633097,161.47914,0,3.1079147
2024,31.0,-4.75,1.0068744,134.59001,0,3.624748
2024,31.0,-4.5,1.200303,131.9826,0,4.3210907
2024,31.0,-4.25,1.5044872,131.85573,0,5.4161534
2024,31.0,-4.0,1.7479309,129.33069,0,6.292551
2024,31.0,-3.75,1.8257345,125.188774,0,6.572644
2024,31.0,-3.5,1.6281075,119.98228,0,5.861187
2024,31.0,-3.25,1.2499143,126.65021,0,4.4996915
2024,31.0,-3.0,1.1102227,164.27959,0,3.9968016
2024,31.0,-2.75,1.1113191,159.16805,0,4.0007486
2024,31.0,-2.5,1.3993664,119.27069,0,5.037719
2024,31.0,-2.25,1.7807232,119.56551,0,6.4106035
2024,31.0,-2.0,1.8611268,117.08724,0,6.700056
2024,31.0,-1.75,1.7907805,113.17751,0,6.44681
2024,31.0,-1.5,1.6657921,106.474785,0,5.9968514
2024,31.0,-1.25,1.5736628,157.05013,0,5.665186
2024,31.0,-1.0,1.5451608,155.41951,0,5.5625787
2024,31.0,-0.75,1.5642853,152.80084,0,5.631427
2024,31.0,-0.5,1.6042523,120.384926,0,5.775308
2024,31.0,-0.25,1.6452088,118.46485,0,5.9227514
2024,31.0,0.0,1.6676825,116.7591,0,6.003657
2024,31.0,0.25,1.7020577,116.75613,0,6.1274076
2024,31.0,0.5,1.7299846,116.58173,0,6.2279444
2024,31.0,0.75,1.7745357,86.47843,0,6.388328
2024,31.0,1.0,1.8381985,86.8338,0,6.6175146
2024,31.0,1.25,1.9035511,87.97397,0,6.8527837
2024,31.0,1.5,1.9664339,85.9887,0,7.0791616
2024,31.0,1.75,2.001047,113.33508,0,7.2037687
2024,31.0,2.0,2.0147705,140.44014,0,7.253174
2024,31.0,2.25,2.0211349,137.91072,0,7.2760854
2024,31.0,2.5,2.0425413,134.78755,0,7.3531485
2024,31.0,2.75,2.0356781,131.00143,0,7.328441
2024,31.0,3.0,2.014571,126.86677,0,7.252455
2024,31.0,3.25,1.9813231,123.72907,0,7.132763
2024,31.0,3.5,1.9443684,121.60333,0,6.999726
2024,31.0,3.75,1.9401315,120.74758,0,6.984473
2024,31.0,4.0,1.9354357,119.49487,0,6.9675684
2024,31.0,4.25,1.9299269,118.40736,0,6.9477367
2024,31.0,4.5,1.9012936,116.80775,0,6.844657
2024,31.0,4.75,1.8724283,113.44299,0,6.7407417
2024,31.0,5.0,1.838693,111.422485,0,6.6192946
2024,31.0,5.25,1.8290066,111.69454,0,6.5844235
2024,31.0,5.5,1.8360196,112.570564,0,6.6096706
2024,31.0,5.75,1.8353063,113.456635,0,6.6071024
2024,31.0,6.0,1.8232669,113.171364,0,6.5637608
2024,31.0,6.25,1.810823,112.946144,0,6.5189624
2024,31.0,6.5,1.8073019,112.42512,0,6.5062866
2024,31.0,6.75,1.8154578,111.95386,0,6.535648
2024,31.0,7.0,1.8227841,112.13975,0,6.5620227
2024,31.0,7.25,1.8236994,112.53988,0,6.5653176
2024,31.0,7.5,1.8328749,113.150185,0,6.5983496
2024,31.0,7.75,1.8374614,113.91906,0,6.6148605
2024,31.0,8.0,1.8499318,114.393005,0,6.6597543
2024,31.0,8.25,1.8740402,114.938324,0,6.746545
2024,31.0,8.5,1.8973697,115.06702,0,6.830531
2024,31.0,8.75,1.9246206,115.15392,0,6.928634
2024,31.0,9.0,1.9429022,115.33776,0,6.9944477
2024,31.0,9.25,1.9461755,115.546814,0,7.0062313
2024,31.0,9.5,1.9581574,115.66984,0,7.0493665
2024,31.0,9.75,1.9815426,116.61078,0,7.133553
2024,31.0,10.0,2.0198846,118.55538,0,7.2715845
2024,31.0,10.25,2.0558078,120.418434,0,7.400908
2024,31.0,10.5,2.0665226,120.52639,0,7.4394813
2024,31.0,10.75,2.046511,150.70078,0,7.3674393
2024,31.0,11.0,2.0188,151.62654,0,7.2676797
2024,31.0,11.25,1.9702197,153.0698,0,7.092791
2024,31.0,11.5,1.915102,154.57597,0,6.894367
2024,31.0,11.75,1.8993958,155.85634,0,6.837825
2024,31.0,12.0,1.9182268,158.11931,0,6.9056163
2024,30.75,-9.0,0.58864653,175.34705,0,2.1191275
2024,30.75,-8.75,0.6263788,197.84908,0,2.2549636
2024,30.75,-8.5,0.66261214,188.09546,0,2.3854036
2024,30.75,-8.25,0.61400175,187.96004,0,2.2104063
2024,30.75,-8.0,0.63589835,196.9156,0,2.289234
2024,30.75,-7.75,0.85570914,206.86934,0,3.0805528
2024,30.75,-7.5,1.0991055,259.81522,0,3.9567797
2024,30.75,-7.25,1.189214,255.17451,0,4.2811704
2024,30.75,-7.0,1.0412964,242.00557,0,3.7486668
2024,30.75,-6.75,0.96685165,222.7923,0,3.480666
2024,30.75,-6.5,0.717149,197.1303,0,2.5817363
2024,30.75,-6.25,0.6397436,168.98442,0,2.303077
2024,30.75,-6.0,0.7144911,142.72722,0,2.572168
2024,30.75,-5.75,0.7325513,164.65405,0,2.6371846
2024,30.75,-5.5,0.7154793,176.22754,0,2.5757256
2024,30.75,-5.25,0.72509694,156.74834,0,2.610349
2024,30.75,-5.0,0.8580633,143.05762,0,3.0890276
2024,30.75,-4.75,1.1314378,139.16383,0,4.073176
2024,30.75,-4.5,1.3632983,139.76346,0,4.9078736
2024,30.75,-4.25,1.588006,139.2738,0,5.7168217
2024,30.75,-4.0,1.8022966,137.01515,0,6.488268
2024,30.75,-3.75,1.8728967,133.26009,0,6.742428
2024,30.75,-3.5,1.7413961,126.5105,0,6.269026
2024,30.75,-3.25,1.4244407,128.8348,0,5.1279864
2024,30.75,-3.0,1.3059115,136.45137,0,4.7012815
2024,30.75,-2.75,1.3176154,133.62975,0,4.7434154
2024,30.75,-2.5,1.4860905,126.48289,0,5.349926
2024,30.75,-2.25,1.8415333,120.90519,0,6.62952
2024,30.75,-2.0,1.9992841,115.93161,0,7.197423
2024,30.75,-1.75,1.9719359,111.405815,0,7.098969
2024,30.75,-1.5,1.841032,106.185455,0,6.627715
2024,30.75,-1.25,1.7099088,100.38403,0,6.1556716
2024,30.75,-1.0,1.657279,97.89437,0,5.966204
2024,30.75,-0.75,1.6558561,94.4031,0,5.961082
2024,30.75,-0.5,1.6872936,91.59198,0,6.074257
2024,30.75,-0.25,1.7428509,89.64465,0,6.274263
2024,30.75,0.0,1.7936243,88.539246,0,6.4570475
2024,30.75,0.25,1.8312926,87.47232,0,6.5926533
2024,30.75,0.5,1.8723779,86.4928,0,6.74056
2024,30.75,0.75,1.924149,86.17169,0,6.926936
2024,30.75,1.0,1.9883579,86.24824,0,7.158088
2024,30.75,1.25,2.0454743,86.168526,0,7.363707
2024,30.75,1.5,2.0859852,84.44061,0,7.5095463
2024,30.75,1.75,2.1119816,82.0427,0,7.6031337
2024,30.75,2.0,2.131604,79.26715,0,7.6737742
2024,30.75,2.25,2.1457493,76.5218,0,7.7246976
2024,30.75,2.5,2.1397905,102.98519,0,7.7032456
2024,30.75,2.75,2.1359274,128.88628,0,7.6893387
2024,30.75,3.0,2.1187894,124.87235,0,7.6276417
2024,30.75,3.25,2.081907,121.015755,0,7.494865
2024,30.75,3.5,2.008948,120.04374,0,7.232213
2024,30.75,3.75,1.9748765,120.93661,0,7.1095552
2024,30.75,4.0,1.9604949,120.705315,0,7.057781
2024,30.75,4.25,1.9399204,119.79546,0,6.983713
2024,30.75,4.5,1.9121965,114.2398,0,6.8839073
2024,30.75,4.75,1.8838185,111.55774,0,6.7817464
2024,30.75,5.0,1.865242,111.86206,0,6.714871
2024,30.75,5.25,1.8593692,112.14899,0,6.693729
2024,30.75,5.5,1.8526579,112.43908,0,6.6695685
2024,30.75,5.75,1.8264995,112.861755,0,6.575398
2024,30.75,6.0,1.8118972,112.15897,0,6.5228295
2024,30.75,6.25,1.8088835,111.56281,0,6.5119805
2024,30.75,6.5,1.8099986,110.93186,0,6.515995
2024,30.75,6.75,1.8057634,110.33167,0,6.500748
2024,30.75,7.0,1.7992898,110.62405,0,6.477443
2024,30.75,7.25,1.7956109,111.436195,0,6.464199
2024,30.75,7.5,1.7938951,112.33917,0,6.458022
2024,30.75,7.75,1.7944745,113.15509,0,6.460108
2024,30.75,8.0,1.7843066,113.708466,0,6.423504
2024,30.75,8.25,1.778215,113.95591,0,6.401574
2024,30.75,8.5,1.7989402,114.14783,0,6.4761844
2024,30.75,8.75,1.8270172,114.45422,0,6.577262
2024,30.75,9.0,1.849039,114.85049,0,6.65654
2024,30.75,9.25,1.8648324,115.0001,0,6.7133965
2024,30.75,9.5,1.8760056,116.06781,0,6.75362
2024,30.75,9.75,1.8914107,117.382416,0,6.809078
2024,30.75,10.0,1.9182504,118.79502,0,6.9057016
2024,30.75,10.25,1.9487723,120.13087,0,7.01558
2024,30.75,10.5,2.0039027,123.26891,0,7.2140493
2024,30.75,10.75,2.020684,123.89361,0,7.274462
2024,30.75,11.0,1.9996381,154.03046,0,7.198697
2024,30.75,11.25,1.9507508,154.62273,0,7.0227027
2024,30.75,11.5,1.9045682,155.16739,0,6.8564453
2024,30.75,11.75,1.9001886,155.92618,0,6.8406787
2024,30.75,12.0,1.958643,157.48332,0,7.0511146
2024,30.5,-9.0,1.219725,194.6403,0,4.39101
2024,30.5,-8.75,1.1701957,199.9992,0,4.212704
2024,30.5,-8.5,1.1027806,216.47496,0,3.97001
2024,30.5,-8.25,1.0422634,234.30522,0,3.7521482
2024,30.5,-8.0,0.9911894,242.66644,0,3.568282
2024,30.5,-7.75,1.1613209,231.55412,0,4.180755
2024,30.5,-7.5,1.2065461,246.84029,0,4.343566
2024,30.5,-7.25,1.1330451,263.1879,0,4.0789623
2024,30.5,-7.0,0.8767683,244.72768,0,3.1563659
2024,30.5,-6.75,0.89152974,205.6476,0,3.209507
2024,30.5,-6.5,0.77575547,199.95744,0,2.7927196
2024,30.5,-6.25,0.6145134,188.96391,0,2.212248
2024,30.5,-6.0,0.5244362,161.14757,0,1.8879702
2024,30.5,-5.75,0.56068116,128.44556,0,2.0184522
2024,30.5,-5.5,0.7674059,143.88623,0,2.7626612
2024,30.5,-5.25,0.97230196,146.43335,0,3.500287
2024,30.5,-5.0,1.1899173,147.28773,0,4.2837024
2024,30.5,-4.75,1.4007624,147.23213,0,5.0427446
2024,30.5,-4.5,1.4900018,143.86955,0,5.3640065
2024,30.5,-4.25,1.7084918,138.64629,0,6.1505704
2024,30.5,-4.0,1.8784658,136.14458,0,6.7624764
2024,30.5,-3.75,1.9005715,134.02763,0,6.842057
2024,30.5,-3.5,1.7378345,130.38283,0,6.2562037
2024,30.5,-3.25,1.5861877,127.425606,0,5.7102757
2024,30.5,-3.0,1.5099806,128.35689,0,5.43593
2024,30.5,-2.75,1.4940333,127.37921,0,5.37852
2024,30.5,-2.5,1.5684543,123.08358,0,5.6464353
2024,30.5,-2.25,1.8409947,118.25178,0,6.6275806
2024,30.5,-2.0,2.0116527,113.37545,0,7.2419496
2024,30.5,-1.75,2.0080287,108.48944,0,7.2289033
2024,30.5,-1.5,1.9233342,103.26135,0,6.924003
2024,30.5,-1.25,1.8442802,98.43939,0,6.6394086
2024,30.5,-1.0,1.7920613,95.67068,0,6.451421
2024,30.5,-0.75,1.7718586,92.79572,0,6.3786907
2024,30.5,-0.5,1.7924918,90.4505,0,6.4529705
2024,30.5,-0.25,1.8438096,88.65823,0,6.6377144
2024,30.5,0.0,1.9021692,87.029045,0,6.847809
2024,30.5,0.25,1.949356,86.02329,0,7.017681
2024,30.5,0.5,2.0012422,85.48953,0,7.2044716
2024,30.5,0.75,2.0577815,85.00565,0,7.408013
2024,30.5,1.0,2.1184828,84.05413,0,7.626538
2024,30.5,1.25,2.1835997,81.86437,0,7.8609586
2024,30.5,1.5,2.2264504,80.07795,0,8.015222
2024,30.5,1.75,2.254349,77.974815,0,8.115656
2024,30.5,2.0,2.2666805,75.897675,0,8.160049
2024,30.5,2.25,2.2556708,74.4206,0,8.120415
2024,30.5,2.5,2.204799,72.16032,0,7.937276
2024,30.5,2.75,2.1571865,68.45074,0,7.765871
2024,30.5,3.0,2.1287272,95.11773,0,7.663418
2024,30.5,3.25,2.1134126,122.57838,0,7.6082854
2024,30.5,3.5,2.091237,120.405464,0,7.5284534
2024,30.5,3.75,2.0248077,118.27505,0,7.2893076
2024,30.5,4.0,1.9692231,117.35647,0,7.0892034
2024,30.5,4.25,1.919651,115.4365,0,6.9107437
2024,30.5,4.5,1.8898025,114.64365,0,6.8032885
2024,30.5,4.75,1.8758568,114.53754,0,6.753084
2024,30.5,5.0,1.8659903,113.7282,0,6.717565
2024,30.5,5.25,1.8609141,112.48881,0,6.6992908
2024,30.5,5.5,1.8502617,112.479164,0,6.660942
2024,30.5,5.75,1.8293475,111.99949,0,6.585651
2024,30.5,6.0,1.8165747,110.84869,0,6.5396686
2024,30.5,6.25,1.8113004,110.15173,0,6.5206814
2024,30.5,6.5,1.8061274,109.3525,0,6.5020585
2024,30.5,6.75,1.7952727,108.201225,0,6.4629817
2024,30.5,7.0,1.7692508,108.94735,0,6.3693027
2024,30.5,7.25,1.7647868,109.77801,0,6.3532324
2024,30.5,7.5,1.7651306,110.76173,0,6.3544703
2024,30.5,7.75,1.7531796,111.8039,0,6.311446
2024,30.5,8.0,1.7035007,112.758514,0,6.1326027
2024,30.5,8.25,1.6792637,112.798035,0,6.045349
2024,30.5,8.5,1.70753,112.69668,0,6.147108
2024,30.5,8.75,1.7415625,112.99903,0,6.2696247
2024,30.5,9.0,1.7516562,113.662994,0,6.305962
2024,30.5,9.25,1.7419924,114.92979,0,6.2711725
2024,30.5,9.5,1.7492546,117.63036,0,6.2973166
2024,30.5,9.75,1.7821714,123.54484,0,6.415817
2024,30.5,10.0,1.8426629,101.612465,0,6.6335864
2024,30.5,10.25,1.9115728,133.47108,0,6.881662
2024,30.5,10.5,1.9701029,128.1626,0,7.0923705
2024,30.5,10.75,1.9766012,126.87252,0,7.115764
2024,30.5,11.0,1.939176,155.74031,0,6.9810333
2024,30.5,11.25,1.8800521,155.06538,0,6.7681875
2024,30.5,11.5,1.8605753,155.20628,0,6.698071
2024,30.5,11.75,1.8888115,155.52844,0,6.7997212
2024,30.5,12.0,1.9630259,156.21346,0,7.066893
2024,30.25,-9.0,1.5298052,202.61818,0,5.5072985
2024,30.25,-8.75,1.4324327,206.68736,0,5.1567574
2024,30.25,-8.5,1.1637982,227.8673,0,4.1896734
2024,30.25,-8.25,1.0330584,239.12775,0,3.71901
2024,30.25,-8.0,0.9900779,256.1238,0,3.5642805
2024,30.25,-7.75,1.0219873,249.36066,0,3.6791542
2024,30.25,-7.5,0.86826533,251.3574,0,3.125755
2024,30.25,-7.25,0.64799666,270.3141,0,2.332788
2024,30.25,-7.0,0.50838715,205.65736,0,1.8301936
2024,30.25,-6.75,0.5894914,189.01302,0,2.122169
2024,30.25,-6.5,0.71472794,182.94023,0,2.5730205
2024,30.25,-6.25,0.7945033,196.72185,0,2.8602116
2024,30.25,-6.0,0.7480565,180.05113,0,2.6930032
2024,30.25,-5.75,0.7981625,143.75441,0,2.873385
2024,30.25,-5.5,0.9789042,142.39104,0,3.524055
2024,30.25,-5.25,1.1523536,141.7046,0,4.148473
2024,30.25,-5.0,1.2811518,144.9824,0,4.6121464
2024,30.25,-4.75,1.3559828,141.87456,0,4.881538
2024,30.25,-4.5,1.4864678,137.34598,0,5.351284
2024,30.25,-4.25,1.6976227,134.52242,0,6.1114416
2024,30.25,-4.0,1.900617,132.70581,0,6.8422213
2024,30.25,-3.75,1.911585,129.24384,0,6.8817058
2024,30.25,-3.5,1.8076358,127.411835,0,6.5074887
2024,30.25,-3.25,1.7273563,127.016335,0,6.2184825
2024,30.25,-3.0,1.6613563,127.13871,0,5.9808826
2024,30.25,-2.75,1.6109805,124.787575,0,5.7995296
2024,30.25,-2.5,1.6322103,118.41598,0,5.8759565
2024,30.25,-2.25,1.857141,112.77936,0,6.6857076
2024,30.25,-2.0,2.010156,107.96533,0,7.2365613
2024,30.25,-1.75,2.0453713,103.647095,0,7.3633366
2024,30.25,-1.5,2.0045426,99.77714,0,7.216353
2024,30.25,-1.25,1.9463544,96.46884,0,7.0068755
2024,30.25,-1.0,1.9012809,93.01544,0,6.844611
2024,30.25,-0.75,1.8923842,89.83726,0,6.812583
2024,30.25,-0.5,1.9145051,87.452324,0,6.892218
2024,30.25,-0.25,1.9530692,85.795166,0,7.031049
2024,30.25,0.0,2.0258105,84.077255,0,7.2929177
2024,30.25,0.25,2.0975268,83.31428,0,7.5510964
2024,30.25,0.5,2.1510375,81.53213,0,7.743735
2024,30.25,0.75,2.1963713,79.81393,0,7.9069366
2024,30.25,1.0,2.2403994,78.19017,0,8.065437
2024,30.25,1.25,2.293052,76.61079,0,8.254987
2024,30.25,1.5,2.3402412,75.49457,0,8.424868
2024,30.25,1.75,2.3651664,75.52693,0,8.514599
2024,30.25,2.0,2.3627985,76.4101,0,8.506074
2024,30.25,2.25,2.3261206,77.45697,0,8.374034
2024,30.25,2.5,2.2417548,76.52706,0,8.070317
2024,30.25,2.75,2.1451635,72.38417,0,7.7225885
2024,30.25,3.0,2.1185205,69.847336,0,7.6266737
2024,30.25,3.25,2.1316683,67.48281,0,7.674006
2024,30.25,3.5,2.137451,64.336395,0,7.6948233
2024,30.25,3.75,2.072835,119.641235,0,7.462206
2024,30.25,4.0,1.9869123,117.77738,0,7.152884
2024,30.25,4.25,1.9337536,117.82609,0,6.961513
2024,30.25,4.5,1.9118881,119.496056,0,6.8827972
2024,30.25,4.75,1.9162594,63.600025,0,6.898534
2024,30.25,5.0,1.9258981,68.86367,0,6.933233
2024,30.25,5.25,1.9082881,70.616615,0,6.8698373
2024,30.25,5.5,1.8628173,100.74943,0,6.706142
2024,30.25,5.75,1.8266487,100.36173,0,6.5759354
2024,30.25,6.0,1.8122615,99.01185,0,6.5241413
2024,30.25,6.25,1.8098689,97.849556,0,6.515528
2024,30.25,6.5,1.8110428,99.9942,0,6.519754
2024,30.25,6.75,1.7927519,101.76995,0,6.4539065
2024,30.25,7.0,1.7653741,103.961174,0,6.3553467
2024,30.25,7.25,1.7494988,106.10947,0,6.298196
2024,30.25,7.5,1.7556311,107.77622,0,6.320272
2024,30.25,7.75,1.7211527,107.46332,0,6.1961493
2024,30.25,8.0,1.6620884,109.143036,0,5.983518
2024,30.25,8.25,1.6305617,110.34139,0,5.870022
2024,30.25,8.5,1.6401836,111.37124,0,5.9046607
2024,30.25,8.75,1.6481519,111.509796,0,5.9333467
2024,30.25,9.0,1.6261333,111.97227,0,5.8540797
2024,30.25,9.25,1.6102333,114.2948,0,5.7968397
2024,30.25,9.5,1.6036183,116.5458,0,5.7730255
2024,30.25,9.75,1.6128964,118.93588,0,5.806427
2024,30.25,10.0,1.6728015,128.6935,0,6.022085
2024,30.25,10.25,1.8024921,109.343925,0,6.4889717
2024,30.25,10.5,1.871087,132.73561,0,6.735913
2024,30.25,10.75,1.901402,127.21063,0,6.845047
2024,30.25,11.0,1.8843015,155.38058,0,6.7834854
2024,30.25,11.25,1.8428205,155.26685,0,6.634154
2024,30.25,11.5,1.8441771,155.81288,0,6.6390376
2024,30.25,11.75,1.8906627,156.30162,0,6.8063855
2024,30.25,12.0,1.965579,156.58336,0,7.076084
2024,30.0,-9.0,0.990365,217.76949,0,3.565314
2024,30.0,-8.75,1.1970178,236.90971,0,4.3092637
2024,30.0,-8.5,1.1511787,249.3308,0,4.1442432
2024,30.0,-8.25,0.9194014,244.49945,0,3.309845
2024,30.0,-8.0,0.8910549,263.78934,0,3.2077978
2024,30.0,-7.75,0.84448284,251.4781,0,3.0401382
2024,30.0,-7.5,0.62338346,225.4654,0,2.2441804
2024,30.0,-7.25,0.53786224,192.9209,0,1.936304
2024,30.0,-7.0,0.57471013,172.85497,0,2.0689564
2024,30.0,-6.75,0.67112136,167.57799,0,2.4160368
2024,30.0,-6.5,0.72917366,151.1367,0,2.625025
2024,30.0,-6.25,0.81995255,135.29599,0,2.9518292
2024,30.0,-6.0,0.83495665,132.81064,0,3.0058439
2024,30.0,-5.75,0.8960051,136.75156,0,3.2256184
2024,30.0,-5.5,1.0697223,135.38824,0,3.851
2024,30.0,-5.25,1.2682475,134.59833,0,4.565691
2024,30.0,-5.0,1.3458449,140.24507,0,4.8450413
2024,30.0,-4.75,1.3843776,139.9911,0,4.9837594
2024,30.0,-4.5,1.5343126,137.67873,0,5.523525
2024,30.0,-4.25,1.7413582,135.22595,0,6.2688894
2024,30.0,-4.0,1.9261032,131.97363,0,6.9339714
2024,30.0,-3.75,1.9777676,127.93274,0,7.119963
2024,30.0,-3.5,1.9215378,126.30985,0,6.917536
2024,30.0,-3.25,1.8616217,126.60917,0,6.701838
2024,30.0,-3.0,1.7825722,126.587746,0,6.4172597
2024,30.0,-2.75,1.6609637,125.0431,0,5.979469
2024,30.0,-2.5,1.592146,118.99423,0,5.7317257
2024,30.0,-2.25,1.7297096,111.83093,0,6.2269545
2024,30.0,-2.0,1.905992,106.481384,0,6.8615713
2024,30.0,-1.75,1.9862353,102.296326,0,7.150447
2024,30.0,-1.5,2.034709,98.21084,0,7.324952
2024,30.0,-1.25,2.0200415,94.27,0,7.272149
2024,30.0,-1.0,1.9938879,90.586266,0,7.177996
2024,30.0,-0.75,1.9899002,87.20925,0,7.1636405
2024,30.0,-0.5,2.0118928,84.7637,0,7.242814
2024,30.0,-0.25,2.0583322,82.430405,0,7.4099956
2024,30.0,0.0,2.1269062,79.57409,0,7.656862
2024,30.0,0.25,2.2051003,77.331764,0,7.9383607
2024,30.0,0.5,2.2647367,75.156715,0,8.153051
2024,30.0,0.75,2.312788,73.54113,0,8.326036
2024,30.0,1.0,2.3434422,73.592735,0,8.436392
2024,30.0,1.25,2.3925664,73.73394,0,8.613239
2024,30.0,1.5,2.4225028,74.9804,0,8.721009
2024,30.0,1.75,2.4425752,78.84611,0,8.79327
2024,30.0,2.0,2.450877,81.082954,0,8.823156
2024,30.0,2.25,2.433705,82.43136,0,8.761338
2024,30.0,2.5,2.3276565,80.37125,0,8.379563
2024,30.0,2.75,2.2193043,76.66651,0,7.9894953
2024,30.0,3.0,2.1809585,73.276535,0,7.8514504
2024,30.0,3.25,2.1893303,70.21966,0,7.881589
2024,30.0,3.5,2.2009761,65.15612,0,7.923514
2024,30.0,3.75,2.1597962,61.59123,0,7.775266
2024,30.0,4.0,2.0719798,61.487926,0,7.459127
2024,30.0,4.25,1.9866341,62.55336,0,7.1518826
2024,30.0,4.5,1.963005,65.299095,0,7.0668178
2024,30.0,4.75,1.9583541,68.49755,0,7.0500746
2024,30.0,5.0,1.9645492,70.50753,0,7.0723767
2024,30.0,5.25,1.9573864,68.612526,0,7.046591
2024,30.0,5.5,1.9352635,65.01147,0,6.9669485
2024,30.0,5.75,1.9024047,62.83502,0,6.8486567
2024,30.0,6.0,1.8811558,92.40128,0,6.772161
2024,30.0,6.25,1.8704022,93.828575,0,6.733448
2024,30.0,6.5,1.8670486,65.6352,0,6.721375
2024,30.0,6.75,1.8468245,68.34049,0,6.648568
2024,30.0,7.0,1.8178848,70.82809,0,6.544385
2024,30.0,7.25,1.7814933,73.178535,0,6.413376
2024,30.0,7.5,1.7423183,74.60323,0,6.2723455
2024,30.0,7.75,1.6748614,103.56573,0,6.029501
2024,30.0,8.0,1.6401234,104.68225,0,5.9044437
2024,30.0,8.25,1.6070608,106.86645,0,5.7854185
2024,30.0,8.5,1.5706978,107.305534,0,5.654512
2024,30.0,8.75,1.5352138,107.01477,0,5.5267696
2024,30.0,9.0,1.5173634,109.75205,0,5.462508
2024,30.0,9.25,1.5127584,114.24286,0,5.44593
2024,30.0,9.5,1.498096,116.79035,0,5.3931456
2024,30.0,9.75,1.4947721,146.00739,0,5.3811793
2024,30.0,10.0,1.5286555,147.76561,0,5.5031595
2024,30.0,10.25,1.6721783,120.78188,0,6.0198417
2024,30.0,10.5,1.8029844,118.9849,0,6.4907436
2024,30.0,10.75,1.8329173,125.44027,0,6.598502
2024,30.0,11.0,1.818955,155.70016,0,6.548238
2024,30.0,11.25,1.7863444,156.47435,0,6.4308395
2024,30.0,11.5,1.8034302,157.18724,0,6.4923487
2024,30.0,11.75,1.857756,157.28755,0,6.6879215
2024,30.0,12.0,1.9263868,157.13542,0,6.9349923
2024,29.75,-9.0,0.9711296,233.71422,0,3.4960666
2024,29.75,-8.75,1.1026899,228.20845,0,3.9696834
2024,29.75,-8.5,0.91304225,247.46497,0,3.286952
2024,29.75,-8.25,0.8587584,263.82626,0,3.09153
2024,29.75,-8.0,0.9045555,231.02374,0,3.2563996
2024,29.75,-7.75,0.92477155,223.5752,0,3.3291774
2024,29.75,-7.5,0.76409024,171.3119,0,2.7507248
2024,29.75,-7.25,0.869536,178.60704,0,3.1303294
2024,29.75,-7.0,0.9627922,178.80225,0,3.4660518
2024,29.75,-6.75,1.0104479,162.38155,0,3.637612
2024,29.75,-6.5,1.0783746,151.99391,0,3.8821485
2024,29.75,-6.25,1.1669136,152.81506,0,4.200889
2024,29.75,-6.0,1.2398304,152.70941,0,4.4633894
2024,29.75,-5.75,1.294091,149.64474,0,4.6587276
2024,29.75,-5.5,1.3426327,143.25952,0,4.8334775
2024,29.75,-5.25,1.5007378,141.07361,0,5.402656
2024,29.75,-5.0,1.5136935,144.04993,0,5.4492965
2024,29.75,-4.75,1.4972086,145.13399,0,5.3899508
2024,29.75,-4.5,1.6303973,142.55937,0,5.86943
2024,29.75,-4.25,1.7948235,138.79674,0,6.4613647
2024,29.75,-4.0,1.9636463,135.10866,0,7.0691266
2024,29.75,-3.75,1.9766665,129.6078,0,7.115999
2024,29.75,-3.5,1.9619259,125.240845,0,7.062933
2024,29.75,-3.25,1.9310274,124.955894,0,6.9516983
2024,29.75,-3.0,1.8896126,125.28675,0,6.802605
2024,29.75,-2.75,1.771506,124.33408,0,6.3774214
2024,29.75,-2.5,1.5598016,121.2237,0,5.6152854
2024,29.75,-2.25,1.5330839,115.4116,0,5.519102
2024,29.75,-2.0,1.6961426,109.25631,0,6.106113
2024,29.75,-1.75,1.8728161,102.34369,0,6.742138
2024,29.75,-1.5,1.9486831,97.25659,0,7.0152593
2024,29.75,-1.25,2.0494177,91.64031,0,7.3779035
2024,29.75,-1.0,2.0669644,88.1453,0,7.4410715
2024,29.75,-0.75,2.0638943,84.47649,0,7.4300194
2024,29.75,-0.5,2.087837,80.20418,0,7.516213
2024,29.75,-0.25,2.1447275,77.12366,0,7.721019
2024,29.75,0.0,2.1833453,72.30883,0,7.860043
2024,29.75,0.25,2.2729921,70.37179,0,8.182772
2024,29.75,0.5,2.3478336,69.58367,0,8.452201
2024,29.75,0.75,2.3933594,72.11161,0,8.616094
2024,29.75,1.0,2.4213035,72.886955,0,8.716692
2024,29.75,1.25,2.4358244,74.86042,0,8.768968
2024,29.75,1.5,2.4483023,79.55091,0,8.813888
2024,29.75,1.75,2.4909785,83.102455,0,8.967523
2024,29.75,2.0,2.554494,84.37119,0,9.1961775
2024,29.75,2.25,2.5492065,84.51456,0,9.177143
2024,29.75,2.5,2.4538975,81.532364,0,8.834031
2024,29.75,2.75,2.3363562,79.16727,0,8.410882
2024,29.75,3.0,2.2695491,75.62554,0,8.170377
2024,29.75,3.25,2.2015502,70.524796,0,7.9255805
2024,29.75,3.5,2.1940794,65.53727,0,7.8986855
2024,29.75,3.75,2.1947286,64.991455,0,7.901023
2024,29.75,4.0,2.1515677,66.450356,0,7.7456436
2024,29.75,4.25,2.0683334,67.45734,0,7.446
2024,29.75,4.5,2.0218122,67.31201,0,7.278524
2024,29.75,4.75,2.0215933,68.89551,0,7.2777357
2024,29.75,5.0,2.0173845,67.985176,0,7.262584
2024,29.75,5.25,1.9975435,65.12864,0,7.1911564
2024,29.75,5.5,1.9816092,62.370808,0,7.133793
2024,29.75,5.75,1.9664608,61.580914,0,7.079259
2024,29.75,6.0,1.949838,61.40399,0,7.019417
2024,29.75,6.25,1.9279451,63.07379,0,6.9406023
2024,29.75,6.5,1.9199356,65.6221,0,6.911768
2024,29.75,6.75,1.8991256,68.18554,0,6.836852
2024,29.75,7.0,1.8574127,70.112495,0,6.6866856
2024,29.75,7.25,1.8118283,71.78202,0,6.5225816
2024,29.75,7.5,1.7422327,70.73635,0,6.2720375
2024,29.75,7.75,1.6695662,70.45266,0,6.010438
2024,29.75,8.0,1.6279329,71.80459,0,5.8605585
2024,29.75,8.25,1.5726246,73.77874,0,5.6614485
2024,29.75,8.5,1.5227509,103.981926,0,5.481903
2024,29.75,8.75,1.480816,109.31866,0,5.3309374
2024,29.75,9.0,1.512115,115.66221,0,5.443614
2024,29.75,9.25,1.5197587,117.691956,0,5.4711313
2024,29.75,9.5,1.4887422,123.36032,0,5.359472
2024,29.75,9.75,1.4858974,144.82463,0,5.349231
2024,29.75,10.0,1.5406427,144.38692,0,5.546314
2024,29.75,10.25,1.6461568,135.39502,0,5.926164
2024,29.75,10.5,1.7442428,130.98824,0,6.279274
2024,29.75,10.75,1.7509879,156.4251,0,6.3035564
2024,29.75,11.0,1.7462472,157.62907,0,6.2864895
2024,29.75,11.25,1.7302055,157.93716,0,6.2287397
2024,29.75,11.5,1.759498,158.30566,0,6.3341928
2024,29.75,11.75,1.8135133,158.44579,0,6.5286474
2024,29.75,12.0,1.8805441,157.95088,0,6.7699585
2024,29.5,-9.0,1.5153841,217.91573,0,5.4553823
2024,29.5,-8.75,1.4308516,236.32231,0,5.1510653
2024,29.5,-8.5,1.0970315,225.39874,0,3.9493132
2024,29.5,-8.25,0.9485951,211.68242,0,3.4149423
2024,29.5,-8.0,1.0716038,213.2259,0,3.8577735
2024,29.5,-7.75,1.1043501,197.47356,0,3.9756603
2024,29.5,-7.5,1.1347233,169.76057,0,4.085004
2024,29.5,-7.25,1.32089,172.94487,0,4.7552037
2024,29.5,-7.0,1.3655881,170.46495,0,4.9161167
2024,29.5,-6.75,1.4729189,167.36009,0,5.302508
2024,29.5,-6.5,1.482515,166.39626,0,5.337054
2024,29.5,-6.25,1.5593754,164.2059,0,5.6137514
2024,29.5,-6.0,1.6073418,162.19533,0,5.7864304
2024,29.5,-5.75,1.5608112,158.3814,0,5.61892
2024,29.5,-5.5,1.5917354,152.60577,0,5.730247
2024,29.5,-5.25,1.6294316,146.88814,0,5.8659534
2024,29.5,-5.0,1.6478076,146.21857,0,5.932107
2024,29.5,-4.75,1.638878,145.932,0,5.8999605
2024,29.5,-4.5,1.718042,144.73517,0,6.1849513
2024,29.5,-4.25,1.8787562,141.19775,0,6.763522
2024,29.5,-4.0,1.941577,138.55989,0,6.989677
2024,29.5,-3.75,1.9134284,133.05772,0,6.8883424
2024,29.5,-3.5,1.9134674,127.06739,0,6.8884826
2024,29.5,-3.25,1.9409426,122.259735,0,6.9873934
2024,29.5,-3.0,1.8977294,122.40729,0,6.8318257
2024,29.5,-2.75,1.8448467,120.88079,0,6.641448
2024,29.5,-2.5,1.6792508,118.19845,0,6.045303
2024,29.5,-2.25,1.6130972,113.91534,0,5.80715
2024,29.5,-2.0,1.6161166,109.10313,0,5.81802
2024,29.5,-1.75,1.7882265,102.43397,0,6.4376154
2024,29.5,-1.5,1.8547935,95.97866,0,6.6772566
2024,29.5,-1.25,1.9837742,90.446846,0,7.141587
2024,29.5,-1.0,2.0546553,86.64776,0,7.396759
2024,29.5,-0.75,2.0933778,81.23047,0,7.53616
2024,29.5,-0.5,2.127977,74.89136,0,7.6607165
2024,29.5,-0.25,2.1693702,67.81806,0,7.8097324
2024,29.5,0.0,2.2259076,63.634785,0,8.013267
2024,29.5,0.25,2.304051,65.51608,0,8.294583
2024,29.5,0.5,2.3562574,71.16079,0,8.482527
2024,29.5,0.75,2.4054954,73.74122,0,8.659783
2024,29.5,1.0,2.4193726,76.62162,0,8.709741
2024,29.5,1.25,2.4404726,79.397736,0,8.785701
2024,29.5,1.5,2.504095,83.93007,0,9.014742
2024,29.5,1.75,2.5932443,84.341866,0,9.335679
2024,29.5,2.0,2.6575239,85.486694,0,9.567085
2024,29.5,2.25,2.6642697,84.3031,0,9.591371
2024,29.5,2.5,2.5831456,82.724045,0,9.299324
2024,29.5,2.75,2.4510844,80.41202,0,8.823903
2024,29.5,3.0,2.303594,74.99185,0,8.292938
2024,29.5,3.25,2.2362654,69.973564,0,8.050555
2024,29.5,3.5,2.181661,67.833885,0,7.853979
2024,29.5,3.75,2.1961074,68.82178,0,7.9059863
2024,29.5,4.0,2.194406,69.76786,0,7.8998613
2024,29.5,4.25,2.1255505,68.015175,0,7.651982
2024,29.5,4.5,2.079733,67.879295,0,7.487038
2024,29.5,4.75,2.0384881,66.20483,0,7.3385572
2024,29.5,5.0,2.0416117,64.81283,0,7.349802
2024,29.5,5.25,2.025841,62.55487,0,7.2930274
2024,29.5,5.5,2.0182092,61.904644,0,7.265553
2024,29.5,5.75,2.0041358,61.062378,0,7.214889
2024,29.5,6.0,1.9963506,61.774197,0,7.186862
2024,29.5,6.25,1.974229,63.23813,0,7.107224
2024,29.5,6.5,1.9667454,65.94024,0,7.080283
2024,29.5,6.75,1.9451503,67.719826,0,7.0025406
2024,29.5,7.0,1.9037296,69.578514,0,6.8534265
2024,29.5,7.25,1.8119029,68.48933,0,6.52285
2024,29.5,7.5,1.7327176,67.30377,0,6.2377834
2024,29.5,7.75,1.6709052,68.51966,0,6.015259
2024,29.5,8.0,1.6042496,72.06736,0,5.7752986
2024,29.5,8.25,1.5495318,74.1671,0,5.5783143
2024,29.5,8.5,1.5099715,79.14289,0,5.4358974
2024,29.5,8.75,1.5282589,87.50851,0,5.501732
2024,29.5,9.0,1.5844492,96.82549,0,5.7040167
2024,29.5,9.25,1.5692521,119.83126,0,5.6493077
2024,29.5,9.5,1.5446186,125.3169,0,5.560627
2024,29.5,9.75,1.5231276,129.19835,0,5.483259
2024,29.5,10.0,1.5606594,140.9504,0,5.618374
2024,29.5,10.25,1.6420814,133.31108,0,5.911493
2024,29.5,10.5,1.6450168,125.62988,0,5.9220605
2024,29.5,10.75,1.6874528,161.0453,0,6.07483
2024,29.5,11.0,1.6855019,159.9706,0,6.0678067
2024,29.5,11.25,1.6762142,159.821,0,6.034371
2024,29.5,11.5,1.708757,159.684,0,6.151525
2024,29.5,11.75,1.7646314,159.02122,0,6.352673
2024,29.5,12.0,1.8322887,158.4417,0,6.596239
2024,29.25,-9.0,1.9795176,239.32109,0,7.126263
2024,29.25,-8.75,1.6112422,224.28589,0,5.800472
2024,29.25,-8.5,1.2504262,201.89056,0,4.501534
2024,29.25,-8.25,1.2806753,189.87036,0,4.6104307
2024,29.25,-8.0,1.2832023,190.44221,0,4.6195283
2024,29.25,-7.75,1.4422654,187.32994,0,5.1921554
2024,29.25,-7.5,1.6119919,184.83589,0,5.8031707
2024,29.25,-7.25,1.7622604,179.75185,0,6.344137
2024,29.25,-7.0,1.8099812,178.59743,0,6.515932
2024,29.25,-6.75,1.7042216,175.07483,0,6.1351976
2024,29.25,-6.5,1.6999696,174.40282,0,6.1198907
2024,29.25,-6.25,1.6577458,168.83026,0,5.967885
2024,29.25,-6.0,1.6459719,163.54082,0,5.9254985
2024,29.25,-5.75,1.6021105,159.06126,0,5.7675977
2024,29.25,-5.5,1.6145927,155.56448,0,5.8125334
2024,29.25,-5.25,1.6431679,149.77357,0,5.9154043
2024,29.25,-5.0,1.688232,145.66705,0,6.077635
2024,29.25,-4.75,1.7138711,142.99858,0,6.1699357
2024,29.25,-4.5,1.7894822,142.25717,0,6.442136
2024,29.25,-4.25,1.8571037,141.35406,0,6.685573
2024,29.25,-4.0,1.910312,139.02678,0,6.8771234
2024,29.25,-3.75,1.8081709,134.7437,0,6.509415
2024,29.25,-3.5,1.8145708,127.908,0,6.5324545
2024,29.25,-3.25,1.839389,122.39884,0,6.6218
2024,29.25,-3.0,1.8419119,117.56449,0,6.6308827
2024,29.25,-2.75,1.8020235,115.37878,0,6.4872847
2024,29.25,-2.5,1.8043472,112.538795,0,6.49565
2024,29.25,-2.25,1.7662469,109.30674,0,6.3584886
2024,29.25,-2.0,1.7658161,105.03702,0,6.356938
2024,29.25,-1.75,1.7308788,101.06421,0,6.2311635
2024,29.25,-1.5,1.7915077,95.417274,0,6.4494276
2024,29.25,-1.25,1.8842834,91.84045,0,6.78342
2024,29.25,-1.0,2.0384262,89.691826,0,7.338334
2024,29.25,-0.75,2.0887012,90.88619,0,7.5193243
2024,29.25,-0.5,2.0955932,89.16784,0,7.5441356
2024,29.25,-0.25,2.1524737,85.59081,0,7.748905
2024,29.25,0.0,2.2233837,58.057526,0,8.004181
2024,29.25,0.25,2.2838876,68.90958,0,8.221995
2024,29.25,0.5,2.3445408,75.164604,0,8.440347
2024,29.25,0.75,2.3429732,79.11169,0,8.434704
2024,29.25,1.0,2.3642578,81.56224,0,8.511328
2024,29.25,1.25,2.4359882,84.53397,0,8.769557
2024,29.25,1.5,2.5648642,85.85089,0,9.233511
2024,29.25,1.75,2.654071,85.80642,0,9.554656
2024,29.25,2.0,2.7328634,85.51174,0,9.838308
2024,29.25,2.25,2.7388632,84.37031,0,9.859907
2024,29.25,2.5,2.7001655,84.04932,0,9.720595
2024,29.25,2.75,2.5188134,79.972496,0,9.067728
2024,29.25,3.0,2.3645108,74.47521,0,8.5122385
2024,29.25,3.25,2.255451,71.4109,0,8.119623
2024,29.25,3.5,2.196742,69.68583,0,7.9082713
2024,29.25,3.75,2.215634,71.243385,0,7.9762826
2024,29.25,4.0,2.247076,70.50513,0,8.089474
2024,29.25,4.25,2.1757991,68.597176,0,7.8328767
2024,29.25,4.5,2.1061718,65.11931,0,7.5822186
2024,29.25,4.75,2.0630481,63.18601,0,7.426973
2024,29.25,5.0,2.0635192,62.67008,0,7.428669
2024,29.25,5.25,2.0364747,62.0555,0,7.331309
2024,29.25,5.5,2.0314107,61.497227,0,7.3130784
2024,29.25,5.75,2.0292594,61.893787,0,7.3053336
2024,29.25,6.0,2.0229695,62.567852,0,7.28269
2024,29.25,6.25,2.0069797,64.10314,0,7.2251267
2024,29.25,6.5,1.9923061,66.00515,0,7.172302
2024,29.25,6.75,1.9717284,67.54542,0,7.0982223
2024,29.25,7.0,1.9035915,67.12125,0,6.852929
2024,29.25,7.25,1.8098038,65.77082,0,6.5152936
2024,29.25,7.5,1.7038797,66.77613,0,6.133967
2024,29.25,7.75,1.6592044,71.60648,0,5.9731355
2024,29.25,8.0,1.5950799,75.61435,0,5.7422876
2024,29.25,8.25,1.5153495,82.5238,0,5.455258
2024,29.25,8.5,1.4942251,88.257355,0,5.3792105
2024,29.25,8.75,1.606789,95.044395,0,5.78444
2024,29.25,9.0,1.7114578,99.747406,0,6.161248
2024,29.25,9.25,1.6859312,104.86938,0,6.069352
2024,29.25,9.5,1.6268253,122.10233,0,5.856571
2024,29.25,9.75,1.6051968,122.98295,0,5.7787085
2024,29.25,10.0,1.590763,120.55811,0,5.7267466
2024,29.25,10.25,1.6168103,113.67591,0,5.820517
2024,29.25,10.5,1.6466241,139.45035,0,5.9278464
2024,29.25,10.75,1.6672692,137.84937,0,6.002169
2024,29.25,11.0,1.6622568,165.40211,0,5.9841247
2024,29.25,11.25,1.6809164,164.37251,0,6.051299
2024,29.25,11.5,1.7063743,162.0663,0,6.142947
2024,29.25,11.75,1.7607685,160.56923,0,6.3387666
2024,29.25,12.0,1.8048462,158.71185,0,6.497446
2024,29.0,-9.0,1.9078989,221.71278,0,6.868436
2024,29.0,-8.75,1.6512216,201.8509,0,5.944398
2024,29.0,-8.5,1.6138462,186.88293,0,5.809846
2024,29.0,-8.25,1.6642332,187.93542,0,5.9912395
2024,29.0,-8.0,1.8229462,191.81606,0,6.5626063
2024,29.0,-7.75,1.8414631,194.7931,0,6.6292667
2024,29.0,-7.5,1.970302,194.01433,0,7.093087
2024,29.0,-7.25,2.0186427,188.90424,0,7.267113
2024,29.0,-7.0,1.8923346,183.70738,0,6.812404
2024,29.0,-6.75,1.7884964,181.29204,0,6.4385867
2024,29.0,-6.5,1.6841702,177.75075,0,6.0630126
2024,29.0,-6.25,1.5848964,171.35246,0,5.705627
2024,29.0,-6.0,1.569673,158.1725,0,5.6508226
2024,29.0,-5.75,1.5794643,153.98428,0,5.6860714
2024,29.0,-5.5,1.5936106,150.41039,0,5.736998
2024,29.0,-5.25,1.63337,147.53021,0,5.880132
2024,29.0,-5.0,1.6846672,143.45119,0,6.0648017
2024,29.0,-4.75,1.7215768,140.25426,0,6.197676
2024,29.0,-4.5,1.795114,138.29828,0,6.4624104
2024,29.0,-4.25,1.8637911,137.68951,0,6.7096477
2024,29.0,-4.0,1.8533107,135.79439,0,6.6719184
2024,29.0,-3.75,1.7278676,131.96002,0,6.220323
2024,29.0,-3.5,1.7290267,125.99882,0,6.224496
2024,29.0,-3.25,1.7157816,121.07324,0,6.1768136
2024,29.0,-3.0,1.7226278,115.43685,0,6.20146
2024,29.0,-2.75,1.7133328,110.96227,0,6.167998
2024,29.0,-2.5,1.769258,107.87588,0,6.3693285
2024,29.0,-2.25,1.7859287,104.46638,0,6.429343
2024,29.0,-2.0,1.8289093,100.92045,0,6.584073
2024,29.0,-1.75,1.80622,97.37733,0,6.502392
2024,29.0,-1.5,1.7872739,94.94286,0,6.434186
2024,29.0,-1.25,1.8361129,92.62612,0,6.6100063
2024,29.0,-1.0,2.006756,90.7889,0,7.224322
2024,29.0,-0.75,2.0758255,88.016205,0,7.4729714
2024,29.0,-0.5,2.0941517,83.67377,0,7.538946
2024,29.0,-0.25,2.0688365,82.591225,0,7.447811
2024,29.0,0.0,2.128297,57.948864,0,7.6618695
2024,29.0,0.25,2.2314775,76.93036,0,8.0333185
2024,29.0,0.5,2.309666,81.19262,0,8.314797
2024,29.0,0.75,2.3191502,84.00999,0,8.348941
2024,29.0,1.0,2.3506854,84.555145,0,8.462467
2024,29.0,1.25,2.4505746,86.33114,0,8.822068
2024,29.0,1.5,2.5734634,85.60134,0,9.264468
2024,29.0,1.75,2.6504238,85.765076,0,9.541525
2024,29.0,2.0,2.7294216,85.49258,0,9.825917
2024,29.0,2.25,2.792874,85.34897,0,10.054346
2024,29.0,2.5,2.7692432,84.105095,0,9.969275
2024,29.0,2.75,2.557618,78.732185,0,9.207424
2024,29.0,3.0,2.4013584,74.580986,0,8.64489
2024,29.0,3.25,2.2915568,71.58583,0,8.249604
2024,29.0,3.5,2.282492,70.74487,0,8.21697
2024,29.0,3.75,2.304516,71.49733,0,8.296258
2024,29.0,4.0,2.3295038,70.30706,0,8.386213
2024,29.0,4.25,2.2347863,67.03592,0,8.04523
2024,29.0,4.5,2.1681058,63.574615,0,7.805181
2024,29.0,4.75,2.113784,61.86864,0,7.6096225
2024,29.0,5.0,2.103099,62.226868,0,7.5711565
2024,29.0,5.25,2.0565221,62.21516,0,7.4034796
2024,29.0,5.5,2.0503807,61.555164,0,7.3813705
2024,29.0,5.75,2.0488017,61.886158,0,7.3756857
2024,29.0,6.0,2.0539958,62.92357,0,7.394385
2024,29.0,6.25,2.0430834,64.609436,0,7.3551
2024,29.0,6.5,2.0163848,65.79171,0,7.258985
2024,29.0,6.75,1.9538604,66.510895,0,7.0338974
2024,29.0,7.0,1.8866168,66.066414,0,6.7918205
2024,29.0,7.25,1.8073736,68.78778,0,6.506545
2024,29.0,7.5,1.7001013,72.18038,0,6.120364
2024,29.0,7.75,1.6708632,78.70258,0,6.015107
2024,29.0,8.0,1.6376804,84.38912,0,5.8956494
2024,29.0,8.25,1.5835642,91.93923,0,5.700831
2024,29.0,8.5,1.5515121,97.20492,0,5.5854435
2024,29.0,8.75,1.6740866,100.27298,0,6.0267115
2024,29.0,9.0,1.8191937,101.61172,0,6.549097
2024,29.0,9.25,1.8254623,101.96287,0,6.5716643
2024,29.0,9.5,1.7528003,102.460335,0,6.310081
2024,29.0,9.75,1.6696633,96.747475,0,6.010788
2024,29.0,10.0,1.6394634,120.51464,0,5.902068
2024,29.0,10.25,1.6601149,116.98266,0,5.9764132
2024,29.0,10.5,1.6820369,115.03597,0,6.0553327
2024,29.0,10.75,1.7061186,113.5715,0,6.142027
2024,29.0,11.0,1.7369808,112.19311,0,6.253131
2024,29.0,11.25,1.7729679,80.99699,0,6.382684
2024,29.0,11.5,1.7823486,108.87323,0,6.416455
2024,29.0,11.75,1.8025273,164.77643,0,6.489098
2024,29.0,12.0,1.8439064,161.3073,0,6.638063
2024,28.75,-9.0,2.1874616,204.89479,0,7.8748617
2024,28.75,-8.75,2.0901628,194.26295,0,7.5245857
2024,28.75,-8.5,2.1465948,195.93886,0,7.727741
2024,28.75,-8.25,2.2186444,199.18224,0,7.9871197
2024,28.75,-8.0,2.1696522,201.0951,0,7.8107476
2024,28.75,-7.75,2.1584918,203.54486,0,7.7705703
2024,28.75,-7.5,2.0756142,200.99574,0,7.472211
2024,28.75,-7.25,1.9330448,196.09912,0,6.958961
2024,28.75,-7.0,1.7901926,191.66084,0,6.444693
2024,28.75,-6.75,1.7096714,186.23616,0,6.1548166
2024,28.75,-6.5,1.6149774,183.10895,0,5.813918
2024,28.75,-6.25,1.5635275,179.0794,0,5.628699
2024,28.75,-6.0,1.5571585,174.83171,0,5.60577
2024,28.75,-5.75,1.5694528,144.30843,0,5.6500297
2024,28.75,-5.5,1.6036085,143.62886,0,5.77299
2024,28.75,-5.25,1.6515728,142.96983,0,5.945662
2024,28.75,-5.0,1.6827534,140.61241,0,6.0579123
2024,28.75,-4.75,1.7289376,138.18703,0,6.2241755
2024,28.75,-4.5,1.7961999,136.15518,0,6.4663196
2024,28.75,-4.25,1.8207668,133.3225,0,6.5547605
2024,28.75,-4.0,1.8107185,130.8135,0,6.5185866
2024,28.75,-3.75,1.7511616,127.42209,0,6.3041816
2024,28.75,-3.5,1.720942,124.79357,0,6.195391
2024,28.75,-3.25,1.7074833,119.62505,0,6.1469398
2024,28.75,-3.0,1.710128,114.02014,0,6.1564603
2024,28.75,-2.75,1.6972631,108.45947,0,6.110147
2024,28.75,-2.5,1.698259,104.32847,0,6.1137323
2024,28.75,-2.25,1.7694525,100.00012,0,6.3700285
2024,28.75,-2.0,1.8566179,96.99108,0,6.6838245
2024,28.75,-1.75,1.8945383,94.43509,0,6.820338
2024,28.75,-1.5,1.8938175,92.952515,0,6.817743
2024,28.75,-1.25,1.8694158,90.78516,0,6.7298965
2024,28.75,-1.0,1.9564829,88.592125,0,7.0433383
2024,28.75,-0.75,2.0402248,85.03509,0,7.344809
2024,28.75,-0.5,2.0518596,83.33663,0,7.3866944
2024,28.75,-0.25,2.0082843,83.07983,0,7.2298236
2024,28.75,0.0,2.0210056,85.30183,0,7.27562
2024,28.75,0.25,2.2170322,82.886284,0,7.9813156
2024,28.75,0.5,2.317322,84.733986,0,8.342359
2024,28.75,0.75,2.3618228,84.5395,0,8.502562
2024,28.75,1.0,2.3957841,84.21809,0,8.624823
2024,28.75,1.25,2.4916039,83.264404,0,8.969773
2024,28.75,1.5,2.5858834,83.34806,0,9.30918
2024,28.75,1.75,2.6655428,84.93273,0,9.595954
2024,28.75,2.0,2.7840424,85.83301,0,10.0225525
2024,28.75,2.25,2.8552706,85.768684,0,10.278974
2024,28.75,2.5,2.7812936,81.93418,0,10.012657
2024,28.75,2.75,2.5765607,76.68267,0,9.275619
2024,28.75,3.0,2.4428642,73.43917,0,8.794311
2024,28.75,3.25,2.380726,72.13582,0,8.570614
2024,28.75,3.5,2.3908474,71.2375,0,8.607051
2024,28.75,3.75,2.4403226,71.07046,0,8.785161
2024,28.75,4.0,2.4702482,70.04131,0,8.892894
2024,28.75,4.25,2.347532,66.743034,0,8.451115
2024,28.75,4.5,2.22009,63.533413,0,7.9923234
2024,28.75,4.75,2.148535,61.96083,0,7.734726
2024,28.75,5.0,2.1407495,63.408813,0,7.706698
2024,28.75,5.25,2.081176,62.02681,0,7.4922338
2024,28.75,5.5,2.0807068,60.92104,0,7.4905443
2024,28.75,5.75,2.0963013,60.89862,0,7.5466847
2024,28.75,6.0,2.113589,61.907818,0,7.6089206
2024,28.75,6.25,2.10093,64.22879,0,7.563348
2024,28.75,6.5,2.0431883,66.48697,0,7.355478
2024,28.75,6.75,1.9686807,67.94721,0,7.0872507
2024,28.75,7.0,1.9038285,71.013054,0,6.8537827
2024,28.75,7.25,1.8491267,75.50459,0,6.656856
2024,28.75,7.5,1.8040868,80.65749,0,6.4947124
2024,28.75,7.75,1.7631658,85.76389,0,6.347397
2024,28.75,8.0,1.7526778,90.11082,0,6.30964
2024,28.75,8.25,1.728757,92.36857,0,6.223525
2024,28.75,8.5,1.7027384,95.704094,0,6.129858
2024,28.75,8.75,1.7672302,97.68113,0,6.3620286
2024,28.75,9.0,1.8974128,98.08191,0,6.8306856
2024,28.75,9.25,1.9203593,97.45817,0,6.9132934
2024,28.75,9.5,1.8720452,95.27344,0,6.7393622
2024,28.75,9.75,1.7960529,92.48348,0,6.4657903
2024,28.75,10.0,1.7542686,88.79772,0,6.3153667
2024,28.75,10.25,1.7503964,85.65076,0,6.301427
2024,28.75,10.5,1.7850076,83.53035,0,6.4260273
2024,28.75,10.75,1.8124914,82.21001,0,6.524969
2024,28.75,11.0,1.8565154,80.820335,0,6.6834555
2024,28.75,11.25,1.8678637,79.01776,0,6.724309
2024,28.75,11.5,1.8892255,76.32257,0,6.8012114
2024,28.75,11.75,1.912335,72.703316,0,6.884406
2024,28.75,12.0,1.9178921,99.859344,0,6.9044113
2024,28.5,-9.0,2.6145518,204.69598,0,9.412386
2024,28.5,-8.75,2.5666726,206.8864,0,9.240021
2024,28.5,-8.5,2.5747504,210.00145,0,9.269101
2024,28.5,-8.25,2.4990957,210.14082,0,8.996744
2024,28.5,-8.0,2.4028225,210.70427,0,8.650161
2024,28.5,-7.75,2.2427309,209.8268,0,8.073831
2024,28.5,-7.5,2.0268204,208.13269,0,7.296553
2024,28.5,-7.25,1.8305119,204.84216,0,6.589843
2024,28.5,-7.0,1.7313284,199.81317,0,6.232782
2024,28.5,-6.75,1.679243,195.19933,0,6.0452747
2024,28.5,-6.5,1.6532764,190.06258,0,5.951795
2024,28.5,-6.25,1.6334505,181.69556,0,5.8804216
2024,28.5,-6.0,1.6452936,169.12352,0,5.9230566
2024,28.5,-5.75,1.6717678,164.76884,0,6.018364
2024,28.5,-5.5,1.7012706,162.59381,0,6.1245737
2024,28.5,-5.25,1.7117196,160.90514,0,6.1621904
2024,28.5,-5.0,1.6887645,158.50089,0,6.0795517
2024,28.5,-4.75,1.7210413,139.72038,0,6.195749
2024,28.5,-4.5,1.7540102,136.50162,0,6.3144364
2024,28.5,-4.25,1.7617973,132.77235,0,6.34247
2024,28.5,-4.0,1.7611157,129.1269,0,6.3400164
2024,28.5,-3.75,1.77516,125.950356,0,6.390576
2024,28.5,-3.5,1.7448686,124.35001,0,6.281527
2024,28.5,-3.25,1.736405,121.39001,0,6.251058
2024,28.5,-3.0,1.7500296,112.79755,0,6.300106
2024,28.5,-2.75,1.7862568,108.486,0,6.4305243
2024,28.5,-2.5,1.8187022,104.56354,0,6.547328
2024,28.5,-2.25,1.8894886,99.633026,0,6.802159
2024,28.5,-2.0,1.9400516,96.073875,0,6.984185
2024,28.5,-1.75,1.9712796,93.10752,0,7.0966063
2024,28.5,-1.5,1.9723836,90.0604,0,7.1005807
2024,28.5,-1.25,1.9502764,86.64196,0,7.0209947
2024,28.5,-1.0,1.9870492,84.99236,0,7.153377
2024,28.5,-0.75,2.0393305,83.9452,0,7.3415895
2024,28.5,-0.5,2.0525577,83.60937,0,7.3892074
2024,28.5,-0.25,2.0361872,84.848946,0,7.3302736
2024,28.5,0.0,2.03787,86.638794,0,7.3363314
2024,28.5,0.25,2.2326887,84.0922,0,8.037679
2024,28.5,0.5,2.3624313,83.64297,0,8.504752
2024,28.5,0.75,2.4176164,82.40161,0,8.703419
2024,28.5,1.0,2.4327018,80.82275,0,8.757727
2024,28.5,1.25,2.482145,79.9687,0,8.935722
2024,28.5,1.5,2.5855029,82.080376,0,9.30781
2024,28.5,1.75,2.7406693,83.68549,0,9.866409
2024,28.5,2.0,2.8818016,83.84657,0,10.374486
2024,28.5,2.25,2.9480412,81.32653,0,10.612948
2024,28.5,2.5,2.846708,77.406105,0,10.248149
2024,28.5,2.75,2.667413,73.68455,0,9.602687
2024,28.5,3.0,2.5819669,71.98193,0,9.29508
2024,28.5,3.25,2.5151908,71.145935,0,9.054687
2024,28.5,3.5,2.4516785,71.4808,0,8.826042
2024,28.5,3.75,2.479505,72.054375,0,8.926218
2024,28.5,4.0,2.5574965,69.28788,0,9.206987
2024,28.5,4.25,2.4801843,64.01105,0,8.928663
2024,28.5,4.5,2.3571894,61.16072,0,8.485882
2024,28.5,4.75,2.2600238,62.830307,0,8.1360855
2024,28.5,5.0,2.2544563,65.02474,0,8.116042
2024,28.5,5.25,2.1724484,61.84251,0,7.820814
2024,28.5,5.5,2.130121,59.40512,0,7.6684356
2024,28.5,5.75,2.1400244,59.626728,0,7.7040877
2024,28.5,6.0,2.1647937,62.092503,0,7.793257
2024,28.5,6.25,2.1487136,64.94042,0,7.7353687
2024,28.5,6.5,2.096145,68.32003,0,7.5461216
2024,28.5,6.75,2.0258434,71.551865,0,7.293036
2024,28.5,7.0,1.9741586,75.14688,0,7.106971
2024,28.5,7.25,1.9515518,78.44642,0,7.025586
2024,28.5,7.5,1.9478079,80.89146,0,7.0121083
2024,28.5,7.75,1.8929516,83.31181,0,6.8146257
2024,28.5,8.0,1.8787607,84.39884,0,6.7635384
2024,28.5,8.25,1.8654369,85.332634,0,6.715573
2024,28.5,8.5,1.8712401,86.71816,0,6.7364645
2024,28.5,8.75,1.9305582,88.767334,0,6.9500093
2024,28.5,9.0,2.011454,90.69187,0,7.241235
2024,28.5,9.25,2.0030675,89.92669,0,7.211043
2024,28.5,9.5,1.9667953,87.5705,0,7.080463
2024,28.5,9.75,1.9463043,84.37118,0,7.0066953
2024,28.5,10.0,1.9473538,81.934685,0,7.0104737
2024,28.5,10.25,1.9432184,80.4284,0,6.995586
2024,28.5,10.5,1.9466333,79.50037,0,7.0078797
2024,28.5,10.75,1.9573823,78.767944,0,7.046576
2024,28.5,11.0,1.9504722,78.26969,0,7.0217
2024,28.5,11.25,1.8978442,76.33053,0,6.832239
2024,28.5,11.5,1.8827897,72.976974,0,6.778043
2024,28.5,11.75,1.8588667,70.39869,0,6.69192
2024,28.5,12.0,1.8451871,68.188324,0,6.6426735
2024,28.25,-9.0,2.9284678,219.93745,0,10.542483
2024,28.25,-8.75,2.8547418,220.98802,0,10.27707
2024,28.25,-8.5,2.826891,220.75642,0,10.176807
2024,28.25,-8.25,2.7113469,219.04297,0,9.760848
2024,28.25,-8.0,2.537276,217.50842,0,9.134193
2024,28.25,-7.75,2.302963,215.69283,0,8.290667
2024,28.25,-7.5,2.0491323,212.8946,0,7.3768764
2024,28.25,-7.25,1.8652779,206.53802,0,6.715
2024,28.25,-7.0,1.7973042,200.68617,0,6.470295
2024,28.25,-6.75,1.7773021,196.37024,0,6.398288
2024,28.25,-6.5,1.758581,192.23146,0,6.3308916
2024,28.25,-6.25,1.7072073,187.73523,0,6.145946
2024,28.25,-6.0,1.7018245,160.28593,0,6.1265683
2024,28.25,-5.75,1.7132387,161.37029,0,6.1676593
2024,28.25,-5.5,1.7128406,160.44072,0,6.166226
2024,28.25,-5.25,1.6993634,158.54314,0,6.1177077
2024,28.25,-5.0,1.6954317,155.62932,0,6.103554
2024,28.25,-4.75,1.7309238,153.08946,0,6.2313256
2024,28.25,-4.5,1.7524418,151.11055,0,6.30879
2024,28.25,-4.25,1.7590171,151.32935,0,6.3324614
2024,28.25,-4.0,1.7674322,124.67731,0,6.362756
2024,28.25,-3.75,1.790346,124.43271,0,6.4452457
2024,28.25,-3.5,1.8004489,123.60498,0,6.481616
2024,28.25,-3.25,1.8052706,122.45203,0,6.498974
2024,28.25,-3.0,1.8088852,116.8805,0,6.5119867
2024,28.25,-2.75,1.8278213,109.38022,0,6.5801563
2024,28.25,-2.5,1.8660169,104.81467,0,6.7176604
2024,28.25,-2.25,1.8977977,101.34385,0,6.832072
2024,28.25,-2.0,1.9091716,98.37484,0,6.8730173
2024,28.25,-1.75,1.9190477,94.50228,0,6.9085717
2024,28.25,-1.5,1.9328254,89.70065,0,6.9581714
2024,28.25,-1.25,1.9381485,85.020325,0,6.9773345
2024,28.25,-1.0,1.9674274,83.123085,0,7.0827384
2024,28.25,-0.75,2.0294178,82.649025,0,7.305904
2024,28.25,-0.5,2.0795834,83.61343,0,7.4865003
2024,28.25,-0.25,2.1077783,85.86422,0,7.5880017
2024,28.25,0.0,2.1331265,88.29309,0,7.679255
2024,28.25,0.25,2.2425122,83.721886,0,8.073044
2024,28.25,0.5,2.3639014,80.21992,0,8.510045
2024,28.25,0.75,2.441539,78.12559,0,8.78954
2024,28.25,1.0,2.4792836,77.22208,0,8.925421
2024,28.25,1.25,2.5061011,79.17984,0,9.021964
2024,28.25,1.5,2.6349413,81.41535,0,9.485788
2024,28.25,1.75,2.7765925,80.46346,0,9.995732
2024,28.25,2.0,2.9122436,77.39227,0,10.4840765
2024,28.25,2.25,3.0251534,72.92344,0,10.890552
2024,28.25,2.5,3.0650396,68.57793,0,11.0341425
2024,28.25,2.75,2.962795,65.59583,0,10.666061
2024,28.25,3.0,2.8927715,65.31827,0,10.413977
2024,28.25,3.25,2.7948658,66.85903,0,10.061517
2024,28.25,3.5,2.6704483,69.178535,0,9.613614
2024,28.25,3.75,2.5772986,69.71256,0,9.278275
2024,28.25,4.0,2.6062112,63.364086,0,9.38236
2024,28.25,4.25,2.6185818,58.86197,0,9.426894
2024,28.25,4.5,2.5903258,59.359028,0,9.325172
2024,28.25,4.75,2.5341396,63.909367,0,9.122903
2024,28.25,5.0,2.4308956,65.8202,0,8.751224
2024,28.25,5.25,2.2445805,61.338547,0,8.080489
2024,28.25,5.5,2.1774607,58.896286,0,7.838858
2024,28.25,5.75,2.176399,59.432728,0,7.8350363
2024,28.25,6.0,2.2051105,62.039845,0,7.938398
2024,28.25,6.25,2.235932,64.49445,0,8.0493555
2024,28.25,6.5,2.2572975,67.90783,0,8.126271
2024,28.25,6.75,2.1881852,70.920296,0,7.8774667
2024,28.25,7.0,2.1006336,73.994865,0,7.5622807
2024,28.25,7.25,2.0355136,76.55514,0,7.327849
2024,28.25,7.5,2.0081766,77.43412,0,7.2294354
2024,28.25,7.75,2.0030138,77.89587,0,7.21085
2024,28.25,8.0,2.0209558,78.39848,0,7.2754407
2024,28.25,8.25,2.015049,79.81074,0,7.254176
2024,28.25,8.5,2.0058131,82.4674,0,7.2209272
2024,28.25,8.75,2.0722117,85.92017,0,7.459962
2024,28.25,9.0,2.1831908,87.07473,0,7.8594866
2024,28.25,9.25,2.1848514,85.4349,0,7.8654647
2024,28.25,9.5,2.149935,82.40882,0,7.7397656
2024,28.25,9.75,2.1255457,79.25823,0,7.6519647
2024,28.25,10.0,2.1278746,77.39323,0,7.6603484
2024,28.25,10.25,2.1435978,77.129036,0,7.716952
2024,28.25,10.5,2.1372344,77.53974,0,7.6940436
2024,28.25,10.75,2.1337588,78.24267,0,7.6815314
2024,28.25,11.0,2.1125164,78.8314,0,7.6050587
2024,28.25,11.25,2.014722,78.147316,0,7.2529993
2024,28.25,11.5,1.8527237,75.566765,0,6.669805
2024,28.25,11.75,1.7509208,132.66722,0,6.3033147
2024,28.25,12.0,1.6995298,129.26526,0,6.118307
2024,28.0,-9.0,3.3205557,227.82045,0,11.954
2024,28.0,-8.75,3.182457,224.63823,0,11.456844
2024,28.0,-8.5,2.9515617,222.78023,0,10.625622
2024,28.0,-8.25,2.7753832,222.2699,0,9.99138
2024,28.0,-8.0,2.5276573,220.45671,0,9.0995655
2024,28.0,-7.75,2.2938893,218.04333,0,8.258001
2024,28.0,-7.5,2.106661,212.61244,0,7.5839796
2024,28.0,-7.25,1.9674293,207.34644,0,7.082745
2024,28.0,-7.0,1.8995327,202.48651,0,6.8383174
2024,28.0,-6.75,1.8596896,199.8336,0,6.6948824
2024,28.0,-6.5,1.814686,197.85724,0,6.5328693
2024,28.0,-6.25,1.751463,197.95525,0,6.305267
2024,28.0,-6.0,1.7515836,153.35172,0,6.305701
2024,28.0,-5.75,1.7498432,154.79399,0,6.2994356
2024,28.0,-5.5,1.7314225,154.95828,0,6.233121
2024,28.0,-5.25,1.712625,153.17848,0,6.16545
2024,28.0,-5.0,1.7249837,150.87914,0,6.209941
2024,28.0,-4.75,1.7355666,149.64026,0,6.2480397
2024,28.0,-4.5,1.7547146,148.93011,0,6.3169723
2024,28.0,-4.25,1.7765023,148.2349,0,6.395408
2024,28.0,-4.0,1.7990097,148.0442,0,6.4764347
2024,28.0,-3.75,1.8137895,148.56706,0,6.529642
2024,28.0,-3.5,1.8189837,149.91647,0,6.5483413
2024,28.0,-3.25,1.8213078,149.96869,0,6.556708
2024,28.0,-3.0,1.8181645,118.02952,0,6.545392
2024,28.0,-2.75,1.8268284,106.38253,0,6.576582
2024,28.0,-2.5,1.8579917,103.19999,0,6.68877
2024,28.0,-2.25,1.8935523,101.3339,0,6.816788
2024,28.0,-2.0,1.9145106,98.95196,0,6.892238
2024,28.0,-1.75,1.912021,95.46174,0,6.8832755
2024,28.0,-1.5,1.902696,90.570015,0,6.8497057
2024,28.0,-1.25,1.8829569,86.02737,0,6.7786446
2024,28.0,-1.0,1.9138354,82.49813,0,6.889807
2024,28.0,-0.75,1.9950933,81.06794,0,7.182336
2024,28.0,-0.5,2.09595,82.73629,0,7.545419
2024,28.0,-0.25,2.1639705,86.29664,0,7.7902937
2024,28.0,0.0,2.2214239,89.08204,0,7.9971256
2024,28.0,0.25,2.2603784,87.89758,0,8.137362
2024,28.0,0.5,2.3517873,76.79619,0,8.4664345
2024,28.0,0.75,2.4460223,73.88247,0,8.80568
2024,28.0,1.0,2.5167668,73.83459,0,9.06036
2024,28.0,1.25,2.630355,76.61532,0,9.469277
2024,28.0,1.5,2.7569063,77.27288,0,9.924862
2024,28.0,1.75,2.767514,74.63313,0,9.96305
2024,28.0,2.0,2.757425,69.79025,0,9.92673
2024,28.0,2.25,2.8505633,65.378395,0,10.262028
2024,28.0,2.5,3.0329046,63.03117,0,10.918456
2024,28.0,2.75,2.9999084,60.80493,0,10.79967
2024,28.0,3.0,2.9691942,60.605297,0,10.689098
2024,28.0,3.25,2.9969418,61.402996,0,10.78899
2024,28.0,3.5,2.9883883,62.161,0,10.758198
2024,28.0,3.75,2.943491,59.8616,0,10.596567
2024,28.0,4.0,2.8574457,55.557766,0,10.286804
2024,28.0,4.25,2.8425243,54.816956,0,10.233088
2024,28.0,4.5,2.8443835,58.98621,0,10.23978
2024,28.0,4.75,2.8523004,63.711987,0,10.268281
2024,28.0,5.0,2.7343838,63.203403,0,9.843781
2024,28.0,5.25,2.4272723,59.800995,0,8.73818
2024,28.0,5.5,2.2802017,58.593136,0,8.208726
2024,28.0,5.75,2.1924672,59.749157,0,7.892882
2024,28.0,6.0,2.1912842,61.914326,0,7.8886228
2024,28.0,6.25,2.2266164,63.60033,0,8.015819
2024,28.0,6.5,2.3270142,67.45019,0,8.377251
2024,28.0,6.75,2.3202507,70.12086,0,8.352902
2024,28.0,7.0,2.2705674,72.08826,0,8.174043
2024,28.0,7.25,2.1899464,73.74025,0,7.8838067
2024,28.0,7.5,2.110285,75.00669,0,7.597026
2024,28.0,7.75,2.083546,76.36326,0,7.5007653
2024,28.0,8.0,2.0916402,76.972534,0,7.529905
2024,28.0,8.25,2.1148436,78.336266,0,7.6134367
2024,28.0,8.5,2.1411955,80.82336,0,7.708304
2024,28.0,8.75,2.1759546,83.60302,0,7.8334365
2024,28.0,9.0,2.2256975,83.178566,0,8.012511
2024,28.0,9.25,2.2562282,81.37671,0,8.122421
2024,28.0,9.5,2.2643445,79.30826,0,8.15164
2024,28.0,9.75,2.2511528,77.5588,0,8.10415
2024,28.0,10.0,2.2089727,76.89953,0,7.9523015
2024,28.0,10.25,2.2378762,77.466545,0,8.056354
2024,28.0,10.5,2.2584615,78.19286,0,8.130461
2024,28.0,10.75,2.2665763,78.32876,0,8.159675
2024,28.0,11.0,2.2373807,77.90878,0,8.05457
2024,28.0,11.25,2.1831183,76.641594,0,7.8592257
2024,28.0,11.5,2.0720522,75.9997,0,7.459388
2024,28.0,11.75,1.936345,75.093445,0,6.970842
2024,28.0,12.0,1.8219639,103.09304,0,6.55907
2024,27.75,-9.0,3.4581535,230.45793,0,12.449352
2024,27.75,-8.75,3.2451735,228.24516,0,11.682624
2024,27.75,-8.5,3.0251868,226.17668,0,10.890672
2024,27.75,-8.25,2.788703,224.4598,0,10.0393305
2024,27.75,-8.0,2.5302985,222.13655,0,9.109075
2024,27.75,-7.75,2.2926779,219.47643,0,8.25364
2024,27.75,-7.5,2.1840684,215.88719,0,7.862646
2024,27.75,-7.25,2.0978405,210.60051,0,7.5522256
2024,27.75,-7.0,2.0335124,205.11426,0,7.3206444
2024,27.75,-6.75,1.9754902,203.05469,0,7.1117644
2024,27.75,-6.5,1.9148612,203.21431,0,6.8935003
2024,27.75,-6.25,1.8537453,145.1116,0,6.673483
2024,27.75,-6.0,1.8312341,147.7079,0,6.5924425
2024,27.75,-5.75,1.8151242,147.87846,0,6.5344467
2024,27.75,-5.5,1.7942604,147.50816,0,6.459337
2024,27.75,-5.25,1.7786304,147.48793,0,6.403069
2024,27.75,-5.0,1.7817574,147.67839,0,6.414326
2024,27.75,-4.75,1.7933955,147.93434,0,6.4562235
2024,27.75,-4.5,1.8032793,147.8133,0,6.491805
2024,27.75,-4.25,1.81708,147.01562,0,6.5414877
2024,27.75,-4.0,1.8371944,146.82372,0,6.6138997
2024,27.75,-3.75,1.8391842,146.9349,0,6.6210628
2024,27.75,-3.5,1.8251868,147.24419,0,6.5706725
2024,27.75,-3.25,1.8009821,147.1046,0,6.4835353
2024,27.75,-3.0,1.7739271,146.04408,0,6.3861375
2024,27.75,-2.75,1.7813195,112.230255,0,6.4127502
2024,27.75,-2.5,1.8177041,101.500404,0,6.5437346
2024,27.75,-2.25,1.8753986,99.3764,0,6.751435
2024,27.75,-2.0,1.9307736,97.306366,0,6.9507847
2024,27.75,-1.75,1.949584,93.82071,0,7.018502
2024,27.75,-1.5,1.9121937,88.97825,0,6.883897
2024,27.75,-1.25,1.9019595,85.02305,0,6.847054
2024,27.75,-1.0,1.9043264,82.24213,0,6.855575
2024,27.75,-0.75,1.9523196,79.65989,0,7.0283504
2024,27.75,-0.5,2.045934,80.76328,0,7.365362
2024,27.75,-0.25,2.208182,85.784,0,7.9494553
2024,27.75,0.0,2.3066463,88.64443,0,8.303926
2024,27.75,0.25,2.307967,88.45078,0,8.308681
2024,27.75,0.5,2.3604054,61.503613,0,8.497459
2024,27.75,0.75,2.4501243,68.42172,0,8.820447
2024,27.75,1.0,2.5690286,70.31914,0,9.248503
2024,27.75,1.25,2.7138798,72.30671,0,9.769967
2024,27.75,1.5,2.8402317,71.693886,0,10.2248335
2024,27.75,1.75,2.7361667,66.03794,0,9.8502
2024,27.75,2.0,2.7246323,61.546017,0,9.808676
2024,27.75,2.25,2.896312,60.135174,0,10.426723
2024,27.75,2.5,3.093253,59.89841,0,11.13571
2024,27.75,2.75,3.1461022,59.118347,0,11.325968
2024,27.75,3.0,3.1402419,59.373745,0,11.304871
2024,27.75,3.25,3.3841946,60.54869,0,12.183101
2024,27.75,3.5,3.5093348,59.42769,0,12.633605
2024,27.75,3.75,3.4446995,57.16072,0,12.400918
2024,27.75,4.0,3.2684815,54.86401,0,11.766533
2024,27.75,4.25,3.0707972,55.879833,0,11.05487
2024,27.75,4.5,2.9888327,60.73537,0,10.759797
2024,27.75,4.75,3.0241644,63.264526,0,10.8869915
2024,27.75,5.0,2.9035225,61.75352,0,10.452681
2024,27.75,5.25,2.6486099,59.3249,0,9.534995
2024,27.75,5.5,2.4203131,58.521023,0,8.713127
2024,27.75,5.75,2.297441,59.20807,0,8.270787
2024,27.75,6.0,2.2416997,59.748688,0,8.070119
2024,27.75,6.25,2.2284772,62.674744,0,8.022518
2024,27.75,6.5,2.2946007,67.526085,0,8.260562
2024,27.75,6.75,2.339502,70.828514,0,8.422207
2024,27.75,7.0,2.3297975,72.26777,0,8.387271
2024,27.75,7.25,2.2614362,72.15717,0,8.1411705
2024,27.75,7.5,2.2015467,71.9563,0,7.9255676
2024,27.75,7.75,2.1980317,72.72288,0,7.912914
2024,27.75,8.0,2.1419532,74.203575,0,7.7110314
2024,27.75,8.25,2.1613193,76.49937,0,7.7807493
2024,27.75,8.5,2.1992648,79.26725,0,7.917353
2024,27.75,8.75,2.2228386,81.59692,0,8.002219
2024,27.75,9.0,2.1941326,81.34081,0,7.898877
2024,27.75,9.25,2.2174456,80.09243,0,7.982804
2024,27.75,9.5,2.2919044,79.21222,0,8.250855
2024,27.75,9.75,2.2857378,78.69412,0,8.228656
2024,27.75,10.0,2.2411013,78.47398,0,8.067965
2024,27.75,10.25,2.222389,78.78949,0,8.0006
2024,27.75,10.5,2.2760506,80.04267,0,8.193782
2024,27.75,10.75,2.2991912,79.36831,0,8.277088
2024,27.75,11.0,2.2703414,78.862305,0,8.173229
2024,27.75,11.25,2.2167456,78.82959,0,7.980284
2024,27.75,11.5,2.136762,79.28583,0,7.6923428
2024,27.75,11.75,2.0394654,79.53733,0,7.3420753
2024,27.75,12.0,1.925181,77.56421,0,6.9306517
2024,27.5,-9.0,3.4587433,233.0581,0,12.451476
2024,27.5,-8.75,3.2725093,230.8098,0,11.7810335
2024,27.5,-8.5,3.0614738,228.58882,0,11.021305
2024,27.5,-8.25,2.8235989,226.81628,0,10.164956
2024,27.5,-8.0,2.5560248,225.26643,0,9.201689
2024,27.5,-7.75,2.3936212,225.72516,0,8.617036
2024,27.5,-7.5,2.3035288,225.43294,0,8.292704
2024,27.5,-7.25,2.2255497,227.78595,0,8.011979
2024,27.5,-7.0,2.1669624,200.17458,0,7.8010645
2024,27.5,-6.75,2.1239288,202.22084,0,7.6461434
2024,27.5,-6.5,2.0354261,174.36543,0,7.3275337
2024,27.5,-6.25,1.9703555,146.45872,0,7.09328
2024,27.5,-6.0,1.9394612,147.84956,0,6.9820604
2024,27.5,-5.75,1.905078,147.21942,0,6.8582807
2024,27.5,-5.5,1.8807982,146.88127,0,6.7708735
2024,27.5,-5.25,1.8632606,147.64862,0,6.707738
2024,27.5,-5.0,1.8604184,148.15683,0,6.6975064
2024,27.5,-4.75,1.8551382,148.26205,0,6.6784973
2024,27.5,-4.5,1.8593737,148.0174,0,6.693745
2024,27.5,-4.25,1.8853546,147.5433,0,6.7872767
2024,27.5,-4.0,1.9055535,147.53432,0,6.8599925
2024,27.5,-3.75,1.8993047,147.4005,0,6.8374968
2024,27.5,-3.5,1.8535658,146.02376,0,6.672837
2024,27.5,-3.25,1.8164185,145.07155,0,6.5391064
2024,27.5,-3.0,1.7713569,143.90305,0,6.376885
2024,27.5,-2.75,1.7664595,144.5645,0,6.359254
2024,27.5,-2.5,1.8003348,97.44214,0,6.481205
2024,27.5,-2.25,1.8781606,97.73724,0,6.761378
2024,27.5,-2.0,1.9453849,95.82635,0,7.0033855
2024,27.5,-1.75,1.9839997,91.7125,0,7.142399
2024,27.5,-1.5,1.9551893,87.17328,0,7.0386815
2024,27.5,-1.25,1.9430164,84.06675,0,6.9948587
2024,27.5,-1.0,1.8913479,112.255066,0,6.808852
2024,27.5,-0.75,1.9123821,109.61514,0,6.8845754
2024,27.5,-0.5,2.007103,78.79702,0,7.2255707
2024,27.5,-0.25,2.205414,84.31367,0,7.9394903
2024,27.5,0.0,2.3922155,87.801544,0,8.611976
2024,27.5,0.25,2.3689015,87.47178,0,8.528045
2024,27.5,0.5,2.4029856,58.45872,0,8.650748
2024,27.5,0.75,2.4846785,62.170696,0,8.944842
2024,27.5,1.0,2.6082296,65.99886,0,9.3896265
2024,27.5,1.25,2.8103216,66.221504,0,10.117157
2024,27.5,1.5,2.9468412,63.832123,0,10.608628
2024,27.5,1.75,2.9013157,57.45715,0,10.4447365
2024,27.5,2.0,2.9253635,54.681118,0,10.531308
2024,27.5,2.25,3.0867662,54.8337,0,11.112358
2024,27.5,2.5,3.2311916,57.43645,0,11.63229
2024,27.5,2.75,3.3027241,57.813244,0,11.889807
2024,27.5,3.0,3.290684,58.668137,0,11.846462
2024,27.5,3.25,3.5392325,60.780804,0,12.741237
2024,27.5,3.5,3.7049954,59.96226,0,13.337983
2024,27.5,3.75,3.7213266,59.37299,0,13.396775
2024,27.5,4.0,3.518405,58.520283,0,12.666258
2024,27.5,4.25,3.316883,59.372166,0,11.940779
2024,27.5,4.5,3.1688824,62.462994,0,11.407976
2024,27.5,4.75,3.1046588,64.064835,0,11.176771
2024,27.5,5.0,2.9767733,63.41869,0,10.716384
2024,27.5,5.25,2.7587135,61.434433,0,9.931368
2024,27.5,5.5,2.5767505,58.97649,0,9.276301
2024,27.5,5.75,2.4244194,58.18945,0,8.72791
2024,27.5,6.0,2.2490494,57.306446,0,8.096578
2024,27.5,6.25,2.2031207,61.615112,0,7.9312344
2024,27.5,6.5,2.2171953,67.05256,0,7.9819026
2024,27.5,6.75,2.1559737,70.55786,0,7.761505
2024,27.5,7.0,2.1332374,71.58544,0,7.679654
2024,27.5,7.25,2.1996782,71.51892,0,7.9188414
2024,27.5,7.5,2.1619265,71.10401,0,7.782935
2024,27.5,7.75,2.154169,71.69146,0,7.7550087
2024,27.5,8.0,2.175883,73.5135,0,7.833179
2024,27.5,8.25,2.1802611,76.15515,0,7.84894
2024,27.5,8.5,2.248443,78.503426,0,8.094394
2024,27.5,8.75,2.273804,80.26557,0,8.185694
2024,27.5,9.0,2.195428,80.31353,0,7.90354
2024,27.5,9.25,2.1571295,81.22979,0,7.765666
2024,27.5,9.5,2.2254746,81.40508,0,8.011708
2024,27.5,9.75,2.2153184,80.78809,0,7.9751463
2024,27.5,10.0,2.1674118,80.42769,0,7.8026824
2024,27.5,10.25,2.1632433,80.02009,0,7.787676
2024,27.5,10.5,2.252968,82.25745,0,8.110684
2024,27.5,10.75,2.257067,82.58701,0,8.125441
2024,27.5,11.0,2.2426426,83.20164,0,8.073513
2024,27.5,11.25,2.1989431,83.652794,0,7.916195
2024,27.5,11.5,2.164417,83.07661,0,7.791901
2024,27.5,11.75,2.0887702,82.6345,0,7.5195723
2024,27.5,12.0,1.9984058,81.665184,0,7.1942606
2024,27.25,-9.0,3.430115,235.8045,0,12.348413
2024,27.25,-8.75,3.2638595,233.94942,0,11.749894
2024,27.25,-8.5,3.0862913,231.99812,0,11.110648
2024,27.25,-8.25,2.8414338,230.70789,0,10.229161
2024,27.25,-8.0,2.6926615,230.19365,0,9.693582
2024,27.25,-7.75,2.5453093,231.6356,0,9.163114
2024,27.25,-7.5,2.4517298,230.75679,0,8.826227
2024,27.25,-7.25,2.3415682,228.89275,0,8.429646
2024,27.25,-7.0,2.2649493,200.12312,0,8.153817
2024,27.25,-6.75,2.151931,202.58752,0,7.7469516
2024,27.25,-6.5,2.0624645,145.05821,0,7.424872
2024,27.25,-6.25,2.0453517,147.46251,0,7.363266
2024,27.25,-6.0,2.0262325,148.65558,0,7.294437
2024,27.25,-5.75,1.9944481,147.9085,0,7.1800127
2024,27.25,-5.5,1.9561983,148.21971,0,7.042314
2024,27.25,-5.25,1.9404627,148.7556,0,6.985666
2024,27.25,-5.0,1.9383812,149.48885,0,6.9781723
2024,27.25,-4.75,1.9383098,149.46619,0,6.9779153
2024,27.25,-4.5,1.9440403,149.2752,0,6.9985447
2024,27.25,-4.25,1.9826454,148.8999,0,7.137523
2024,27.25,-4.0,2.0043797,148.61682,0,7.215767
2024,27.25,-3.75,1.9659257,146.98982,0,7.0773325
2024,27.25,-3.5,1.9256505,145.73262,0,6.9323416
2024,27.25,-3.25,1.8664494,143.876,0,6.7192173
2024,27.25,-3.0,1.8133329,142.91368,0,6.5279984
2024,27.25,-2.75,1.7917954,144.10223,0,6.4504633
2024,27.25,-2.5,1.8184037,90.682014,0,6.546253
2024,27.25,-2.25,1.895743,94.16558,0,6.8246746
2024,27.25,-2.0,1.9740266,92.80676,0,7.1064954
2024,27.25,-1.75,2.0179172,89.30375,0,7.2645016
2024,27.25,-1.5,1.9932407,85.775116,0,7.1756663
2024,27.25,-1.25,1.9784603,83.40143,0,7.122457
2024,27.25,-1.0,1.9253889,111.437614,0,6.9314
2024,27.25,-0.75,1.850698,141.20271,0,6.662513
2024,27.25,-0.5,1.9101018,107.65638,0,6.876366
2024,27.25,-0.25,2.1472328,82.37861,0,7.7300377
2024,27.25,0.0,2.4403596,86.199036,0,8.785295
2024,27.25,0.25,2.4594367,85.73718,0,8.8539715
2024,27.25,0.5,2.4750755,55.41267,0,8.910272
2024,27.25,0.75,2.5542648,57.67171,0,9.195353
2024,27.25,1.0,2.7364206,58.81178,0,9.851114
2024,27.25,1.25,2.949722,59.56497,0,10.6189995
2024,27.25,1.5,3.1054165,56.192852,0,11.1795
2024,27.25,1.75,3.1317446,51.247482,0,11.274281
2024,27.25,2.0,3.164675,49.464336,0,11.39283
2024,27.25,2.25,3.2589805,51.972443,0,11.732329
2024,27.25,2.5,3.3973515,54.655666,0,12.230465
2024,27.25,2.75,3.453263,55.244793,0,12.4317465
2024,27.25,3.0,3.460026,56.149944,0,12.456094
2024,27.25,3.25,3.6101065,58.571575,0,12.996383
2024,27.25,3.5,3.6184034,60.278584,0,13.026252
2024,27.25,3.75,3.6450264,59.77115,0,13.122095
2024,27.25,4.0,3.7153418,60.485565,0,13.37523
2024,27.25,4.25,3.5412433,61.256317,0,12.748476
2024,27.25,4.5,3.3283808,62.841816,0,11.982171
2024,27.25,4.75,3.1585567,65.099785,0,11.370804
2024,27.25,5.0,3.0021572,64.82853,0,10.807766
2024,27.25,5.25,2.7268426,63.665386,0,9.816633
2024,27.25,5.5,2.5362148,61.25386,0,9.130373
2024,27.25,5.75,2.2682805,88.66422,0,8.16581
2024,27.25,6.0,2.0353284,86.353935,0,7.327182
2024,27.25,6.25,2.0728164,59.95236,0,7.4621387
2024,27.25,6.5,2.064415,63.425842,0,7.431894
2024,27.25,6.75,1.9794053,67.14262,0,7.125859
2024,27.25,7.0,1.7949008,70.13828,0,6.4616427
2024,27.25,7.25,1.9003183,70.90716,0,6.8411455
2024,27.25,7.5,2.0447109,71.35211,0,7.360959
2024,27.25,7.75,2.03987,71.98316,0,7.343532
2024,27.25,8.0,2.0611103,73.99364,0,7.4199967
2024,27.25,8.25,2.1226645,76.19023,0,7.641592
2024,27.25,8.5,2.1908474,78.71558,0,7.8870506
2024,27.25,8.75,2.2624528,79.85093,0,8.14483
2024,27.25,9.0,2.2091248,80.400085,0,7.952849
2024,27.25,9.25,2.159209,82.63507,0,7.7731524
2024,27.25,9.5,2.156604,84.35905,0,7.7637744
2024,27.25,9.75,2.143096,83.72901,0,7.715145
2024,27.25,10.0,2.0590463,82.809,0,7.412566
2024,27.25,10.25,2.056146,82.92925,0,7.402125
2024,27.25,10.5,2.201395,85.95511,0,7.925022
2024,27.25,10.75,2.1944463,86.39022,0,7.900007
2024,27.25,11.0,2.1881998,87.12607,0,7.877519
2024,27.25,11.25,2.2086668,87.18295,0,7.9512005
2024,27.25,11.5,2.1742299,86.86092,0,7.827227
2024,27.25,11.75,2.1231642,85.2315,0,7.6433907
2024,27.25,12.0,2.0549827,84.54206,0,7.3979373
2024,27.0,-9.0,3.340023,238.27544,0,12.024082
2024,27.0,-8.75,3.214797,237.58257,0,11.573269
2024,27.0,-8.5,3.0359004,235.91725,0,10.929241
2024,27.0,-8.25,2.8638608,233.70546,0,10.309898
2024,27.0,-8.0,2.7155116,233.6241,0,9.775842
2024,27.0,-7.75,2.5907147,233.84625,0,9.326572
2024,27.0,-7.5,2.4968889,202.8064,0,8.9888
2024,27.0,-7.25,2.3606734,229.96234,0,8.498425
2024,27.0,-7.0,2.2197592,229.26347,0,7.991133
2024,27.0,-6.75,2.1109264,202.17981,0,7.5993347
2024,27.0,-6.5,2.0800364,145.26434,0,7.488131
2024,27.0,-6.25,2.0812666,148.2329,0,7.49256
2024,27.0,-6.0,2.070719,149.30217,0,7.4545884
2024,27.0,-5.75,2.0533571,149.46687,0,7.3920856
2024,27.0,-5.5,2.0213027,149.86128,0,7.2766895
2024,27.0,-5.25,2.0184946,151.22157,0,7.2665806
2024,27.0,-5.0,2.0222976,151.58525,0,7.280271
2024,27.0,-4.75,2.032565,151.11263,0,7.317234
2024,27.0,-4.5,2.038299,150.75638,0,7.3378763
2024,27.0,-4.25,2.069381,150.02832,0,7.4497714
2024,27.0,-4.0,2.0880122,148.73413,0,7.516844
2024,27.0,-3.75,2.0596035,147.2631,0,7.4145722
2024,27.0,-3.5,1.9991766,145.08983,0,7.197036
2024,27.0,-3.25,1.9474678,143.32372,0,7.010884
2024,27.0,-3.0,1.8910513,142.79924,0,6.8077846
2024,27.0,-2.75,1.8317704,143.7511,0,6.594373
2024,27.0,-2.5,1.8590046,147.37526,0,6.6924167
2024,27.0,-2.25,1.9285251,91.09686,0,6.9426904
2024,27.0,-2.0,2.0092223,90.31986,0,7.2332
2024,27.0,-1.75,2.0414834,88.26081,0,7.34934
2024,27.0,-1.5,2.0191946,85.251366,0,7.2691
2024,27.0,-1.25,2.0097334,112.89193,0,7.23504
2024,27.0,-1.0,1.9707061,110.35858,0,7.094542
2024,27.0,-0.75,1.8900326,139.29027,0,6.804117
2024,27.0,-0.5,1.8105086,137.66695,0,6.517831
2024,27.0,-0.25,1.9909463,109.497536,0,7.1674066
2024,27.0,0.0,2.3855474,83.37264,0,8.587971
2024,27.0,0.25,2.5635264,82.463585,0,9.228695
2024,27.0,0.5,2.5868137,81.515175,0,9.312529
2024,27.0,0.75,2.6819198,51.008556,0,9.654911
2024,27.0,1.0,2.8643005,52.395447,0,10.311481
2024,27.0,1.25,3.1005309,52.28148,0,11.161911
2024,27.0,1.5,3.2748878,49.528564,0,11.789596
2024,27.0,1.75,3.311451,46.33952,0,11.921223
2024,27.0,2.0,3.312401,47.16386,0,11.9246435
2024,27.0,2.25,3.4023783,49.724346,0,12.248562
2024,27.0,2.5,3.472907,51.5085,0,12.502465
2024,27.0,2.75,3.51861,52.03438,0,12.666996
2024,27.0,3.0,3.5504024,53.05479,0,12.781448
2024,27.0,3.25,3.4705584,55.221317,0,12.49401
2024,27.0,3.5,3.4216626,57.503857,0,12.317985
2024,27.0,3.75,3.5399466,58.76419,0,12.743807
2024,27.0,4.0,3.610062,59.539867,0,12.9962225
2024,27.0,4.25,3.6241322,60.34112,0,13.046875
2024,27.0,4.5,3.392588,62.22844,0,12.213316
2024,27.0,4.75,3.1373577,65.15319,0,11.294487
2024,27.0,5.0,2.7600603,66.74703,0,9.936217
2024,27.0,5.25,2.485,65.47114,0,8.945999
2024,27.0,5.5,2.17998,93.205574,0,7.847928
2024,27.0,5.75,1.9099002,90.84579,0,6.8756404
2024,27.0,6.0,1.637523,85.56414,0,5.895083
2024,27.0,6.25,1.7702713,85.64556,0,6.3729763
2024,27.0,6.5,1.7819095,59.012188,0,6.414874
2024,27.0,6.75,1.601323,60.185028,0,5.764763
2024,27.0,7.0,1.4063921,63.06256,0,5.0630116
2024,27.0,7.25,1.5396543,66.41895,0,5.542755
2024,27.0,7.5,1.7792939,68.66046,0,6.405458
2024,27.0,7.75,1.8433696,69.73922,0,6.6361303
2024,27.0,8.0,1.9376587,71.38073,0,6.975571
2024,27.0,8.25,1.9941036,74.00745,0,7.1787724
2024,27.0,8.5,2.050185,79.27566,0,7.380666
2024,27.0,8.75,2.1253538,80.9516,0,7.6512737
2024,27.0,9.0,2.1266055,83.23389,0,7.65578
2024,27.0,9.25,2.1308105,85.798706,0,7.6709175
2024,27.0,9.5,2.118275,87.346436,0,7.6257896
2024,27.0,9.75,2.067756,85.79542,0,7.443921
2024,27.0,10.0,1.9844128,84.888115,0,7.143886
2024,27.0,10.25,1.9847983,86.564545,0,7.1452737
2024,27.0,10.5,2.119517,89.024284,0,7.6302614
2024,27.0,10.75,2.1158187,88.8891,0,7.616947
2024,27.0,11.0,2.148342,89.122795,0,7.7340307
2024,27.0,11.25,2.168667,89.234215,0,7.8072014
2024,27.0,11.5,2.166178,86.32263,0,7.7982407
2024,27.0,11.75,2.1199355,84.364685,0,7.6317677
2024,27.0,12.0,2.0846732,83.567375,0,7.504823
2024,26.75,-9.0,3.203024,240.94073,0,11.530886
2024,26.75,-8.75,3.107069,240.85335,0,11.185448
2024,26.75,-8.5,2.9591968,239.178,0,10.653109
2024,26.75,-8.25,2.7800648,237.06335,0,10.008233
2024,26.75,-8.0,2.6219213,234.96593,0,9.438916
2024,26.75,-7.75,2.4866836,235.05273,0,8.952061
2024,26.75,-7.5,2.4425466,204.24756,0,8.793167
2024,26.75,-7.25,2.3388655,231.48,0,8.419915
2024,26.75,-7.0,2.2061856,230.11479,0,7.942268
2024,26.75,-6.75,2.1320522,201.81673,0,7.675388
2024,26.75,-6.5,2.1084726,145.46538,0,7.5905013
2024,26.75,-6.25,2.1041937,148.56287,0,7.575097
2024,26.75,-6.0,2.0806286,149.6479,0,7.490263
2024,26.75,-5.75,2.0676777,150.97754,0,7.4436398
2024,26.75,-5.5,2.0875394,153.15564,0,7.515142
2024,26.75,-5.25,2.0886774,153.97876,0,7.5192385
2024,26.75,-5.0,2.099962,153.49605,0,7.559863
2024,26.75,-4.75,2.1112006,152.91008,0,7.600322
2024,26.75,-4.5,2.111485,151.81303,0,7.601346
2024,26.75,-4.25,2.1296532,150.68912,0,7.6667514
2024,26.75,-4.0,2.157597,149.37062,0,7.7673492
2024,26.75,-3.75,2.1314547,147.5346,0,7.673237
2024,26.75,-3.5,2.0790312,145.51137,0,7.4845123
2024,26.75,-3.25,2.03942,144.15947,0,7.3419113
2024,26.75,-3.0,1.993733,143.92476,0,7.1774387
2024,26.75,-2.75,1.9169375,144.35803,0,6.9009748
2024,26.75,-2.5,1.8984944,146.18623,0,6.8345795
2024,26.75,-2.25,1.9648439,88.862526,0,7.0734377
2024,26.75,-2.0,2.0390232,89.35464,0,7.340483
2024,26.75,-1.75,2.0670135,87.60406,0,7.4412484
2024,26.75,-1.5,2.0537443,85.07368,0,7.3934793
2024,26.75,-1.25,2.0400023,112.35325,0,7.3440084
2024,26.75,-1.0,2.0069745,109.43853,0,7.2251077
2024,26.75,-0.75,1.9488484,137.35114,0,7.015854
2024,26.75,-0.5,1.8681012,135.79214,0,6.7251644
2024,26.75,-0.25,1.8729664,106.48954,0,6.742679
2024,26.75,0.0,2.2175677,109.84989,0,7.9832435
2024,26.75,0.25,2.4861743,108.58734,0,8.950228
2024,26.75,0.5,2.6325471,106.12502,0,9.477169
2024,26.75,0.75,2.7309325,75.55434,0,9.831357
2024,26.75,1.0,2.91318,75.22818,0,10.487448
2024,26.75,1.25,3.1544302,45.463013,0,11.355948
2024,26.75,1.5,3.33508,44.357418,0,12.006288
2024,26.75,1.75,3.3583848,43.859406,0,12.090185
2024,26.75,2.0,3.348774,45.13326,0,12.055586
2024,26.75,2.25,3.382539,47.100376,0,12.17714
2024,26.75,2.5,3.4475114,48.95158,0,12.411041
2024,26.75,2.75,3.4318922,49.35699,0,12.354812
2024,26.75,3.0,3.448767,50.741688,0,12.415561
2024,26.75,3.25,3.2489398,52.744457,0,11.696183
2024,26.75,3.5,2.939494,54.563522,0,10.582178
2024,26.75,3.75,3.0758855,56.162586,0,11.073188
2024,26.75,4.0,3.361942,56.969044,0,12.102991
2024,26.75,4.25,3.4546406,58.052113,0,12.436706
2024,26.75,4.5,3.1880162,62.145283,0,11.476858
2024,26.75,4.75,2.7463195,65.19635,0,9.88675
2024,26.75,5.0,2.3148873,67.370186,0,8.333594
2024,26.75,5.25,1.9987197,65.89637,0,7.1953907
2024,26.75,5.5,1.6861707,93.36111,0,6.0702143
2024,26.75,5.75,1.5726191,91.4212,0,5.6614285
2024,26.75,6.0,1.2891353,82.33946,0,4.6408873
2024,26.75,6.25,1.3429445,78.523224,0,4.8346
2024,26.75,6.5,1.4871398,80.63315,0,5.353703
2024,26.75,6.75,1.3057824,80.582436,0,4.7008166
2024,26.75,7.0,1.1877033,82.819565,0,4.2757316
2024,26.75,7.25,1.2517,56.737915,0,4.50612
2024,26.75,7.5,1.3762937,62.21297,0,4.954657
2024,26.75,7.75,1.5623573,65.09649,0,5.624486
2024,26.75,8.0,1.6738162,67.08868,0,6.0257382
2024,26.75,8.25,1.7750596,72.30067,0,6.3902144
2024,26.75,8.5,1.8242375,78.95672,0,6.5672545
2024,26.75,8.75,1.8835835,85.831085,0,6.7809005
2024,26.75,9.0,1.9102308,89.98425,0,6.8768306
2024,26.75,9.25,1.960924,91.36173,0,7.059326
2024,26.75,9.5,1.9681848,89.27697,0,7.0854654
2024,26.75,9.75,1.9243864,87.566315,0,6.9277906
2024,26.75,10.0,1.9511652,86.48566,0,7.0241947
2024,26.75,10.25,1.958829,88.52825,0,7.0517845
2024,26.75,10.5,2.0289817,89.12872,0,7.3043337
2024,26.75,10.75,2.034417,89.23283,0,7.3239007
2024,26.75,11.0,2.0792325,89.54486,0,7.4852366
2024,26.75,11.25,2.085244,86.31491,0,7.506878
2024,26.75,11.5,2.088342,83.020164,0,7.5180306
2024,26.75,11.75,2.0577824,83.15629,0,7.4080167
2024,26.75,12.0,2.0211277,84.56303,0,7.2760596
2024,26.5,-9.0,3.1717694,244.42818,0,11.418369
2024,26.5,-8.75,3.0569527,243.86414,0,11.00503
2024,26.5,-8.5,2.9025242,242.5937,0,10.449087
2024,26.5,-8.25,2.7379637,241.37892,0,9.856669
2024,26.5,-8.0,2.5802205,239.64198,0,9.288794
2024,26.5,-7.75,2.453997,236.54858,0,8.834389
2024,26.5,-7.5,2.4177058,234.69688,0,8.70374
2024,26.5,-7.25,2.3263083,233.07039,0,8.374709
2024,26.5,-7.0,2.2386153,202.71175,0,8.059014
2024,26.5,-6.75,2.163583,174.36328,0,7.788899
2024,26.5,-6.5,2.1334596,176.86932,0,7.6804543
2024,26.5,-6.25,2.1228259,149.38641,0,7.642173
2024,26.5,-6.0,2.0862072,150.59294,0,7.5103455
2024,26.5,-5.75,2.078974,153.54811,0,7.4843063
2024,26.5,-5.5,2.1178277,155.6447,0,7.6241794
2024,26.5,-5.25,2.152321,155.93408,0,7.748356
2024,26.5,-5.0,2.1653638,155.29646,0,7.7953095
2024,26.5,-4.75,2.1647646,154.05064,0,7.7931523
2024,26.5,-4.5,2.1597443,152.67339,0,7.7750793
2024,26.5,-4.25,2.184982,151.81027,0,7.8659353
2024,26.5,-4.0,2.2246494,150.71336,0,8.008738
2024,26.5,-3.75,2.2017014,148.91408,0,7.926125
2024,26.5,-3.5,2.1551926,147.2779,0,7.758693
2024,26.5,-3.25,2.1286743,146.45738,0,7.663227
2024,26.5,-3.0,2.09538,145.86609,0,7.543368
2024,26.5,-2.75,2.0134661,145.20229,0,7.248478
2024,26.5,-2.5,1.9796319,146.43098,0,7.1266747
2024,26.5,-2.25,1.9998412,87.78765,0,7.199428
2024,26.5,-2.0,2.0721896,87.87256,0,7.4598823
2024,26.5,-1.75,2.1219747,86.02432,0,7.6391087
2024,26.5,-1.5,2.1140318,113.892006,0,7.610514
2024,26.5,-1.25,2.0779674,111.095665,0,7.4806824
2024,26.5,-1.0,2.0514112,107.33057,0,7.38508
2024,26.5,-0.75,2.0074844,104.10143,0,7.226944
2024,26.5,-0.5,1.9664173,102.30872,0,7.079102
2024,26.5,-0.25,1.9338967,103.82955,0,6.962028
2024,26.5,0.0,2.0709715,106.88888,0,7.4554973
2024,26.5,0.25,2.2681534,105.14495,0,8.165352
2024,26.5,0.5,2.4510396,102.00296,0,8.823742
2024,26.5,0.75,2.5805414,99.71653,0,9.289948
2024,26.5,1.0,2.7765129,69.36435,0,9.995446
2024,26.5,1.25,2.9937925,70.32553,0,10.777653
2024,26.5,1.5,3.161052,41.014988,0,11.3797865
2024,26.5,1.75,3.2093897,42.423664,0,11.5538025
2024,26.5,2.0,3.2051609,44.414886,0,11.538579
2024,26.5,2.25,3.2282155,46.171112,0,11.621575
2024,26.5,2.5,3.2454522,46.7393,0,11.683627
2024,26.5,2.75,3.2236316,47.31889,0,11.605074
2024,26.5,3.0,3.1674776,49.052845,0,11.402919
2024,26.5,3.25,2.9608328,52.060684,0,10.658998
2024,26.5,3.5,2.6064765,53.024487,0,9.383315
2024,26.5,3.75,2.5221453,50.39612,0,9.079722
2024,26.5,4.0,2.7808504,51.42046,0,10.011062
2024,26.5,4.25,2.8523376,57.36531,0,10.268415
2024,26.5,4.5,2.5584621,64.28188,0,9.210464
2024,26.5,4.75,2.0627031,96.36484,0,7.425731
2024,26.5,5.0,1.7386919,96.37682,0,6.2592907
2024,26.5,5.25,1.4737037,94.69009,0,5.305333
2024,26.5,5.5,1.4846548,91.39337,0,5.344757
2024,26.5,5.75,1.468695,89.373535,0,5.287302
2024,26.5,6.0,1.2034346,78.01639,0,4.3323646
2024,26.5,6.25,0.97827405,118.77606,0,3.5217865
2024,26.5,6.5,1.1355872,67.232735,0,4.088114
2024,26.5,6.75,1.1815244,74.52154,0,4.2534876
2024,26.5,7.0,1.1552061,79.338196,0,4.158742
2024,26.5,7.25,1.1375593,82.76038,0,4.0952134
2024,26.5,7.5,1.0805173,88.64196,0,3.889862
2024,26.5,7.75,1.2259372,93.28882,0,4.413374
2024,26.5,8.0,1.2974795,96.71842,0,4.670926
2024,26.5,8.25,1.4144303,104.178185,0,5.091949
2024,26.5,8.5,1.5094372,82.43629,0,5.433974
2024,26.5,8.75,1.587007,92.48156,0,5.7132254
2024,26.5,9.0,1.622635,97.61029,0,5.841486
2024,26.5,9.25,1.6232351,94.88781,0,5.843646
2024,26.5,9.5,1.6493214,91.15198,0,5.937557
2024,26.5,9.75,1.7745386,90.3516,0,6.388339
2024,26.5,10.0,1.8271629,89.38723,0,6.577786
2024,26.5,10.25,1.8890556,88.00681,0,6.8006
2024,26.5,10.5,1.9703599,87.617096,0,7.0932956
2024,26.5,10.75,1.9691442,88.53602,0,7.088919
2024,26.5,11.0,1.9773127,87.44405,0,7.1183257
2024,26.5,11.25,1.9844335,83.485916,0,7.1439605
2024,26.5,11.5,1.9498452,83.209,0,7.0194426
2024,26.5,11.75,1.922113,85.42954,0,6.919606
2024,26.5,12.0,1.8632957,95.10849,0,6.7078643
2024,26.25,-9.0,3.2767665,247.7759,0,11.796359
2024,26.25,-8.75,3.11032,217.41713,0,11.197152
2024,26.25,-8.5,2.942298,187.31792,0,10.592273
2024,26.25,-8.25,2.7765353,186.62117,0,9.995526
2024,26.25,-8.0,2.638324,184.60406,0,9.497966
2024,26.25,-7.75,2.5039558,181.01112,0,9.014241
2024,26.25,-7.5,2.3771088,208.14886,0,8.557591
2024,26.25,-7.25,2.26078,206.75049,0,8.138808
2024,26.25,-7.0,2.1887162,176.30556,0,7.879378
2024,26.25,-6.75,2.1350496,176.97008,0,7.686178
2024,26.25,-6.5,2.114443,178.91762,0,7.6119947
2024,26.25,-6.25,2.1267912,180.78831,0,7.6564484
2024,26.25,-6.0,2.101629,152.49408,0,7.565864
2024,26.25,-5.75,2.1186829,156.08675,0,7.6272583
2024,26.25,-5.5,2.170839,157.89482,0,7.8150206
2024,26.25,-5.25,2.2061784,157.79951,0,7.942242
2024,26.25,-5.0,2.2214737,156.5686,0,7.997305
2024,26.25,-4.75,2.2172866,155.19902,0,7.9822316
2024,26.25,-4.5,2.1848905,153.51747,0,7.865606
2024,26.25,-4.25,2.2231913,152.95528,0,8.003489
2024,26.25,-4.0,2.2827256,151.97868,0,8.217812
2024,26.25,-3.75,2.292256,150.69005,0,8.252122
2024,26.25,-3.5,2.2513192,149.38411,0,8.104749
2024,26.25,-3.25,2.1996355,148.70247,0,7.918688
2024,26.25,-3.0,2.1586275,147.83766,0,7.771059
2024,26.25,-2.75,2.100393,147.04767,0,7.5614147
2024,26.25,-2.5,2.0557573,117.11588,0,7.400726
2024,26.25,-2.25,2.056926,117.34967,0,7.4049335
2024,26.25,-2.0,2.09713,86.35844,0,7.549668
2024,26.25,-1.75,2.1514876,84.22588,0,7.745355
2024,26.25,-1.5,2.1814055,111.84702,0,7.85306
2024,26.25,-1.25,2.1617746,107.26139,0,7.7823887
2024,26.25,-1.0,2.1284983,101.82639,0,7.662594
2024,26.25,-0.75,2.108691,98.71536,0,7.591287
2024,26.25,-0.5,2.095855,98.65869,0,7.545078
2024,26.25,-0.25,2.1019468,100.19855,0,7.5670085
2024,26.25,0.0,2.1669817,102.91223,0,7.801134
2024,26.25,0.25,2.2214003,100.95211,0,7.9970407
2024,26.25,0.5,2.251837,96.25354,0,8.106613
2024,26.25,0.75,2.365369,93.111015,0,8.515328
2024,26.25,1.0,2.51668,92.42905,0,9.060048
2024,26.25,1.25,2.7082875,94.26691,0,9.749835
2024,26.25,1.5,2.8291972,68.063354,0,10.185109
2024,26.25,1.75,2.9309263,72.02637,0,10.551334
2024,26.25,2.0,2.9294202,73.81143,0,10.545913
2024,26.25,2.25,2.9269927,74.157646,0,10.537173
2024,26.25,2.5,2.9288309,74.24715,0,10.543791
2024,26.25,2.75,2.877182,75.00564,0,10.357855
2024,26.25,3.0,2.7794628,77.11556,0,10.006066
2024,26.25,3.25,2.634887,82.05097,0,9.485593
2024,26.25,3.5,2.2078092,80.03272,0,7.948113
2024,26.25,3.75,2.0012438,74.42181,0,7.204478
2024,26.25,4.0,1.9721518,75.42535,0,7.099746
2024,26.25,4.25,1.9324037,57.533443,0,6.956653
2024,26.25,4.5,1.738377,96.99697,0,6.258157
2024,26.25,4.75,1.4441918,99.84943,0,5.1990905
2024,26.25,5.0,1.2197345,97.79537,0,4.391044
2024,26.25,5.25,1.2694372,94.361,0,4.569974
2024,26.25,5.5,1.4019933,90.63043,0,5.047176
2024,26.25,5.75,1.5262489,86.84896,0,5.494496
2024,26.25,6.0,1.4085746,77.830055,0,5.0708685
2024,26.25,6.25,1.0922064,88.46121,0,3.9319427
2024,26.25,6.5,0.99297506,114.858086,0,3.5747101
2024,26.25,6.75,0.9935892,67.812294,0,3.5769212
2024,26.25,7.0,1.0254039,78.63795,0,3.6914537
2024,26.25,7.25,1.0798569,84.967896,0,3.8874846
2024,26.25,7.5,1.1734816,91.294914,0,4.2245336
2024,26.25,7.75,1.1409132,90.619606,0,4.1072874
2024,26.25,8.0,1.1065907,96.95399,0,3.9837265
2024,26.25,8.25,1.1461538,107.76721,0,4.1261535
2024,26.25,8.5,1.2583104,116.2312,0,4.5299172
2024,26.25,8.75,1.3036149,119.269714,0,4.693013
2024,26.25,9.0,1.2888198,88.966225,0,4.639751
2024,26.25,9.25,1.1867435,116.93629,0,4.2722764
2024,26.25,9.5,1.3581365,88.62171,0,4.8892913
2024,26.25,9.75,1.5545775,89.43139,0,5.596479
2024,26.25,10.0,1.6622688,87.98828,0,5.9841676
2024,26.25,10.25,1.712593,85.029976,0,6.1653347
2024,26.25,10.5,1.9021207,87.254,0,6.8476343
2024,26.25,10.75,1.8962649,88.322174,0,6.8265533
2024,26.25,11.0,1.8828627,87.975655,0,6.7783055
2024,26.25,11.25,1.9016365,90.12356,0,6.845891
2024,26.25,11.5,1.864036,93.61454,0,6.7105293
2024,26.25,11.75,1.7855244,97.74432,0,6.4278874
2024,26.25,12.0,1.7623585,103.12607,0,6.3444905
2024,26.0,-9.0,3.2477949,161.05943,0,11.692061
2024,26.0,-8.75,3.0655534,161.36922,0,11.035992
2024,26.0,-8.5,2.9258356,161.64122,0,10.533008
2024,26.0,-8.25,2.8075001,161.36661,0,10.107
2024,26.0,-8.0,2.7074063,159.88257,0,9.746662
2024,26.0,-7.75,2.5999343,157.09486,0,9.359763
2024,26.0,-7.5,2.4149368,154.18355,0,8.693772
2024,26.0,-7.25,2.2784984,152.61778,0,8.202594
2024,26.0,-7.0,2.1969538,181.20998,0,7.9090333
2024,26.0,-6.75,2.1460013,180.63281,0,7.7256045
2024,26.0,-6.5,2.12648,181.10632,0,7.6553283
2024,26.0,-6.25,2.134413,182.45575,0,7.6838865
2024,26.0,-6.0,2.1303766,155.22453,0,7.6693554
2024,26.0,-5.75,2.1924946,158.78752,0,7.8929806
2024,26.0,-5.5,2.240864,160.0899,0,8.06711
2024,26.0,-5.25,2.2721326,159.67604,0,8.179677
2024,26.0,-5.0,2.2880266,158.25648,0,8.236896
2024,26.0,-4.75,2.2847211,156.4884,0,8.224996
2024,26.0,-4.5,2.242007,154.55699,0,8.071225
2024,26.0,-4.25,2.253842,153.69765,0,8.1138315
2024,26.0,-4.0,2.3166118,152.50998,0,8.339802
2024,26.0,-3.75,2.3672864,151.81592,0,8.522231
2024,26.0,-3.5,2.365516,151.5016,0,8.515857
2024,26.0,-3.25,2.3067563,151.08522,0,8.304322
2024,26.0,-3.0,2.2122176,119.855255,0,7.963983
2024,26.0,-2.75,2.137577,119.3212,0,7.695277
2024,26.0,-2.5,2.0953653,118.75121,0,7.543315
2024,26.0,-2.25,2.0920727,117.5376,0,7.5314617
2024,26.0,-2.0,2.1244752,114.82668,0,7.648111
2024,26.0,-1.75,2.1797907,111.04541,0,7.8472466
2024,26.0,-1.5,2.2387838,106.651344,0,8.059622
2024,26.0,-1.25,2.264743,101.2441,0,8.153075
2024,26.0,-1.0,2.2352774,97.75837,0,8.046998
2024,26.0,-0.75,2.2096972,96.410645,0,7.95491
2024,26.0,-0.5,2.2101986,96.93639,0,7.956715
2024,26.0,-0.25,2.2494545,98.18803,0,8.098036
2024,26.0,0.0,2.3420157,98.60276,0,8.431256
2024,26.0,0.25,2.3869874,95.08575,0,8.593155
2024,26.0,0.5,2.377335,89.37393,0,8.558406
2024,26.0,0.75,2.3925285,85.059654,0,8.613103
2024,26.0,1.0,2.4461372,84.1415,0,8.806093
2024,26.0,1.25,2.5334768,86.91166,0,9.120517
2024,26.0,1.5,2.6147172,92.62772,0,9.412982
2024,26.0,1.75,2.7109385,68.20334,0,9.759378
2024,26.0,2.0,2.7520971,70.85349,0,9.90755
2024,26.0,2.25,2.7358682,71.071526,0,9.849125
2024,26.0,2.5,2.6724377,70.92863,0,9.620775
2024,26.0,2.75,2.5634527,72.191284,0,9.22843
2024,26.0,3.0,2.42411,75.281075,0,8.726795
2024,26.0,3.25,2.1406765,80.0336,0,7.706435
2024,26.0,3.5,1.6484317,75.80276,0,5.934354
2024,26.0,3.75,1.3999704,96.78597,0,5.039893
2024,26.0,4.0,1.3264416,97.256226,0,4.77519
2024,26.0,4.25,1.2312943,85.60727,0,4.432659
2024,26.0,4.5,1.2767406,124.749626,0,4.596266
2024,26.0,4.75,1.141601,137.64954,0,4.109763
2024,26.0,5.0,1.0033959,87.12588,0,3.6122253
2024,26.0,5.25,1.2700682,92.84841,0,4.572245
2024,26.0,5.5,1.6359886,93.43948,0,5.889559
2024,26.0,5.75,1.7976403,89.68131,0,6.471505
2024,26.0,6.0,1.824965,83.731346,0,6.569874
2024,26.0,6.25,1.5333266,78.701256,0,5.5199757
2024,26.0,6.5,1.1972972,71.48144,0,4.31027
2024,26.0,6.75,1.0016766,129.48796,0,3.6060355
2024,26.0,7.0,0.9346566,77.73013,0,3.3647637
2024,26.0,7.25,0.9973473,83.939545,0,3.5904503
2024,26.0,7.5,1.2133471,87.21363,0,4.368049
2024,26.0,7.75,1.0985734,83.11787,0,3.9548643
2024,26.0,8.0,0.94850844,116.90951,0,3.4146304
2024,26.0,8.25,0.90758616,126.94067,0,3.2673101
2024,26.0,8.5,0.9157076,132.73346,0,3.2965472
2024,26.0,8.75,0.8802929,132.43695,0,3.1690543
2024,26.0,9.0,0.93930435,131.77124,0,3.3814955
2024,26.0,9.25,1.0011057,105.8959,0,3.6039803
2024,26.0,9.5,1.2672306,110.651985,0,4.5620303
2024,26.0,9.75,1.4916306,79.781425,0,5.3698697
2024,26.0,10.0,1.5856043,77.6197,0,5.708175
2024,26.0,10.25,1.5937953,79.23129,0,5.737663
2024,26.0,10.5,1.7362918,88.21049,0,6.2506504
2024,26.0,10.75,1.7565974,90.96769,0,6.3237505
2024,26.0,11.0,1.8492923,93.412476,0,6.657452
2024,26.0,11.25,1.993156,96.42172,0,7.175361
2024,26.0,11.5,2.080085,99.73966,0,7.488306
2024,26.0,11.75,2.0291202,101.88015,0,7.3048325
2024,26.0,12.0,1.9074727,97.34365,0,6.866902
2024,25.75,-9.0,3.158157,164.47511,0,11.369366
2024,25.75,-8.75,3.0031502,165.29112,0,10.81134
2024,25.75,-8.5,2.8640301,164.81255,0,10.310508
2024,25.75,-8.25,2.7640326,163.77486,0,9.950517
2024,25.75,-8.0,2.6896117,162.63158,0,9.682602
2024,25.75,-7.75,2.6439874,161.74211,0,9.518354
2024,25.75,-7.5,2.5248916,160.22041,0,9.089609
2024,25.75,-7.25,2.4383373,159.4305,0,8.778014
2024,25.75,-7.0,2.3676746,158.032,0,8.523628
2024,25.75,-6.75,2.311628,186.52953,0,8.321861
2024,25.75,-6.5,2.2556849,185.05107,0,8.120465
2024,25.75,-6.25,2.2064803,185.14178,0,7.943329
2024,25.75,-6.0,2.1655874,158.12431,0,7.7961144
2024,25.75,-5.75,2.2335987,161.3929,0,8.040956
2024,25.75,-5.5,2.2806275,162.53723,0,8.2102585
2024,25.75,-5.25,2.3095934,162.71687,0,8.314536
2024,25.75,-5.0,2.3252366,161.88235,0,8.3708515
2024,25.75,-4.75,2.3367338,159.5132,0,8.412242
2024,25.75,-4.5,2.3266299,156.58398,0,8.375867
2024,25.75,-4.25,2.3004432,154.72893,0,8.281595
2024,25.75,-4.0,2.2941236,152.88414,0,8.258845
2024,25.75,-3.75,2.354945,152.32274,0,8.477801
2024,25.75,-3.5,2.4309013,123.34027,0,8.751245
2024,25.75,-3.25,2.4336317,123.55612,0,8.761074
2024,25.75,-3.0,2.346637,122.290245,0,8.447893
2024,25.75,-2.75,2.226278,121.7098,0,8.014601
2024,25.75,-2.5,2.154094,120.72303,0,7.7547383
2024,25.75,-2.25,2.119088,119.31722,0,7.6287165
2024,25.75,-2.0,2.1384895,116.97111,0,7.698562
2024,25.75,-1.75,2.1935117,107.18398,0,7.896642
2024,25.75,-1.5,2.2662044,101.948,0,8.158336
2024,25.75,-1.25,2.3038933,98.60355,0,8.294016
2024,25.75,-1.0,2.3017454,97.17895,0,8.2862835
2024,25.75,-0.75,2.2873356,96.64081,0,8.234408
2024,25.75,-0.5,2.292177,96.67191,0,8.251837
2024,25.75,-0.25,2.3280122,96.75898,0,8.380844
2024,25.75,0.0,2.4138873,95.60824,0,8.689994
2024,25.75,0.25,2.4714644,92.33947,0,8.897271
2024,25.75,0.5,2.4577103,86.872475,0,8.847756
2024,25.75,0.75,2.4145355,81.6567,0,8.6923275
2024,25.75,1.0,2.4102864,79.78884,0,8.677031
2024,25.75,1.25,2.4130452,81.47686,0,8.686962
2024,25.75,1.5,2.4650362,87.58566,0,8.87413
2024,25.75,1.75,2.5699887,63.366657,0,9.251959
2024,25.75,2.0,2.6562521,67.32908,0,9.562508
2024,25.75,2.25,2.6063957,68.17161,0,9.383024
2024,25.75,2.5,2.433298,69.325645,0,8.759873
2024,25.75,2.75,2.255697,71.73136,0,8.120509
2024,25.75,3.0,2.0499191,74.87542,0,7.379709
2024,25.75,3.25,1.7268882,76.384895,0,6.2167974
2024,25.75,3.5,1.4442724,73.924194,0,5.1993804
2024,25.75,3.75,1.3214985,101.90332,0,4.7573943
2024,25.75,4.0,1.222235,103.43119,0,4.400046
2024,25.75,4.25,1.1317145,127.08008,0,4.074172
2024,25.75,4.5,1.2984928,132.10991,0,4.674574
2024,25.75,4.75,1.196957,129.18658,0,4.309045
2024,25.75,5.0,1.1030185,88.86743,0,3.9708667
2024,25.75,5.25,1.2125872,77.8815,0,4.365314
2024,25.75,5.5,1.4490453,93.37852,0,5.2165627
2024,25.75,5.75,1.5311168,91.84481,0,5.5120206
2024,25.75,6.0,1.5687928,87.35128,0,5.647654
2024,25.75,6.25,1.5729499,90.93091,0,5.6626196
2024,25.75,6.5,1.3717386,86.87086,0,4.9382586
2024,25.75,6.75,1.2592604,85.92713,0,4.5333376
2024,25.75,7.0,1.1865493,89.48879,0,4.2715774
2024,25.75,7.25,1.0949216,94.58173,0,3.9417176
2024,25.75,7.5,1.1622235,94.28663,0,4.1840043
2024,25.75,7.75,1.0171311,93.367226,0,3.6616719
2024,25.75,8.0,0.9296341,122.28339,0,3.3466825
2024,25.75,8.25,0.87682825,123.7313,0,3.1565816
2024,25.75,8.5,0.8272547,124.14899,0,2.978117
2024,25.75,8.75,0.7886443,124.82931,0,2.8391194
2024,25.75,9.0,0.8965082,125.29496,0,3.2274294
2024,25.75,9.25,1.0528742,117.6557,0,3.790347
2024,25.75,9.5,1.227074,113.08799,0,4.417466
2024,25.75,9.75,1.3512725,103.05982,0,4.8645806
2024,25.75,10.0,1.4351268,71.246666,0,5.166456
2024,25.75,10.25,1.4870027,80.98153,0,5.3532095
2024,25.75,10.5,1.5231447,94.49851,0,5.4833207
2024,25.75,10.75,1.5673014,100.37799,0,5.642285
2024,25.75,11.0,1.7424911,99.93345,0,6.272968
2024,25.75,11.25,1.9222842,99.26169,0,6.920223
2024,25.75,11.5,2.1036115,97.80509,0,7.573001
2024,25.75,11.75,2.1860764,95.83845,0,7.869875
2024,25.75,12.0,1.9181455,93.82831,0,6.905324
2024,25.5,-9.0,3.129214,167.74731,0,11.26517
2024,25.5,-8.75,3.020114,168.12752,0,10.87241
2024,25.5,-8.5,2.8908796,167.04988,0,10.4071665
2024,25.5,-8.25,2.769594,165.65242,0,9.970538
2024,25.5,-8.0,2.6549926,164.06006,0,9.557973
2024,25.5,-7.75,2.58556,163.26479,0,9.308016
2024,25.5,-7.5,2.5668132,163.2241,0,9.240527
2024,25.5,-7.25,2.5596898,163.50452,0,9.214883
2024,25.5,-7.0,2.5100377,162.73242,0,9.036136
2024,25.5,-6.75,2.4912946,161.3026,0,8.96866
2024,25.5,-6.5,2.430615,189.62111,0,8.750214
2024,25.5,-6.25,2.2992973,188.64034,0,8.277471
2024,25.5,-6.0,2.2335246,161.05498,0,8.0406885
2024,25.5,-5.75,2.2976038,163.6663,0,8.271374
2024,25.5,-5.5,2.3361866,164.10725,0,8.410272
2024,25.5,-5.25,2.356267,165.04672,0,8.482561
2024,25.5,-5.0,2.3689764,167.02922,0,8.528315
2024,25.5,-4.75,2.389923,169.4322,0,8.603723
2024,25.5,-4.5,2.4328668,145.67961,0,8.75832
2024,25.5,-4.25,2.3854878,154.83527,0,8.587756
2024,25.5,-4.0,2.3308809,152.47871,0,8.3911705
2024,25.5,-3.75,2.2864072,153.11552,0,8.231066
2024,25.5,-3.5,2.3331735,124.59726,0,8.399425
2024,25.5,-3.25,2.393367,126.212,0,8.616121
2024,25.5,-3.0,2.3795726,125.8041,0,8.566462
2024,25.5,-2.75,2.3096342,124.70774,0,8.314683
2024,25.5,-2.5,2.2303085,123.15804,0,8.029111
2024,25.5,-2.25,2.1865175,122.54587,0,7.871463
2024,25.5,-2.0,2.184281,123.38779,0,7.863412
2024,25.5,-1.75,2.2411942,126.33835,0,8.068299
2024,25.5,-1.5,2.2928288,97.37203,0,8.254184
2024,25.5,-1.25,2.3025515,97.14691,0,8.289186
2024,25.5,-1.0,2.3012283,96.675575,0,8.284422
2024,25.5,-0.75,2.307353,96.17362,0,8.306471
2024,25.5,-0.5,2.324433,95.80793,0,8.367959
2024,25.5,-0.25,2.385936,94.4432,0,8.58937
2024,25.5,0.0,2.4622478,93.359184,0,8.864092
2024,25.5,0.25,2.507952,90.797935,0,9.028626
2024,25.5,0.5,2.4855618,86.08423,0,8.948023
2024,25.5,0.75,2.4300292,111.201195,0,8.748105
2024,25.5,1.0,2.3207881,107.78457,0,8.354837
2024,25.5,1.25,2.2544732,108.222755,0,8.116103
2024,25.5,1.5,2.2218306,82.86737,0,7.99859
2024,25.5,1.75,2.3243446,86.81848,0,8.3676405
2024,25.5,2.0,2.4184077,62.155457,0,8.706267
2024,25.5,2.25,2.4069383,67.43018,0,8.664978
2024,25.5,2.5,2.2581034,70.57814,0,8.129172
2024,25.5,2.75,2.029119,72.54349,0,7.304828
2024,25.5,3.0,1.772129,103.87107,0,6.3796644
2024,25.5,3.25,1.5281972,103.9051,0,5.5015097
2024,25.5,3.5,1.4973798,77.68333,0,5.3905673
2024,25.5,3.75,1.4009781,108.73582,0,5.043521
2024,25.5,4.0,1.368188,110.53341,0,4.9254766
2024,25.5,4.25,1.3608245,138.40874,0,4.8989677
2024,25.5,4.5,1.486949,135.67447,0,5.3530164
2024,25.5,4.75,1.4926366,122.72403,0,5.3734913
2024,25.5,5.0,1.3874632,85.04172,0,4.9948673
2024,25.5,5.25,1.1113265,94.40579,0,4.0007753
2024,25.5,5.5,1.2098223,92.97698,0,4.35536
2024,25.5,5.75,1.3551165,93.97874,0,4.8784194
2024,25.5,6.0,1.4208827,82.99103,0,5.1151776
2024,25.5,6.25,1.4772121,91.536285,0,5.317963
2024,25.5,6.5,1.7004757,70.6009,0,6.121712
2024,25.5,6.75,1.6336297,76.3357,0,5.881067
2024,25.5,7.0,1.4785913,89.23193,0,5.3229284
2024,25.5,7.25,1.3075151,95.1813,0,4.7070546
2024,25.5,7.5,1.257566,95.34747,0,4.5272374
2024,25.5,7.75,1.1957349,97.504524,0,4.3046455
2024,25.5,8.0,1.161939,124.69857,0,4.1829805
2024,25.5,8.25,1.1338078,115.99839,0,4.081708
2024,25.5,8.5,1.0843767,113.80728,0,3.903756
2024,25.5,8.75,1.1978748,113.49331,0,4.3123493
2024,25.5,9.0,1.3048788,115.7778,0,4.6975636
2024,25.5,9.25,1.2885532,117.82202,0,4.6387916
2024,25.5,9.5,1.1657817,117.84351,0,4.196814
2024,25.5,9.75,1.1441983,109.00938,0,4.119114
2024,25.5,10.0,1.142627,107.13589,0,4.113457
2024,25.5,10.25,1.3322557,90.87678,0,4.7961206
2024,25.5,10.5,1.4531403,100.80033,0,5.2313046
2024,25.5,10.75,1.4332527,106.87512,0,5.1597095
2024,25.5,11.0,1.6085912,102.09205,0,5.7909284
2024,25.5,11.25,1.8332715,96.38915,0,6.599777
2024,25.5,11.5,2.050679,93.6285,0,7.382444
2024,25.5,11.75,2.2259266,91.554665,0,8.013335
2024,25.5,12.0,1.925059,89.41575,0,6.930212
2024,25.25,-9.0,3.1545408,169.86945,0,11.356346
2024,25.25,-8.75,3.0877266,170.19746,0,11.115815
2024,25.25,-8.5,2.9685745,169.57283,0,10.686868
2024,25.25,-8.25,2.8161528,168.22717,0,10.13815
2024,25.25,-8.0,2.6920033,166.75777,0,9.691212
2024,25.25,-7.75,2.5658698,164.95445,0,9.237131
2024,25.25,-7.5,2.5288687,164.11745,0,9.103927
2024,25.25,-7.25,2.533532,164.37775,0,9.120714
2024,25.25,-7.0,2.5675428,164.45851,0,9.243154
2024,25.25,-6.75,2.5483468,193.4403,0,9.174048
2024,25.25,-6.5,2.5093935,193.37639,0,9.033816
2024,25.25,-6.25,2.400854,193.21753,0,8.643075
2024,25.25,-6.0,2.3693287,194.18712,0,8.529583
2024,25.25,-5.75,2.3987925,164.82129,0,8.635653
2024,25.25,-5.5,2.4164674,165.34637,0,8.699283
2024,25.25,-5.25,2.3733423,166.53181,0,8.544032
2024,25.25,-5.0,2.3808196,168.99675,0,8.5709505
2024,25.25,-4.75,2.3977783,173.20166,0,8.632002
2024,25.25,-4.5,2.4436553,147.14775,0,8.797158
2024,25.25,-4.25,2.4050162,149.32237,0,8.658058
2024,25.25,-4.0,2.3219774,153.77637,0,8.359118
2024,25.25,-3.75,2.266999,154.86656,0,8.161196
2024,25.25,-3.5,2.2241137,127.05866,0,8.006809
2024,25.25,-3.25,2.255631,128.45546,0,8.120272
2024,25.25,-3.0,2.2938716,128.6221,0,8.257937
2024,25.25,-2.75,2.308508,127.615135,0,8.310628
2024,25.25,-2.5,2.251447,126.29032,0,8.105208
2024,25.25,-2.25,2.235687,124.971016,0,8.048473
2024,25.25,-2.0,2.242837,124.695625,0,8.074213
2024,25.25,-1.75,2.2571476,124.83953,0,8.1257305
2024,25.25,-1.5,2.2889302,125.63668,0,8.240149
2024,25.25,-1.25,2.3006237,95.75531,0,8.282245
2024,25.25,-1.0,2.3157403,95.886314,0,8.336665
2024,25.25,-0.75,2.3246808,95.42404,0,8.368851
2024,25.25,-0.5,2.3674068,94.154175,0,8.522664
2024,25.25,-0.25,2.4277115,93.275826,0,8.739761
2024,25.25,0.0,2.471112,91.56509,0,8.896003
2024,25.25,0.25,2.5061345,89.57062,0,9.022084
2024,25.25,0.5,2.4916346,85.70001,0,8.969884
2024,25.25,0.75,2.431946,112.62057,0,8.755006
2024,25.25,1.0,2.321185,109.65433,0,8.356266
2024,25.25,1.25,2.1420484,108.123474,0,7.711374
2024,25.25,1.5,2.0279205,111.01043,0,7.3005137
2024,25.25,1.75,1.9964833,111.690125,0,7.18734
2024,25.25,2.0,1.9805737,85.40453,0,7.130065
2024,25.25,2.25,1.9893217,96.64153,0,7.161558
2024,25.25,2.5,1.9107546,102.264915,0,6.8787165
2024,25.25,2.75,1.6824299,103.81274,0,6.0567474
2024,25.25,3.0,1.452694,102.97629,0,5.2296987
2024,25.25,3.25,1.3920232,105.0209,0,5.0112834
2024,25.25,3.5,1.3860067,111.49219,0,4.989624
2024,25.25,3.75,1.4882141,115.878136,0,5.3575706
2024,25.25,4.0,1.4993526,117.940575,0,5.3976693
2024,25.25,4.25,1.7826794,113.14321,0,6.417646
2024,25.25,4.5,1.8534051,135.16704,0,6.6722584
2024,25.25,4.75,1.798494,96.81476,0,6.4745784
2024,25.25,5.0,1.4301735,100.21224,0,5.1486244
2024,25.25,5.25,1.1808516,88.77335,0,4.2510657
2024,25.25,5.5,0.97247714,103.02445,0,3.5009177
2024,25.25,5.75,1.1562432,92.04111,0,4.1624756
2024,25.25,6.0,1.4314579,113.36166,0,5.1532483
2024,25.25,6.25,1.4169585,84.97088,0,5.1010504
2024,25.25,6.5,1.6235471,98.73151,0,5.8447695
2024,25.25,6.75,1.7946986,78.27785,0,6.4609146
2024,25.25,7.0,1.6494199,82.68487,0,5.9379115
2024,25.25,7.25,1.4835781,90.85431,0,5.340881
2024,25.25,7.5,1.4347831,90.65092,0,5.165219
2024,25.25,7.75,1.3813823,91.22315,0,4.972976
2024,25.25,8.0,1.3744621,79.70854,0,4.9480634
2024,25.25,8.25,1.345877,107.457886,0,4.845157
2024,25.25,8.5,1.3263557,80.492294,0,4.7748804
2024,25.25,8.75,1.3996965,88.33802,0,5.038907
2024,25.25,9.0,1.5487088,95.710396,0,5.5753517
2024,25.25,9.25,1.4885339,106.24528,0,5.3587217
2024,25.25,9.5,1.346624,110.27883,0,4.8478465
2024,25.25,9.75,1.0216297,109.224304,0,3.6778667
2024,25.25,10.0,0.9482855,106.18075,0,3.413828
2024,25.25,10.25,1.1322815,93.99723,0,4.0762134
2024,25.25,10.5,1.477973,96.59204,0,5.3207026
2024,25.25,10.75,1.4080777,99.8573,0,5.06908
2024,25.25,11.0,1.5772166,96.75973,0,5.6779795
2024,25.25,11.25,1.8633195,92.35992,0,6.70795
2024,25.25,11.5,2.2213557,90.76995,0,7.99688
2024,25.25,11.75,2.3375232,89.55772,0,8.415083
2024,25.25,12.0,1.9906288,87.005554,0,7.1662636
2024,25.0,-9.0,3.1711855,170.85902,0,11.416267
2024,25.0,-8.75,3.1056411,171.74506,0,11.180307
2024,25.0,-8.5,3.0430365,172.6114,0,10.954931
2024,25.0,-8.25,2.8891897,171.52966,0,10.401083
2024,25.0,-8.0,2.7650309,169.70267,0,9.954111
2024,25.0,-7.75,2.6403496,167.70818,0,9.505259
2024,25.0,-7.5,2.542703,165.04765,0,9.15373
2024,25.0,-7.25,2.5068877,194.62086,0,9.024796
2024,25.0,-7.0,2.5274258,194.62364,0,9.098733
2024,25.0,-6.75,2.5046017,195.27098,0,9.016566
2024,25.0,-6.5,2.465467,195.37804,0,8.875681
2024,25.0,-6.25,2.5103524,196.90318,0,9.037269
2024,25.0,-6.0,2.521806,197.05818,0,9.078502
2024,25.0,-5.75,2.5105095,166.63252,0,9.037834
2024,25.0,-5.5,2.4406548,167.0106,0,8.786357
2024,25.0,-5.25,2.400213,168.45226,0,8.640766
2024,25.0,-5.0,2.3167753,169.85197,0,8.340391
2024,25.0,-4.75,2.3080142,173.19963,0,8.30885
2024,25.0,-4.5,2.29085,123.162506,0,8.24706
2024,25.0,-4.25,2.2819474,127.10766,0,8.215011
2024,25.0,-4.0,2.2205095,127.503174,0,7.993834
2024,25.0,-3.75,2.2141705,127.369194,0,7.9710135
2024,25.0,-3.5,2.1820965,129.2495,0,7.855547
2024,25.0,-3.25,2.1851137,129.77943,0,7.866409
2024,25.0,-3.0,2.2162154,129.68974,0,7.978375
2024,25.0,-2.75,2.251602,128.886,0,8.105766
2024,25.0,-2.5,2.27326,128.17854,0,8.183736
2024,25.0,-2.25,2.2625,126.17251,0,8.1449995
2024,25.0,-2.0,2.2658026,124.64854,0,8.156889
2024,25.0,-1.75,2.2753477,124.202324,0,8.191252
2024,25.0,-1.5,2.2843702,124.89719,0,8.223732
2024,25.0,-1.25,2.292634,124.666084,0,8.253482
2024,25.0,-1.0,2.3126001,124.78751,0,8.32536
2024,25.0,-0.75,2.34786,94.168816,0,8.452296
2024,25.0,-0.5,2.3913891,93.1952,0,8.609
2024,25.0,-0.25,2.4299824,92.39258,0,8.747936
2024,25.0,0.0,2.4611218,90.550415,0,8.860038
2024,25.0,0.25,2.480842,88.99475,0,8.931031
2024,25.0,0.5,2.454167,116.45159,0,8.835001
2024,25.0,0.75,2.3956773,113.64508,0,8.624438
2024,25.0,1.0,2.3127742,112.812004,0,8.325987
2024,25.0,1.25,2.1455119,112.02856,0,7.7238426
2024,25.0,1.5,1.9879256,112.43766,0,7.1565323
2024,25.0,1.75,1.769957,138.09369,0,6.371845
2024,25.0,2.0,1.7116398,117.913635,0,6.161903
2024,25.0,2.25,1.5690355,94.842964,0,5.6485276
2024,25.0,2.5,1.4722285,99.91311,0,5.3000226
2024,25.0,2.75,1.3048569,102.54669,0,4.6974845
2024,25.0,3.0,1.1716964,130.4888,0,4.218107
2024,25.0,3.25,1.1971201,135.09708,0,4.3096323
2024,25.0,3.5,1.4100033,120.01068,0,5.0760117
2024,25.0,3.75,1.5383843,123.62305,0,5.538183
2024,25.0,4.0,1.8660561,89.27545,0,6.7178016
2024,25.0,4.25,2.168814,84.62081,0,7.80773
2024,25.0,4.5,2.143016,75.87559,0,7.7148576
2024,25.0,4.75,1.8878851,74.831856,0,6.7963862
2024,25.0,5.0,1.5370907,83.28674,0,5.5335264
2024,25.0,5.25,0.98188907,98.57757,0,3.5348005
2024,25.0,5.5,0.81588703,144.52599,0,2.9371932
2024,25.0,5.75,0.91051704,149.71191,0,3.2778614
2024,25.0,6.0,1.283841,116.61344,0,4.6218276
2024,25.0,6.25,1.3235284,112.51831,0,4.7647023
2024,25.0,6.5,1.4471194,97.30381,0,5.2096295
2024,25.0,6.75,1.6154026,80.41515,0,5.815449
2024,25.0,7.0,1.7808107,84.532166,0,6.410918
2024,25.0,7.25,1.6494521,81.66747,0,5.9380274
2024,25.0,7.5,1.5563465,77.73583,0,5.6028476
2024,25.0,7.75,1.4912552,92.85577,0,5.3685184
2024,25.0,8.0,1.4502629,83.27044,0,5.2209463
2024,25.0,8.25,1.3959178,71.89115,0,5.025304
2024,25.0,8.5,1.3704876,71.20004,0,4.933755
2024,25.0,8.75,1.5359336,70.66876,0,5.529361
2024,25.0,9.0,1.733394,77.49952,0,6.240218
2024,25.0,9.25,1.660199,83.64097,0,5.9767165
2024,25.0,9.5,1.5186907,101.38116,0,5.4672866
2024,25.0,9.75,1.1898724,102.54011,0,4.2835402
2024,25.0,10.0,0.8266153,159.04918,0,2.9758148
2024,25.0,10.25,0.8285901,92.2812,0,2.9829242
2024,25.0,10.5,1.4070364,86.27189,0,5.065331
2024,25.0,10.75,1.4227715,103.9288,0,5.1219773
2024,25.0,11.0,1.5402293,86.24937,0,5.5448256
2024,25.0,11.25,1.998002,92.31144,0,7.192807
2024,25.0,11.5,2.367152,91.189964,0,8.521747
2024,25.0,11.75,2.419214,90.05414,0,8.70917
2024,25.0,12.0,2.0605955,86.19537,0,7.4181437
2024,24.75,-9.0,3.1647918,171.62508,0,11.39325
2024,24.75,-8.75,3.0824254,173.20387,0,11.096731
2024,24.75,-8.5,3.0315325,144.40764,0,10.913517
2024,24.75,-8.25,2.9909084,144.7317,0,10.76727
2024,24.75,-8.0,2.8621652,173.13,0,10.303795
2024,24.75,-7.75,2.7623873,169.89803,0,9.944594
2024,24.75,-7.5,2.6404803,197.04439,0,9.505729
2024,24.75,-7.25,2.5767722,196.45308,0,9.27638
2024,24.75,-7.0,2.528587,195.71364,0,9.102913
2024,24.75,-6.75,2.5064275,196.40898,0,9.023139
2024,24.75,-6.5,2.5127757,198.05035,0,9.045992
2024,24.75,-6.25,2.5803392,199.82874,0,9.289221
2024,24.75,-6.0,2.5861537,199.13127,0,9.310153
2024,24.75,-5.75,2.4791536,168.24786,0,8.9249525
2024,24.75,-5.5,2.3942883,169.01015,0,8.619437
2024,24.75,-5.25,2.2935789,170.5876,0,8.256884
2024,24.75,-5.0,2.2206237,171.28453,0,7.994245
2024,24.75,-4.75,2.168964,136.73933,0,7.80827
2024,24.75,-4.5,2.1545587,132.80266,0,7.756411
2024,24.75,-4.25,2.1450183,131.24312,0,7.722066
2024,24.75,-4.0,2.138275,129.95341,0,7.6977897
2024,24.75,-3.75,2.1336498,129.81938,0,7.681139
2024,24.75,-3.5,2.1838427,129.61827,0,7.8618336
2024,24.75,-3.25,2.1920135,129.85802,0,7.891248
2024,24.75,-3.0,2.2226255,129.25844,0,8.0014515
2024,24.75,-2.75,2.2669666,128.83163,0,8.161079
2024,24.75,-2.5,2.3045647,127.57603,0,8.2964325
2024,24.75,-2.25,2.3026702,126.73014,0,8.289613
2024,24.75,-2.0,2.3095472,124.96751,0,8.314369
2024,24.75,-1.75,2.2870321,124.48298,0,8.233315
2024,24.75,-1.5,2.2858114,124.92161,0,8.228921
2024,24.75,-1.25,2.286121,124.30291,0,8.230035
2024,24.75,-1.0,2.3177168,123.95275,0,8.3437805
2024,24.75,-0.75,2.3533952,123.45175,0,8.472222
2024,24.75,-0.5,2.3851001,122.644325,0,8.58636
2024,24.75,-0.25,2.4198902,121.919,0,8.711604
2024,24.75,0.0,2.4264472,120.339905,0,8.735209
2024,24.75,0.25,2.4118502,119.069305,0,8.68266
2024,24.75,0.5,2.3843353,116.8103,0,8.583607
2024,24.75,0.75,2.3275201,115.9945,0,8.379072
2024,24.75,1.0,2.244227,85.506615,0,8.079217
2024,24.75,1.25,2.1248348,85.32403,0,7.649405
2024,24.75,1.5,1.9891386,85.79065,0,7.1608987
2024,24.75,1.75,1.7702543,114.87791,0,6.3729153
2024,24.75,2.0,1.6243004,120.15072,0,5.8474813
2024,24.75,2.25,1.4811153,124.04287,0,5.332015
2024,24.75,2.5,1.2324249,127.76461,0,4.4367294
2024,24.75,2.75,1.0725406,131.21666,0,3.8611462
2024,24.75,3.0,0.9944002,129.16982,0,3.5798407
2024,24.75,3.25,1.0141779,133.73828,0,3.6510403
2024,24.75,3.5,1.2587756,122.0737,0,4.531592
2024,24.75,3.75,1.6908182,94.69071,0,6.0869455
2024,24.75,4.0,2.0237112,90.420235,0,7.2853603
2024,24.75,4.25,2.1890829,85.34421,0,7.880698
2024,24.75,4.5,2.1241763,78.51868,0,7.647034
2024,24.75,4.75,1.7907257,80.23643,0,6.4466124
2024,24.75,5.0,1.4181582,88.256165,0,5.105369
2024,24.75,5.25,0.90590125,137.39255,0,3.2612445
2024,24.75,5.5,0.6416743,139.85667,0,2.3100274
2024,24.75,5.75,0.6698311,139.20891,0,2.411392
2024,24.75,6.0,1.011183,141.96677,0,3.6402588
2024,24.75,6.25,1.2226015,137.73277,0,4.4013653
2024,24.75,6.5,1.2860879,90.9271,0,4.629916
2024,24.75,6.75,1.5055318,104.890594,0,5.4199142
2024,24.75,7.0,1.6628691,104.00519,0,5.9863286
2024,24.75,7.25,1.6591473,108.472145,0,5.97293
2024,24.75,7.5,1.5325141,106.18964,0,5.5170507
2024,24.75,7.75,1.5103384,99.89071,0,5.437218
2024,24.75,8.0,1.4111117,87.75344,0,5.080002
2024,24.75,8.25,1.3655237,77.07,0,4.915885
2024,24.75,8.5,1.4432222,50.64389,0,5.1955996
2024,24.75,8.75,1.6095647,62.65387,0,5.7944326
2024,24.75,9.0,1.8566397,68.57016,0,6.6839027
2024,24.75,9.25,1.8569579,71.940636,0,6.685048
2024,24.75,9.5,1.6822871,76.367455,0,6.0562334
2024,24.75,9.75,1.4473325,98.513756,0,5.210397
2024,24.75,10.0,1.0445786,93.02619,0,3.7604828
2024,24.75,10.25,0.7340973,97.25828,0,2.6427503
2024,24.75,10.5,1.2559537,74.931305,0,4.521433
2024,24.75,10.75,1.4443669,96.20159,0,5.199721
2024,24.75,11.0,1.455554,79.5412,0,5.2399945
2024,24.75,11.25,1.8870044,88.107704,0,6.7932158
2024,24.75,11.5,2.4430912,91.21584,0,8.795128
2024,24.75,11.75,2.5227587,90.38853,0,9.081931
2024,24.75,12.0,2.1353705,84.67032,0,7.6873336
2024,24.5,-9.0,3.1421108,142.76906,0,11.311599
2024,24.5,-8.75,3.059275,144.4814,0,11.01339
2024,24.5,-8.5,3.0136435,146.10884,0,10.849116
2024,24.5,-8.25,2.9824104,146.52419,0,10.736677
2024,24.5,-8.0,2.945195,144.6385,0,10.602701
2024,24.5,-7.75,2.8598518,171.46162,0,10.295466
2024,24.5,-7.5,2.767829,169.53192,0,9.964184
2024,24.5,-7.25,2.7175522,199.11194,0,9.783188
2024,24.5,-7.0,2.6553297,198.35126,0,9.559187
2024,24.5,-6.75,2.6013613,198.96019,0,9.364901
2024,24.5,-6.5,2.6117558,200.68213,0,9.402321
2024,24.5,-6.25,2.5878568,171.84003,0,9.316284
2024,24.5,-6.0,2.5391853,171.11847,0,9.141067
2024,24.5,-5.75,2.3751228,170.64427,0,8.550442
2024,24.5,-5.5,2.225663,171.91486,0,8.012386
2024,24.5,-5.25,2.1432865,142.33109,0,7.7158313
2024,24.5,-5.0,2.1287675,140.48134,0,7.663563
2024,24.5,-4.75,2.1044426,135.13977,0,7.575993
2024,24.5,-4.5,2.0962343,133.46715,0,7.5464435
2024,24.5,-4.25,2.0816605,131.52202,0,7.4939775
2024,24.5,-4.0,2.0890257,129.92625,0,7.5204926
2024,24.5,-3.75,2.1373622,129.96947,0,7.694504
2024,24.5,-3.5,2.1990874,129.83101,0,7.916714
2024,24.5,-3.25,2.2340639,129.10585,0,8.042629
2024,24.5,-3.0,2.2862628,128.07617,0,8.230546
2024,24.5,-2.75,2.3333437,127.62616,0,8.400037
2024,24.5,-2.5,2.3654177,127.14286,0,8.515504
2024,24.5,-2.25,2.3667586,126.30949,0,8.52033
2024,24.5,-2.0,2.3336334,126.21658,0,8.40108
2024,24.5,-1.75,2.3032734,125.846565,0,8.291784
2024,24.5,-1.5,2.280226,125.47247,0,8.208814
2024,24.5,-1.25,2.2777112,124.28485,0,8.1997595
2024,24.5,-1.0,2.3127677,123.82941,0,8.325964
2024,24.5,-0.75,2.3327878,123.17394,0,8.398036
2024,24.5,-0.5,2.3654218,122.45786,0,8.515518
2024,24.5,-0.25,2.3774507,121.95151,0,8.558823
2024,24.5,0.0,2.3659108,90.807274,0,8.517279
2024,24.5,0.25,2.3361084,89.55973,0,8.40999
2024,24.5,0.5,2.2852404,88.212524,0,8.226865
2024,24.5,0.75,2.2285194,87.71014,0,8.02267
2024,24.5,1.0,2.1381083,88.21689,0,7.6971893
2024,24.5,1.25,2.0209286,89.03942,0,7.275343
2024,24.5,1.5,1.910029,91.12986,0,6.8761044
2024,24.5,1.75,1.8280898,94.600746,0,6.5811234
2024,24.5,2.0,1.6794897,95.31303,0,6.046163
2024,24.5,2.25,1.4867767,127.08402,0,5.352396
2024,24.5,2.5,1.2310222,101.58219,0,4.4316797
2024,24.5,2.75,1.0682174,135.22688,0,3.8455825
2024,24.5,3.0,0.9428532,133.24878,0,3.3942714
2024,24.5,3.25,0.90236586,134.21559,0,3.248517
2024,24.5,3.5,1.2068425,114.33048,0,4.344633
2024,24.5,3.75,1.6377568,90.04801,0,5.8959246
2024,24.5,4.0,1.8383808,90.26648,0,6.6181707
2024,24.5,4.25,1.9444975,84.56512,0,7.0001907
2024,24.5,4.5,1.8741183,82.851715,0,6.7468257
2024,24.5,4.75,1.6126977,85.47415,0,5.8057117
2024,24.5,5.0,1.2872517,92.95264,0,4.634106
2024,24.5,5.25,1.0645293,138.5959,0,3.8323054
2024,24.5,5.5,0.82498854,133.12575,0,2.9699588
2024,24.5,5.75,0.64168245,156.02116,0,2.3100567
2024,24.5,6.0,0.8714517,145.57722,0,3.1372259
2024,24.5,6.25,1.1402737,164.77917,0,4.104985
2024,24.5,6.5,1.1268637,166.26367,0,4.0567093
2024,24.5,6.75,1.324396,114.82433,0,4.7678256
2024,24.5,7.0,1.507205,116.99416,0,5.4259377
2024,24.5,7.25,1.5106853,117.537865,0,5.438467
2024,24.5,7.5,1.3449506,103.26496,0,4.8418217
2024,24.5,7.75,1.4125749,101.9766,0,5.0852695
2024,24.5,8.0,1.3092741,88.99936,0,4.7133865
2024,24.5,8.25,1.3434185,80.95892,0,4.8363066
2024,24.5,8.5,1.4201365,55.164005,0,5.112491
2024,24.5,8.75,1.6018475,64.08699,0,5.766651
2024,24.5,9.0,1.8556491,66.70893,0,6.6803365
2024,24.5,9.25,1.9004253,67.119774,0,6.841531
2024,24.5,9.5,1.8107557,70.01589,0,6.5187206
2024,24.5,9.75,1.5431522,69.595505,0,5.555348
2024,24.5,10.0,1.4923748,86.12585,0,5.372549
2024,24.5,10.25,1.1400996,83.52296,0,4.1043587
2024,24.5,10.5,1.2513821,92.19764,0,4.5049753
2024,24.5,10.75,1.5300013,64.54154,0,5.5080047
2024,24.5,11.0,1.506723,74.8037,0,5.424203
2024,24.5,11.25,1.780104,82.25178,0,6.4083743
2024,24.5,11.5,2.3210385,86.87173,0,8.355739
2024,24.5,11.75,2.5899749,86.90625,0,9.32391
2024,24.5,12.0,2.178319,79.73715,0,7.841948
2024,24.25,-9.0,3.0990856,144.08571,0,11.156708
2024,24.25,-8.75,3.0618544,145.90437,0,11.0226755
2024,24.25,-8.5,3.0082462,147.45319,0,10.829686
2024,24.25,-8.25,2.9743135,147.00513,0,10.707528
2024,24.25,-8.0,2.9379714,145.0562,0,10.576696
2024,24.25,-7.75,2.8949203,142.66943,0,10.421713
2024,24.25,-7.5,2.8505163,141.41975,0,10.261859
2024,24.25,-7.25,2.8351247,201.11333,0,10.206449
2024,24.25,-7.0,2.7644494,201.17412,0,9.952018
2024,24.25,-6.75,2.7021198,171.89355,0,9.727632
2024,24.25,-6.5,2.6304617,173.29083,0,9.469662
2024,24.25,-6.25,2.5649648,174.34645,0,9.233873
2024,24.25,-6.0,2.4618704,144.43558,0,8.862733
2024,24.25,-5.75,2.2961404,144.4673,0,8.266106
2024,24.25,-5.5,2.1619294,145.36955,0,7.7829456
2024,24.25,-5.25,2.1335862,146.41832,0,7.68091
2024,24.25,-5.0,2.1257064,130.55342,0,7.652543
2024,24.25,-4.75,2.1349237,128.26382,0,7.685725
2024,24.25,-4.5,2.142627,124.1629,0,7.713457
2024,24.25,-4.25,2.1354997,124.35783,0,7.687799
2024,24.25,-4.0,2.1622698,127.4375,0,7.784171
2024,24.25,-3.75,2.2121878,128.93987,0,7.963876
2024,24.25,-3.5,2.2287188,129.33855,0,8.023387
2024,24.25,-3.25,2.262544,128.5325,0,8.145158
2024,24.25,-3.0,2.294631,127.70676,0,8.260672
2024,24.25,-2.75,2.335149,127.12418,0,8.406536
2024,24.25,-2.5,2.377559,126.837074,0,8.559212
2024,24.25,-2.25,2.4130929,127.9358,0,8.687134
2024,24.25,-2.0,2.3806584,128.22475,0,8.57037
2024,24.25,-1.75,2.3031242,127.26574,0,8.291246
2024,24.25,-1.5,2.2560313,126.01235,0,8.121713
2024,24.25,-1.25,2.2644653,124.4882,0,8.152075
2024,24.25,-1.0,2.2788265,123.514565,0,8.203775
2024,24.25,-0.75,2.2944372,123.00806,0,8.259974
2024,24.25,-0.5,2.303285,122.82367,0,8.291825
2024,24.25,-0.25,2.313959,92.514984,0,8.330252
2024,24.25,0.0,2.2911267,91.95996,0,8.248056
2024,24.25,0.25,2.2568004,90.901024,0,8.124481
2024,24.25,0.5,2.1902497,90.19364,0,7.8848987
2024,24.25,0.75,2.1022193,90.09015,0,7.5679893
2024,24.25,1.0,2.0120566,91.101585,0,7.2434034
2024,24.25,1.25,1.9223485,93.69461,0,6.9204545
2024,24.25,1.5,1.7913855,96.85264,0,6.448988
2024,24.25,1.75,1.7420582,99.60254,0,6.271409
2024,24.25,2.0,1.6769615,101.917046,0,6.037061
2024,24.25,2.25,1.4975258,104.57786,0,5.391093
2024,24.25,2.5,1.3496481,107.56991,0,4.858733
2024,24.25,2.75,1.2094835,110.79716,0,4.3541403
2024,24.25,3.0,1.0694572,140.30511,0,3.8500457
2024,24.25,3.25,1.0376396,136.42244,0,3.7355025
2024,24.25,3.5,1.3409611,81.40527,0,4.82746
2024,24.25,3.75,1.514759,84.388054,0,5.453132
2024,24.25,4.0,1.679253,85.50791,0,6.0453105
2024,24.25,4.25,1.6724128,86.75596,0,6.0206857
2024,24.25,4.5,1.6165358,89.17887,0,5.8195286
2024,24.25,4.75,1.5513811,93.38016,0,5.584972
2024,24.25,5.0,1.5520353,95.62293,0,5.587327
2024,24.25,5.25,1.2974008,86.57537,0,4.670643
2024,24.25,5.5,1.0673729,131.97188,0,3.8425424
2024,24.25,5.75,0.8679734,154.56496,0,3.1247041
2024,24.25,6.0,0.93600416,158.93015,0,3.3696148
2024,24.25,6.25,1.0659608,156.68483,0,3.8374586
2024,24.25,6.5,1.0894961,155.12556,0,3.922186
2024,24.25,6.75,1.1685791,156.30829,0,4.206885
2024,24.25,7.0,1.3119465,160.33601,0,4.723007
2024,24.25,7.25,1.3680559,135.76735,0,4.925001
2024,24.25,7.5,1.238999,136.24399,0,4.4603963
2024,24.25,7.75,1.2853063,118.53254,0,4.627103
2024,24.25,8.0,1.3059424,110.00999,0,4.7013927
2024,24.25,8.25,1.2436801,94.25787,0,4.477248
2024,24.25,8.5,1.2231512,81.05398,0,4.403344
2024,24.25,8.75,1.3678732,68.96005,0,4.9243436
2024,24.25,9.0,1.6210805,69.032104,0,5.83589
2024,24.25,9.25,1.7614921,66.86774,0,6.3413715
2024,24.25,9.5,1.741829,69.51469,0,6.2705846
2024,24.25,9.75,1.9333705,66.74197,0,6.9601336
2024,24.25,10.0,1.9041487,60.798416,0,6.854935
2024,24.25,10.25,1.8336701,81.368385,0,6.6012125
2024,24.25,10.5,1.641972,54.389286,0,5.911099
2024,24.25,10.75,1.7546529,62.921314,0,6.31675
2024,24.25,11.0,1.5580794,65.55622,0,5.6090856
2024,24.25,11.25,1.7622094,75.675995,0,6.3439536
2024,24.25,11.5,2.2508352,79.18176,0,8.103006
2024,24.25,11.75,2.5847633,79.97919,0,9.305147
2024,24.25,12.0,2.2345536,69.9697,0,8.044393
2024,24.0,-9.0,3.0410702,145.05638,0,10.947852
2024,24.0,-8.75,3.0238101,146.98845,0,10.885716
2024,24.0,-8.5,3.0177727,148.34372,0,10.863981
2024,24.0,-8.25,2.9838207,147.79054,0,10.741755
2024,24.0,-8.0,2.9304202,145.73427,0,10.549512
2024,24.0,-7.75,2.876094,143.5082,0,10.353938
2024,24.0,-7.5,2.8415148,142.6209,0,10.229453
2024,24.0,-7.25,2.798423,143.30116,0,10.074323
2024,24.0,-7.0,2.7144442,144.13463,0,9.771998
2024,24.0,-6.75,2.6272895,145.35455,0,9.458242
2024,24.0,-6.5,2.5486374,146.99342,0,9.175095
2024,24.0,-6.25,2.4842863,148.47008,0,8.943431
2024,24.0,-6.0,2.4021254,149.59639,0,8.647651
2024,24.0,-5.75,2.2979867,120.471886,0,8.272752
2024,24.0,-5.5,2.2681825,121.41538,0,8.165457
2024,24.0,-5.25,2.2696512,122.72527,0,8.170744
2024,24.0,-5.0,2.2964015,123.60609,0,8.267045
2024,24.0,-4.75,2.3256164,123.56197,0,8.372219
2024,24.0,-4.5,2.3238,123.32861,0,8.36568
2024,24.0,-4.25,2.2833016,124.78254,0,8.219886
2024,24.0,-4.0,2.2987957,127.46237,0,8.275664
2024,24.0,-3.75,2.3117478,129.29993,0,8.322291
2024,24.0,-3.5,2.3089063,129.86217,0,8.312062
2024,24.0,-3.25,2.2785008,129.53877,0,8.202602
2024,24.0,-3.0,2.267287,128.78453,0,8.162233
2024,24.0,-2.75,2.2835605,126.877266,0,8.220818
2024,24.0,-2.5,2.295931,126.131966,0,8.265351
2024,24.0,-2.25,2.3664298,98.04745,0,8.519147
2024,24.0,-2.0,2.4245431,100.55335,0,8.728355
2024,24.0,-1.75,2.3489492,100.11863,0,8.456217
2024,24.0,-1.5,2.2123804,126.92783,0,7.964569
2024,24.0,-1.25,2.2287047,125.18732,0,8.023336
2024,24.0,-1.0,2.2464428,124.2713,0,8.0871935
2024,24.0,-0.75,2.2517555,124.09326,0,8.106319
2024,24.0,-0.5,2.2531335,94.05084,0,8.11128
2024,24.0,-0.25,2.2365203,94.04923,0,8.051473
2024,24.0,0.0,2.1943977,93.96397,0,7.8998313
2024,24.0,0.25,2.1529768,93.30782,0,7.750716
2024,24.0,0.5,2.077867,93.2772,0,7.480321
2024,24.0,0.75,1.9871694,93.893005,0,7.1538095
2024,24.0,1.0,1.8988274,95.82566,0,6.8357787
2024,24.0,1.25,1.8279333,99.72054,0,6.5805597
2024,24.0,1.5,1.7460896,102.242714,0,6.2859225
2024,24.0,1.75,1.685275,104.47466,0,6.06699
2024,24.0,2.0,1.6303045,107.0802,0,5.869096
2024,24.0,2.25,1.5446644,109.977844,0,5.5607915
2024,24.0,2.5,1.4695582,112.712524,0,5.2904096
2024,24.0,2.75,1.4218277,114.59432,0,5.1185794
2024,24.0,3.0,1.3440338,114.56153,0,4.8385215
2024,24.0,3.25,1.3410244,111.90308,0,4.8276877
2024,24.0,3.5,1.4232124,111.82006,0,5.1235647
2024,24.0,3.75,1.4593934,84.08344,0,5.253816
2024,24.0,4.0,1.4454818,87.770935,0,5.2037344
2024,24.0,4.25,1.4146761,92.432526,0,5.0928335
2024,24.0,4.5,1.3817827,95.6798,0,4.974417
2024,24.0,4.75,1.4574426,94.14698,0,5.2467933
2024,24.0,5.0,1.5790683,95.70034,0,5.6846457
2024,24.0,5.25,1.4899112,91.00647,0,5.3636804
2024,24.0,5.5,1.2863101,136.48015,0,4.6307163
2024,24.0,5.75,1.1420239,153.79468,0,4.111286
2024,24.0,6.0,1.1514233,147.36345,0,4.145124
2024,24.0,6.25,1.1718991,156.48785,0,4.218837
2024,24.0,6.5,1.1620605,162.60289,0,4.183418
2024,24.0,6.75,1.1857473,165.62103,0,4.26869
2024,24.0,7.0,1.1546406,165.55428,0,4.156706
2024,24.0,7.25,1.1576811,132.80307,0,4.1676517
2024,24.0,7.5,1.177728,127.02143,0,4.239821
2024,24.0,7.75,1.3608168,119.921425,0,4.8989406
2024,24.0,8.0,1.3568201,114.53577,0,4.8845525
2024,24.0,8.25,1.1653631,106.6077,0,4.195307
2024,24.0,8.5,1.0580195,94.199646,0,3.80887
2024,24.0,8.75,1.1451931,76.93097,0,4.122695
2024,24.0,9.0,1.4282824,78.302185,0,5.1418166
2024,24.0,9.25,1.6104937,72.213425,0,5.797777
2024,24.0,9.5,1.8576145,70.3693,0,6.6874123
2024,24.0,9.75,2.2111514,66.97573,0,7.9601445
2024,24.0,10.0,2.5964277,60.656586,0,9.347139
2024,24.0,10.25,2.7030382,54.187534,0,9.730937
2024,24.0,10.5,2.3603497,56.584396,0,8.497258
2024,24.0,10.75,2.1159527,65.37363,0,7.6174297
2024,24.0,11.0,1.7991444,65.58285,0,6.4769197
2024,24.0,11.25,1.6643853,69.32688,0,5.991787
2024,24.0,11.5,2.0491068,73.07656,0,7.3767843
2024,24.0,11.75,2.631317,70.45904,0,9.47274
2024,24.0,12.0,2.5542352,61.17009,0,9.195247
2024,23.75,-9.0,3.001914,145.9236,0,10.8068905
2024,23.75,-8.75,2.9970286,117.76054,0,10.789303
2024,23.75,-8.5,3.013153,118.813805,0,10.847351
2024,23.75,-8.25,3.0037746,118.15991,0,10.813588
2024,23.75,-8.0,2.955962,146.36302,0,10.641462
2024,23.75,-7.75,2.876269,144.769,0,10.3545685
2024,23.75,-7.5,2.7828217,145.007,0,10.018158
2024,23.75,-7.25,2.6801827,146.85869,0,9.648658
2024,23.75,-7.0,2.574393,148.17609,0,9.267815
2024,23.75,-6.75,2.4946115,149.32693,0,8.980601
2024,23.75,-6.5,2.444898,150.63464,0,8.801632
2024,23.75,-6.25,2.4202485,122.19453,0,8.712894
2024,23.75,-6.0,2.41675,123.37388,0,8.700299
2024,23.75,-5.75,2.40554,123.14062,0,8.659944
2024,23.75,-5.5,2.4072835,122.80896,0,8.666221
2024,23.75,-5.25,2.420027,123.17094,0,8.712097
2024,23.75,-5.0,2.4473517,124.03107,0,8.810466
2024,23.75,-4.75,2.478883,124.90002,0,8.923979
2024,23.75,-4.5,2.4742734,125.70679,0,8.907384
2024,23.75,-4.25,2.4502208,126.95225,0,8.820795
2024,23.75,-4.0,2.4585388,129.02551,0,8.8507395
2024,23.75,-3.75,2.4654522,130.9352,0,8.8756275
2024,23.75,-3.5,2.4427793,131.89928,0,8.794005
2024,23.75,-3.25,2.376218,131.49222,0,8.554385
2024,23.75,-3.0,2.282181,129.7816,0,8.215852
2024,23.75,-2.75,2.1984932,126.45236,0,7.9145756
2024,23.75,-2.5,2.1350136,125.39387,0,7.6860485
2024,23.75,-2.25,2.2092342,99.15035,0,7.9532433
2024,23.75,-2.0,2.3501937,103.406334,0,8.460697
2024,23.75,-1.75,2.3851972,103.388885,0,8.58671
2024,23.75,-1.5,2.2370903,127.76663,0,8.053525
2024,23.75,-1.25,2.216565,125.96463,0,7.9796333
2024,23.75,-1.0,2.2170422,125.60828,0,7.981352
2024,23.75,-0.75,2.2037284,95.931404,0,7.933422
2024,23.75,-0.5,2.1797736,96.40798,0,7.8471847
2024,23.75,-0.25,2.1519084,96.82067,0,7.74687
2024,23.75,0.0,2.106021,97.03634,0,7.581675
2024,23.75,0.25,2.0381548,97.39624,0,7.337357
2024,23.75,0.5,1.9657372,98.39239,0,7.076654
2024,23.75,0.75,1.888019,100.36124,0,6.7968683
2024,23.75,1.0,1.8084702,103.231224,0,6.510493
2024,23.75,1.25,1.7385455,106.17507,0,6.258764
2024,23.75,1.5,1.7105778,108.688835,0,6.15808
2024,23.75,1.75,1.6462421,110.11631,0,5.9264717
2024,23.75,2.0,1.5741507,111.452965,0,5.666942
2024,23.75,2.25,1.5022907,114.52346,0,5.4082465
2024,23.75,2.5,1.409778,118.417274,0,5.0752006
2024,23.75,2.75,1.3017045,122.12661,0,4.6861362
2024,23.75,3.0,1.283285,125.487366,0,4.619826
2024,23.75,3.25,1.2621912,124.21228,0,4.543888
2024,23.75,3.5,1.2578686,122.91992,0,4.528327
2024,23.75,3.75,1.2605039,94.211006,0,4.5378137
2024,23.75,4.0,1.2755368,96.429016,0,4.5919323
2024,23.75,4.25,1.3182226,96.74813,0,4.745601
2024,23.75,4.5,1.4040518,95.33866,0,5.0545864
2024,23.75,4.75,1.5011333,92.64268,0,5.40408
2024,23.75,5.0,1.6156701,101.25052,0,5.816412
2024,23.75,5.25,1.6389061,97.19097,0,5.900062
2024,23.75,5.5,1.5850455,113.0838,0,5.7061634
2024,23.75,5.75,1.5351831,143.12315,0,5.526659
2024,23.75,6.0,1.4506621,154.90225,0,5.2223835
2024,23.75,6.25,1.3470917,164.063,0,4.8495297
2024,23.75,6.5,1.219372,171.59338,0,4.389739
2024,23.75,6.75,1.109836,165.43645,0,3.9954095
2024,23.75,7.0,1.0908867,157.2539,0,3.927192
2024,23.75,7.25,1.0652791,127.19449,0,3.8350048
2024,23.75,7.5,1.1681896,94.81815,0,4.2054825
2024,23.75,7.75,1.4247485,104.622406,0,5.1290946
2024,23.75,8.0,1.3880395,104.700645,0,4.996942
2024,23.75,8.25,1.2117009,102.22465,0,4.362123
2024,23.75,8.5,1.0905317,95.91351,0,3.925914
2024,23.75,8.75,1.1615193,85.96403,0,4.1814694
2024,23.75,9.0,1.4395379,81.43632,0,5.1823363
2024,23.75,9.25,1.6337376,77.5725,0,5.881455
2024,23.75,9.5,1.8783416,74.243576,0,6.7620296
2024,23.75,9.75,2.2943156,69.1706,0,8.259536
2024,23.75,10.0,2.841596,62.47185,0,10.229745
2024,23.75,10.25,3.2621133,57.776398,0,11.7436075
2024,23.75,10.5,3.114261,60.61571,0,11.211339
2024,23.75,10.75,2.798952,67.12021,0,10.076227
2024,23.75,11.0,2.2990294,68.872475,0,8.276505
2024,23.75,11.25,1.9179205,70.00415,0,6.9045134
2024,23.75,11.5,1.9826273,69.771996,0,7.137458
2024,23.75,11.75,2.5047133,65.06585,0,9.016968
2024,23.75,12.0,2.8612936,57.281452,0,10.300656
2024,23.5,-9.0,2.9388163,117.46987,0,10.579739
2024,23.5,-8.75,2.9371185,118.625496,0,10.5736265
2024,23.5,-8.5,2.948727,119.10525,0,10.615417
2024,23.5,-8.25,2.937771,118.39022,0,10.575975
2024,23.5,-8.0,2.8886106,147.23788,0,10.398998
2024,23.5,-7.75,2.7973588,147.35582,0,10.070491
2024,23.5,-7.5,2.692237,119.55087,0,9.692053
2024,23.5,-7.25,2.6060193,121.737175,0,9.381669
2024,23.5,-7.0,2.5289493,122.06763,0,9.104218
2024,23.5,-6.75,2.4707963,122.269325,0,8.894867
2024,23.5,-6.5,2.4513385,122.109184,0,8.824819
2024,23.5,-6.25,2.450943,122.79977,0,8.823395
2024,23.5,-6.0,2.479811,123.54508,0,8.92732
2024,23.5,-5.75,2.4898322,123.57949,0,8.963395
2024,23.5,-5.5,2.481418,123.87354,0,8.9331045
2024,23.5,-5.25,2.4862764,125.16123,0,8.950595
2024,23.5,-5.0,2.511419,126.63275,0,9.041108
2024,23.5,-4.75,2.5332353,128.26027,0,9.119647
2024,23.5,-4.5,2.5258787,129.37837,0,9.093163
2024,23.5,-4.25,2.4989116,130.60332,0,8.996081
2024,23.5,-4.0,2.4856951,131.99858,0,8.948503
2024,23.5,-3.75,2.5126228,133.16347,0,9.045442
2024,23.5,-3.5,2.549214,133.06706,0,9.17717
2024,23.5,-3.25,2.5257645,132.0171,0,9.0927515
2024,23.5,-3.0,2.433842,130.95393,0,8.76183
2024,23.5,-2.75,2.2609491,129.41908,0,8.139417
2024,23.5,-2.5,2.0856245,128.73558,0,7.508248
2024,23.5,-2.25,2.0414152,103.1515,0,7.3490944
2024,23.5,-2.0,2.1772685,77.52346,0,7.838166
2024,23.5,-1.75,2.3264768,76.60265,0,8.375317
2024,23.5,-1.5,2.2433965,130.14838,0,8.076227
2024,23.5,-1.25,2.1989348,128.83418,0,7.916165
2024,23.5,-1.0,2.2016802,98.58723,0,7.9260483
2024,23.5,-0.75,2.183347,99.04409,0,7.860049
2024,23.5,-0.5,2.1378381,99.79337,0,7.696217
2024,23.5,-0.25,2.0925477,100.68222,0,7.533171
2024,23.5,0.0,2.032286,101.93287,0,7.3162293
2024,23.5,0.25,1.9711018,103.60676,0,7.0959663
2024,23.5,0.5,1.894363,105.28555,0,6.819707
2024,23.5,0.75,1.8234844,107.94229,0,6.5645437
2024,23.5,1.0,1.7612529,111.59179,0,6.3405104
2024,23.5,1.25,1.7034382,114.56295,0,6.132377
2024,23.5,1.5,1.6696777,117.2331,0,6.0108395
2024,23.5,1.75,1.5977181,117.874695,0,5.7517853
2024,23.5,2.0,1.5426055,119.330894,0,5.5533795
2024,23.5,2.25,1.4689125,121.98761,0,5.288085
2024,23.5,2.5,1.3082718,124.61788,0,4.7097783
2024,23.5,2.75,1.1168054,126.940025,0,4.020499
2024,23.5,3.0,1.2136441,131.31921,0,4.3691187
2024,23.5,3.25,1.2367225,133.21773,0,4.452201
2024,23.5,3.5,1.1983248,132.2235,0,4.313969
2024,23.5,3.75,1.1907313,102.10198,0,4.2866325
2024,23.5,4.0,1.2066673,102.292114,0,4.3440022
2024,23.5,4.25,1.2210394,99.221886,0,4.395742
2024,23.5,4.5,1.2901255,96.30503,0,4.6444516
2024,23.5,4.75,1.3266844,96.871315,0,4.7760634
2024,23.5,5.0,1.3254863,81.34957,0,4.7717505
2024,23.5,5.25,1.345765,106.5189,0,4.8447537
2024,23.5,5.5,1.4395117,145.59377,0,5.182242
2024,23.5,5.75,1.5580372,155.46829,0,5.6089334
2024,23.5,6.0,1.4054183,162.23659,0,5.0595055
2024,23.5,6.25,1.3085899,156.56812,0,4.7109237
2024,23.5,6.5,1.1732149,153.0221,0,4.2235737
2024,23.5,6.75,1.0238281,152.60193,0,3.6857812
2024,23.5,7.0,1.0119344,125.065,0,3.6429636
2024,23.5,7.25,1.1246063,105.08268,0,4.0485826
2024,23.5,7.5,1.4250388,71.16708,0,5.13014
2024,23.5,7.75,1.6986933,90.75913,0,6.1152954
2024,23.5,8.0,1.5281793,96.531334,0,5.5014453
2024,23.5,8.25,1.3481164,96.03269,0,4.853219
2024,23.5,8.5,1.2913464,92.09204,0,4.648847
2024,23.5,8.75,1.3855015,85.39942,0,4.9878054
2024,23.5,9.0,1.584124,78.07502,0,5.702846
2024,23.5,9.25,1.8407472,77.74491,0,6.62669
2024,23.5,9.5,2.0890908,77.27817,0,7.5207267
2024,23.5,9.75,2.3991482,73.77365,0,8.636933
2024,23.5,10.0,2.8405802,67.46258,0,10.226089
2024,23.5,10.25,3.2881193,63.49991,0,11.837229
2024,23.5,10.5,3.4252975,64.77496,0,12.331071
2024,23.5,10.75,3.4423258,67.26329,0,12.392373
2024,23.5,11.0,3.1788018,67.056366,0,11.4436865
2024,23.5,11.25,2.69403,67.40272,0,9.698508
2024,23.5,11.5,2.2925284,67.507164,0,8.253102
2024,23.5,11.75,2.382739,64.55757,0,8.577861
2024,23.5,12.0,2.8229094,57.868816,0,10.162474
2024,23.25,-9.0,2.8850632,119.07575,0,10.386228
2024,23.25,-8.75,2.870123,119.61208,0,10.332442
2024,23.25,-8.5,2.8529987,119.448555,0,10.270795
2024,23.25,-8.25,2.8226547,119.03713,0,10.161557
2024,23.25,-8.0,2.7366297,119.211876,0,9.851867
2024,23.25,-7.75,2.6354291,120.36184,0,9.487545
2024,23.25,-7.5,2.6091192,123.4534,0,9.392829
2024,23.25,-7.25,2.6065567,124.1639,0,9.383604
2024,23.25,-7.0,2.5508184,123.79066,0,9.182946
2024,23.25,-6.75,2.5172906,122.400024,0,9.062246
2024,23.25,-6.5,2.4952397,122.090416,0,8.982862
2024,23.25,-6.25,2.4709625,122.783875,0,8.895465
2024,23.25,-6.0,2.492325,124.267784,0,8.97237
2024,23.25,-5.75,2.5259821,125.12753,0,9.093535
2024,23.25,-5.5,2.5401182,126.276825,0,9.144425
2024,23.25,-5.25,2.5549734,127.61575,0,9.197904
2024,23.25,-5.0,2.597173,129.29037,0,9.349822
2024,23.25,-4.75,2.6316154,130.71162,0,9.473815
2024,23.25,-4.5,2.6655953,131.1671,0,9.596143
2024,23.25,-4.25,2.6703482,132.62608,0,9.613254
2024,23.25,-4.0,2.631292,133.49121,0,9.4726515
2024,23.25,-3.75,2.5677671,133.5337,0,9.243961
2024,23.25,-3.5,2.566666,133.21788,0,9.239997
2024,23.25,-3.25,2.573321,103.2405,0,9.263956
2024,23.25,-3.0,2.573198,73.613014,0,9.263513
2024,23.25,-2.75,2.4649272,103.686134,0,8.873737
2024,23.25,-2.5,2.2381968,104.30454,0,8.057508
2024,23.25,-2.25,2.14278,77.92847,0,7.714008
2024,23.25,-2.0,2.154801,80.142525,0,7.757283
2024,23.25,-1.75,2.2711694,78.12803,0,8.176209
2024,23.25,-1.5,2.239118,72.66854,0,8.060825
2024,23.25,-1.25,2.1945956,72.040215,0,7.9005437
2024,23.25,-1.0,2.1865454,102.36744,0,7.871563
2024,23.25,-0.75,2.1555734,103.768486,0,7.760064
2024,23.25,-0.5,2.1117973,105.423164,0,7.6024704
2024,23.25,-0.25,2.067455,106.69317,0,7.442838
2024,23.25,0.0,2.009244,108.85095,0,7.2332783
2024,23.25,0.25,1.9661261,110.336876,0,7.078054
2024,23.25,0.5,1.9006624,112.66294,0,6.8423843
2024,23.25,0.75,1.8295202,116.27948,0,6.5862727
2024,23.25,1.0,1.749142,120.40915,0,6.2969112
2024,23.25,1.25,1.6865677,123.334496,0,6.0716434
2024,23.25,1.5,1.622732,125.457825,0,5.841835
2024,23.25,1.75,1.5744047,126.23623,0,5.6678567
2024,23.25,2.0,1.5128509,128.17543,0,5.446263
2024,23.25,2.25,1.416141,130.41176,0,5.098108
2024,23.25,2.5,1.2658138,132.6922,0,4.5569296
2024,23.25,2.75,1.1606057,133.27094,0,4.17818
2024,23.25,3.0,1.2882785,135.44043,0,4.637802
2024,23.25,3.25,1.3017237,137.4518,0,4.6862054
2024,23.25,3.5,1.24828,137.89983,0,4.4938083
2024,23.25,3.75,1.216653,106.863884,0,4.3799505
2024,23.25,4.0,1.1796856,104.38328,0,4.246868
2024,23.25,4.25,1.1793014,101.10081,0,4.245485
2024,23.25,4.5,1.1861863,99.95127,0,4.270271
2024,23.25,4.75,1.1754876,104.03513,0,4.2317553
2024,23.25,5.0,1.2041911,88.580894,0,4.335088
2024,23.25,5.25,1.1017756,144.72144,0,3.9663923
2024,23.25,5.5,1.2707511,153.71783,0,4.5747037
2024,23.25,5.75,1.4938961,152.21344,0,5.378026
2024,23.25,6.0,1.239966,149.31296,0,4.4638777
2024,23.25,6.25,1.1385098,146.70465,0,4.098635
2024,23.25,6.5,1.1242589,147.77614,0,4.047332
2024,23.25,6.75,1.0917407,151.98949,0,3.9302666
2024,23.25,7.0,1.1724142,100.98249,0,4.2206907
2024,23.25,7.25,1.3744701,53.852314,0,4.9480925
2024,23.25,7.5,1.8475403,78.08053,0,6.651145
2024,23.25,7.75,2.127173,86.72451,0,7.6578226
2024,23.25,8.0,1.8738729,90.0195,0,6.745942
2024,23.25,8.25,1.5168791,86.920784,0,5.4607644
2024,23.25,8.5,1.4351039,81.24464,0,5.1663737
2024,23.25,8.75,1.6499901,73.79217,0,5.9399643
2024,23.25,9.0,1.8529801,70.45992,0,6.670728
2024,23.25,9.25,2.0913618,72.05098,0,7.528902
2024,23.25,9.5,2.386527,74.66508,0,8.591497
2024,23.25,9.75,2.6058605,73.01466,0,9.381098
2024,23.25,10.0,2.7127895,70.61727,0,9.766042
2024,23.25,10.25,3.0040195,67.40817,0,10.81447
2024,23.25,10.5,3.4861267,68.1675,0,12.5500555
2024,23.25,10.75,3.8971531,67.4238,0,14.029751
2024,23.25,11.0,3.751877,65.61535,0,13.506757
2024,23.25,11.25,3.4816082,63.166595,0,12.533789
2024,23.25,11.5,3.1236935,62.394985,0,11.2452965
2024,23.25,11.75,2.8723052,61.89749,0,10.340299
2024,23.25,12.0,3.0881698,58.818737,0,11.117411
2024,23.0,-9.0,2.8507335,119.98777,0,10.26264
2024,23.0,-8.75,2.8200214,120.550575,0,10.152077
2024,23.0,-8.5,2.7874482,120.602745,0,10.034813
2024,23.0,-8.25,2.7206957,120.57484,0,9.794504
2024,23.0,-8.0,2.6332033,121.107086,0,9.479531
2024,23.0,-7.75,2.565194,122.49881,0,9.234697
2024,23.0,-7.5,2.5684564,125.13038,0,9.246443
2024,23.0,-7.25,2.5924551,125.26426,0,9.332838
2024,23.0,-7.0,2.5914676,124.14859,0,9.329283
2024,23.0,-6.75,2.5612905,123.1138,0,9.220646
2024,23.0,-6.5,2.5276072,123.875755,0,9.099385
2024,23.0,-6.25,2.4990747,125.06439,0,8.996669
2024,23.0,-6.0,2.5003755,127.086815,0,9.001351
2024,23.0,-5.75,2.5378993,128.07172,0,9.136437
2024,23.0,-5.5,2.5521219,129.07555,0,9.187638
2024,23.0,-5.25,2.567128,130.2195,0,9.24166
2024,23.0,-5.0,2.6089566,131.68402,0,9.392243
2024,23.0,-4.75,2.6405938,132.00099,0,9.506137
2024,23.0,-4.5,2.6783168,131.85966,0,9.64194
2024,23.0,-4.25,2.7446287,133.11389,0,9.880663
2024,23.0,-4.0,2.8252847,103.77237,0,10.171024
2024,23.0,-3.75,2.7579079,103.949104,0,9.928468
2024,23.0,-3.5,2.6394837,104.31516,0,9.502141
2024,23.0,-3.25,2.5903335,74.54769,0,9.3252
2024,23.0,-3.0,2.5966718,46.007,0,9.348019
2024,23.0,-2.75,2.6268542,48.254475,0,9.456675
2024,23.0,-2.5,2.4543128,49.498318,0,8.8355255
2024,23.0,-2.25,2.3004353,50.782154,0,8.281567
2024,23.0,-2.0,2.2958748,52.35541,0,8.265149
2024,23.0,-1.75,2.2744129,50.186573,0,8.187886
2024,23.0,-1.5,2.2351456,77.233086,0,8.046524
2024,23.0,-1.25,2.209317,78.06986,0,7.953541
2024,23.0,-1.0,2.1954958,79.48731,0,7.9037848
2024,23.0,-0.75,2.1701598,81.1179,0,7.8125753
2024,23.0,-0.5,2.1263316,82.52148,0,7.6547933
2024,23.0,-0.25,2.083834,113.91906,0,7.501802
2024,23.0,0.0,2.0392187,116.03335,0,7.341187
2024,23.0,0.25,1.9923207,117.45205,0,7.172354
2024,23.0,0.5,1.9390172,120.091,0,6.9804616
2024,23.0,0.75,1.8736619,123.28834,0,6.7451825
2024,23.0,1.0,1.8009704,127.07238,0,6.4834933
2024,23.0,1.25,1.7270284,129.86522,0,6.217302
2024,23.0,1.5,1.6494356,132.27467,0,5.9379683
2024,23.0,1.75,1.6040348,134.53563,0,5.774525
2024,23.0,2.0,1.5473496,136.36456,0,5.5704584
2024,23.0,2.25,1.4665956,138.45119,0,5.279744
2024,23.0,2.5,1.40527,139.18645,0,5.058972
2024,23.0,2.75,1.3604898,140.25247,0,4.8977633
2024,23.0,3.0,1.4325641,142.06635,0,5.157231
2024,23.0,3.25,1.3865627,143.29405,0,4.991626
2024,23.0,3.5,1.339552,113.76658,0,4.822387
2024,23.0,3.75,1.2732139,112.98645,0,4.58357
2024,23.0,4.0,1.2251548,110.49824,0,4.410557
2024,23.0,4.25,1.2221917,113.211334,0,4.39989
2024,23.0,4.5,1.2828158,117.9714,0,4.618137
2024,23.0,4.75,1.3855463,93.58755,0,4.9879665
2024,23.0,5.0,1.5915548,87.55505,0,5.729597
2024,23.0,5.25,1.5023732,110.30837,0,5.4085436
2024,23.0,5.5,1.5372292,164.22614,0,5.5340247
2024,23.0,5.75,1.6546336,152.63629,0,5.956681
2024,23.0,6.0,1.2417613,143.07167,0,4.4703407
2024,23.0,6.25,1.1653224,144.8866,0,4.1951604
2024,23.0,6.5,1.2506546,92.88215,0,4.5023565
2024,23.0,6.75,1.3287485,100.32971,0,4.7834945
2024,23.0,7.0,1.4602909,48.468277,0,5.257047
2024,23.0,7.25,1.6302999,65.762794,0,5.8690796
2024,23.0,7.5,2.083404,81.89273,0,7.5002546
2024,23.0,7.75,2.3980305,85.497185,0,8.63291
2024,23.0,8.0,2.3029935,81.09664,0,8.290776
2024,23.0,8.25,1.9301114,76.24664,0,6.948401
2024,23.0,8.5,1.7552058,68.28901,0,6.3187404
2024,23.0,8.75,1.9538482,64.79935,0,7.0338535
2024,23.0,9.0,2.0932488,65.97721,0,7.5356956
2024,23.0,9.25,2.302676,68.298615,0,8.289633
2024,23.0,9.5,2.615267,71.180504,0,9.414961
2024,23.0,9.75,2.7160094,71.325,0,9.777634
2024,23.0,10.0,2.8051395,68.97028,0,10.098502
2024,23.0,10.25,2.8989887,67.683426,0,10.436359
2024,23.0,10.5,3.3740966,68.86002,0,12.146748
2024,23.0,10.75,3.7743616,67.217606,0,13.587702
2024,23.0,11.0,3.8436604,62.91197,0,13.837177
2024,23.0,11.25,3.7002697,60.204742,0,13.320971
2024,23.0,11.5,3.7841237,58.842274,0,13.622845
2024,23.0,11.75,3.5958805,58.31868,0,12.945169
2024,23.0,12.0,3.3305206,57.656647,0,11.989874
2024,22.75,-9.0,2.7847989,120.30808,0,10.025275
2024,22.75,-8.75,2.7811315,121.16329,0,10.0120735
2024,22.75,-8.5,2.7534826,121.81616,0,9.912537
2024,22.75,-8.25,2.688142,121.61258,0,9.677311
2024,22.75,-8.0,2.614878,121.70633,0,9.41356
2024,22.75,-7.75,2.5573413,122.83572,0,9.206429
2024,22.75,-7.5,2.5806508,124.71643,0,9.290342
2024,22.75,-7.25,2.6147623,125.01483,0,9.413144
2024,22.75,-7.0,2.6165035,124.568596,0,9.419413
2024,22.75,-6.75,2.5949461,125.5888,0,9.341805
2024,22.75,-6.5,2.5639331,127.51397,0,9.230159
2024,22.75,-6.25,2.5305023,129.08554,0,9.109808
2024,22.75,-6.0,2.5278528,130.77686,0,9.100269
2024,22.75,-5.75,2.5476987,131.49683,0,9.171715
2024,22.75,-5.5,2.550418,132.09889,0,9.181504
2024,22.75,-5.25,2.5570354,133.06136,0,9.205327
2024,22.75,-5.0,2.5675461,133.8645,0,9.243166
2024,22.75,-4.75,2.563472,133.74928,0,9.228499
2024,22.75,-4.5,2.5573485,133.29356,0,9.206454
2024,22.75,-4.25,2.6211712,134.30159,0,9.436216
2024,22.75,-4.0,2.695773,105.11846,0,9.7047825
2024,22.75,-3.75,2.7283869,46.135517,0,9.822192
2024,22.75,-3.5,2.7607834,46.910175,0,9.93882
2024,22.75,-3.25,2.6621115,47.22304,0,9.583601
2024,22.75,-3.0,2.5719488,49.254883,0,9.259015
2024,22.75,-2.75,2.6050014,52.583984,0,9.378005
2024,22.75,-2.5,2.5517108,55.104427,0,9.186159
2024,22.75,-2.25,2.468315,56.595875,0,8.885933
2024,22.75,-2.0,2.3803036,54.56334,0,8.569093
2024,22.75,-1.75,2.3165128,52.931408,0,8.339446
2024,22.75,-1.5,2.2647765,53.16962,0,8.153195
2024,22.75,-1.25,2.249648,54.97996,0,8.098733
2024,22.75,-1.0,2.2372532,56.485916,0,8.0541115
2024,22.75,-0.75,2.2125921,88.076,0,7.9653316
2024,22.75,-0.5,2.187496,89.248634,0,7.874985
2024,22.75,-0.25,2.1298974,90.636314,0,7.66763
2024,22.75,0.0,2.0974061,92.00431,0,7.550662
2024,22.75,0.25,2.0494006,123.8019,0,7.377842
2024,22.75,0.5,1.9990406,126.51232,0,7.196546
2024,22.75,0.75,1.9458591,129.2343,0,7.0050926
2024,22.75,1.0,1.8847142,132.07481,0,6.784971
2024,22.75,1.25,1.8159548,134.32367,0,6.537437
2024,22.75,1.5,1.732914,136.67136,0,6.23849
2024,22.75,1.75,1.6925421,139.97276,0,6.093151
2024,22.75,2.0,1.6867967,141.82242,0,6.072468
2024,22.75,2.25,1.6467992,142.22942,0,5.928477
2024,22.75,2.5,1.5891031,143.21123,0,5.720771
2024,22.75,2.75,1.5765785,145.53899,0,5.6756825
2024,22.75,3.0,1.5993103,118.16334,0,5.757517
2024,22.75,3.25,1.5436827,119.77598,0,5.5572577
2024,22.75,3.5,1.4773359,120.74409,0,5.3184094
2024,22.75,3.75,1.4618446,121.81249,0,5.2626405
2024,22.75,4.0,1.4616885,123.38818,0,5.262079
2024,22.75,4.25,1.5220684,126.022125,0,5.479446
2024,22.75,4.5,1.6594709,127.36893,0,5.9740953
2024,22.75,4.75,1.7993861,126.15069,0,6.47779
2024,22.75,5.0,1.9489293,90.7299,0,7.016145
2024,22.75,5.25,2.065,108.56014,0,7.434
2024,22.75,5.5,2.0178182,120.73975,0,7.2641454
2024,22.75,5.75,1.8566836,161.72894,0,6.684061
2024,22.75,6.0,1.5200983,150.91707,0,5.472354
2024,22.75,6.25,1.3994802,95.4235,0,5.038129
2024,22.75,6.5,1.3822476,103.28439,0,4.976091
2024,22.75,6.75,1.5288239,52.494198,0,5.5037656
2024,22.75,7.0,1.6724094,61.833027,0,6.0206738
2024,22.75,7.25,1.9125937,72.9989,0,6.8853374
2024,22.75,7.5,2.3106167,81.74396,0,8.31822
2024,22.75,7.75,2.7046854,82.57773,0,9.736867
2024,22.75,8.0,2.672754,76.51202,0,9.621914
2024,22.75,8.25,2.3310509,68.00082,0,8.391783
2024,22.75,8.5,2.087442,63.56168,0,7.5147905
2024,22.75,8.75,2.178497,63.96234,0,7.8425894
2024,22.75,9.0,2.2649348,65.63133,0,8.153765
2024,22.75,9.25,2.4126134,67.15649,0,8.685408
2024,22.75,9.5,2.7548516,70.2964,0,9.917465
2024,22.75,9.75,2.9159682,70.04003,0,10.497485
2024,22.75,10.0,2.8363726,67.118195,0,10.210941
2024,22.75,10.25,2.8597662,65.73469,0,10.295158
2024,22.75,10.5,3.2523687,66.535255,0,11.708527
2024,22.75,10.75,3.6614387,65.06594,0,13.181179
2024,22.75,11.0,3.7783177,61.176388,0,13.601943
2024,22.75,11.25,4.0412765,58.13532,0,14.548594
2024,22.75,11.5,4.255405,57.30344,0,15.319457
2024,22.75,11.75,3.906828,56.665752,0,14.06458
2024,22.75,12.0,3.4933388,55.44351,0,12.576019
2024,22.5,-9.0,2.6866207,150.18257,0,9.671834
2024,22.5,-8.75,2.7129803,151.24054,0,9.766728
2024,22.5,-8.5,2.7437966,121.61404,0,9.877667
2024,22.5,-8.25,2.6903732,121.236,0,9.685343
2024,22.5,-8.0,2.6300929,120.8797,0,9.468334
2024,22.5,-7.75,2.5930672,122.22703,0,9.335042
2024,22.5,-7.5,2.609603,124.20582,0,9.39457
2024,22.5,-7.25,2.62064,126.41227,0,9.434304
2024,22.5,-7.0,2.6244905,127.51765,0,9.448166
2024,22.5,-6.75,2.6148696,129.60767,0,9.41353
2024,22.5,-6.5,2.5971403,131.88936,0,9.349705
2024,22.5,-6.25,2.5837548,133.25314,0,9.301517
2024,22.5,-6.0,2.5902994,134.10623,0,9.325077
2024,22.5,-5.75,2.5896535,134.60977,0,9.322752
2024,22.5,-5.5,2.569107,135.22478,0,9.248785
2024,22.5,-5.25,2.5663748,136.02373,0,9.238949
2024,22.5,-5.0,2.532941,137.41608,0,9.1185875
2024,22.5,-4.75,2.488074,137.54787,0,8.957067
2024,22.5,-4.5,2.4353807,137.48654,0,8.76737
2024,22.5,-4.25,2.399617,138.50322,0,8.63862
2024,22.5,-4.0,2.5054348,109.772514,0,9.019565
2024,22.5,-3.75,2.603692,50.636944,0,9.373291
2024,22.5,-3.5,2.6836998,51.149426,0,9.661319
2024,22.5,-3.25,2.6878555,51.58903,0,9.676279
2024,22.5,-3.0,2.5639772,54.098766,0,9.230318
2024,22.5,-2.75,2.5635235,58.487804,0,9.228684
2024,22.5,-2.5,2.5865147,60.43167,0,9.311453
2024,22.5,-2.25,2.534992,60.347504,0,9.125971
2024,22.5,-2.0,2.445624,57.751682,0,8.804247
2024,22.5,-1.75,2.371763,57.034607,0,8.538346
2024,22.5,-1.5,2.3355865,58.25775,0,8.408112
2024,22.5,-1.25,2.3154252,60.116413,0,8.33553
2024,22.5,-1.0,2.303449,61.527752,0,8.292416
2024,22.5,-0.75,2.275632,62.8808,0,8.192275
2024,22.5,-0.5,2.2442663,63.83072,0,8.079358
2024,22.5,-0.25,2.191336,64.81843,0,7.888809
2024,22.5,0.0,2.1599915,96.49383,0,7.775969
2024,22.5,0.25,2.1147642,99.1694,0,7.613151
2024,22.5,0.5,2.069474,132.09915,0,7.450106
2024,22.5,0.75,2.0142047,133.86342,0,7.251137
2024,22.5,1.0,1.9602408,135.81291,0,7.0568666
2024,22.5,1.25,1.9130112,137.6841,0,6.8868403
2024,22.5,1.5,1.840551,139.82121,0,6.6259837
2024,22.5,1.75,1.7929698,142.99304,0,6.4546914
2024,22.5,2.0,1.7828737,144.7866,0,6.4183455
2024,22.5,2.25,1.766076,144.93016,0,6.3578734
2024,22.5,2.5,1.7650522,146.31538,0,6.354188
2024,22.5,2.75,1.752892,118.87606,0,6.310411
2024,22.5,3.0,1.7449855,122.29309,0,6.2819476
2024,22.5,3.25,1.708145,124.352806,0,6.149322
2024,22.5,3.5,1.6587529,125.70688,0,5.9715104
2024,22.5,3.75,1.7113137,127.12583,0,6.1607294
2024,22.5,4.0,1.7719316,128.64906,0,6.378954
2024,22.5,4.25,1.9280285,127.81118,0,6.940902
2024,22.5,4.5,2.086991,127.41126,0,7.513168
2024,22.5,4.75,2.224206,123.484215,0,8.007141
2024,22.5,5.0,2.3130589,118.2395,0,8.327012
2024,22.5,5.25,2.4049723,107.49866,0,8.6579
2024,22.5,5.5,2.3729901,95.442955,0,8.542765
2024,22.5,5.75,2.1748075,82.73868,0,7.829307
2024,22.5,6.0,1.9018329,104.97601,0,6.8465986
2024,22.5,6.25,1.6450819,105.70806,0,5.9222946
2024,22.5,6.5,1.5025603,111.5665,0,5.409217
2024,22.5,6.75,1.715885,62.654514,0,6.177186
2024,22.5,7.0,1.9367789,70.917076,0,6.972404
2024,22.5,7.25,2.1069643,74.793175,0,7.5850716
2024,22.5,7.5,2.4851072,79.48839,0,8.946385
2024,22.5,7.75,2.8588765,78.60696,0,10.291955
2024,22.5,8.0,2.955344,73.18581,0,10.639238
2024,22.5,8.25,2.6565263,66.072716,0,9.563495
2024,22.5,8.5,2.4781644,64.824104,0,8.9213915
2024,22.5,8.75,2.437863,66.102104,0,8.776307
2024,22.5,9.0,2.374903,67.49938,0,8.54965
2024,22.5,9.25,2.4893498,68.61709,0,8.961659
2024,22.5,9.5,2.7425473,70.12762,0,9.87317
2024,22.5,9.75,2.974851,69.1929,0,10.709463
2024,22.5,10.0,2.9435961,66.069916,0,10.596946
2024,22.5,10.25,2.945651,63.648212,0,10.604343
2024,22.5,10.5,3.228139,63.39294,0,11.6213
2024,22.5,10.75,3.5671918,62.501053,0,12.84189
2024,22.5,11.0,3.7985182,59.800495,0,13.674665
2024,22.5,11.25,4.0633125,57.405243,0,14.627925
2024,22.5,11.5,4.228227,57.38234,0,15.221618
2024,22.5,11.75,3.9352329,56.494457,0,14.166838
2024,22.5,12.0,3.6441872,54.00429,0,13.119074
2024,22.25,-9.0,2.6455739,149.94194,0,9.524066
2024,22.25,-8.75,2.665026,149.99712,0,9.594093
2024,22.25,-8.5,2.6986275,150.2342,0,9.715058
2024,22.25,-8.25,2.7022626,150.1191,0,9.728146
2024,22.25,-8.0,2.6510746,149.77019,0,9.543868
2024,22.25,-7.75,2.610949,121.9975,0,9.399416
2024,22.25,-7.5,2.5929363,125.78576,0,9.33457
2024,22.25,-7.25,2.6073492,128.6488,0,9.3864565
2024,22.25,-7.0,2.6259267,130.84097,0,9.453336
2024,22.25,-6.75,2.6227493,133.36385,0,9.441897
2024,22.25,-6.5,2.6357946,135.15019,0,9.48886
2024,22.25,-6.25,2.6494155,136.19962,0,9.537895
2024,22.25,-6.0,2.665406,136.81438,0,9.595461
2024,22.25,-5.75,2.6679604,136.78429,0,9.604657
2024,22.25,-5.5,2.650379,137.4293,0,9.541364
2024,22.25,-5.25,2.6406186,139.84692,0,9.506227
2024,22.25,-5.0,2.5970628,141.56148,0,9.349426
2024,22.25,-4.75,2.5001717,142.44023,0,9.000618
2024,22.25,-4.5,2.4209392,143.35411,0,8.715381
2024,22.25,-4.25,2.3648767,144.32568,0,8.5135565
2024,22.25,-4.0,2.337014,145.3464,0,8.41325
2024,22.25,-3.75,2.4197776,86.11133,0,8.711199
2024,22.25,-3.5,2.4708533,57.245983,0,8.895072
2024,22.25,-3.25,2.5512495,58.06777,0,9.184498
2024,22.25,-3.0,2.5135872,60.626896,0,9.048914
2024,22.25,-2.75,2.5502007,63.719513,0,9.180722
2024,22.25,-2.5,2.5839882,65.429085,0,9.302358
2024,22.25,-2.25,2.5659463,63.26941,0,9.237407
2024,22.25,-2.0,2.4883869,60.924717,0,8.958193
2024,22.25,-1.75,2.4407814,60.503704,0,8.786813
2024,22.25,-1.5,2.4326074,61.71657,0,8.757386
2024,22.25,-1.25,2.410775,63.3029,0,8.678789
2024,22.25,-1.0,2.372362,64.55699,0,8.540503
2024,22.25,-0.75,2.3461797,65.66358,0,8.446247
2024,22.25,-0.5,2.3190858,66.52662,0,8.348709
2024,22.25,-0.25,2.2711265,67.892456,0,8.176055
2024,22.25,0.0,2.2156327,71.623116,0,7.9762774
2024,22.25,0.25,2.1783955,74.7287,0,7.8422236
2024,22.25,0.5,2.1394186,75.86762,0,7.7019067
2024,22.25,0.75,2.0864165,107.247246,0,7.5110993
2024,22.25,1.0,2.023768,108.56073,0,7.2855644
2024,22.25,1.25,1.9813646,140.42638,0,7.1329126
2024,22.25,1.5,1.9298633,142.65742,0,6.947508
2024,22.25,1.75,1.8731405,145.59148,0,6.7433057
2024,22.25,2.0,1.8501955,147.4817,0,6.6607037
2024,22.25,2.25,1.8357015,148.54951,0,6.6085253
2024,22.25,2.5,1.8379673,119.73818,0,6.616682
2024,22.25,2.75,1.8679017,121.81915,0,6.724446
2024,22.25,3.0,1.871315,125.14985,0,6.736734
2024,22.25,3.25,1.8412633,127.496376,0,6.6285477
2024,22.25,3.5,1.8521904,128.7519,0,6.6678853
2024,22.25,3.75,1.9339958,129.80457,0,6.9623847
2024,22.25,4.0,2.095889,128.85472,0,7.5452003
2024,22.25,4.25,2.2616725,127.901695,0,8.142021
2024,22.25,4.5,2.4149477,124.681755,0,8.693811
2024,22.25,4.75,2.5788147,120.469536,0,9.283732
2024,22.25,5.0,2.63406,115.340385,0,9.482615
2024,22.25,5.25,2.6045024,106.82926,0,9.376208
2024,22.25,5.5,2.5893707,95.90273,0,9.321734
2024,22.25,5.75,2.5441043,89.38799,0,9.158775
2024,22.25,6.0,2.2663262,84.105156,0,8.158774
2024,22.25,6.25,1.9995565,83.189995,0,7.1984034
2024,22.25,6.5,1.791051,87.21993,0,6.4477835
2024,22.25,6.75,2.0487826,66.78769,0,7.375617
2024,22.25,7.0,2.220711,71.79916,0,7.9945593
2024,22.25,7.25,2.3869228,75.10608,0,8.592922
2024,22.25,7.5,2.5308893,77.176796,0,9.111201
2024,22.25,7.75,2.8849142,76.281456,0,10.385691
2024,22.25,8.0,3.0657198,72.68641,0,11.036592
2024,22.25,8.25,2.9627779,68.55435,0,10.666
2024,22.25,8.5,2.7763083,67.61352,0,9.99471
2024,22.25,8.75,2.6009557,68.8724,0,9.3634405
2024,22.25,9.0,2.5356405,70.12662,0,9.128305
2024,22.25,9.25,2.4627802,69.83895,0,8.866009
2024,22.25,9.5,2.6300244,69.86936,0,9.468088
2024,22.25,9.75,2.9109936,67.98431,0,10.479577
2024,22.25,10.0,3.0081542,64.747475,0,10.829354
2024,22.25,10.25,2.9998658,62.04513,0,10.799517
2024,22.25,10.5,3.1056077,60.60615,0,11.180187
2024,22.25,10.75,3.423277,59.79486,0,12.323796
2024,22.25,11.0,3.6366851,58.630962,0,13.092066
2024,22.25,11.25,3.8528337,57.238834,0,13.870201
2024,22.25,11.5,3.9612446,57.687275,0,14.26048
2024,22.25,11.75,3.9962666,57.450016,0,14.3865595
2024,22.25,12.0,3.7037983,54.99103,0,13.3336735
2024,22.0,-9.0,2.6755383,149.14786,0,9.631938
2024,22.0,-8.75,2.6863954,118.90481,0,9.671023
2024,22.0,-8.5,2.6970692,148.95807,0,9.709449
2024,22.0,-8.25,2.7150986,149.16121,0,9.774355
2024,22.0,-8.0,2.671241,149.33626,0,9.616467
2024,22.0,-7.75,2.6202784,153.78735,0,9.4330015
2024,22.0,-7.5,2.591215,158.95433,0,9.328373
2024,22.0,-7.25,2.5802326,130.8193,0,9.288837
2024,22.0,-7.0,2.6009905,132.86604,0,9.363565
2024,22.0,-6.75,2.6319194,135.0995,0,9.47491
2024,22.0,-6.5,2.6641436,137.27228,0,9.590917
2024,22.0,-6.25,2.694254,138.22697,0,9.699314
2024,22.0,-6.0,2.724002,138.3337,0,9.806407
2024,22.0,-5.75,2.7314217,138.38644,0,9.8331175
2024,22.0,-5.5,2.741464,140.46635,0,9.869269
2024,22.0,-5.25,2.7469246,83.1922,0,9.888928
2024,22.0,-5.0,2.738263,85.31495,0,9.857746
2024,22.0,-4.75,2.6148145,86.41306,0,9.413332
2024,22.0,-4.5,2.5275106,87.60193,0,9.099038
2024,22.0,-4.25,2.4906654,88.49514,0,8.966395
2024,22.0,-4.0,2.4462454,89.41089,0,8.806483
2024,22.0,-3.75,2.3806903,90.66857,0,8.570485
2024,22.0,-3.5,2.3460758,62.342834,0,8.445872
2024,22.0,-3.25,2.357472,64.58995,0,8.486898
2024,22.0,-3.0,2.4665089,66.73516,0,8.879432
2024,22.0,-2.75,2.543825,68.237274,0,9.157769
2024,22.0,-2.5,2.5935152,66.7418,0,9.336655
2024,22.0,-2.25,2.5837204,64.69411,0,9.3013935
2024,22.0,-2.0,2.537381,63.179565,0,9.134571
2024,22.0,-1.75,2.504239,62.690624,0,9.015261
2024,22.0,-1.5,2.5086071,64.08071,0,9.030986
2024,22.0,-1.25,2.4945433,65.844315,0,8.980355
2024,22.0,-1.0,2.4538667,66.79284,0,8.83392
2024,22.0,-0.75,2.4104369,67.15406,0,8.677572
2024,22.0,-0.5,2.382398,68.01337,0,8.5766325
2024,22.0,-0.25,2.3402033,71.742744,0,8.424731
2024,22.0,0.0,2.2645352,79.04761,0,8.152327
2024,22.0,0.25,2.2227387,79.752525,0,8.00186
2024,22.0,0.5,2.1945863,79.91883,0,7.9005103
2024,22.0,0.75,2.158719,80.29546,0,7.7713885
2024,22.0,1.0,2.0943308,81.57798,0,7.539591
2024,22.0,1.25,2.0312986,113.4744,0,7.312675
2024,22.0,1.5,1.9858347,116.28121,0,7.149005
2024,22.0,1.75,1.9413949,119.28126,0,6.989022
2024,22.0,2.0,1.9006711,121.08783,0,6.842416
2024,22.0,2.25,1.8913261,122.218445,0,6.8087735
2024,22.0,2.5,1.9153953,123.3691,0,6.895423
2024,22.0,2.75,1.9660658,125.38734,0,7.0778365
2024,22.0,3.0,1.9898328,126.90311,0,7.163398
2024,22.0,3.25,1.9287337,129.4883,0,6.9434414
2024,22.0,3.5,1.9688274,130.72023,0,7.0877786
2024,22.0,3.75,2.1265795,129.6697,0,7.655686
2024,22.0,4.0,2.2940001,128.43626,0,8.2584
2024,22.0,4.25,2.4197528,126.219604,0,8.71111
2024,22.0,4.5,2.575517,123.01672,0,9.271861
2024,22.0,4.75,2.7236662,118.31626,0,9.805198
2024,22.0,5.0,2.7655613,112.27114,0,9.95602
2024,22.0,5.25,2.7098224,104.67045,0,9.755361
2024,22.0,5.5,2.6909382,98.55447,0,9.687377
2024,22.0,5.75,2.6518815,93.025566,0,9.546773
2024,22.0,6.0,2.6126516,89.67606,0,9.405545
2024,22.0,6.25,2.4554114,88.525,0,8.839481
2024,22.0,6.5,2.2860467,60.894634,0,8.229768
2024,22.0,6.75,2.3315268,66.79422,0,8.3934965
2024,22.0,7.0,2.494661,70.528076,0,8.98078
2024,22.0,7.25,2.6426716,72.480095,0,9.5136175
2024,22.0,7.5,2.7687342,74.39986,0,9.9674425
2024,22.0,7.75,2.9537237,76.73461,0,10.633405
2024,22.0,8.0,3.1788263,74.641304,0,11.443774
2024,22.0,8.25,3.1655474,71.268745,0,11.39597
2024,22.0,8.5,3.0092623,71.03467,0,10.833344
2024,22.0,8.75,2.8189385,72.71213,0,10.148178
2024,22.0,9.0,2.6521816,73.70746,0,9.547853
2024,22.0,9.25,2.5387166,73.34634,0,9.1393795
2024,22.0,9.5,2.484285,68.39402,0,8.943426
2024,22.0,9.75,2.7513192,65.516304,0,9.904749
2024,22.0,10.0,2.9134781,62.336685,0,10.488521
2024,22.0,10.25,3.014075,59.89506,0,10.85067
2024,22.0,10.5,3.098751,58.49939,0,11.155503
2024,22.0,10.75,3.2031238,58.246532,0,11.531245
2024,22.0,11.0,3.383708,57.278423,0,12.181349
2024,22.0,11.25,3.5535755,57.187256,0,12.792871
2024,22.0,11.5,3.6750972,58.16913,0,13.23035
2024,22.0,11.75,3.796749,58.42271,0,13.668297
2024,22.0,12.0,3.8211277,58.177143,0,13.75606
2024,21.75,-9.0,2.7624304,148.7726,0,9.944749
2024,21.75,-8.75,2.7552526,148.23358,0,9.918909
2024,21.75,-8.5,2.7510235,147.96594,0,9.903685
2024,21.75,-8.25,2.7365332,118.5451,0,9.85152
2024,21.75,-8.0,2.68756,119.405525,0,9.675216
2024,21.75,-7.75,2.6606348,130.05199,0,9.578285
2024,21.75,-7.5,2.630621,161.70085,0,9.470235
2024,21.75,-7.25,2.6092224,161.66402,0,9.393201
2024,21.75,-7.0,2.595029,161.42686,0,9.342105
2024,21.75,-6.75,2.6105874,162.83589,0,9.398114
2024,21.75,-6.5,2.6506622,138.40099,0,9.542383
2024,21.75,-6.25,2.6857567,140.60005,0,9.668724
2024,21.75,-6.0,2.7046273,141.26137,0,9.736658
2024,21.75,-5.75,2.6831293,112.57566,0,9.6592655
2024,21.75,-5.5,2.70274,84.87929,0,9.729863
2024,21.75,-5.25,2.7719984,87.48812,0,9.979194
2024,21.75,-5.0,2.8132384,89.10449,0,10.127658
2024,21.75,-4.75,2.757415,89.85352,0,9.926694
2024,21.75,-4.5,2.6878078,90.83143,0,9.676107
2024,21.75,-4.25,2.644873,61.796417,0,9.521543
2024,21.75,-4.0,2.6155114,62.96817,0,9.415841
2024,21.75,-3.75,2.5548859,64.17621,0,9.197589
2024,21.75,-3.5,2.4592419,65.221375,0,8.853271
2024,21.75,-3.25,2.363148,67.4263,0,8.507333
2024,21.75,-3.0,2.4656332,69.535095,0,8.876279
2024,21.75,-2.75,2.5572693,69.07256,0,9.206169
2024,21.75,-2.5,2.6071136,67.48562,0,9.385609
2024,21.75,-2.25,2.6039617,66.116295,0,9.374262
2024,21.75,-2.0,2.568083,65.164734,0,9.245099
2024,21.75,-1.75,2.5223532,64.7695,0,9.080471
2024,21.75,-1.5,2.5278563,66.26823,0,9.100283
2024,21.75,-1.25,2.5318027,68.25333,0,9.11449
2024,21.75,-1.0,2.4722984,68.24748,0,8.900274
2024,21.75,-0.75,2.4196606,67.808014,0,8.710778
2024,21.75,-0.5,2.401928,68.5205,0,8.64694
2024,21.75,-0.25,2.4010222,82.604965,0,8.64368
2024,21.75,0.0,2.3099983,83.50476,0,8.315993
2024,21.75,0.25,2.2370446,83.644066,0,8.05336
2024,21.75,0.5,2.1982758,83.61595,0,7.9137926
2024,21.75,0.75,2.1824265,83.79396,0,7.856735
2024,21.75,1.0,2.1552734,84.64743,0,7.758984
2024,21.75,1.25,2.099621,87.002205,0,7.5586357
2024,21.75,1.5,2.0511549,120.373695,0,7.384157
2024,21.75,1.75,2.0266287,123.38959,0,7.295863
2024,21.75,2.0,1.9885969,125.48104,0,7.158949
2024,21.75,2.25,1.9721947,126.91022,0,7.0999007
2024,21.75,2.5,2.0032418,127.698456,0,7.2116704
2024,21.75,2.75,2.0505502,127.43462,0,7.3819804
2024,21.75,3.0,2.0807912,127.30954,0,7.490848
2024,21.75,3.25,1.9736439,129.14673,0,7.105118
2024,21.75,3.5,2.044485,130.87262,0,7.360146
2024,21.75,3.75,2.235901,129.04321,0,8.049244
2024,21.75,4.0,2.389941,126.73461,0,8.603787
2024,21.75,4.25,2.4874055,124.27427,0,8.954659
2024,21.75,4.5,2.5699892,120.86767,0,9.251961
2024,21.75,4.75,2.7173252,116.422386,0,9.782371
2024,21.75,5.0,2.7482793,110.46988,0,9.8938055
2024,21.75,5.25,2.702946,105.02353,0,9.730605
2024,21.75,5.5,2.713233,99.948494,0,9.767638
2024,21.75,5.75,2.7389057,96.1896,0,9.86006
2024,21.75,6.0,2.7332,93.23107,0,9.83952
2024,21.75,6.25,2.699797,91.43075,0,9.719269
2024,21.75,6.5,2.5638502,62.581226,0,9.22986
2024,21.75,6.75,2.4725544,66.47831,0,8.901196
2024,21.75,7.0,2.576652,68.72713,0,9.275948
2024,21.75,7.25,2.754905,70.86307,0,9.917658
2024,21.75,7.5,2.929477,73.93925,0,10.546117
2024,21.75,7.75,3.0790608,76.839264,0,11.084619
2024,21.75,8.0,3.1810665,77.18624,0,11.451839
2024,21.75,8.25,3.177572,75.15181,0,11.439259
2024,21.75,8.5,3.1117334,75.197136,0,11.20224
2024,21.75,8.75,3.045913,76.38727,0,10.965286
2024,21.75,9.0,2.8712456,76.81192,0,10.336484
2024,21.75,9.25,2.5986216,73.41666,0,9.355038
2024,21.75,9.5,2.4040391,66.32812,0,8.654541
2024,21.75,9.75,2.597256,63.151062,0,9.3501215
2024,21.75,10.0,2.7999232,60.487583,0,10.079723
2024,21.75,10.25,2.926926,58.09433,0,10.536933
2024,21.75,10.5,3.0002072,56.950924,0,10.800746
2024,21.75,10.75,3.0725937,56.85124,0,11.0613365
2024,21.75,11.0,3.154712,57.26765,0,11.356963
2024,21.75,11.25,3.247694,57.851562,0,11.691698
2024,21.75,11.5,3.468757,58.88538,0,12.487525
2024,21.75,11.75,3.6086836,60.888718,0,12.991261
2024,21.75,12.0,3.6811402,61.456165,0,13.252105
2024,21.5,-9.0,2.7736309,147.71559,0,9.985071
2024,21.5,-8.75,2.778746,147.4525,0,10.003485
2024,21.5,-8.5,2.7888262,147.14313,0,10.039774
2024,21.5,-8.25,2.7917728,147.60242,0,10.050382
2024,21.5,-8.0,2.7645502,141.41638,0,9.95238
2024,21.5,-7.75,2.7598183,134.32607,0,9.935346
2024,21.5,-7.5,2.7372456,133.60786,0,9.854084
2024,21.5,-7.25,2.6977205,132.89482,0,9.711794
2024,21.5,-7.0,2.656295,131.77496,0,9.562662
2024,21.5,-6.75,2.632949,160.56477,0,9.478617
2024,21.5,-6.5,2.6400094,158.78857,0,9.504034
2024,21.5,-6.25,2.6382802,149.70818,0,9.497808
2024,21.5,-6.0,2.619283,117.72742,0,9.429419
2024,21.5,-5.75,2.5800796,88.554504,0,9.288286
2024,21.5,-5.5,2.603936,90.56647,0,9.374169
2024,21.5,-5.25,2.6940672,92.55724,0,9.698642
2024,21.5,-5.0,2.7660177,63.445515,0,9.957664
2024,21.5,-4.75,2.7672806,63.80733,0,9.96221
2024,21.5,-4.5,2.7479048,64.27915,0,9.892457
2024,21.5,-4.25,2.7219772,64.86354,0,9.799118
2024,21.5,-4.0,2.6998253,65.7584,0,9.719371
2024,21.5,-3.75,2.6761866,66.69223,0,9.634272
2024,21.5,-3.5,2.6326249,67.47973,0,9.477449
2024,21.5,-3.25,2.5491943,68.6668,0,9.177099
2024,21.5,-3.0,2.5567067,69.46987,0,9.204144
2024,21.5,-2.75,2.594759,68.82818,0,9.341132
2024,21.5,-2.5,2.6202497,67.885956,0,9.4328985
2024,21.5,-2.25,2.6289284,67.137505,0,9.464142
2024,21.5,-2.0,2.6081553,96.56311,0,9.3893585
2024,21.5,-1.75,2.546591,96.233284,0,9.167727
2024,21.5,-1.5,2.5340798,97.971924,0,9.122687
2024,21.5,-1.25,2.5626185,99.420616,0,9.225427
2024,21.5,-1.0,2.490283,98.17983,0,8.965018
2024,21.5,-0.75,2.414917,95.483765,0,8.693701
2024,21.5,-0.5,2.406517,90.36704,0,8.663461
2024,21.5,-0.25,2.4512136,87.11396,0,8.8243685
2024,21.5,0.0,2.3930857,86.725365,0,8.6151085
2024,21.5,0.25,2.2791584,87.40328,0,8.204969
2024,21.5,0.5,2.208007,87.906746,0,7.9488254
2024,21.5,0.75,2.184304,88.18487,0,7.8634944
2024,21.5,1.0,2.176317,88.8952,0,7.834741
2024,21.5,1.25,2.157897,90.74689,0,7.768429
2024,21.5,1.5,2.134286,93.87705,0,7.6834292
2024,21.5,1.75,2.1284359,126.876884,0,7.662369
2024,21.5,2.0,2.1034796,129.54723,0,7.5725265
2024,21.5,2.25,2.094928,131.19115,0,7.541741
2024,21.5,2.5,2.1091716,131.38881,0,7.5930176
2024,21.5,2.75,2.123328,129.92345,0,7.6439805
2024,21.5,3.0,2.0997994,126.75889,0,7.5592775
2024,21.5,3.25,1.9833583,123.90974,0,7.1400895
2024,21.5,3.5,2.0643523,125.68667,0,7.431668
2024,21.5,3.75,2.3072097,125.66558,0,8.305955
2024,21.5,4.0,2.4627361,123.68909,0,8.8658495
2024,21.5,4.25,2.4884195,120.533936,0,8.95831
2024,21.5,4.5,2.4941,116.62206,0,8.97876
2024,21.5,4.75,2.6329696,112.25663,0,9.47869
2024,21.5,5.0,2.7024462,107.60199,0,9.7288065
2024,21.5,5.25,2.672148,103.71006,0,9.619733
2024,21.5,5.5,2.6975462,99.96165,0,9.711166
2024,21.5,5.75,2.7283633,96.203186,0,9.822107
2024,21.5,6.0,2.7146118,93.04681,0,9.772602
2024,21.5,6.25,2.6623557,91.9703,0,9.58448
2024,21.5,6.5,2.5834293,64.34028,0,9.300345
2024,21.5,6.75,2.5187237,65.43764,0,9.067405
2024,21.5,7.0,2.5889313,66.762764,0,9.320152
2024,21.5,7.25,2.74594,70.19059,0,9.885384
2024,21.5,7.5,2.9339752,74.658485,0,10.56231
2024,21.5,7.75,3.0825424,78.01385,0,11.097153
2024,21.5,8.0,3.0875213,79.52082,0,11.115076
2024,21.5,8.25,3.0577471,78.60061,0,11.00789
2024,21.5,8.5,3.1322696,78.148285,0,11.276171
2024,21.5,8.75,3.1416767,77.93603,0,11.310036
2024,21.5,9.0,2.990255,76.41052,0,10.764918
2024,21.5,9.25,2.69343,72.1381,0,9.696347
2024,21.5,9.5,2.3898315,65.332344,0,8.603394
2024,21.5,9.75,2.4434607,60.653896,0,8.796458
2024,21.5,10.0,2.6572275,58.529785,0,9.566019
2024,21.5,10.25,2.8068473,57.322994,0,10.1046505
2024,21.5,10.5,2.8710182,56.572388,0,10.335665
2024,21.5,10.75,2.9062269,56.27321,0,10.462417
2024,21.5,11.0,2.9723253,56.595783,0,10.700371
2024,21.5,11.25,3.0243466,57.47876,0,10.887648
2024,21.5,11.5,3.2222128,59.289295,0,11.599966
2024,21.5,11.75,3.3743992,61.734406,0,12.147837
2024,21.5,12.0,3.5125723,62.605194,0,12.64526
2024,21.25,-9.0,2.8153226,147.06673,0,10.135161
2024,21.25,-8.75,2.8201911,146.46703,0,10.152688
2024,21.25,-8.5,2.8113992,145.55159,0,10.121037
2024,21.25,-8.25,2.8295457,143.7831,0,10.186364
2024,21.25,-8.0,2.8411045,137.45207,0,10.227976
2024,21.25,-7.75,2.8311207,135.12993,0,10.192035
2024,21.25,-7.5,2.8222024,134.29634,0,10.159928
2024,21.25,-7.25,2.7910137,133.61494,0,10.047649
2024,21.25,-7.0,2.7437315,132.34746,0,9.877433
2024,21.25,-6.75,2.6939344,130.41597,0,9.698164
2024,21.25,-6.5,2.6714494,127.9028,0,9.617218
2024,21.25,-6.25,2.6567686,94.99334,0,9.564366
2024,21.25,-6.0,2.6313775,93.554695,0,9.472959
2024,21.25,-5.75,2.587773,94.15545,0,9.315983
2024,21.25,-5.5,2.5902288,95.649895,0,9.324823
2024,21.25,-5.25,2.6533127,96.96701,0,9.551926
2024,21.25,-5.0,2.693019,67.32086,0,9.694868
2024,21.25,-4.75,2.6980832,67.339485,0,9.7130995
2024,21.25,-4.5,2.6970196,67.51708,0,9.7092705
2024,21.25,-4.25,2.7061603,68.078255,0,9.742177
2024,21.25,-4.0,2.7020035,68.8165,0,9.727212
2024,21.25,-3.75,2.700013,69.41275,0,9.720046
2024,21.25,-3.5,2.6833017,69.85678,0,9.659885
2024,21.25,-3.25,2.6716506,69.732025,0,9.617942
2024,21.25,-3.0,2.6585824,69.38285,0,9.570896
2024,21.25,-2.75,2.6424682,98.94901,0,9.512885
2024,21.25,-2.5,2.6176329,98.43497,0,9.423478
2024,21.25,-2.25,2.6104543,97.79959,0,9.397635
2024,21.25,-2.0,2.5962925,97.16549,0,9.346653
2024,21.25,-1.75,2.5671046,96.607765,0,9.241576
2024,21.25,-1.5,2.5770671,97.67004,0,9.277441
2024,21.25,-1.25,2.6298666,97.86991,0,9.46752
2024,21.25,-1.0,2.5884478,95.62063,0,9.318412
2024,21.25,-0.75,2.5260808,93.61386,0,9.093891
2024,21.25,-0.5,2.5029821,92.026764,0,9.0107355
2024,21.25,-0.25,2.5201914,89.947815,0,9.072689
2024,21.25,0.0,2.50945,89.3939,0,9.034019
2024,21.25,0.25,2.4305418,90.01827,0,8.74995
2024,21.25,0.5,2.3188832,89.646675,0,8.34798
2024,21.25,0.75,2.241741,89.80741,0,8.070267
2024,21.25,1.0,2.2257822,91.057526,0,8.012815
2024,21.25,1.25,2.2445157,93.15855,0,8.080256
2024,21.25,1.5,2.2466424,96.24174,0,8.087913
2024,21.25,1.75,2.2516854,99.57849,0,8.106067
2024,21.25,2.0,2.2651691,101.95237,0,8.154609
2024,21.25,2.25,2.254425,133.29295,0,8.11593
2024,21.25,2.5,2.2135808,132.91542,0,7.9688907
2024,21.25,2.75,2.1849344,131.00917,0,7.8657637
2024,21.25,3.0,2.1892107,127.41046,0,7.8811584
2024,21.25,3.25,2.2210457,121.764915,0,7.9957643
2024,21.25,3.5,2.3027766,122.39927,0,8.289995
2024,21.25,3.75,2.4423575,123.493126,0,8.792487
2024,21.25,4.0,2.5182354,121.27932,0,9.065647
2024,21.25,4.25,2.4594574,116.17212,0,8.854047
2024,21.25,4.5,2.434857,110.90991,0,8.765485
2024,21.25,4.75,2.5902388,108.02572,0,9.32486
2024,21.25,5.0,2.7051055,106.269196,0,9.7383795
2024,21.25,5.25,2.6472795,102.72144,0,9.530206
2024,21.25,5.5,2.6310017,99.44293,0,9.471606
2024,21.25,5.75,2.6567433,95.724,0,9.564276
2024,21.25,6.0,2.6822693,92.83142,0,9.656169
2024,21.25,6.25,2.68114,92.17391,0,9.652103
2024,21.25,6.5,2.7505414,63.63968,0,9.901949
2024,21.25,6.75,2.7379835,62.40862,0,9.85674
2024,21.25,7.0,2.7349236,63.80788,0,9.845725
2024,21.25,7.25,2.780708,69.01658,0,10.010549
2024,21.25,7.5,2.921191,74.817604,0,10.516287
2024,21.25,7.75,3.0540612,78.354,0,10.99462
2024,21.25,8.0,3.0844548,79.47305,0,11.104037
2024,21.25,8.25,3.0056858,79.02834,0,10.820469
2024,21.25,8.5,3.0644886,78.968544,0,11.032159
2024,21.25,8.75,3.1252213,78.07553,0,11.250796
2024,21.25,9.0,3.0587728,75.389404,0,11.011581
2024,21.25,9.25,2.790658,70.766426,0,10.046369
2024,21.25,9.5,2.4203303,64.21827,0,8.713189
2024,21.25,9.75,2.316361,58.750763,0,8.3389
2024,21.25,10.0,2.480335,57.324833,0,8.929206
2024,21.25,10.25,2.649165,56.949936,0,9.536993
2024,21.25,10.5,2.7238646,56.505527,0,9.805912
2024,21.25,10.75,2.722149,56.32596,0,9.799736
2024,21.25,11.0,2.7433941,56.724895,0,9.876219
2024,21.25,11.25,2.8185446,58.047977,0,10.14676
2024,21.25,11.5,2.9081733,59.979736,0,10.469423
2024,21.25,11.75,3.0787604,61.731434,0,11.083537
2024,21.25,12.0,3.2883008,61.96561,0,11.837882
2024,21.0,-9.0,2.89007,145.91315,0,10.404252
2024,21.0,-8.75,2.8731568,144.93279,0,10.343364
2024,21.0,-8.5,2.853302,143.50739,0,10.271887
2024,21.0,-8.25,2.8556108,140.4268,0,10.280199
2024,21.0,-8.0,2.8515089,136.911,0,10.265431
2024,21.0,-7.75,2.8404405,135.59666,0,10.225586
2024,21.0,-7.5,2.8219798,104.55842,0,10.159127
2024,21.0,-7.25,2.803503,103.8092,0,10.09261
2024,21.0,-7.0,2.788966,102.98087,0,10.0402775
2024,21.0,-6.75,2.7572582,101.55621,0,9.926129
2024,21.0,-6.5,2.692831,99.2445,0,9.694192
2024,21.0,-6.25,2.6654904,97.690765,0,9.595765
2024,21.0,-6.0,2.6507108,97.165855,0,9.542559
2024,21.0,-5.75,2.6270034,97.59292,0,9.457212
2024,21.0,-5.5,2.6283147,98.71255,0,9.461933
2024,21.0,-5.25,2.6571891,69.312256,0,9.565881
2024,21.0,-5.0,2.6886084,69.469055,0,9.67899
2024,21.0,-4.75,2.6881692,69.64969,0,9.677409
2024,21.0,-4.5,2.666714,69.8258,0,9.60017
2024,21.0,-4.25,2.6768644,70.31125,0,9.636711
2024,21.0,-4.0,2.7029572,70.8346,0,9.730645
2024,21.0,-3.75,2.71791,71.285095,0,9.784476
2024,21.0,-3.5,2.7362452,71.35398,0,9.850482
2024,21.0,-3.25,2.7315428,71.050476,0,9.833554
2024,21.0,-3.0,2.7247698,100.38677,0,9.809171
2024,21.0,-2.75,2.7002144,99.36439,0,9.720772
2024,21.0,-2.5,2.6795943,98.31524,0,9.646539
2024,21.0,-2.25,2.6501675,97.2063,0,9.540603
2024,21.0,-2.0,2.6250904,96.33603,0,9.450325
2024,21.0,-1.75,2.5876482,95.83834,0,9.315533
2024,21.0,-1.5,2.579667,96.44067,0,9.286801
2024,21.0,-1.25,2.6369917,96.26531,0,9.49317
2024,21.0,-1.0,2.6384053,95.4658,0,9.498259
2024,21.0,-0.75,2.5935612,94.47177,0,9.33682
2024,21.0,-0.5,2.574416,94.01724,0,9.267897
2024,21.0,-0.25,2.5828562,92.79165,0,9.298282
2024,21.0,0.0,2.6037853,91.70156,0,9.373627
2024,21.0,0.25,2.5611455,91.19583,0,9.220123
2024,21.0,0.5,2.4359028,89.21493,0,8.76925
2024,21.0,0.75,2.3486233,89.4794,0,8.455044
2024,21.0,1.0,2.3231804,91.99702,0,8.363449
2024,21.0,1.25,2.3595634,94.87185,0,8.494428
2024,21.0,1.5,2.3739424,98.089714,0,8.546192
2024,21.0,1.75,2.3798048,100.75051,0,8.567297
2024,21.0,2.0,2.3899477,102.304985,0,8.603811
2024,21.0,2.25,2.377729,132.55714,0,8.559824
2024,21.0,2.5,2.3332489,131.84483,0,8.399695
2024,21.0,2.75,2.2641382,129.96489,0,8.150897
2024,21.0,3.0,2.2305908,127.465126,0,8.030127
2024,21.0,3.25,2.2669346,124.41848,0,8.160964
2024,21.0,3.5,2.4245574,122.226776,0,8.728407
2024,21.0,3.75,2.5311494,120.75471,0,9.112138
2024,21.0,4.0,2.4620574,115.73943,0,8.863406
2024,21.0,4.25,2.3832176,109.995735,0,8.579583
2024,21.0,4.5,2.3942494,106.39648,0,8.619298
2024,21.0,4.75,2.6109016,105.96432,0,9.399245
2024,21.0,5.0,2.7357247,105.50195,0,9.848609
2024,21.0,5.25,2.6517513,102.49348,0,9.546305
2024,21.0,5.5,2.6187747,99.53861,0,9.427588
2024,21.0,5.75,2.6140003,96.55799,0,9.410401
2024,21.0,6.0,2.636146,93.35977,0,9.490126
2024,21.0,6.25,2.732558,92.62832,0,9.837209
2024,21.0,6.5,2.8964527,92.34259,0,10.427229
2024,21.0,6.75,2.8893235,61.417736,0,10.401565
2024,21.0,7.0,2.8217213,64.34234,0,10.158196
2024,21.0,7.25,2.839163,69.68345,0,10.220986
2024,21.0,7.5,2.9141352,75.74143,0,10.490887
2024,21.0,7.75,3.0157366,79.38211,0,10.856651
2024,21.0,8.0,3.0950778,81.27686,0,11.14228
2024,21.0,8.25,3.0180178,84.13557,0,10.864863
2024,21.0,8.5,2.9876359,85.76165,0,10.755488
2024,21.0,8.75,2.9410102,85.72416,0,10.587637
2024,21.0,9.0,2.8413064,82.23342,0,10.228703
2024,21.0,9.25,2.6199844,73.529625,0,9.431944
2024,21.0,9.5,2.3208144,63.039356,0,8.354932
2024,21.0,9.75,2.203976,55.782467,0,7.9343133
2024,21.0,10.0,2.2748666,55.966114,0,8.18952
2024,21.0,10.25,2.4257324,56.14676,0,8.732636
2024,21.0,10.5,2.5323164,56.485962,0,9.116339
2024,21.0,10.75,2.5611215,56.503056,0,9.220037
2024,21.0,11.0,2.5348356,57.36735,0,9.125408
2024,21.0,11.25,2.5854077,58.681202,0,9.307467
2024,21.0,11.5,2.6763074,61.06715,0,9.6347065
2024,21.0,11.75,2.8349202,62.761547,0,10.205712
2024,21.0,12.0,3.0459375,63.052204,0,10.965375
2024,20.75,-9.0,2.965331,85.70849,0,10.675192
2024,20.75,-8.75,2.9524155,84.52058,0,10.6286955
2024,20.75,-8.5,2.9412873,112.71635,0,10.588634
2024,20.75,-8.25,2.9046192,109.94303,0,10.456629
2024,20.75,-8.0,2.8735542,107.30201,0,10.344795
2024,20.75,-7.75,2.8591917,105.907196,0,10.29309
2024,20.75,-7.5,2.8460321,104.788765,0,10.245715
2024,20.75,-7.25,2.8181984,104.3515,0,10.1455145
2024,20.75,-7.0,2.8182478,103.87741,0,10.145692
2024,20.75,-6.75,2.8014882,102.55587,0,10.085357
2024,20.75,-6.5,2.73469,100.878265,0,9.844884
2024,20.75,-6.25,2.6884165,99.91074,0,9.678299
2024,20.75,-6.0,2.6677945,99.90357,0,9.60406
2024,20.75,-5.75,2.64659,100.280174,0,9.527723
2024,20.75,-5.5,2.6287034,70.59243,0,9.463332
2024,20.75,-5.25,2.6350002,71.08116,0,9.486001
2024,20.75,-5.0,2.6486714,71.25841,0,9.535216
2024,20.75,-4.75,2.6507776,71.533936,0,9.542799
2024,20.75,-4.5,2.6415915,71.68784,0,9.509729
2024,20.75,-4.25,2.6495721,71.9205,0,9.53846
2024,20.75,-4.0,2.673067,72.35215,0,9.623041
2024,20.75,-3.75,2.7210038,72.54316,0,9.795613
2024,20.75,-3.5,2.752779,72.59777,0,9.910005
2024,20.75,-3.25,2.766915,101.970726,0,9.960894
2024,20.75,-3.0,2.775028,100.64692,0,9.990101
2024,20.75,-2.75,2.7695065,99.04541,0,9.970223
2024,20.75,-2.5,2.7689946,97.66842,0,9.96838
2024,20.75,-2.25,2.7579403,96.68137,0,9.928585
2024,20.75,-2.0,2.728247,96.1831,0,9.821689
2024,20.75,-1.75,2.680252,96.28469,0,9.648908
2024,20.75,-1.5,2.654885,96.79715,0,9.557586
2024,20.75,-1.25,2.6806917,96.791016,0,9.65049
2024,20.75,-1.0,2.6777565,96.199646,0,9.639923
2024,20.75,-0.75,2.641051,95.70638,0,9.507784
2024,20.75,-0.5,2.6279814,95.18156,0,9.460732
2024,20.75,-0.25,2.6509817,94.48295,0,9.543533
2024,20.75,0.0,2.6720517,93.042015,0,9.619386
2024,20.75,0.25,2.6378298,90.589165,0,9.496187
2024,20.75,0.5,2.5162237,89.021355,0,9.058405
2024,20.75,0.75,2.4263344,90.07119,0,8.734803
2024,20.75,1.0,2.4289246,93.19001,0,8.744128
2024,20.75,1.25,2.4772468,96.31683,0,8.918088
2024,20.75,1.5,2.4969401,98.81348,0,8.988984
2024,20.75,1.75,2.50193,100.6066,0,9.0069475
2024,20.75,2.0,2.5046244,101.3245,0,9.016647
2024,20.75,2.25,2.4579437,131.64314,0,8.848597
2024,20.75,2.5,2.4182355,131.33842,0,8.705647
2024,20.75,2.75,2.3601182,129.10493,0,8.496425
2024,20.75,3.0,2.296822,127.08087,0,8.268559
2024,20.75,3.25,2.312895,125.0176,0,8.326422
2024,20.75,3.5,2.4375443,122.33686,0,8.77516
2024,20.75,3.75,2.5630617,117.70346,0,9.227022
2024,20.75,4.0,2.4942265,110.248566,0,8.979215
2024,20.75,4.25,2.3210068,104.27765,0,8.355624
2024,20.75,4.5,2.394554,104.10986,0,8.620394
2024,20.75,4.75,2.6642861,106.41796,0,9.59143
2024,20.75,5.0,2.7674358,105.97341,0,9.962769
2024,20.75,5.25,2.6861799,103.2356,0,9.670247
2024,20.75,5.5,2.627919,100.786964,0,9.460508
2024,20.75,5.75,2.6124802,97.39089,0,9.404928
2024,20.75,6.0,2.6389196,93.69894,0,9.500111
2024,20.75,6.25,2.7232869,92.25821,0,9.803832
2024,20.75,6.5,2.8769674,91.58099,0,10.357082
2024,20.75,6.75,2.892844,91.52447,0,10.414238
2024,20.75,7.0,2.8551836,64.69983,0,10.278661
2024,20.75,7.25,2.9015083,70.608116,0,10.44543
2024,20.75,7.5,2.9810398,77.54873,0,10.731743
2024,20.75,7.75,3.0353558,82.39542,0,10.92728
2024,20.75,8.0,3.0862415,86.10453,0,11.110469
2024,20.75,8.25,3.085461,90.612366,0,11.107659
2024,20.75,8.5,3.0806272,95.58236,0,11.090258
2024,20.75,8.75,2.9209292,97.41949,0,10.515345
2024,20.75,9.0,2.5376785,91.49158,0,9.135642
2024,20.75,9.25,2.243831,77.748665,0,8.077791
2024,20.75,9.5,2.0484679,63.55893,0,7.374484
2024,20.75,9.75,1.9911202,55.23051,0,7.1680326
2024,20.75,10.0,2.068941,53.902637,0,7.448188
2024,20.75,10.25,2.1998742,54.34078,0,7.9195466
2024,20.75,10.5,2.2988117,55.097378,0,8.275722
2024,20.75,10.75,2.3743362,56.511475,0,8.54761
2024,20.75,11.0,2.373407,57.80849,0,8.544265
2024,20.75,11.25,2.4036896,58.85727,0,8.653282
2024,20.75,11.5,2.501341,61.554077,0,9.0048275
2024,20.75,11.75,2.6270819,64.26435,0,9.457495
2024,20.75,12.0,2.8304389,65.25683,0,10.18958
2024,20.5,-9.0,3.0600786,85.94107,0,11.016283
2024,20.5,-8.75,3.0551465,84.41677,0,10.998527
2024,20.5,-8.5,3.0688694,82.34826,0,11.04793
2024,20.5,-8.25,3.0154645,79.95893,0,10.855672
2024,20.5,-8.0,2.9440918,77.90998,0,10.59873
2024,20.5,-7.75,2.9303982,76.4495,0,10.549434
2024,20.5,-7.5,2.902462,75.87296,0,10.448863
2024,20.5,-7.25,2.8845177,75.70762,0,10.384263
2024,20.5,-7.0,2.868985,74.77032,0,10.328345
2024,20.5,-6.75,2.8547795,73.36501,0,10.277205
2024,20.5,-6.5,2.8197062,72.376915,0,10.150942
2024,20.5,-6.25,2.748408,71.74059,0,9.894269
2024,20.5,-6.0,2.7107122,71.77657,0,9.758564
2024,20.5,-5.75,2.6741064,71.87832,0,9.626782
2024,20.5,-5.5,2.656418,72.19277,0,9.563105
2024,20.5,-5.25,2.6403537,72.40512,0,9.505273
2024,20.5,-5.0,2.6393836,72.53683,0,9.5017805
2024,20.5,-4.75,2.647012,72.550514,0,9.5292425
2024,20.5,-4.5,2.6443584,72.64245,0,9.51969
2024,20.5,-4.25,2.6467896,72.73678,0,9.528442
2024,20.5,-4.0,2.6554444,103.00587,0,9.5596
2024,20.5,-3.75,2.6997564,102.928566,0,9.719123
2024,20.5,-3.5,2.7498138,102.63192,0,9.899329
2024,20.5,-3.25,2.7825832,101.44871,0,10.0173
2024,20.5,-3.0,2.8216143,99.990074,0,10.157811
2024,20.5,-2.75,2.8369284,98.52531,0,10.212942
2024,20.5,-2.5,2.8456428,97.407814,0,10.244314
2024,20.5,-2.25,2.8460035,96.50806,0,10.245612
2024,20.5,-2.0,2.8407032,96.56702,0,10.226531
2024,20.5,-1.75,2.821292,97.211266,0,10.156651
2024,20.5,-1.5,2.7755632,97.51896,0,9.992027
2024,20.5,-1.25,2.7440329,97.253426,0,9.878518
2024,20.5,-1.0,2.737898,96.7504,0,9.856433
2024,20.5,-0.75,2.7031457,96.34144,0,9.731324
2024,20.5,-0.5,2.683573,95.85793,0,9.660863
2024,20.5,-0.25,2.7057312,95.41634,0,9.740632
2024,20.5,0.0,2.7358341,94.18536,0,9.849003
2024,20.5,0.25,2.680823,91.53344,0,9.650963
2024,20.5,0.5,2.5921292,90.16492,0,9.331665
2024,20.5,0.75,2.5319784,91.76414,0,9.115122
2024,20.5,1.0,2.5741477,94.306816,0,9.266932
2024,20.5,1.25,2.6335385,97.37124,0,9.480739
2024,20.5,1.5,2.6161005,98.462036,0,9.417962
2024,20.5,1.75,2.6118677,99.62118,0,9.402723
2024,20.5,2.0,2.625087,100.02145,0,9.450313
2024,20.5,2.25,2.5729387,99.943146,0,9.262579
2024,20.5,2.5,2.4929874,129.794,0,8.974754
2024,20.5,2.75,2.4211237,128.1989,0,8.716045
2024,20.5,3.0,2.385082,124.95182,0,8.586295
2024,20.5,3.25,2.4163356,119.9252,0,8.698808
2024,20.5,3.5,2.5361893,117.04923,0,9.130281
2024,20.5,3.75,2.5305147,112.3287,0,9.109853
2024,20.5,4.0,2.4722707,105.21229,0,8.900174
2024,20.5,4.25,2.3323,101.95767,0,8.396279
2024,20.5,4.5,2.4259202,104.543236,0,8.733313
2024,20.5,4.75,2.7079136,107.01295,0,9.748488
2024,20.5,5.0,2.7834709,105.75826,0,10.020494
2024,20.5,5.25,2.711935,103.68552,0,9.762966
2024,20.5,5.5,2.664858,101.69016,0,9.593489
2024,20.5,5.75,2.6531575,98.33295,0,9.551367
2024,20.5,6.0,2.6162937,95.64004,0,9.418657
2024,20.5,6.25,2.6676514,92.8436,0,9.603545
2024,20.5,6.5,2.7909966,91.941795,0,10.047587
2024,20.5,6.75,2.8561068,92.807274,0,10.281984
2024,20.5,7.0,2.8540695,65.52062,0,10.27465
2024,20.5,7.25,2.8956947,70.62934,0,10.4245
2024,20.5,7.5,2.9702752,77.4234,0,10.69299
2024,20.5,7.75,2.9835434,82.534515,0,10.740756
2024,20.5,8.0,3.0095527,87.31699,0,10.83439
2024,20.5,8.25,3.0686312,93.73919,0,11.047071
2024,20.5,8.5,3.0636406,99.83611,0,11.029106
2024,20.5,8.75,2.718959,104.63312,0,9.788253
2024,20.5,9.0,2.1390173,97.64857,0,7.7004623
2024,20.5,9.25,1.7936527,77.96637,0,6.4571495
2024,20.5,9.5,1.8202863,62.261547,0,6.5530305
2024,20.5,9.75,1.8102251,53.802418,0,6.5168104
2024,20.5,10.0,1.8423663,50.943695,0,6.632519
2024,20.5,10.25,1.9636222,51.79527,0,7.06904
2024,20.5,10.5,2.0897543,53.61964,0,7.5231156
2024,20.5,10.75,2.180805,55.48883,0,7.850898
2024,20.5,11.0,2.232441,57.462906,0,8.036787
2024,20.5,11.25,2.268982,58.868023,0,8.168335
2024,20.5,11.5,2.369712,61.568897,0,8.530963
2024,20.5,11.75,2.5151806,64.92429,0,9.05465
2024,20.5,12.0,2.7001188,66.514435,0,9.7204275
2024,20.25,-9.0,3.1506045,86.12109,0,11.3421755
2024,20.25,-8.75,3.1000407,83.94009,0,11.160146
2024,20.25,-8.5,3.1130257,82.13849,0,11.206892
2024,20.25,-8.25,3.1180153,80.825935,0,11.224854
2024,20.25,-8.0,3.0490296,79.062874,0,10.976506
2024,20.25,-7.75,2.9866714,77.9053,0,10.752017
2024,20.25,-7.5,2.9603264,77.498886,0,10.657175
2024,20.25,-7.25,2.9446437,76.844345,0,10.600718
2024,20.25,-7.0,2.9081447,75.55732,0,10.46932
2024,20.25,-6.75,2.869876,74.06905,0,10.331553
2024,20.25,-6.5,2.9025624,73.96005,0,10.449224
2024,20.25,-6.25,2.8405209,73.54188,0,10.225875
2024,20.25,-6.0,2.78251,73.20279,0,10.0170355
2024,20.25,-5.75,2.7459323,73.341576,0,9.885356
2024,20.25,-5.5,2.7111063,73.27552,0,9.759982
2024,20.25,-5.25,2.6950808,73.4678,0,9.702291
2024,20.25,-5.0,2.6726494,73.14653,0,9.621537
2024,20.25,-4.75,2.6761787,102.86341,0,9.634243
2024,20.25,-4.5,2.6787424,102.616646,0,9.643473
2024,20.25,-4.25,2.6832914,102.250404,0,9.659849
2024,20.25,-4.0,2.6936991,101.95941,0,9.697316
2024,20.25,-3.75,2.7135417,101.42846,0,9.76875
2024,20.25,-3.5,2.7734363,101.0124,0,9.98437
2024,20.25,-3.25,2.8320267,100.31606,0,10.195296
2024,20.25,-3.0,2.8789437,99.265144,0,10.364197
2024,20.25,-2.75,2.9000351,98.44946,0,10.440126
2024,20.25,-2.5,2.9073894,97.60382,0,10.466601
2024,20.25,-2.25,2.8986952,96.8137,0,10.435303
2024,20.25,-2.0,2.9228318,97.44077,0,10.522194
2024,20.25,-1.75,2.9314115,98.10482,0,10.5530815
2024,20.25,-1.5,2.8747559,97.49305,0,10.349121
2024,20.25,-1.25,2.8439343,97.243774,0,10.238163
2024,20.25,-1.0,2.827877,97.38479,0,10.180357
2024,20.25,-0.75,2.796032,96.865204,0,10.065715
2024,20.25,-0.5,2.7263203,96.97001,0,9.814753
2024,20.25,-0.25,2.731676,97.11758,0,9.834034
2024,20.25,0.0,2.7578976,96.01624,0,9.9284315
2024,20.25,0.25,2.6686666,93.49069,0,9.6072
2024,20.25,0.5,2.6201978,92.50863,0,9.432712
2024,20.25,0.75,2.691841,93.65686,0,9.690627
2024,20.25,1.0,2.7479746,96.0579,0,9.892709
2024,20.25,1.25,2.7541454,97.48812,0,9.914923
2024,20.25,1.5,2.7385857,98.53013,0,9.858909
2024,20.25,1.75,2.729975,99.07493,0,9.827909
2024,20.25,2.0,2.7526977,99.21548,0,9.909712
2024,20.25,2.25,2.7277489,98.01943,0,9.819896
2024,20.25,2.5,2.5913086,126.51949,0,9.328711
2024,20.25,2.75,2.4861772,124.99435,0,8.950237
2024,20.25,3.0,2.4427695,121.51691,0,8.79397
2024,20.25,3.25,2.4886,115.58599,0,8.95896
2024,20.25,3.5,2.557771,110.92362,0,9.207975
2024,20.25,3.75,2.5864546,106.18647,0,9.311236
2024,20.25,4.0,2.5315816,103.73583,0,9.113693
2024,20.25,4.25,2.4145148,102.267784,0,8.692253
2024,20.25,4.5,2.4793403,106.32215,0,8.925625
2024,20.25,4.75,2.722058,107.46921,0,9.799409
2024,20.25,5.0,2.7922916,105.91858,0,10.05225
2024,20.25,5.25,2.7382085,104.81507,0,9.857551
2024,20.25,5.5,2.6992264,103.4852,0,9.717215
2024,20.25,5.75,2.6720607,101.89645,0,9.619418
2024,20.25,6.0,2.6393726,99.672424,0,9.501741
2024,20.25,6.25,2.5848484,98.71903,0,9.305454
2024,20.25,6.5,2.6649516,96.55268,0,9.593825
2024,20.25,6.75,2.7372773,97.10088,0,9.8541975
2024,20.25,7.0,2.7637727,98.17749,0,9.949581
2024,20.25,7.25,2.77895,72.28385,0,10.00422
2024,20.25,7.5,2.7706077,77.07035,0,9.974188
2024,20.25,7.75,2.780345,82.33788,0,10.009242
2024,20.25,8.0,2.8080294,85.66978,0,10.108906
2024,20.25,8.25,2.8576777,92.38743,0,10.28764
2024,20.25,8.5,2.6545389,95.61361,0,9.556339
2024,20.25,8.75,2.2044988,100.04061,0,7.9361954
2024,20.25,9.0,1.596455,120.01621,0,5.7472377
2024,20.25,9.25,1.4883747,96.60342,0,5.358149
2024,20.25,9.5,1.6344056,84.41156,0,5.88386
2024,20.25,9.75,1.7054634,51.307907,0,6.139668
2024,20.25,10.0,1.7425267,48.621387,0,6.2730956
2024,20.25,10.25,1.7736,48.28535,0,6.3849597
2024,20.25,10.5,1.8932371,50.867558,0,6.8156533
2024,20.25,10.75,2.012703,53.426727,0,7.2457304
2024,20.25,11.0,2.0951383,56.119473,0,7.5424976
2024,20.25,11.25,2.1750274,58.66683,0,7.830098
2024,20.25,11.5,2.265468,61.76756,0,8.155684
2024,20.25,11.75,2.419037,65.632965,0,8.708533
2024,20.25,12.0,2.5739448,67.95924,0,9.266201
2024,20.0,-9.0,3.2129726,86.45808,0,11.566701
2024,20.0,-8.75,3.0912626,84.08066,0,11.128545
2024,20.0,-8.5,3.050225,82.92042,0,10.98081
2024,20.0,-8.25,3.0938241,82.035286,0,11.137767
2024,20.0,-8.0,3.1165764,80.8079,0,11.219675
2024,20.0,-7.75,3.0546741,79.857086,0,10.996826
2024,20.0,-7.5,3.0265777,78.993614,0,10.895679
2024,20.0,-7.25,3.0130186,78.263466,0,10.846867
2024,20.0,-7.0,2.9284718,76.49915,0,10.542499
2024,20.0,-6.75,2.8610575,75.25301,0,10.299807
2024,20.0,-6.5,2.9196222,75.60334,0,10.510639
2024,20.0,-6.25,2.9281867,75.41837,0,10.5414715
2024,20.0,-6.0,2.867624,75.002525,0,10.323446
2024,20.0,-5.75,2.8223507,74.601105,0,10.160462
2024,20.0,-5.5,2.7877324,74.50764,0,10.035836
2024,20.0,-5.25,2.7666445,74.017334,0,9.95992
2024,20.0,-5.0,2.7398443,103.43745,0,9.86344
2024,20.0,-4.75,2.7280185,102.56857,0,9.820867
2024,20.0,-4.5,2.7381952,101.60897,0,9.857502
2024,20.0,-4.25,2.754276,100.68697,0,9.915394
2024,20.0,-4.0,2.775553,99.976845,0,9.99199
2024,20.0,-3.75,2.7973359,100.06858,0,10.070409
2024,20.0,-3.5,2.8364317,99.97883,0,10.211154
2024,20.0,-3.25,2.8992088,99.52686,0,10.437151
2024,20.0,-3.0,2.953748,99.10967,0,10.633492
2024,20.0,-2.75,2.9763553,98.50095,0,10.714879
2024,20.0,-2.5,2.9678128,98.007225,0,10.684126
2024,20.0,-2.25,2.9390507,97.52549,0,10.580583
2024,20.0,-2.0,2.9617012,98.48605,0,10.662124
2024,20.0,-1.75,3.0192316,99.084724,0,10.869233
2024,20.0,-1.5,2.9538918,98.24899,0,10.63401
2024,20.0,-1.25,2.837204,97.37301,0,10.213934
2024,20.0,-1.0,2.8222694,97.621056,0,10.16017
2024,20.0,-0.75,2.866318,98.56748,0,10.318745
2024,20.0,-0.5,2.7988684,99.0101,0,10.075926
2024,20.0,-0.25,2.7268248,99.52889,0,9.816569
2024,20.0,0.0,2.7259283,98.62469,0,9.813342
2024,20.0,0.25,2.623758,96.405365,0,9.445529
2024,20.0,0.5,2.6399095,95.38113,0,9.503674
2024,20.0,0.75,2.7392929,96.08356,0,9.861454
2024,20.0,1.0,2.8400004,97.36267,0,10.224001
2024,20.0,1.25,2.8510864,98.66384,0,10.26391
2024,20.0,1.5,2.82713,99.4224,0,10.177668
2024,20.0,1.75,2.8206975,99.92162,0,10.1545105
2024,20.0,2.0,2.846938,98.81976,0,10.248976
2024,20.0,2.25,2.849721,96.90914,0,10.258995
2024,20.0,2.5,2.7046432,124.06606,0,9.736715
2024,20.0,2.75,2.509061,122.06006,0,9.032619
2024,20.0,3.0,2.472723,119.34933,0,8.901803
2024,20.0,3.25,2.498432,114.38004,0,8.994354
2024,20.0,3.5,2.5842876,108.69702,0,9.303435
2024,20.0,3.75,2.6499755,106.8822,0,9.539911
2024,20.0,4.0,2.607108,105.26398,0,9.385589
2024,20.0,4.25,2.5418975,105.635826,0,9.150831
2024,20.0,4.5,2.558193,108.71198,0,9.209495
2024,20.0,4.75,2.7326558,109.10248,0,9.837561
2024,20.0,5.0,2.7613204,107.57583,0,9.940753
2024,20.0,5.25,2.7310474,107.4224,0,9.83177
2024,20.0,5.5,2.713664,107.5152,0,9.769191
2024,20.0,5.75,2.690327,106.17033,0,9.685177
2024,20.0,6.0,2.6221623,105.104225,0,9.439784
2024,20.0,6.25,2.5573437,104.68394,0,9.206437
2024,20.0,6.5,2.5313804,105.26467,0,9.112969
2024,20.0,6.75,2.5509536,105.794395,0,9.183433
2024,20.0,7.0,2.5676076,105.48284,0,9.243387
2024,20.0,7.25,2.5588827,76.347176,0,9.211978
2024,20.0,7.5,2.529649,79.91601,0,9.106736
2024,20.0,7.75,2.6457155,84.33195,0,9.524575
2024,20.0,8.0,2.6803324,87.691345,0,9.649197
2024,20.0,8.25,2.8783562,88.493164,0,10.3620825
2024,20.0,8.5,2.6148045,89.238655,0,9.413296
2024,20.0,8.75,1.9466363,81.97619,0,7.0078907
2024,20.0,9.0,1.4701809,92.191475,0,5.292651
2024,20.0,9.25,1.5203037,78.733025,0,5.473093
2024,20.0,9.5,1.533502,78.45834,0,5.520607
2024,20.0,9.75,1.62819,76.03654,0,5.861484
2024,20.0,10.0,1.6640277,75.15339,0,5.9904995
2024,20.0,10.25,1.694066,45.408127,0,6.0986376
2024,20.0,10.5,1.7537462,46.617477,0,6.313486
2024,20.0,10.75,1.8630233,49.765137,0,6.7068834
2024,20.0,11.0,1.9740111,54.574524,0,7.1064396
2024,20.0,11.25,2.0933807,58.393734,0,7.5361705
2024,20.0,11.5,2.1822546,62.555927,0,7.8561163
2024,20.0,11.75,2.3293362,67.26864,0,8.38561
2024,20.0,12.0,2.474663,69.70974,0,8.908787
2024,19.75,-9.0,3.269317,87.12586,0,11.769541
2024,19.75,-8.75,3.1190462,85.2088,0,11.228566
2024,19.75,-8.5,3.054333,84.36781,0,10.995599
2024,19.75,-8.25,3.0661852,83.76709,0,11.038266
2024,19.75,-8.0,3.1063936,82.68967,0,11.183017
2024,19.75,-7.75,3.1236687,81.51947,0,11.245207
2024,19.75,-7.5,3.1141403,80.63132,0,11.210905
2024,19.75,-7.25,3.0843945,79.33915,0,11.10382
2024,19.75,-7.0,2.9930928,77.70478,0,10.775134
2024,19.75,-6.75,2.8971872,76.6187,0,10.429873
2024,19.75,-6.5,2.9167278,76.929756,0,10.500219
2024,19.75,-6.25,2.952823,76.85428,0,10.630162
2024,19.75,-6.0,2.9301245,76.28947,0,10.548448
2024,19.75,-5.75,2.885403,75.73316,0,10.38745
2024,19.75,-5.5,2.8528965,104.986206,0,10.270427
2024,19.75,-5.25,2.833476,104.13291,0,10.200514
2024,19.75,-5.0,2.8150158,102.99179,0,10.134057
2024,19.75,-4.75,2.8095856,101.58706,0,10.114508
2024,19.75,-4.5,2.817466,100.165565,0,10.142878
2024,19.75,-4.25,2.8317482,99.25761,0,10.194293
2024,19.75,-4.0,2.8577197,98.95875,0,10.28779
2024,19.75,-3.75,2.883725,99.04944,0,10.38141
2024,19.75,-3.5,2.9219608,99.20611,0,10.519059
2024,19.75,-3.25,2.9627225,99.030235,0,10.665801
2024,19.75,-3.0,3.0152397,98.71169,0,10.854862
2024,19.75,-2.75,3.0427856,98.60687,0,10.954028
2024,19.75,-2.5,3.0353825,98.30939,0,10.927377
2024,19.75,-2.25,2.9879553,98.49459,0,10.756639
2024,19.75,-2.0,2.9737012,99.636696,0,10.705324
2024,19.75,-1.75,3.0448494,100.270966,0,10.961457
2024,19.75,-1.5,2.983167,99.15337,0,10.739401
2024,19.75,-1.25,2.847708,98.42164,0,10.251748
2024,19.75,-1.0,2.8002617,99.80221,0,10.080942
2024,19.75,-0.75,2.861536,101.24578,0,10.30153
2024,19.75,-0.5,2.8489177,101.42524,0,10.2561035
2024,19.75,-0.25,2.7449253,102.03058,0,9.881731
2024,19.75,0.0,2.6817057,101.44828,0,9.65414
2024,19.75,0.25,2.5867937,99.57648,0,9.312457
2024,19.75,0.5,2.6070638,98.79328,0,9.385429
2024,19.75,0.75,2.755152,98.96279,0,9.918547
2024,19.75,1.0,2.8700054,99.94705,0,10.332019
2024,19.75,1.25,2.918759,100.48022,0,10.507532
2024,19.75,1.5,2.8986857,101.11768,0,10.435268
2024,19.75,1.75,2.8695982,100.80544,0,10.330553
2024,19.75,2.0,2.8853314,99.19688,0,10.387193
2024,19.75,2.25,2.8907988,97.065125,0,10.406876
2024,19.75,2.5,2.751424,94.707275,0,9.905127
2024,19.75,2.75,2.5500095,93.5166,0,9.180034
2024,19.75,3.0,2.452556,91.713104,0,8.829201
2024,19.75,3.25,2.4751375,87.64217,0,8.910495
2024,19.75,3.5,2.5297258,84.602516,0,9.107013
2024,19.75,3.75,2.5956957,82.13999,0,9.344504
2024,19.75,4.0,2.662789,81.33908,0,9.5860405
2024,19.75,4.25,2.650795,81.64666,0,9.542862
2024,19.75,4.5,2.6452236,112.270874,0,9.522805
2024,19.75,4.75,2.7168016,112.17977,0,9.780486
2024,19.75,5.0,2.7343738,111.42733,0,9.843745
2024,19.75,5.25,2.7297668,111.92483,0,9.827161
2024,19.75,5.5,2.7046235,112.450775,0,9.736644
2024,19.75,5.75,2.6436336,111.16214,0,9.51708
2024,19.75,6.0,2.5779684,109.74604,0,9.280685
2024,19.75,6.25,2.4963882,110.30295,0,8.986998
2024,19.75,6.5,2.4314833,111.61198,0,8.75334
2024,19.75,6.75,2.3942277,112.725365,0,8.61922
2024,19.75,7.0,2.4016964,112.86362,0,8.646107
2024,19.75,7.25,2.3860676,82.52997,0,8.589843
2024,19.75,7.5,2.5343804,85.06017,0,9.12377
2024,19.75,7.75,2.7136052,88.37082,0,9.768978
2024,19.75,8.0,3.0368366,89.22339,0,10.932611
2024,19.75,8.25,3.2970283,89.5682,0,11.869302
2024,19.75,8.5,3.2713633,89.80248,0,11.776907
2024,19.75,8.75,2.552894,75.60467,0,9.190418
2024,19.75,9.0,1.7310699,79.143974,0,6.2318516
2024,19.75,9.25,1.6247135,97.18203,0,5.8489685
2024,19.75,9.5,1.4852673,97.91467,0,5.346962
2024,19.75,9.75,1.5530678,68.65106,0,5.591044
2024,19.75,10.0,1.6045312,67.90536,0,5.776312
2024,19.75,10.25,1.6618013,68.75361,0,5.982485
2024,19.75,10.5,1.7138087,70.82213,0,6.169711
2024,19.75,10.75,1.7652174,46.212753,0,6.3547826
2024,19.75,11.0,1.8488659,52.23003,0,6.655917
2024,19.75,11.25,1.9955548,58.465576,0,7.183997
2024,19.75,11.5,2.116075,65.10795,0,7.61787
2024,19.75,11.75,2.2615767,70.81515,0,8.141676
2024,19.75,12.0,2.36763,73.88422,0,8.523468
2024,19.5,-9.0,3.3607435,87.63239,0,12.098677
2024,19.5,-8.75,3.24919,86.2264,0,11.697084
2024,19.5,-8.5,3.1657484,85.247826,0,11.396694
2024,19.5,-8.25,3.1510582,84.53388,0,11.343809
2024,19.5,-8.0,3.1733196,83.56652,0,11.42395
2024,19.5,-7.75,3.2008543,82.48916,0,11.523075
2024,19.5,-7.5,3.189268,81.39764,0,11.481365
2024,19.5,-7.25,3.1449254,80.03263,0,11.321731
2024,19.5,-7.0,3.0875175,78.590935,0,11.115063
2024,19.5,-6.75,2.993181,77.50257,0,10.775452
2024,19.5,-6.5,2.9860325,77.8331,0,10.749717
2024,19.5,-6.25,3.000598,107.77743,0,10.802153
2024,19.5,-6.0,2.9752634,107.01379,0,10.710948
2024,19.5,-5.75,2.945227,105.95154,0,10.602817
2024,19.5,-5.5,2.9173584,104.78766,0,10.50249
2024,19.5,-5.25,2.8953254,103.36422,0,10.423171
2024,19.5,-5.0,2.882808,101.77346,0,10.378108
2024,19.5,-4.75,2.8818653,100.21448,0,10.374715
2024,19.5,-4.5,2.8896341,99.174,0,10.402682
2024,19.5,-4.25,2.9147208,98.720726,0,10.492994
2024,19.5,-4.0,2.9383714,98.70795,0,10.578136
2024,19.5,-3.75,2.9661095,98.68412,0,10.677994
2024,19.5,-3.5,2.9869354,98.720184,0,10.752967
2024,19.5,-3.25,3.018057,98.66138,0,10.8650055
2024,19.5,-3.0,3.0484893,98.61176,0,10.974562
2024,19.5,-2.75,3.0659065,98.591034,0,11.037263
2024,19.5,-2.5,3.068496,98.80715,0,11.046585
2024,19.5,-2.25,3.044982,99.578865,0,10.961935
2024,19.5,-2.0,3.0130289,100.676544,0,10.846904
2024,19.5,-1.75,3.036419,101.28251,0,10.9311075
2024,19.5,-1.5,2.99154,100.602356,0,10.769544
2024,19.5,-1.25,2.8674707,100.72894,0,10.322894
2024,19.5,-1.0,2.8125303,102.38037,0,10.125109
2024,19.5,-0.75,2.867711,104.18673,0,10.32376
2024,19.5,-0.5,2.8929644,104.41187,0,10.414672
2024,19.5,-0.25,2.7798474,104.25149,0,10.00745
2024,19.5,0.0,2.6534312,103.59336,0,9.552352
2024,19.5,0.25,2.5605485,101.95344,0,9.217975
2024,19.5,0.5,2.5897214,101.349434,0,9.322997
2024,19.5,0.75,2.754402,101.83899,0,9.915847
2024,19.5,1.0,2.9324653,101.96854,0,10.556875
2024,19.5,1.25,2.9956958,101.719215,0,10.784505
2024,19.5,1.5,2.959876,100.90519,0,10.655554
2024,19.5,1.75,2.922552,100.49979,0,10.521188
2024,19.5,2.0,2.930692,99.804405,0,10.55049
2024,19.5,2.25,2.914945,98.52091,0,10.493801
2024,19.5,2.5,2.7508686,97.17005,0,9.903127
2024,19.5,2.75,2.5646536,95.533516,0,9.232753
2024,19.5,3.0,2.4701931,93.79786,0,8.892695
2024,19.5,3.25,2.464772,91.828,0,8.8731785
2024,19.5,3.5,2.502535,90.50173,0,9.009126
2024,19.5,3.75,2.5601156,90.02122,0,9.216415
2024,19.5,4.0,2.6344125,89.03622,0,9.483885
2024,19.5,4.25,2.668481,87.81545,0,9.606532
2024,19.5,4.5,2.6798203,87.313255,0,9.647353
2024,19.5,4.75,2.6920283,86.37412,0,9.691301
2024,19.5,5.0,2.6733744,115.99637,0,9.624147
2024,19.5,5.25,2.690522,86.47129,0,9.685879
2024,19.5,5.5,2.6644766,116.05884,0,9.592115
2024,19.5,5.75,2.6001258,114.50266,0,9.360453
2024,19.5,6.0,2.5164135,113.86264,0,9.059088
2024,19.5,6.25,2.4189637,115.11013,0,8.708269
2024,19.5,6.5,2.327932,116.23187,0,8.380554
2024,19.5,6.75,2.2645879,117.76418,0,8.152516
2024,19.5,7.0,2.2682707,118.03248,0,8.165774
2024,19.5,7.25,2.3414917,86.77831,0,8.42937
2024,19.5,7.5,2.583144,88.10386,0,9.299318
2024,19.5,7.75,2.9000118,87.07078,0,10.4400425
2024,19.5,8.0,3.2588367,86.47405,0,11.731812
2024,19.5,8.25,3.5194514,87.51038,0,12.670025
2024,19.5,8.5,3.5558834,89.84268,0,12.80118
2024,19.5,8.75,2.7697704,85.08111,0,9.971173
2024,19.5,9.0,1.4478512,102.492134,0,5.212264
2024,19.5,9.25,1.3211452,151.10278,0,4.7561226
2024,19.5,9.5,1.4716882,90.512115,0,5.298077
2024,19.5,9.75,1.5172011,90.878784,0,5.4619236
2024,19.5,10.0,1.6147743,90.71301,0,5.8131876
2024,19.5,10.25,1.66636,61.664703,0,5.998896
2024,19.5,10.5,1.6951922,67.04458,0,6.1026917
2024,19.5,10.75,1.7335469,74.07931,0,6.2407684
2024,19.5,11.0,1.7685167,79.78611,0,6.3666596
2024,19.5,11.25,1.9018477,57.329357,0,6.8466516
2024,19.5,11.5,2.0657208,74.83849,0,7.4365945
2024,19.5,11.75,2.20313,78.69641,0,7.9312677
2024,19.5,12.0,2.3146746,80.23598,0,8.3328285
2024,19.25,-9.0,3.4061205,87.82471,0,12.262033
2024,19.25,-8.75,3.3905003,86.55051,0,12.205801
2024,19.25,-8.5,3.329236,85.60272,0,11.9852495
2024,19.25,-8.25,3.2867692,84.73099,0,11.832369
2024,19.25,-8.0,3.2699044,83.97766,0,11.771655
2024,19.25,-7.75,3.265663,83.22753,0,11.756386
2024,19.25,-7.5,3.252142,82.27932,0,11.70771
2024,19.25,-7.25,3.212611,81.06912,0,11.565399
2024,19.25,-7.0,3.152696,79.86178,0,11.349705
2024,19.25,-6.75,3.0792992,79.11619,0,11.085477
2024,19.25,-6.5,3.055125,109.17972,0,10.998449
2024,19.25,-6.25,3.0435517,108.58691,0,10.956786
2024,19.25,-6.0,3.0190637,107.547424,0,10.868629
2024,19.25,-5.75,3.0011015,106.23233,0,10.803965
2024,19.25,-5.5,2.9853344,104.54163,0,10.747204
2024,19.25,-5.25,2.9733737,102.51119,0,10.7041445
2024,19.25,-5.0,2.9746616,100.6419,0,10.708781
2024,19.25,-4.75,2.9791374,99.29488,0,10.724895
2024,19.25,-4.5,2.9865234,98.57853,0,10.751484
2024,19.25,-4.25,2.9984407,98.25211,0,10.794387
2024,19.25,-4.0,3.0034325,98.453766,0,10.812357
2024,19.25,-3.75,3.0138643,98.62823,0,10.849911
2024,19.25,-3.5,3.0192826,98.87463,0,10.869417
2024,19.25,-3.25,3.0330944,99.0141,0,10.91914
2024,19.25,-3.0,3.0585356,99.00424,0,11.010728
2024,19.25,-2.75,3.0785675,99.11356,0,11.082843
2024,19.25,-2.5,3.090991,99.45239,0,11.127567
2024,19.25,-2.25,3.1061895,100.2135,0,11.1822815
2024,19.25,-2.0,3.0795448,101.198784,0,11.086361
2024,19.25,-1.75,3.0725253,101.95449,0,11.06109
2024,19.25,-1.5,3.0380085,102.26526,0,10.9368305
2024,19.25,-1.25,2.9372435,102.87795,0,10.574077
2024,19.25,-1.0,2.8593957,104.71405,0,10.293824
2024,19.25,-0.75,2.8771698,106.79761,0,10.357811
2024,19.25,-0.5,2.9132528,107.4105,0,10.48771
2024,19.25,-0.25,2.8255856,106.68563,0,10.172108
2024,19.25,0.0,2.648844,105.371574,0,9.535838
2024,19.25,0.25,2.5300837,104.45675,0,9.108301
2024,19.25,0.5,2.581237,104.75883,0,9.292453
2024,19.25,0.75,2.80019,105.3007,0,10.080684
2024,19.25,1.0,2.9982631,104.257195,0,10.793747
2024,19.25,1.25,3.050638,102.326195,0,10.982296
2024,19.25,1.5,3.0020626,100.81995,0,10.807425
2024,19.25,1.75,2.976982,100.41837,0,10.717135
2024,19.25,2.0,3.0120585,100.09521,0,10.8434105
2024,19.25,2.25,2.9704964,100.07569,0,10.693787
2024,19.25,2.5,2.730169,99.79947,0,9.8286085
2024,19.25,2.75,2.559058,97.93246,0,9.212608
2024,19.25,3.0,2.5151856,96.12896,0,9.054667
2024,19.25,3.25,2.5365407,94.9668,0,9.131546
2024,19.25,3.5,2.579157,94.71584,0,9.2849655
2024,19.25,3.75,2.6130998,94.653725,0,9.407159
2024,19.25,4.0,2.6270936,93.765076,0,9.457537
2024,19.25,4.25,2.6388328,92.27866,0,9.499798
2024,19.25,4.5,2.6661747,91.21893,0,9.598228
2024,19.25,4.75,2.6622295,89.61633,0,9.584026
2024,19.25,5.0,2.631865,88.70785,0,9.474714
2024,19.25,5.25,2.6070254,88.60996,0,9.385291
2024,19.25,5.5,2.5670826,87.96301,0,9.241497
2024,19.25,5.75,2.5150404,87.13187,0,9.054145
2024,19.25,6.0,2.4499063,87.26587,0,8.819663
2024,19.25,6.25,2.363025,118.47274,0,8.506889
2024,19.25,6.5,2.2630012,119.51593,0,8.146804
2024,19.25,6.75,2.1441262,120.4947,0,7.718854
2024,19.25,7.0,2.1500762,120.60253,0,7.740274
2024,19.25,7.25,2.2115662,89.823235,0,7.961638
2024,19.25,7.5,2.3354223,88.92609,0,8.40752
2024,19.25,7.75,2.498666,86.20193,0,8.995197
2024,19.25,8.0,2.6236303,84.199196,0,9.445068
2024,19.25,8.25,2.6835318,84.37597,0,9.660714
2024,19.25,8.5,2.6022995,82.51849,0,9.368278
2024,19.25,8.75,2.0593722,81.641914,0,7.4137397
2024,19.25,9.0,0.7941231,116.81727,0,2.858843
2024,19.25,9.25,0.5220945,172.44745,0,1.8795401
2024,19.25,9.5,1.0034003,170.60994,0,3.612241
2024,19.25,9.75,1.3940778,201.71529,0,5.01868
2024,19.25,10.0,1.6172072,83.94365,0,5.8219457
2024,19.25,10.25,1.7034292,87.48132,0,6.132345
2024,19.25,10.5,1.6993486,63.73701,0,6.117655
2024,19.25,10.75,1.7089278,72.49222,0,6.1521397
2024,19.25,11.0,1.7519287,76.009995,0,6.306943
2024,19.25,11.25,1.8857318,75.970116,0,6.7886343
2024,19.25,11.5,2.075289,78.73057,0,7.4710402
2024,19.25,11.75,2.1966157,81.9768,0,7.9078164
2024,19.25,12.0,2.3002844,83.59072,0,8.281024
2024,19.0,-9.0,3.5095627,88.072914,0,12.634425
2024,19.0,-8.75,3.4716663,86.98026,0,12.497998
2024,19.0,-8.5,3.4491308,85.95821,0,12.41687
2024,19.0,-8.25,3.4249794,85.326546,0,12.329926
2024,19.0,-8.0,3.3850176,84.8184,0,12.186063
2024,19.0,-7.75,3.3515234,84.22556,0,12.065484
2024,19.0,-7.5,3.3281076,83.40004,0,11.981187
2024,19.0,-7.25,3.2628038,82.49729,0,11.746094
2024,19.0,-7.0,3.1767237,81.596565,0,11.436205
2024,19.0,-6.75,3.150851,111.11169,0,11.343063
2024,19.0,-6.5,3.1358502,110.65092,0,11.289061
2024,19.0,-6.25,3.1122046,109.478455,0,11.203936
2024,19.0,-6.0,3.1003945,107.907776,0,11.16142
2024,19.0,-5.75,3.082999,106.091835,0,11.098796
2024,19.0,-5.5,3.0648153,103.94315,0,11.033335
2024,19.0,-5.25,3.0595424,101.96682,0,11.014353
2024,19.0,-5.0,3.061493,100.62299,0,11.021374
2024,19.0,-4.75,3.063758,99.68121,0,11.029528
2024,19.0,-4.5,3.0646737,99.14515,0,11.0328245
2024,19.0,-4.25,3.061635,98.89408,0,11.021886
2024,19.0,-4.0,3.0718868,99.01291,0,11.058792
2024,19.0,-3.75,3.08795,99.07965,0,11.11662
2024,19.0,-3.5,3.0844498,99.42736,0,11.104019
2024,19.0,-3.25,3.068155,99.87699,0,11.045358
2024,19.0,-3.0,3.0689068,100.02029,0,11.048064
2024,19.0,-2.75,3.0746317,100.05634,0,11.068674
2024,19.0,-2.5,3.0831187,100.239716,0,11.099227
2024,19.0,-2.25,3.094528,100.73075,0,11.140301
2024,19.0,-2.0,3.1083963,101.89376,0,11.190227
2024,19.0,-1.75,3.109435,102.89621,0,11.193966
2024,19.0,-1.5,3.0831983,103.818016,0,11.099514
2024,19.0,-1.25,3.020874,104.85125,0,10.875146
2024,19.0,-1.0,2.9776878,106.83252,0,10.719676
2024,19.0,-0.75,2.9759724,108.75669,0,10.7135
2024,19.0,-0.5,2.9477358,109.03292,0,10.611849
2024,19.0,-0.25,2.837548,107.98484,0,10.215173
2024,19.0,0.0,2.7014205,107.48258,0,9.725114
2024,19.0,0.25,2.5792348,107.43546,0,9.285245
2024,19.0,0.5,2.597049,107.695045,0,9.349376
2024,19.0,0.75,2.784956,107.71579,0,10.025842
2024,19.0,1.0,2.9652522,106.5059,0,10.674908
2024,19.0,1.25,3.008938,104.785576,0,10.832177
2024,19.0,1.5,2.970518,103.79398,0,10.693865
2024,19.0,1.75,2.9905882,103.780945,0,10.766117
2024,19.0,2.0,3.0737665,103.43166,0,11.065559
2024,19.0,2.25,3.0488079,102.342476,0,10.975708
2024,19.0,2.5,2.776944,101.043335,0,9.996998
2024,19.0,2.75,2.5946074,100.17263,0,9.340587
2024,19.0,3.0,2.5664442,99.76724,0,9.239199
2024,19.0,3.25,2.6049826,99.16281,0,9.377937
2024,19.0,3.5,2.6476302,98.472984,0,9.531468
2024,19.0,3.75,2.6701767,97.85099,0,9.612636
2024,19.0,4.0,2.6727445,97.31414,0,9.62188
2024,19.0,4.25,2.65897,96.485146,0,9.572292
2024,19.0,4.5,2.6506407,95.664055,0,9.542306
2024,19.0,4.75,2.6405883,94.63721,0,9.506118
2024,19.0,5.0,2.5977452,92.83805,0,9.351882
2024,19.0,5.25,2.5492136,90.81167,0,9.177169
2024,19.0,5.5,2.5017664,89.305595,0,9.006359
2024,19.0,5.75,2.436242,88.446594,0,8.770472
2024,19.0,6.0,2.3622892,88.56248,0,8.504241
2024,19.0,6.25,2.2751353,89.848625,0,8.190487
2024,19.0,6.5,2.166427,120.622826,0,7.7991366
2024,19.0,6.75,2.0394166,118.98539,0,7.3418994
2024,19.0,7.0,1.9817157,118.68275,0,7.1341763
2024,19.0,7.25,1.9169854,118.52056,0,6.9011474
2024,19.0,7.5,1.9014425,88.0382,0,6.845193
2024,19.0,7.75,1.8953542,88.59875,0,6.8232746
2024,19.0,8.0,1.7466646,93.32004,0,6.2879925
2024,19.0,8.25,1.6855688,97.476295,0,6.0680475
2024,19.0,8.5,1.7966986,105.30517,0,6.468115
2024,19.0,8.75,1.7034025,75.45815,0,6.132249
2024,19.0,9.0,1.3076559,59.367,0,4.707561
2024,19.0,9.25,0.95146084,75.446724,0,3.4252589
2024,19.0,9.5,1.0776862,94.30859,0,3.8796701
2024,19.0,9.75,1.3232116,227.34526,0,4.7635612
2024,19.0,10.0,1.5331149,169.35518,0,5.5192137
2024,19.0,10.25,1.6391664,86.40634,0,5.9009986
2024,19.0,10.5,1.6684917,63.31309,0,6.00657
2024,19.0,10.75,1.7385783,69.259125,0,6.2588816
2024,19.0,11.0,1.8422527,72.27007,0,6.6321096
2024,19.0,11.25,1.9109613,76.308586,0,6.8794603
2024,19.0,11.5,2.100368,81.26368,0,7.5613246
2024,19.0,11.75,2.205366,84.58962,0,7.939317
2024,19.0,12.0,2.2843506,86.6608,0,8.223662
2024,18.75,-9.0,3.7119262,87.19749,0,13.362934
2024,18.75,-8.75,3.6296756,86.50458,0,13.066832
2024,18.75,-8.5,3.5667264,85.66086,0,12.840215
2024,18.75,-8.25,3.553982,85.62278,0,12.794335
2024,18.75,-8.0,3.494868,85.9329,0,12.581525
2024,18.75,-7.75,3.4314337,85.54664,0,12.353161
2024,18.75,-7.5,3.363327,84.746216,0,12.107977
2024,18.75,-7.25,3.3160784,83.95912,0,11.937882
2024,18.75,-7.0,3.2751503,83.21233,0,11.790541
2024,18.75,-6.75,3.2167742,112.61532,0,11.580387
2024,18.75,-6.5,3.1935923,111.57795,0,11.496932
2024,18.75,-6.25,3.1721675,110.01641,0,11.419803
2024,18.75,-6.0,3.1586845,108.058235,0,11.3712635
2024,18.75,-5.75,3.1535656,105.953575,0,11.352836
2024,18.75,-5.5,3.1542332,104.001656,0,11.355239
2024,18.75,-5.25,3.1594641,102.56125,0,11.37407
2024,18.75,-5.0,3.1563728,101.68069,0,11.362942
2024,18.75,-4.75,3.159894,100.88871,0,11.375618
2024,18.75,-4.5,3.159125,100.50541,0,11.37285
2024,18.75,-4.25,3.153326,100.15807,0,11.351974
2024,18.75,-4.0,3.1431553,99.87249,0,11.315359
2024,18.75,-3.75,3.1414845,99.905525,0,11.309344
2024,18.75,-3.5,3.1347816,100.07476,0,11.285213
2024,18.75,-3.25,3.124858,100.41381,0,11.249488
2024,18.75,-3.0,3.1129487,100.56892,0,11.2066145
2024,18.75,-2.75,3.1074772,100.56962,0,11.186917
2024,18.75,-2.5,3.0867474,101.260704,0,11.11229
2024,18.75,-2.25,3.0792925,102.39502,0,11.085453
2024,18.75,-2.0,3.099334,103.53497,0,11.157602
2024,18.75,-1.75,3.1213138,104.20974,0,11.23673
2024,18.75,-1.5,3.1116087,105.07794,0,11.201791
2024,18.75,-1.25,3.097841,106.0683,0,11.152227
2024,18.75,-1.0,3.0735273,107.69802,0,11.064698
2024,18.75,-0.75,3.0710354,108.646545,0,11.055727
2024,18.75,-0.5,3.038658,108.54144,0,10.939168
2024,18.75,-0.25,2.9438198,108.29797,0,10.597751
2024,18.75,0.0,2.8432643,108.815926,0,10.235751
2024,18.75,0.25,2.71054,108.92457,0,9.757944
2024,18.75,0.5,2.6787643,109.5142,0,9.643552
2024,18.75,0.75,2.8316662,110.2566,0,10.193998
2024,18.75,1.0,2.9632642,110.11166,0,10.667751
2024,18.75,1.25,3.0038998,109.06629,0,10.814039
2024,18.75,1.5,2.999097,108.27517,0,10.796749
2024,18.75,1.75,3.0249307,107.838745,0,10.8897505
2024,18.75,2.0,3.0798264,106.86782,0,11.087375
2024,18.75,2.25,3.0623531,105.205376,0,11.024471
2024,18.75,2.5,2.8498328,103.67477,0,10.2593975
2024,18.75,2.75,2.6943944,103.488625,0,9.69982
2024,18.75,3.0,2.6753495,103.65066,0,9.631258
2024,18.75,3.25,2.7070675,103.277954,0,9.745442
2024,18.75,3.5,2.733144,102.64435,0,9.839318
2024,18.75,3.75,2.7317886,101.936424,0,9.834439
2024,18.75,4.0,2.7327683,101.31253,0,9.837966
2024,18.75,4.25,2.6836948,101.52784,0,9.661302
2024,18.75,4.5,2.655011,102.7568,0,9.558039
2024,18.75,4.75,2.633374,104.54838,0,9.480146
2024,18.75,5.0,2.5622814,105.81756,0,9.224213
2024,18.75,5.25,2.5173466,107.999596,0,9.062448
2024,18.75,5.5,2.4637365,109.80729,0,8.8694515
2024,18.75,5.75,2.391175,111.34182,0,8.60823
2024,18.75,6.0,2.2926173,112.703255,0,8.253422
2024,18.75,6.25,2.199882,113.537476,0,7.919575
2024,18.75,6.5,2.0875342,113.49705,0,7.515123
2024,18.75,6.75,1.9626694,143.35072,0,7.0656095
2024,18.75,7.0,1.8400542,144.54855,0,6.6241946
2024,18.75,7.25,1.6509924,115.19346,0,5.9435725
2024,18.75,7.5,1.6437529,89.16296,0,5.9175105
2024,18.75,7.75,1.7194829,97.19199,0,6.1901383
2024,18.75,8.0,1.6992675,105.274025,0,6.117363
2024,18.75,8.25,1.8607578,108.86056,0,6.698728
2024,18.75,8.5,2.0935159,107.45707,0,7.536657
2024,18.75,8.75,2.2861679,99.20899,0,8.230204
2024,18.75,9.0,2.1083682,87.72292,0,7.590125
2024,18.75,9.25,1.9038779,79.44141,0,6.85396
2024,18.75,9.5,1.6695102,73.59254,0,6.0102367
2024,18.75,9.75,1.6556616,118.51941,0,5.9603815
2024,18.75,10.0,1.6937281,170.46007,0,6.097421
2024,18.75,10.25,1.7609371,56.113514,0,6.3393736
2024,18.75,10.5,1.7467018,61.986248,0,6.2881265
2024,18.75,10.75,1.8001841,65.51431,0,6.480663
2024,18.75,11.0,1.9338664,72.23075,0,6.961919
2024,18.75,11.25,2.007767,76.9974,0,7.227961
2024,18.75,11.5,2.1753151,82.62228,0,7.8311343
2024,18.75,11.75,2.2675335,85.861664,0,8.16312
2024,18.75,12.0,2.3309314,87.67853,0,8.391353
2024,18.5,-9.0,3.7214477,87.67364,0,13.397211
2024,18.5,-8.75,3.755727,86.70236,0,13.5206175
2024,18.5,-8.5,3.6820173,86.11871,0,13.255262
2024,18.5,-8.25,3.7046814,87.362175,0,13.336853
2024,18.5,-8.0,3.6634943,87.82382,0,13.18858
2024,18.5,-7.75,3.543403,87.52122,0,12.75625
2024,18.5,-7.5,3.446943,86.72283,0,12.408995
2024,18.5,-7.25,3.3501215,85.54244,0,12.060437
2024,18.5,-7.0,3.324075,114.56887,0,11.96667
2024,18.5,-6.75,3.2868779,113.61627,0,11.83276
2024,18.5,-6.5,3.2717304,111.97021,0,11.778229
2024,18.5,-6.25,3.2515566,110.04377,0,11.705604
2024,18.5,-6.0,3.2371569,107.86151,0,11.653765
2024,18.5,-5.75,3.2388418,105.987816,0,11.65983
2024,18.5,-5.5,3.2388813,104.61838,0,11.659972
2024,18.5,-5.25,3.2427788,103.603455,0,11.674004
2024,18.5,-5.0,3.2480946,103.01035,0,11.69314
2024,18.5,-4.75,3.254615,102.427574,0,11.716614
2024,18.5,-4.5,3.2419794,101.96821,0,11.671125
2024,18.5,-4.25,3.237278,101.248535,0,11.654201
2024,18.5,-4.0,3.2334108,100.87893,0,11.640279
2024,18.5,-3.75,3.2232144,100.83048,0,11.603572
2024,18.5,-3.5,3.2109785,100.97782,0,11.559523
2024,18.5,-3.25,3.177556,101.256836,0,11.439201
2024,18.5,-3.0,3.1566718,101.408165,0,11.364018
2024,18.5,-2.75,3.1230392,101.79135,0,11.242941
2024,18.5,-2.5,3.0994647,102.572,0,11.158072
2024,18.5,-2.25,3.0983322,104.01156,0,11.1539955
2024,18.5,-2.0,3.1053631,104.97796,0,11.179307
2024,18.5,-1.75,3.1155918,105.489105,0,11.21613
2024,18.5,-1.5,3.1209068,106.05688,0,11.235264
2024,18.5,-1.25,3.1146002,107.008934,0,11.212561
2024,18.5,-1.0,3.1293192,108.094215,0,11.265549
2024,18.5,-0.75,3.1316197,108.94831,0,11.27383
2024,18.5,-0.5,3.1102226,109.00158,0,11.196801
2024,18.5,-0.25,3.0371234,109.09226,0,10.933644
2024,18.5,0.0,2.97557,109.929924,0,10.712051
2024,18.5,0.25,2.81864,109.853294,0,10.147103
2024,18.5,0.5,2.7706347,110.689,0,9.974284
2024,18.5,0.75,2.8847084,112.321754,0,10.38495
2024,18.5,1.0,3.011872,112.71112,0,10.842739
2024,18.5,1.25,3.0650558,112.30841,0,11.034201
2024,18.5,1.5,3.0615566,111.84957,0,11.021604
2024,18.5,1.75,3.0468228,111.42963,0,10.968562
2024,18.5,2.0,3.0767243,110.38126,0,11.076207
2024,18.5,2.25,3.0699227,108.77834,0,11.051722
2024,18.5,2.5,2.924373,107.62432,0,10.527742
2024,18.5,2.75,2.8060048,107.42557,0,10.101617
2024,18.5,3.0,2.8094418,107.22123,0,10.11399
2024,18.5,3.25,2.8279278,106.63925,0,10.18054
2024,18.5,3.5,2.7982283,105.79337,0,10.073622
2024,18.5,3.75,2.789642,105.06753,0,10.042711
2024,18.5,4.0,2.782338,104.81696,0,10.016417
2024,18.5,4.25,2.749572,105.30782,0,9.898459
2024,18.5,4.5,2.7118747,106.73768,0,9.762749
2024,18.5,4.75,2.6677535,108.04275,0,9.603912
2024,18.5,5.0,2.5895011,109.03939,0,9.322204
2024,18.5,5.25,2.4921124,110.62412,0,8.971604
2024,18.5,5.5,2.4367151,112.11082,0,8.772174
2024,18.5,5.75,2.3532724,113.385345,0,8.471781
2024,18.5,6.0,2.2619967,114.348816,0,8.143188
2024,18.5,6.25,2.1446078,113.90387,0,7.7205877
2024,18.5,6.5,2.021319,112.025246,0,7.2767477
2024,18.5,6.75,1.8981222,140.50201,0,6.8332396
2024,18.5,7.0,1.7633659,140.447,0,6.348117
2024,18.5,7.25,1.6034495,142.38731,0,5.772418
2024,18.5,7.5,1.7026135,92.79107,0,6.1294084
2024,18.5,7.75,1.9122599,102.098305,0,6.8841357
2024,18.5,8.0,2.3272836,105.26157,0,8.378221
2024,18.5,8.25,2.565117,107.538,0,9.234421
2024,18.5,8.5,2.622813,111.445526,0,9.442126
2024,18.5,8.75,2.5732567,101.82316,0,9.263724
2024,18.5,9.0,2.0752766,95.2653,0,7.4709954
2024,18.5,9.25,2.0045612,80.25834,0,7.21642
2024,18.5,9.5,2.0283427,73.55551,0,7.3020334
2024,18.5,9.75,2.0461352,60.32489,0,7.3660865
2024,18.5,10.0,2.0291474,53.74113,0,7.30493
2024,18.5,10.25,1.9226083,57.42558,0,6.9213896
2024,18.5,10.5,1.900702,61.157955,0,6.842527
2024,18.5,10.75,1.9270282,65.54941,0,6.937301
2024,18.5,11.0,2.0624921,72.54901,0,7.4249716
2024,18.5,11.25,2.1352565,76.90631,0,7.6869235
2024,18.5,11.5,2.266238,82.740486,0,8.158457
2024,18.5,11.75,2.3579502,86.11093,0,8.488621
2024,18.5,12.0,2.3998666,88.101234,0,8.63952
2024,18.25,-9.0,3.7064626,89.433235,0,13.343266
2024,18.25,-8.75,3.7613354,88.309395,0,13.540807
2024,18.25,-8.5,3.7064202,87.8718,0,13.343112
2024,18.25,-8.25,3.7366507,88.99424,0,13.451942
2024,18.25,-8.0,3.7656853,89.21628,0,13.556467
2024,18.25,-7.75,3.6468258,88.980225,0,13.128572
2024,18.25,-7.5,3.5575294,88.23733,0,12.807106
2024,18.25,-7.25,3.4536202,87.21585,0,12.433032
2024,18.25,-7.0,3.359127,115.6636,0,12.092857
2024,18.25,-6.75,3.3462827,114.06274,0,12.0466175
2024,18.25,-6.5,3.3332958,112.016624,0,11.999865
2024,18.25,-6.25,3.3053882,109.964294,0,11.899397
2024,18.25,-6.0,3.3035786,107.92191,0,11.892882
2024,18.25,-5.75,3.3119128,106.35758,0,11.922886
2024,18.25,-5.5,3.314315,105.18682,0,11.931534
2024,18.25,-5.25,3.3441532,104.44382,0,12.038951
2024,18.25,-5.0,3.3549347,103.90331,0,12.0777645
2024,18.25,-4.75,3.345336,103.30256,0,12.043209
2024,18.25,-4.5,3.3342817,102.6705,0,12.003414
2024,18.25,-4.25,3.323353,101.897644,0,11.96407
2024,18.25,-4.0,3.3025618,101.44156,0,11.889222
2024,18.25,-3.75,3.2915766,101.446266,0,11.849675
2024,18.25,-3.5,3.2690856,101.73635,0,11.768708
2024,18.25,-3.25,3.235935,102.01715,0,11.649365
2024,18.25,-3.0,3.2107952,102.41202,0,11.558863
2024,18.25,-2.75,3.1783466,102.85427,0,11.442047
2024,18.25,-2.5,3.1344826,103.68326,0,11.284137
2024,18.25,-2.25,3.1393528,105.03415,0,11.30167
2024,18.25,-2.0,3.1358109,105.907104,0,11.2889185
2024,18.25,-1.75,3.1111915,106.32932,0,11.200289
2024,18.25,-1.5,3.109987,106.90409,0,11.195953
2024,18.25,-1.25,3.1119797,107.763176,0,11.203127
2024,18.25,-1.0,3.1276472,108.84623,0,11.259529
2024,18.25,-0.75,3.1528845,109.52834,0,11.350384
2024,18.25,-0.5,3.135267,109.64716,0,11.286961
2024,18.25,-0.25,3.1114943,110.22943,0,11.201379
2024,18.25,0.0,3.0701227,110.93894,0,11.052442
2024,18.25,0.25,2.9059799,110.75958,0,10.461527
2024,18.25,0.5,2.8307858,111.87499,0,10.190828
2024,18.25,0.75,2.9385364,113.60653,0,10.578731
2024,18.25,1.0,3.0620506,114.40058,0,11.023382
2024,18.25,1.25,3.113759,114.42279,0,11.209532
2024,18.25,1.5,3.1281872,114.16388,0,11.261474
2024,18.25,1.75,3.1173317,113.93933,0,11.222394
2024,18.25,2.0,3.110565,113.0781,0,11.198033
2024,18.25,2.25,3.0929024,111.78052,0,11.134448
2024,18.25,2.5,2.9970486,110.51319,0,10.789374
2024,18.25,2.75,2.9482985,109.58051,0,10.613874
2024,18.25,3.0,2.9425201,109.12925,0,10.593072
2024,18.25,3.25,2.903272,108.69352,0,10.451778
2024,18.25,3.5,2.8739748,107.781746,0,10.346309
2024,18.25,3.75,2.8180878,107.200195,0,10.145116
2024,18.25,4.0,2.8003109,107.30762,0,10.081119
2024,18.25,4.25,2.7840073,108.49839,0,10.022426
2024,18.25,4.5,2.7480834,109.83511,0,9.8931
2024,18.25,4.75,2.7012556,110.829895,0,9.72452
2024,18.25,5.0,2.6274514,112.05493,0,9.458825
2024,18.25,5.25,2.5288866,113.530876,0,9.1039915
2024,18.25,5.5,2.4031613,115.07178,0,8.651381
2024,18.25,5.75,2.3216794,116.23917,0,8.358046
2024,18.25,6.0,2.1896775,116.69509,0,7.8828387
2024,18.25,6.25,2.0681415,116.16929,0,7.445309
2024,18.25,6.5,1.9620556,114.17564,0,7.0634
2024,18.25,6.75,1.8373276,112.12197,0,6.6143794
2024,18.25,7.0,1.6939322,140.52269,0,6.0981555
2024,18.25,7.25,1.6063429,141.67998,0,5.7828345
2024,18.25,7.5,1.6811461,118.29305,0,6.052126
2024,18.25,7.75,1.9173623,99.93113,0,6.9025044
2024,18.25,8.0,2.317291,104.642456,0,8.342247
2024,18.25,8.25,2.334591,107.15552,0,8.404527
2024,18.25,8.5,2.3093207,115.43066,0,8.313554
2024,18.25,8.75,2.220192,105.527245,0,7.992691
2024,18.25,9.0,1.7292818,100.25301,0,6.2254143
2024,18.25,9.25,1.6999272,76.07493,0,6.1197376
2024,18.25,9.5,2.0739107,67.65561,0,7.4660783
2024,18.25,9.75,2.1542106,56.49354,0,7.755158
2024,18.25,10.0,2.1693428,55.32227,0,7.8096337
2024,18.25,10.25,2.0857239,58.540985,0,7.508606
2024,18.25,10.5,2.033086,62.66624,0,7.3191094
2024,18.25,10.75,2.0810885,68.02698,0,7.4919186
2024,18.25,11.0,2.1624262,72.37086,0,7.7847342
2024,18.25,11.25,2.229536,76.63355,0,8.02633
2024,18.25,11.5,2.3508613,82.835396,0,8.4631
2024,18.25,11.75,2.4258559,86.13592,0,8.733081
2024,18.25,12.0,2.4719203,88.523865,0,8.898912
2024,18.0,-9.0,3.7046778,90.865944,0,13.33684
2024,18.0,-8.75,3.7074273,90.23809,0,13.346738
2024,18.0,-8.5,3.6646087,89.90036,0,13.192591
2024,18.0,-8.25,3.5873482,90.184975,0,12.9144535
2024,18.0,-8.0,3.6128266,90.44785,0,13.006175
2024,18.0,-7.75,3.6803799,90.18561,0,13.249367
2024,18.0,-7.5,3.5952005,89.283,0,12.942721
2024,18.0,-7.25,3.595356,118.3556,0,12.943281
2024,18.0,-7.0,3.4602194,115.94689,0,12.456789
2024,18.0,-6.75,3.3963473,113.7576,0,12.22685
2024,18.0,-6.5,3.3774831,111.66668,0,12.158939
2024,18.0,-6.25,3.360336,109.70737,0,12.09721
2024,18.0,-6.0,3.358271,107.985146,0,12.089775
2024,18.0,-5.75,3.3689616,106.58616,0,12.128262
2024,18.0,-5.5,3.3896053,105.57199,0,12.202579
2024,18.0,-5.25,3.4200647,104.86776,0,12.312233
2024,18.0,-5.0,3.4369059,104.409325,0,12.372861
2024,18.0,-4.75,3.4288795,103.88574,0,12.343966
2024,18.0,-4.5,3.4193935,103.13166,0,12.309816
2024,18.0,-4.25,3.3904235,102.32498,0,12.205524
2024,18.0,-4.0,3.3645096,101.91266,0,12.112234
2024,18.0,-3.75,3.3471835,101.94058,0,12.04986
2024,18.0,-3.5,3.3250027,102.22787,0,11.970009
2024,18.0,-3.25,3.2902136,102.737854,0,11.844769
2024,18.0,-3.0,3.2651596,103.14963,0,11.754574
2024,18.0,-2.75,3.2098343,103.84134,0,11.555404
2024,18.0,-2.5,3.1589737,104.66027,0,11.372305
2024,18.0,-2.25,3.16808,105.64535,0,11.405088
2024,18.0,-2.0,3.1513135,106.349365,0,11.344728
2024,18.0,-1.75,3.1201065,106.774605,0,11.232383
2024,18.0,-1.5,3.1058629,107.36616,0,11.181106
2024,18.0,-1.25,3.1083126,108.21757,0,11.189925
2024,18.0,-1.0,3.1196673,109.08453,0,11.230802
2024,18.0,-0.75,3.1452665,109.74584,0,11.322959
2024,18.0,-0.5,3.1618874,110.36099,0,11.382794
2024,18.0,-0.25,3.155701,110.99985,0,11.360523
2024,18.0,0.0,3.1294515,111.61344,0,11.266026
2024,18.0,0.25,2.9931076,111.54025,0,10.775187
2024,18.0,0.5,2.9221268,112.70071,0,10.519656
2024,18.0,0.75,2.995637,114.44672,0,10.784293
2024,18.0,1.0,3.1201231,115.41144,0,11.232443
2024,18.0,1.25,3.1751812,116.141205,0,11.430652
2024,18.0,1.5,3.1891298,116.08282,0,11.480867
2024,18.0,1.75,3.1756794,115.267555,0,11.432446
2024,18.0,2.0,3.1574173,114.30029,0,11.366702
2024,18.0,2.25,3.1283064,112.87488,0,11.261903
2024,18.0,2.5,3.0814922,111.6579,0,11.093371
2024,18.0,2.75,3.0432873,110.720436,0,10.955833
2024,18.0,3.0,3.0069933,110.94248,0,10.825175
2024,18.0,3.25,2.9675264,110.5203,0,10.683095
2024,18.0,3.5,2.9021218,109.76208,0,10.4476385
2024,18.0,3.75,2.8462112,109.54749,0,10.24636
2024,18.0,4.0,2.8121357,110.6195,0,10.123689
2024,18.0,4.25,2.8037984,112.45016,0,10.093674
2024,18.0,4.5,2.76976,113.572914,0,9.971135
2024,18.0,4.75,2.7175152,114.172,0,9.783054
2024,18.0,5.0,2.6470313,115.44891,0,9.529312
2024,18.0,5.25,2.5492218,117.31695,0,9.177198
2024,18.0,5.5,2.425034,118.77899,0,8.730123
2024,18.0,5.75,2.2678854,119.90402,0,8.164388
2024,18.0,6.0,2.1363304,120.21873,0,7.690789
2024,18.0,6.25,2.0081372,119.85949,0,7.229294
2024,18.0,6.5,1.9014086,117.88861,0,6.845071
2024,18.0,6.75,1.7604011,115.97892,0,6.337444
2024,18.0,7.0,1.601726,113.166756,0,5.7662134
2024,18.0,7.25,1.5191709,113.46691,0,5.469015
2024,18.0,7.5,1.5137471,114.90131,0,5.4494896
2024,18.0,7.75,1.7018228,122.655,0,6.1265616
2024,18.0,8.0,1.8531917,105.52616,0,6.67149
2024,18.0,8.25,1.8637084,110.40989,0,6.70935
2024,18.0,8.5,1.9241438,122.05302,0,6.9269176
2024,18.0,8.75,1.931077,101.47312,0,6.951877
2024,18.0,9.0,1.7402245,87.60477,0,6.264808
2024,18.0,9.25,1.7568197,67.01191,0,6.3245506
2024,18.0,9.5,2.0833309,61.76216,0,7.499991
2024,18.0,9.75,2.147125,57.811207,0,7.72965
2024,18.0,10.0,2.1771867,56.332806,0,7.837872
2024,18.0,10.25,2.2049515,60.13908,0,7.937825
2024,18.0,10.5,2.1824765,66.34565,0,7.8569155
2024,18.0,10.75,2.213847,69.57571,0,7.9698486
2024,18.0,11.0,2.265471,72.42556,0,8.155695
2024,18.0,11.25,2.3142424,76.656715,0,8.331272
2024,18.0,11.5,2.4055977,82.91379,0,8.6601515
2024,18.0,11.75,2.4755948,87.30563,0,8.912141
2024,18.0,12.0,2.539965,91.406654,0,9.143873
